23:03:37 | INFO | Using device: cpu
23:03:37 | INFO | Embedding model: microsoft/BiomedNLP-BiomedBERT-base-uncased-abstract-fulltext
23:03:37 | INFO | Prepare dataframe
23:03:45 | INFO | Keeping 168781 of 306476 records with at least one retained graph concept
23:03:45 | INFO | Resume: 0 completed work(s) in 0 chunk(s); 168781 of 168781 selected work(s) remain.
23:03:45 | INFO | Setup model
23:03:45 | INFO | HTTP Request: HEAD https://huggingface.co/microsoft/BiomedNLP-BiomedBERT-base-uncased-abstract-fulltext/resolve/main/config.json "HTTP/1.1 307 Temporary Redirect"
23:03:45 | WARNING | Warning: You are sending unauthenticated requests to the HF Hub. Please set a HF_TOKEN to enable higher rate limits and faster downloads.
23:03:45 | INFO | HTTP Request: HEAD https://huggingface.co/api/resolve-cache/models/microsoft/BiomedNLP-BiomedBERT-base-uncased-abstract-fulltext/e1354b7a3a09615f6aba48dfad4b7a613eef7062/config.json "HTTP/1.1 200 OK"
23:03:45 | INFO | HTTP Request: HEAD https://huggingface.co/microsoft/BiomedNLP-BiomedBERT-base-uncased-abstract-fulltext/resolve/main/tokenizer_config.json "HTTP/1.1 307 Temporary Redirect"
23:03:45 | INFO | HTTP Request: HEAD https://huggingface.co/api/resolve-cache/models/microsoft/BiomedNLP-BiomedBERT-base-uncased-abstract-fulltext/e1354b7a3a09615f6aba48dfad4b7a613eef7062/tokenizer_config.json "HTTP/1.1 200 OK"
23:03:46 | INFO | HTTP Request: GET https://huggingface.co/api/models/microsoft/BiomedNLP-BiomedBERT-base-uncased-abstract-fulltext/tree/main/additional_chat_templates?recursive=false&expand=false "HTTP/1.1 404 Not Found"
23:03:46 | INFO | HTTP Request: GET https://huggingface.co/api/models/microsoft/BiomedNLP-BiomedBERT-base-uncased-abstract-fulltext/tree/main?recursive=true&expand=false "HTTP/1.1 200 OK"
23:03:46 | INFO | HTTP Request: HEAD https://huggingface.co/microsoft/BiomedNLP-BiomedBERT-base-uncased-abstract-fulltext/resolve/main/config.json "HTTP/1.1 307 Temporary Redirect"
23:03:46 | INFO | HTTP Request: HEAD https://huggingface.co/api/resolve-cache/models/microsoft/BiomedNLP-BiomedBERT-base-uncased-abstract-fulltext/e1354b7a3a09615f6aba48dfad4b7a613eef7062/config.json "HTTP/1.1 200 OK"
23:03:46 | INFO | HTTP Request: HEAD https://huggingface.co/microsoft/BiomedNLP-BiomedBERT-base-uncased-abstract-fulltext/resolve/main/model.safetensors "HTTP/1.1 404 Not Found"
23:03:46 | INFO | HTTP Request: GET https://huggingface.co/api/models/microsoft/BiomedNLP-BiomedBERT-base-uncased-abstract-fulltext "HTTP/1.1 200 OK"
23:03:47 | INFO | HTTP Request: GET https://huggingface.co/api/models/microsoft/BiomedNLP-BiomedBERT-base-uncased-abstract-fulltext/commits/main "HTTP/1.1 200 OK"
23:03:47 | INFO | Generate word embeddings
23:03:47 | INFO | Process pending records 0 to 500...
23:03:47 | INFO | Process PMID:19037193: abstract len of 1280 with 6 concepts
23:03:47 | INFO | HTTP Request: GET https://huggingface.co/api/models/microsoft/BiomedNLP-BiomedBERT-base-uncased-abstract-fulltext/discussions?p=0 "HTTP/1.1 200 OK"
23:03:47 | INFO | HTTP Request: GET https://huggingface.co/api/models/microsoft/BiomedNLP-BiomedBERT-base-uncased-abstract-fulltext/commits/refs%2Fpr%2F3 "HTTP/1.1 200 OK"
23:03:47 | INFO | HTTP Request: HEAD https://huggingface.co/microsoft/BiomedNLP-BiomedBERT-base-uncased-abstract-fulltext/resolve/refs%2Fpr%2F3/model.safetensors.index.json "HTTP/1.1 404 Not Found"
23:03:47 | INFO | HTTP Request: HEAD https://huggingface.co/microsoft/BiomedNLP-BiomedBERT-base-uncased-abstract-fulltext/resolve/refs%2Fpr%2F3/model.safetensors "HTTP/1.1 302 Found"
23:06:50 | INFO | Using device: cpu
23:06:50 | INFO | Embedding model: microsoft/BiomedNLP-BiomedBERT-base-uncased-abstract-fulltext
23:06:50 | INFO | Prepare dataframe
23:06:57 | INFO | Keeping 168781 of 306476 records with at least one retained graph concept
23:06:57 | INFO | Resume: 0 completed work(s) in 0 chunk(s); 1 of 1 selected work(s) remain.
23:06:57 | INFO | Setup model
23:06:58 | INFO | Generate word embeddings
23:06:58 | INFO | Process pending records 0 to 1...
23:06:58 | INFO | Process PMID:19037193: abstract len of 1280 with 6 concepts
23:06:58 | INFO | Save embeddings
23:07:32 | INFO | Using device: cpu
23:07:32 | INFO | Embedding model: microsoft/BiomedNLP-BiomedBERT-base-uncased-abstract-fulltext
23:07:32 | INFO | Prepare dataframe
23:07:39 | INFO | Keeping 168781 of 306476 records with at least one retained graph concept
23:07:39 | INFO | Resume: 0 completed work(s) in 0 chunk(s); 1 of 1 selected work(s) remain.
23:07:39 | INFO | Setup model
23:07:40 | INFO | Generate word embeddings
23:07:40 | INFO | Process pending records 0 to 1...
23:07:40 | INFO | Process PMID:19691985: abstract len of 2989 with 6 concepts
23:07:40 | INFO | Save embeddings
23:28:44 | INFO | Using device: mps
23:28:44 | INFO | Embedding model: microsoft/BiomedNLP-BiomedBERT-base-uncased-abstract-fulltext
23:28:44 | INFO | Prepare dataframe
23:28:51 | INFO | Keeping 168781 of 306476 records with at least one retained graph concept
23:28:51 | INFO | Resume: 0 completed work(s) in 0 chunk(s); 168781 of 168781 selected work(s) remain.
23:28:51 | INFO | Setup model
23:28:51 | INFO | HTTP Request: HEAD https://huggingface.co/microsoft/BiomedNLP-BiomedBERT-base-uncased-abstract-fulltext/resolve/main/config.json "HTTP/1.1 307 Temporary Redirect"
23:28:51 | INFO | HTTP Request: HEAD https://huggingface.co/api/resolve-cache/models/microsoft/BiomedNLP-BiomedBERT-base-uncased-abstract-fulltext/e1354b7a3a09615f6aba48dfad4b7a613eef7062/config.json "HTTP/1.1 200 OK"
23:28:52 | INFO | HTTP Request: HEAD https://huggingface.co/microsoft/BiomedNLP-BiomedBERT-base-uncased-abstract-fulltext/resolve/main/tokenizer_config.json "HTTP/1.1 307 Temporary Redirect"
23:28:52 | INFO | HTTP Request: HEAD https://huggingface.co/api/resolve-cache/models/microsoft/BiomedNLP-BiomedBERT-base-uncased-abstract-fulltext/e1354b7a3a09615f6aba48dfad4b7a613eef7062/tokenizer_config.json "HTTP/1.1 200 OK"
23:28:52 | INFO | HTTP Request: GET https://huggingface.co/api/models/microsoft/BiomedNLP-BiomedBERT-base-uncased-abstract-fulltext/tree/main/additional_chat_templates?recursive=false&expand=false "HTTP/1.1 404 Not Found"
23:28:52 | INFO | HTTP Request: GET https://huggingface.co/api/models/microsoft/BiomedNLP-BiomedBERT-base-uncased-abstract-fulltext/tree/main?recursive=true&expand=false "HTTP/1.1 200 OK"
23:28:52 | INFO | HTTP Request: HEAD https://huggingface.co/microsoft/BiomedNLP-BiomedBERT-base-uncased-abstract-fulltext/resolve/main/config.json "HTTP/1.1 307 Temporary Redirect"
23:28:52 | INFO | HTTP Request: HEAD https://huggingface.co/api/resolve-cache/models/microsoft/BiomedNLP-BiomedBERT-base-uncased-abstract-fulltext/e1354b7a3a09615f6aba48dfad4b7a613eef7062/config.json "HTTP/1.1 200 OK"
23:28:52 | INFO | HTTP Request: HEAD https://huggingface.co/microsoft/BiomedNLP-BiomedBERT-base-uncased-abstract-fulltext/resolve/main/model.safetensors "HTTP/1.1 404 Not Found"
23:28:52 | WARNING | Warning: You are sending unauthenticated requests to the HF Hub. Please set a HF_TOKEN to enable higher rate limits and faster downloads.
23:28:53 | INFO | HTTP Request: GET https://huggingface.co/api/models/microsoft/BiomedNLP-BiomedBERT-base-uncased-abstract-fulltext "HTTP/1.1 200 OK"
23:28:53 | INFO | HTTP Request: GET https://huggingface.co/api/models/microsoft/BiomedNLP-BiomedBERT-base-uncased-abstract-fulltext/commits/main "HTTP/1.1 200 OK"
23:28:53 | INFO | HTTP Request: GET https://huggingface.co/api/models/microsoft/BiomedNLP-BiomedBERT-base-uncased-abstract-fulltext/discussions?p=0 "HTTP/1.1 200 OK"
23:28:53 | INFO | Generate word embeddings
23:28:53 | INFO | Process pending records 0 to 500...
23:28:53 | INFO | Process PMID:19037193: abstract len of 1280 with 6 concepts
23:28:53 | INFO | HTTP Request: GET https://huggingface.co/api/models/microsoft/BiomedNLP-BiomedBERT-base-uncased-abstract-fulltext/commits/refs%2Fpr%2F3 "HTTP/1.1 200 OK"
23:28:53 | INFO | HTTP Request: HEAD https://huggingface.co/microsoft/BiomedNLP-BiomedBERT-base-uncased-abstract-fulltext/resolve/refs%2Fpr%2F3/model.safetensors.index.json "HTTP/1.1 404 Not Found"
23:28:53 | INFO | HTTP Request: HEAD https://huggingface.co/microsoft/BiomedNLP-BiomedBERT-base-uncased-abstract-fulltext/resolve/refs%2Fpr%2F3/model.safetensors "HTTP/1.1 302 Found"
23:28:55 | INFO | Process PMID:19691985: abstract len of 2989 with 6 concepts
23:28:56 | INFO | Process PMID:19932902: abstract len of 1768 with 3 concepts
23:28:56 | INFO | Process PMID:20036394: abstract len of 1402 with 4 concepts
23:28:56 | INFO | Process PMID:19784713: abstract len of 1015 with 3 concepts
23:28:56 | INFO | Process PMID:20070978: abstract len of 1170 with 1 concepts
23:28:56 | INFO | Process PMID:21232193: abstract len of 1603 with 7 concepts
23:28:57 | INFO | Process PMID:20083286: abstract len of 1598 with 7 concepts
23:28:57 | INFO | Process PMID:20163425: abstract len of 1302 with 7 concepts
23:28:57 | INFO | Process PMID:20163426: abstract len of 1397 with 4 concepts
23:28:57 | INFO | Process PMID:20338594: abstract len of 1615 with 3 concepts
23:28:58 | INFO | Process PMID:20184634: abstract len of 1619 with 5 concepts
23:28:58 | INFO | Process PMID:20184635: abstract len of 1480 with 4 concepts
23:28:58 | INFO | Process PMID:20184637: abstract len of 1240 with 5 concepts
23:28:58 | INFO | Process PMID:20176912: abstract len of 1593 with 5 concepts
23:28:58 | INFO | Process PMID:20236143: abstract len of 1597 with 4 concepts
23:28:58 | INFO | Process PMID:20224922: abstract len of 1518 with 5 concepts
23:28:58 | INFO | Process PMID:20309662: abstract len of 1681 with 4 concepts
23:28:58 | INFO | Process PMID:20345965: abstract len of 1169 with 4 concepts
23:28:59 | INFO | Process PMID:20336311: abstract len of 1812 with 7 concepts
23:28:59 | INFO | Process PMID:20402737: abstract len of 1834 with 5 concepts
23:28:59 | INFO | Process PMID:20605604: abstract len of 1600 with 6 concepts
23:28:59 | INFO | Process PMID:20385366: abstract len of 1168 with 2 concepts
23:28:59 | INFO | Process PMID:20401641: abstract len of 1704 with 3 concepts
23:28:59 | INFO | Process PMID:20605585: abstract len of 1476 with 3 concepts
23:28:59 | INFO | Process PMID:20412094: abstract len of 1862 with 4 concepts
23:29:00 | INFO | Process PMID:20456462: abstract len of 1341 with 6 concepts
23:29:00 | INFO | Process PMID:20878851: abstract len of 1650 with 4 concepts
23:29:00 | INFO | Process PMID:20451231: abstract len of 1636 with 4 concepts
23:29:00 | INFO | Process PMID:20452636: abstract len of 1514 with 4 concepts
23:29:00 | INFO | Process PMID:20464415: abstract len of 1896 with 3 concepts
23:29:00 | INFO | Process PMID:20467870: abstract len of 1700 with 6 concepts
23:29:00 | INFO | Process PMID:20471717: abstract len of 1204 with 3 concepts
23:29:01 | INFO | Process PMID:20491689: abstract len of 1746 with 2 concepts
23:29:01 | INFO | Process PMID:20490565: abstract len of 2042 with 3 concepts
23:29:01 | INFO | Process PMID:20490554: abstract len of 1913 with 3 concepts
23:29:01 | INFO | Process PMID:20495917: abstract len of 1482 with 6 concepts
23:29:01 | INFO | Process PMID:20508947: abstract len of 2109 with 9 concepts
23:29:01 | INFO | Process PMID:20528781: abstract len of 1579 with 3 concepts
23:29:01 | INFO | Process PMID:20517658: abstract len of 1384 with 4 concepts
23:29:02 | INFO | Process PMID:20605135: abstract len of 1189 with 5 concepts
23:29:02 | INFO | Process PMID:20605355: abstract len of 1786 with 6 concepts
23:29:02 | INFO | Process PMID:20526625: abstract len of 1912 with 6 concepts
23:29:02 | INFO | Process PMID:20526628: abstract len of 1348 with 3 concepts
23:29:02 | INFO | Process PMID:20828739: abstract len of 1754 with 4 concepts
23:29:02 | INFO | Process PMID:20553315: abstract len of 1660 with 5 concepts
23:29:02 | INFO | Process PMID:20549242: abstract len of 1703 with 5 concepts
23:29:02 | INFO | Process PMID:20552367: abstract len of 1774 with 9 concepts
23:29:02 | INFO | Process PMID:20646849: abstract len of 1712 with 7 concepts
23:29:03 | INFO | Process PMID:20577746: abstract len of 1159 with 6 concepts
23:29:03 | INFO | Process PMID:20586782: abstract len of 1646 with 1 concepts
23:29:03 | INFO | Process PMID:20582547: abstract len of 1644 with 5 concepts
23:29:03 | INFO | Process PMID:20585982: abstract len of 1853 with 5 concepts
23:29:03 | INFO | Process PMID:20591608: abstract len of 1551 with 2 concepts
23:29:03 | INFO | Process PMID:20589436: abstract len of 1646 with 3 concepts
23:29:03 | INFO | Process PMID:20950772: abstract len of 1679 with 6 concepts
23:29:04 | INFO | Process PMID:20602140: abstract len of 2052 with 3 concepts
23:29:04 | INFO | Process PMID:20607559: abstract len of 1905 with 3 concepts
23:29:04 | INFO | Process PMID:20607560: abstract len of 1707 with 5 concepts
23:29:04 | INFO | Process PMID:20607562: abstract len of 2120 with 8 concepts
23:29:04 | INFO | Process PMID:20626583: abstract len of 1397 with 2 concepts
23:29:04 | INFO | Process PMID:20626759: abstract len of 1983 with 4 concepts
23:29:04 | INFO | Process PMID:20623235: abstract len of 1354 with 6 concepts
23:29:05 | INFO | Process PMID:20850790: abstract len of 1755 with 6 concepts
23:29:05 | INFO | Process PMID:20632105: abstract len of 1887 with 4 concepts
23:29:05 | INFO | Process PMID:20632189: abstract len of 2148 with 7 concepts
23:29:05 | INFO | Process PMID:20643511: abstract len of 1819 with 6 concepts
23:29:05 | INFO | Process PMID:20644561: abstract len of 995 with 6 concepts
23:29:05 | INFO | Process PMID:20644963: abstract len of 1752 with 5 concepts
23:29:05 | INFO | Process PMID:20652324: abstract len of 1829 with 4 concepts
23:29:05 | INFO | Process PMID:20653696: abstract len of 1415 with 5 concepts
23:29:06 | INFO | Process PMID:20658192: abstract len of 1512 with 2 concepts
23:29:06 | INFO | Process PMID:20661751: abstract len of 1929 with 6 concepts
23:29:06 | INFO | Process PMID:20661752: abstract len of 1456 with 7 concepts
23:29:06 | INFO | Process PMID:20665051: abstract len of 1733 with 4 concepts
23:29:06 | INFO | Process PMID:20666579: abstract len of 2386 with 6 concepts
23:29:06 | INFO | Process PMID:20676663: abstract len of 2214 with 5 concepts
23:29:06 | INFO | Process PMID:20828722: abstract len of 1658 with 2 concepts
23:29:06 | INFO | Process PMID:20675000: abstract len of 2168 with 5 concepts
23:29:07 | INFO | Process PMID:20674950: abstract len of 2121 with 6 concepts
23:29:07 | INFO | Process PMID:20688587: abstract len of 1696 with 6 concepts
23:29:07 | INFO | Process PMID:20686775: abstract len of 1741 with 7 concepts
23:29:07 | INFO | Process PMID:21195324: abstract len of 1748 with 2 concepts
23:29:07 | INFO | Process PMID:20851415: abstract len of 1541 with 4 concepts
23:29:07 | INFO | Process PMID:20700608: abstract len of 1743 with 6 concepts
23:29:07 | INFO | Process PMID:20701434: abstract len of 1567 with 4 concepts
23:29:08 | INFO | Process PMID:20703500: abstract len of 2073 with 8 concepts
23:29:08 | INFO | Process PMID:20706759: abstract len of 1648 with 6 concepts
23:29:08 | INFO | Process PMID:20711737: abstract len of 2194 with 7 concepts
23:29:08 | INFO | Process PMID:20723544: abstract len of 1953 with 4 concepts
23:29:08 | INFO | Process PMID:20722055: abstract len of 1746 with 4 concepts
23:29:08 | INFO | Process PMID:20722060: abstract len of 1905 with 4 concepts
23:29:08 | INFO | Process PMID:21067778: abstract len of 1879 with 4 concepts
23:29:09 | INFO | Process PMID:20721587: abstract len of 1428 with 5 concepts
23:29:09 | INFO | Process PMID:20725743: abstract len of 1638 with 2 concepts
23:29:09 | INFO | Process PMID:20729254: abstract len of 1993 with 2 concepts
23:29:09 | INFO | Process PMID:20730891: abstract len of 1694 with 4 concepts
23:29:09 | INFO | Process PMID:20728416: abstract len of 1471 with 4 concepts
23:29:09 | INFO | Process PMID:20730447: abstract len of 1206 with 4 concepts
23:29:09 | INFO | Process PMID:20730550: abstract len of 1556 with 3 concepts
23:29:09 | INFO | Process PMID:20730572: abstract len of 1875 with 5 concepts
23:29:09 | INFO | Process PMID:20732756: abstract len of 1681 with 8 concepts
23:29:09 | INFO | Process PMID:21195323: abstract len of 1641 with 3 concepts
23:29:10 | INFO | Process PMID:20734080: abstract len of 2325 with 5 concepts
23:29:10 | INFO | Process PMID:20734081: abstract len of 2138 with 6 concepts
23:29:10 | INFO | Process PMID:20734083: abstract len of 2412 with 9 concepts
23:29:10 | INFO | Process PMID:20734085: abstract len of 2100 with 4 concepts
23:30:19 | INFO | Using device: cpu
23:30:19 | INFO | Embedding model: microsoft/BiomedNLP-BiomedBERT-base-uncased-abstract-fulltext
23:30:19 | INFO | Prepare dataframe
23:30:27 | INFO | Keeping 168781 of 306476 records with at least one retained graph concept
23:30:27 | INFO | Resume: 0 completed work(s) in 0 chunk(s); 0 of 0 selected work(s) remain.
23:30:27 | INFO | Setup model
23:30:27 | INFO | Generate word embeddings
23:33:01 | INFO | Using device: mps
23:33:01 | INFO | Embedding model: microsoft/BiomedNLP-BiomedBERT-base-uncased-abstract-fulltext
23:33:01 | INFO | Prepare dataframe
23:33:09 | INFO | Keeping 169073 of 306476 records with at least one retained graph concept
23:33:09 | INFO | Resume: 0 completed work(s) in 0 chunk(s); 169073 of 169073 selected work(s) remain.
23:33:09 | INFO | Setup model
23:33:11 | INFO | Generate word embeddings
23:33:11 | INFO | Process pending records 0 to 500...
23:34:04 | INFO | Save embeddings
23:34:04 | INFO | Process pending records 500 to 1000...
23:34:51 | INFO | Save embeddings
23:34:52 | INFO | Process pending records 1000 to 1500...
23:35:33 | INFO | Save embeddings
23:35:33 | INFO | Process pending records 1500 to 2000...
23:36:12 | INFO | Save embeddings
23:36:12 | INFO | Process pending records 2000 to 2500...
23:36:56 | INFO | Save embeddings
23:36:56 | INFO | Process pending records 2500 to 3000...
23:37:40 | INFO | Save embeddings
23:37:40 | INFO | Process pending records 3000 to 3500...
23:38:19 | INFO | Save embeddings
23:38:20 | INFO | Process pending records 3500 to 4000...
23:38:53 | INFO | Save embeddings
23:38:53 | INFO | Process pending records 4000 to 4500...
23:39:25 | INFO | Save embeddings
23:39:25 | INFO | Process pending records 4500 to 5000...
23:39:59 | INFO | Save embeddings
23:39:59 | INFO | Process pending records 5000 to 5500...
23:40:35 | INFO | Save embeddings
23:40:35 | INFO | Process pending records 5500 to 6000...
23:41:11 | INFO | Save embeddings
23:41:11 | INFO | Process pending records 6000 to 6500...
23:41:51 | INFO | Save embeddings
23:41:51 | INFO | Process pending records 6500 to 7000...
23:42:26 | INFO | Save embeddings
23:42:27 | INFO | Process pending records 7000 to 7500...
23:42:59 | INFO | Save embeddings
23:43:00 | INFO | Process pending records 7500 to 8000...
23:43:33 | INFO | Save embeddings
23:43:33 | INFO | Process pending records 8000 to 8500...
23:44:04 | INFO | Save embeddings
23:44:04 | INFO | Process pending records 8500 to 9000...
23:44:38 | INFO | Save embeddings
23:44:38 | INFO | Process pending records 9000 to 9500...
23:45:10 | INFO | Save embeddings
23:45:11 | INFO | Process pending records 9500 to 10000...
23:45:42 | INFO | Save embeddings
23:45:43 | INFO | Process pending records 10000 to 10500...
23:46:16 | INFO | Save embeddings
23:46:16 | INFO | Process pending records 10500 to 11000...
23:46:49 | INFO | Save embeddings
23:46:49 | INFO | Process pending records 11000 to 11500...
23:47:22 | INFO | Save embeddings
23:47:22 | INFO | Process pending records 11500 to 12000...
23:47:55 | INFO | Save embeddings
23:47:55 | INFO | Process pending records 12000 to 12500...
23:48:26 | INFO | Save embeddings
23:48:26 | INFO | Process pending records 12500 to 13000...
23:48:56 | INFO | Save embeddings
23:48:56 | INFO | Process pending records 13000 to 13500...
23:49:28 | INFO | Save embeddings
23:49:29 | INFO | Process pending records 13500 to 14000...
23:50:02 | INFO | Save embeddings
23:50:02 | INFO | Process pending records 14000 to 14500...
23:50:34 | INFO | Save embeddings
23:50:34 | INFO | Process pending records 14500 to 15000...
23:51:08 | INFO | Save embeddings
23:51:08 | INFO | Process pending records 15000 to 15500...
23:51:41 | INFO | Save embeddings
23:51:41 | INFO | Process pending records 15500 to 16000...
23:52:14 | INFO | Save embeddings
23:52:14 | INFO | Process pending records 16000 to 16500...
23:52:46 | INFO | Save embeddings
23:52:46 | INFO | Process pending records 16500 to 17000...
23:53:19 | INFO | Save embeddings
23:53:19 | INFO | Process pending records 17000 to 17500...
23:53:52 | INFO | Save embeddings
23:53:52 | INFO | Process pending records 17500 to 18000...
23:54:24 | INFO | Save embeddings
23:54:24 | INFO | Process pending records 18000 to 18500...
23:54:58 | INFO | Save embeddings
23:54:58 | INFO | Process pending records 18500 to 19000...
23:55:31 | INFO | Save embeddings
23:55:31 | INFO | Process pending records 19000 to 19500...
23:56:04 | INFO | Save embeddings
23:56:04 | INFO | Process pending records 19500 to 20000...
23:56:37 | INFO | Save embeddings
23:56:38 | INFO | Process pending records 20000 to 20500...
23:57:11 | INFO | Save embeddings
23:57:11 | INFO | Process pending records 20500 to 21000...
23:57:44 | INFO | Save embeddings
23:57:44 | INFO | Process pending records 21000 to 21500...
23:58:16 | INFO | Save embeddings
23:58:16 | INFO | Process pending records 21500 to 22000...
23:58:49 | INFO | Save embeddings
23:58:49 | INFO | Process pending records 22000 to 22500...
23:59:22 | INFO | Save embeddings
23:59:23 | INFO | Process pending records 22500 to 23000...
23:59:56 | INFO | Save embeddings
23:59:56 | INFO | Process pending records 23000 to 23500...
00:00:31 | INFO | Save embeddings
00:00:31 | INFO | Process pending records 23500 to 24000...
00:01:05 | INFO | Save embeddings
00:01:05 | INFO | Process pending records 24000 to 24500...
00:01:37 | INFO | Save embeddings
00:01:37 | INFO | Process pending records 24500 to 25000...
00:02:11 | INFO | Save embeddings
00:02:11 | INFO | Process pending records 25000 to 25500...
00:02:45 | INFO | Save embeddings
00:02:45 | INFO | Process pending records 25500 to 26000...
00:03:19 | INFO | Save embeddings
00:03:20 | INFO | Process pending records 26000 to 26500...
00:03:53 | INFO | Save embeddings
00:03:53 | INFO | Process pending records 26500 to 27000...
00:04:25 | INFO | Save embeddings
00:04:26 | INFO | Process pending records 27000 to 27500...
00:04:58 | INFO | Save embeddings
00:04:58 | INFO | Process pending records 27500 to 28000...
00:05:32 | INFO | Save embeddings
00:05:32 | INFO | Process pending records 28000 to 28500...
00:06:05 | INFO | Save embeddings
00:06:05 | INFO | Process pending records 28500 to 29000...
00:06:37 | INFO | Save embeddings
00:06:37 | INFO | Process pending records 29000 to 29500...
00:07:07 | INFO | Save embeddings
00:07:07 | INFO | Process pending records 29500 to 30000...
00:07:37 | INFO | Save embeddings
00:07:37 | INFO | Process pending records 30000 to 30500...
00:08:08 | INFO | Save embeddings
00:08:09 | INFO | Process pending records 30500 to 31000...
00:08:42 | INFO | Save embeddings
00:08:42 | INFO | Process pending records 31000 to 31500...
00:09:15 | INFO | Save embeddings
00:09:16 | INFO | Process pending records 31500 to 32000...
00:09:49 | INFO | Save embeddings
00:09:49 | INFO | Process pending records 32000 to 32500...
00:10:22 | INFO | Save embeddings
00:10:23 | INFO | Process pending records 32500 to 33000...
00:10:56 | INFO | Save embeddings
00:10:56 | INFO | Process pending records 33000 to 33500...
00:11:29 | INFO | Save embeddings
00:11:29 | INFO | Process pending records 33500 to 34000...
00:12:03 | INFO | Save embeddings
00:12:03 | INFO | Process pending records 34000 to 34500...
00:12:36 | INFO | Save embeddings
00:12:36 | INFO | Process pending records 34500 to 35000...
00:13:08 | INFO | Save embeddings
00:13:09 | INFO | Process pending records 35000 to 35500...
00:13:42 | INFO | Save embeddings
00:13:43 | INFO | Process pending records 35500 to 36000...
00:14:15 | INFO | Save embeddings
00:14:16 | INFO | Process pending records 36000 to 36500...
00:14:48 | INFO | Save embeddings
00:14:49 | INFO | Process pending records 36500 to 37000...
00:15:22 | INFO | Save embeddings
00:15:22 | INFO | Process pending records 37000 to 37500...
00:15:55 | INFO | Save embeddings
00:15:55 | INFO | Process pending records 37500 to 38000...
00:16:27 | INFO | Save embeddings
00:16:28 | INFO | Process pending records 38000 to 38500...
00:17:01 | INFO | Save embeddings
00:17:01 | INFO | Process pending records 38500 to 39000...
00:17:34 | INFO | Save embeddings
00:17:35 | INFO | Process pending records 39000 to 39500...
00:18:08 | INFO | Save embeddings
00:18:09 | INFO | Process pending records 39500 to 40000...
00:18:42 | INFO | Save embeddings
00:18:43 | INFO | Process pending records 40000 to 40500...
00:19:16 | INFO | Save embeddings
00:19:16 | INFO | Process pending records 40500 to 41000...
00:19:50 | INFO | Save embeddings
00:19:50 | INFO | Process pending records 41000 to 41500...
00:20:23 | INFO | Save embeddings
00:20:23 | INFO | Process pending records 41500 to 42000...
00:20:56 | INFO | Save embeddings
00:20:56 | INFO | Process pending records 42000 to 42500...
00:21:29 | INFO | Save embeddings
00:21:30 | INFO | Process pending records 42500 to 43000...
00:22:02 | INFO | Save embeddings
00:22:02 | INFO | Process pending records 43000 to 43500...
00:22:36 | INFO | Save embeddings
00:22:36 | INFO | Process pending records 43500 to 44000...
00:23:08 | INFO | Save embeddings
00:23:08 | INFO | Process pending records 44000 to 44500...
00:23:40 | INFO | Save embeddings
00:23:41 | INFO | Process pending records 44500 to 45000...
00:24:13 | INFO | Save embeddings
00:24:13 | INFO | Process pending records 45000 to 45500...
00:24:47 | INFO | Save embeddings
00:24:47 | INFO | Process pending records 45500 to 46000...
00:25:20 | INFO | Save embeddings
00:25:20 | INFO | Process pending records 46000 to 46500...
00:25:54 | INFO | Save embeddings
00:25:54 | INFO | Process pending records 46500 to 47000...
00:26:27 | INFO | Save embeddings
00:26:28 | INFO | Process pending records 47000 to 47500...
00:27:01 | INFO | Save embeddings
00:27:01 | INFO | Process pending records 47500 to 48000...
00:27:33 | INFO | Save embeddings
00:27:34 | INFO | Process pending records 48000 to 48500...
00:28:07 | INFO | Save embeddings
00:28:07 | INFO | Process pending records 48500 to 49000...
00:28:39 | INFO | Save embeddings
00:28:39 | INFO | Process pending records 49000 to 49500...
00:29:08 | INFO | Save embeddings
00:29:08 | INFO | Process pending records 49500 to 50000...
00:29:36 | INFO | Save embeddings
00:29:37 | INFO | Process pending records 50000 to 50500...
00:30:09 | INFO | Save embeddings
00:30:09 | INFO | Process pending records 50500 to 51000...
00:30:42 | INFO | Save embeddings
00:30:42 | INFO | Process pending records 51000 to 51500...
00:31:15 | INFO | Save embeddings
00:31:15 | INFO | Process pending records 51500 to 52000...
00:31:48 | INFO | Save embeddings
00:31:49 | INFO | Process pending records 52000 to 52500...
00:32:22 | INFO | Save embeddings
00:32:22 | INFO | Process pending records 52500 to 53000...
00:32:57 | INFO | Save embeddings
00:32:57 | INFO | Process pending records 53000 to 53500...
00:33:31 | INFO | Save embeddings
00:33:31 | INFO | Process pending records 53500 to 54000...
00:34:04 | INFO | Save embeddings
00:34:05 | INFO | Process pending records 54000 to 54500...
00:34:37 | INFO | Save embeddings
00:34:37 | INFO | Process pending records 54500 to 55000...
00:35:10 | INFO | Save embeddings
00:35:10 | INFO | Process pending records 55000 to 55500...
00:35:44 | INFO | Save embeddings
00:35:44 | INFO | Process pending records 55500 to 56000...
00:36:18 | INFO | Save embeddings
00:36:18 | INFO | Process pending records 56000 to 56500...
00:36:50 | INFO | Save embeddings
00:36:51 | INFO | Process pending records 56500 to 57000...
00:37:23 | INFO | Save embeddings
00:37:23 | INFO | Process pending records 57000 to 57500...
00:37:56 | INFO | Save embeddings
00:37:57 | INFO | Process pending records 57500 to 58000...
00:38:30 | INFO | Save embeddings
00:38:30 | INFO | Process pending records 58000 to 58500...
00:39:01 | INFO | Save embeddings
00:39:01 | INFO | Process pending records 58500 to 59000...
00:39:36 | INFO | Save embeddings
00:39:36 | INFO | Process pending records 59000 to 59500...
00:40:09 | INFO | Save embeddings
00:40:09 | INFO | Process pending records 59500 to 60000...
00:40:43 | INFO | Save embeddings
00:40:43 | INFO | Process pending records 60000 to 60500...
00:41:17 | INFO | Save embeddings
00:41:17 | INFO | Process pending records 60500 to 61000...
00:41:50 | INFO | Save embeddings
00:41:50 | INFO | Process pending records 61000 to 61500...
00:42:23 | INFO | Save embeddings
00:42:23 | INFO | Process pending records 61500 to 62000...
00:42:58 | INFO | Save embeddings
00:42:58 | INFO | Process pending records 62000 to 62500...
00:43:32 | INFO | Save embeddings
00:43:32 | INFO | Process pending records 62500 to 63000...
00:44:06 | INFO | Save embeddings
00:44:06 | INFO | Process pending records 63000 to 63500...
00:44:40 | INFO | Save embeddings
00:44:40 | INFO | Process pending records 63500 to 64000...
00:45:14 | INFO | Save embeddings
00:45:14 | INFO | Process pending records 64000 to 64500...
00:45:48 | INFO | Save embeddings
00:45:49 | INFO | Process pending records 64500 to 65000...
00:46:21 | INFO | Save embeddings
00:46:21 | INFO | Process pending records 65000 to 65500...
00:46:54 | INFO | Save embeddings
00:46:54 | INFO | Process pending records 65500 to 66000...
00:47:27 | INFO | Save embeddings
00:47:28 | INFO | Process pending records 66000 to 66500...
00:48:01 | INFO | Save embeddings
00:48:02 | INFO | Process pending records 66500 to 67000...
00:48:35 | INFO | Save embeddings
00:48:35 | INFO | Process pending records 67000 to 67500...
00:49:10 | INFO | Save embeddings
00:49:10 | INFO | Process pending records 67500 to 68000...
00:49:44 | INFO | Save embeddings
00:49:44 | INFO | Process pending records 68000 to 68500...
00:50:17 | INFO | Save embeddings
00:50:17 | INFO | Process pending records 68500 to 69000...
00:50:50 | INFO | Save embeddings
00:50:50 | INFO | Process pending records 69000 to 69500...
00:51:24 | INFO | Save embeddings
00:51:24 | INFO | Process pending records 69500 to 70000...
00:51:56 | INFO | Save embeddings
00:51:56 | INFO | Process pending records 70000 to 70500...
00:52:26 | INFO | Save embeddings
00:52:27 | INFO | Process pending records 70500 to 71000...
00:52:59 | INFO | Save embeddings
00:52:59 | INFO | Process pending records 71000 to 71500...
00:53:33 | INFO | Save embeddings
00:53:33 | INFO | Process pending records 71500 to 72000...
00:54:07 | INFO | Save embeddings
00:54:07 | INFO | Process pending records 72000 to 72500...
00:54:40 | INFO | Save embeddings
00:54:41 | INFO | Process pending records 72500 to 73000...
00:55:13 | INFO | Save embeddings
00:55:13 | INFO | Process pending records 73000 to 73500...
00:55:48 | INFO | Save embeddings
00:55:48 | INFO | Process pending records 73500 to 74000...
00:56:21 | INFO | Save embeddings
00:56:21 | INFO | Process pending records 74000 to 74500...
00:56:55 | INFO | Save embeddings
00:56:55 | INFO | Process pending records 74500 to 75000...
00:57:29 | INFO | Save embeddings
00:57:29 | INFO | Process pending records 75000 to 75500...
00:58:02 | INFO | Save embeddings
00:58:03 | INFO | Process pending records 75500 to 76000...
00:58:36 | INFO | Save embeddings
00:58:36 | INFO | Process pending records 76000 to 76500...
00:59:10 | INFO | Save embeddings
00:59:10 | INFO | Process pending records 76500 to 77000...
00:59:44 | INFO | Save embeddings
00:59:44 | INFO | Process pending records 77000 to 77500...
01:00:17 | INFO | Save embeddings
01:00:18 | INFO | Process pending records 77500 to 78000...
01:00:51 | INFO | Save embeddings
01:00:51 | INFO | Process pending records 78000 to 78500...
01:01:25 | INFO | Save embeddings
01:01:25 | INFO | Process pending records 78500 to 79000...
01:01:58 | INFO | Save embeddings
01:01:58 | INFO | Process pending records 79000 to 79500...
01:02:32 | INFO | Save embeddings
01:02:32 | INFO | Process pending records 79500 to 80000...
01:03:07 | INFO | Save embeddings
01:03:07 | INFO | Process pending records 80000 to 80500...
01:03:41 | INFO | Save embeddings
01:03:41 | INFO | Process pending records 80500 to 81000...
01:04:14 | INFO | Save embeddings
01:04:15 | INFO | Process pending records 81000 to 81500...
01:04:48 | INFO | Save embeddings
01:04:48 | INFO | Process pending records 81500 to 82000...
01:05:22 | INFO | Save embeddings
01:05:22 | INFO | Process pending records 82000 to 82500...
01:05:55 | INFO | Save embeddings
01:05:56 | INFO | Process pending records 82500 to 83000...
01:06:29 | INFO | Save embeddings
01:06:29 | INFO | Process pending records 83000 to 83500...
01:07:03 | INFO | Save embeddings
01:07:04 | INFO | Process pending records 83500 to 84000...
01:07:38 | INFO | Save embeddings
01:07:38 | INFO | Process pending records 84000 to 84500...
01:08:12 | INFO | Save embeddings
01:08:12 | INFO | Process pending records 84500 to 85000...
01:08:45 | INFO | Save embeddings
01:08:46 | INFO | Process pending records 85000 to 85500...
01:09:17 | INFO | Save embeddings
01:09:18 | INFO | Process pending records 85500 to 86000...
01:09:50 | INFO | Save embeddings
01:09:50 | INFO | Process pending records 86000 to 86500...
01:10:24 | INFO | Save embeddings
01:10:24 | INFO | Process pending records 86500 to 87000...
01:10:58 | INFO | Save embeddings
01:10:58 | INFO | Process pending records 87000 to 87500...
01:11:31 | INFO | Save embeddings
01:11:31 | INFO | Process pending records 87500 to 88000...
01:12:04 | INFO | Save embeddings
01:12:04 | INFO | Process pending records 88000 to 88500...
01:12:38 | INFO | Save embeddings
01:12:38 | INFO | Process pending records 88500 to 89000...
01:13:11 | INFO | Save embeddings
01:13:11 | INFO | Process pending records 89000 to 89500...
01:13:44 | INFO | Save embeddings
01:13:45 | INFO | Process pending records 89500 to 90000...
01:14:19 | INFO | Save embeddings
01:14:19 | INFO | Process pending records 90000 to 90500...
01:14:52 | INFO | Save embeddings
01:14:52 | INFO | Process pending records 90500 to 91000...
01:15:23 | INFO | Save embeddings
01:15:23 | INFO | Process pending records 91000 to 91500...
01:15:58 | INFO | Save embeddings
01:15:58 | INFO | Process pending records 91500 to 92000...
01:16:33 | INFO | Save embeddings
01:16:33 | INFO | Process pending records 92000 to 92500...
01:17:07 | INFO | Save embeddings
01:17:07 | INFO | Process pending records 92500 to 93000...
01:17:40 | INFO | Save embeddings
01:17:41 | INFO | Process pending records 93000 to 93500...
01:18:14 | INFO | Save embeddings
01:18:14 | INFO | Process pending records 93500 to 94000...
01:18:49 | INFO | Save embeddings
01:18:49 | INFO | Process pending records 94000 to 94500...
01:19:25 | INFO | Save embeddings
01:19:25 | INFO | Process pending records 94500 to 95000...
01:19:58 | INFO | Save embeddings
01:19:58 | INFO | Process pending records 95000 to 95500...
01:20:32 | INFO | Save embeddings
01:20:32 | INFO | Process pending records 95500 to 96000...
01:21:06 | INFO | Save embeddings
01:21:06 | INFO | Process pending records 96000 to 96500...
01:21:39 | INFO | Save embeddings
01:21:40 | INFO | Process pending records 96500 to 97000...
01:22:13 | INFO | Save embeddings
01:22:14 | INFO | Process pending records 97000 to 97500...
01:22:47 | INFO | Save embeddings
01:22:47 | INFO | Process pending records 97500 to 98000...
01:23:21 | INFO | Save embeddings
01:23:21 | INFO | Process pending records 98000 to 98500...
01:23:56 | INFO | Save embeddings
01:23:56 | INFO | Process pending records 98500 to 99000...
01:24:30 | INFO | Save embeddings
01:24:30 | INFO | Process pending records 99000 to 99500...
01:25:04 | INFO | Save embeddings
01:25:05 | INFO | Process pending records 99500 to 100000...
01:25:39 | INFO | Save embeddings
01:25:39 | INFO | Process pending records 100000 to 100500...
01:26:12 | INFO | Save embeddings
01:26:12 | INFO | Process pending records 100500 to 101000...
01:26:46 | INFO | Save embeddings
01:26:47 | INFO | Process pending records 101000 to 101500...
01:27:22 | INFO | Save embeddings
01:27:22 | INFO | Process pending records 101500 to 102000...
01:27:56 | INFO | Save embeddings
01:27:56 | INFO | Process pending records 102000 to 102500...
01:28:29 | INFO | Save embeddings
01:28:30 | INFO | Process pending records 102500 to 103000...
01:29:03 | INFO | Save embeddings
01:29:03 | INFO | Process pending records 103000 to 103500...
01:29:37 | INFO | Save embeddings
01:29:37 | INFO | Process pending records 103500 to 104000...
01:30:11 | INFO | Save embeddings
01:30:12 | INFO | Process pending records 104000 to 104500...
01:30:45 | INFO | Save embeddings
01:30:46 | INFO | Process pending records 104500 to 105000...
01:31:20 | INFO | Save embeddings
01:31:21 | INFO | Process pending records 105000 to 105500...
01:31:54 | INFO | Save embeddings
01:31:54 | INFO | Process pending records 105500 to 106000...
01:32:28 | INFO | Save embeddings
01:32:28 | INFO | Process pending records 106000 to 106500...
01:33:03 | INFO | Save embeddings
01:33:03 | INFO | Process pending records 106500 to 107000...
01:33:37 | INFO | Save embeddings
01:33:37 | INFO | Process pending records 107000 to 107500...
01:34:11 | INFO | Save embeddings
01:34:11 | INFO | Process pending records 107500 to 108000...
01:34:45 | INFO | Save embeddings
01:34:46 | INFO | Process pending records 108000 to 108500...
01:35:19 | INFO | Save embeddings
01:35:19 | INFO | Process pending records 108500 to 109000...
01:35:54 | INFO | Save embeddings
01:35:54 | INFO | Process pending records 109000 to 109500...
01:36:28 | INFO | Save embeddings
01:36:28 | INFO | Process pending records 109500 to 110000...
01:37:01 | INFO | Save embeddings
01:37:02 | INFO | Process pending records 110000 to 110500...
01:37:36 | INFO | Save embeddings
01:37:36 | INFO | Process pending records 110500 to 111000...
01:38:10 | INFO | Save embeddings
01:38:10 | INFO | Process pending records 111000 to 111500...
01:38:46 | INFO | Save embeddings
01:38:46 | INFO | Process pending records 111500 to 112000...
01:39:18 | INFO | Save embeddings
01:39:19 | INFO | Process pending records 112000 to 112500...
01:39:50 | INFO | Save embeddings
01:39:50 | INFO | Process pending records 112500 to 113000...
01:40:23 | INFO | Save embeddings
01:40:24 | INFO | Process pending records 113000 to 113500...
01:40:56 | INFO | Save embeddings
01:40:56 | INFO | Process pending records 113500 to 114000...
01:41:31 | INFO | Save embeddings
01:41:31 | INFO | Process pending records 114000 to 114500...
01:42:05 | INFO | Save embeddings
01:42:05 | INFO | Process pending records 114500 to 115000...
01:42:39 | INFO | Save embeddings
01:42:39 | INFO | Process pending records 115000 to 115500...
01:43:13 | INFO | Save embeddings
01:43:13 | INFO | Process pending records 115500 to 116000...
01:43:48 | INFO | Save embeddings
01:43:48 | INFO | Process pending records 116000 to 116500...
01:44:22 | INFO | Save embeddings
01:44:23 | INFO | Process pending records 116500 to 117000...
01:44:57 | INFO | Save embeddings
01:44:57 | INFO | Process pending records 117000 to 117500...
01:45:32 | INFO | Save embeddings
01:45:32 | INFO | Process pending records 117500 to 118000...
01:46:07 | INFO | Save embeddings
01:46:07 | INFO | Process pending records 118000 to 118500...
01:46:41 | INFO | Save embeddings
01:46:41 | INFO | Process pending records 118500 to 119000...
01:47:15 | INFO | Save embeddings
01:47:15 | INFO | Process pending records 119000 to 119500...
01:47:50 | INFO | Save embeddings
01:47:50 | INFO | Process pending records 119500 to 120000...
01:48:24 | INFO | Save embeddings
01:48:24 | INFO | Process pending records 120000 to 120500...
01:48:58 | INFO | Save embeddings
01:48:58 | INFO | Process pending records 120500 to 121000...
01:49:34 | INFO | Save embeddings
01:49:34 | INFO | Process pending records 121000 to 121500...
01:50:07 | INFO | Save embeddings
01:50:08 | INFO | Process pending records 121500 to 122000...
01:50:41 | INFO | Save embeddings
01:50:41 | INFO | Process pending records 122000 to 122500...
01:51:15 | INFO | Save embeddings
01:51:15 | INFO | Process pending records 122500 to 123000...
01:51:50 | INFO | Save embeddings
01:51:50 | INFO | Process pending records 123000 to 123500...
01:52:24 | INFO | Save embeddings
01:52:24 | INFO | Process pending records 123500 to 124000...
01:52:58 | INFO | Save embeddings
01:52:58 | INFO | Process pending records 124000 to 124500...
01:53:31 | INFO | Save embeddings
01:53:32 | INFO | Process pending records 124500 to 125000...
01:54:06 | INFO | Save embeddings
01:54:07 | INFO | Process pending records 125000 to 125500...
01:54:40 | INFO | Save embeddings
01:54:41 | INFO | Process pending records 125500 to 126000...
01:55:14 | INFO | Save embeddings
01:55:15 | INFO | Process pending records 126000 to 126500...
01:55:48 | INFO | Save embeddings
01:55:49 | INFO | Process pending records 126500 to 127000...
01:56:22 | INFO | Save embeddings
01:56:22 | INFO | Process pending records 127000 to 127500...
01:56:56 | INFO | Save embeddings
01:56:57 | INFO | Process pending records 127500 to 128000...
01:57:32 | INFO | Save embeddings
01:57:32 | INFO | Process pending records 128000 to 128500...
01:58:06 | INFO | Save embeddings
01:58:06 | INFO | Process pending records 128500 to 129000...
01:58:41 | INFO | Save embeddings
01:58:42 | INFO | Process pending records 129000 to 129500...
01:59:16 | INFO | Save embeddings
01:59:17 | INFO | Process pending records 129500 to 130000...
01:59:51 | INFO | Save embeddings
01:59:51 | INFO | Process pending records 130000 to 130500...
02:00:25 | INFO | Save embeddings
02:00:25 | INFO | Process pending records 130500 to 131000...
02:01:00 | INFO | Save embeddings
02:01:01 | INFO | Process pending records 131000 to 131500...
02:01:35 | INFO | Save embeddings
02:01:35 | INFO | Process pending records 131500 to 132000...
02:02:09 | INFO | Save embeddings
02:02:09 | INFO | Process pending records 132000 to 132500...
02:02:45 | INFO | Save embeddings
02:02:45 | INFO | Process pending records 132500 to 133000...
02:03:19 | INFO | Save embeddings
02:03:19 | INFO | Process pending records 133000 to 133500...
02:03:54 | INFO | Save embeddings
02:03:54 | INFO | Process pending records 133500 to 134000...
02:04:30 | INFO | Save embeddings
02:04:30 | INFO | Process pending records 134000 to 134500...
02:05:05 | INFO | Save embeddings
02:05:05 | INFO | Process pending records 134500 to 135000...
02:05:35 | INFO | Save embeddings
02:05:35 | INFO | Process pending records 135000 to 135500...
02:06:08 | INFO | Save embeddings
02:06:08 | INFO | Process pending records 135500 to 136000...
02:06:43 | INFO | Save embeddings
02:06:43 | INFO | Process pending records 136000 to 136500...
02:07:17 | INFO | Save embeddings
02:07:17 | INFO | Process pending records 136500 to 137000...
02:07:53 | INFO | Save embeddings
02:07:53 | INFO | Process pending records 137000 to 137500...
02:08:27 | INFO | Save embeddings
02:08:27 | INFO | Process pending records 137500 to 138000...
02:09:02 | INFO | Save embeddings
02:09:02 | INFO | Process pending records 138000 to 138500...
02:09:37 | INFO | Save embeddings
02:09:38 | INFO | Process pending records 138500 to 139000...
02:10:13 | INFO | Save embeddings
02:10:14 | INFO | Process pending records 139000 to 139500...
02:10:49 | INFO | Save embeddings
02:10:49 | INFO | Process pending records 139500 to 140000...
02:11:24 | INFO | Save embeddings
02:11:24 | INFO | Process pending records 140000 to 140500...
02:11:59 | INFO | Save embeddings
02:11:59 | INFO | Process pending records 140500 to 141000...
02:12:34 | INFO | Save embeddings
02:12:35 | INFO | Process pending records 141000 to 141500...
02:13:08 | INFO | Save embeddings
02:13:09 | INFO | Process pending records 141500 to 142000...
02:13:42 | INFO | Save embeddings
02:13:42 | INFO | Process pending records 142000 to 142500...
02:14:17 | INFO | Save embeddings
02:14:17 | INFO | Process pending records 142500 to 143000...
02:14:52 | INFO | Save embeddings
02:14:52 | INFO | Process pending records 143000 to 143500...
02:15:27 | INFO | Save embeddings
02:15:27 | INFO | Process pending records 143500 to 144000...
02:16:01 | INFO | Save embeddings
02:16:02 | INFO | Process pending records 144000 to 144500...
02:16:38 | INFO | Save embeddings
02:16:38 | INFO | Process pending records 144500 to 145000...
02:17:13 | INFO | Save embeddings
02:17:14 | INFO | Process pending records 145000 to 145500...
02:17:49 | INFO | Save embeddings
02:17:49 | INFO | Process pending records 145500 to 146000...
02:18:24 | INFO | Save embeddings
02:18:24 | INFO | Process pending records 146000 to 146500...
02:18:58 | INFO | Save embeddings
02:18:58 | INFO | Process pending records 146500 to 147000...
02:19:33 | INFO | Save embeddings
02:19:33 | INFO | Process pending records 147000 to 147500...
02:20:08 | INFO | Save embeddings
02:20:08 | INFO | Process pending records 147500 to 148000...
02:20:42 | INFO | Save embeddings
02:20:42 | INFO | Process pending records 148000 to 148500...
02:21:16 | INFO | Save embeddings
02:21:17 | INFO | Process pending records 148500 to 149000...
02:21:51 | INFO | Save embeddings
02:21:52 | INFO | Process pending records 149000 to 149500...
02:22:26 | INFO | Save embeddings
02:22:27 | INFO | Process pending records 149500 to 150000...
02:23:01 | INFO | Save embeddings
02:23:01 | INFO | Process pending records 150000 to 150500...
02:23:35 | INFO | Save embeddings
02:23:36 | INFO | Process pending records 150500 to 151000...
02:24:10 | INFO | Save embeddings
02:24:10 | INFO | Process pending records 151000 to 151500...
02:24:45 | INFO | Save embeddings
02:24:45 | INFO | Process pending records 151500 to 152000...
02:25:19 | INFO | Save embeddings
02:25:20 | INFO | Process pending records 152000 to 152500...
02:25:54 | INFO | Save embeddings
02:25:54 | INFO | Process pending records 152500 to 153000...
02:26:28 | INFO | Save embeddings
02:26:29 | INFO | Process pending records 153000 to 153500...
02:27:04 | INFO | Save embeddings
02:27:05 | INFO | Process pending records 153500 to 154000...
02:27:39 | INFO | Save embeddings
02:27:39 | INFO | Process pending records 154000 to 154500...
02:28:14 | INFO | Save embeddings
02:28:14 | INFO | Process pending records 154500 to 155000...
02:28:50 | INFO | Save embeddings
02:28:50 | INFO | Process pending records 155000 to 155500...
02:29:24 | INFO | Save embeddings
02:29:25 | INFO | Process pending records 155500 to 156000...
02:29:59 | INFO | Save embeddings
02:30:00 | INFO | Process pending records 156000 to 156500...
02:30:34 | INFO | Save embeddings
02:30:34 | INFO | Process pending records 156500 to 157000...
02:31:08 | INFO | Save embeddings
02:31:08 | INFO | Process pending records 157000 to 157500...
02:31:43 | INFO | Save embeddings
02:31:43 | INFO | Process pending records 157500 to 158000...
02:32:17 | INFO | Save embeddings
02:32:17 | INFO | Process pending records 158000 to 158500...
02:32:50 | INFO | Save embeddings
02:32:50 | INFO | Process pending records 158500 to 159000...
02:33:22 | INFO | Save embeddings
02:33:22 | INFO | Process pending records 159000 to 159500...
02:33:56 | INFO | Save embeddings
02:33:57 | INFO | Process pending records 159500 to 160000...
02:34:32 | INFO | Save embeddings
02:34:32 | INFO | Process pending records 160000 to 160500...
02:35:07 | INFO | Save embeddings
02:35:07 | INFO | Process pending records 160500 to 161000...
02:35:42 | INFO | Save embeddings
02:35:42 | INFO | Process pending records 161000 to 161500...
02:36:17 | INFO | Save embeddings
02:36:17 | INFO | Process pending records 161500 to 162000...
02:36:52 | INFO | Save embeddings
02:36:53 | INFO | Process pending records 162000 to 162500...
02:37:28 | INFO | Save embeddings
02:37:28 | INFO | Process pending records 162500 to 163000...
02:38:03 | INFO | Save embeddings
02:38:03 | INFO | Process pending records 163000 to 163500...
02:38:37 | INFO | Save embeddings
02:38:37 | INFO | Process pending records 163500 to 164000...
02:39:12 | INFO | Save embeddings
02:39:12 | INFO | Process pending records 164000 to 164500...
02:39:47 | INFO | Save embeddings
02:39:47 | INFO | Process pending records 164500 to 165000...
02:40:22 | INFO | Save embeddings
02:40:23 | INFO | Process pending records 165000 to 165500...
02:40:58 | INFO | Save embeddings
02:40:59 | INFO | Process pending records 165500 to 166000...
02:41:34 | INFO | Save embeddings
02:41:34 | INFO | Process pending records 166000 to 166500...
02:42:08 | INFO | Save embeddings
02:42:09 | INFO | Process pending records 166500 to 167000...
02:42:43 | INFO | Save embeddings
02:42:43 | INFO | Process pending records 167000 to 167500...
02:43:17 | INFO | Save embeddings
02:43:18 | INFO | Process pending records 167500 to 168000...
02:43:52 | INFO | Save embeddings
02:43:52 | INFO | Process pending records 168000 to 168500...
02:44:27 | INFO | Save embeddings
02:44:28 | INFO | Process pending records 168500 to 169000...
02:45:02 | INFO | Save embeddings
02:45:03 | INFO | Process pending records 169000 to 169073...
02:45:08 | INFO | Save embeddings
07:48:01 | INFO | Using device: mps
07:48:01 | INFO | Embedding model: microsoft/BiomedNLP-BiomedBERT-base-uncased-abstract-fulltext
07:48:01 | INFO | Prepare dataframe
07:48:09 | INFO | Keeping 217722 of 306476 records with at least one retained graph concept
07:48:45 | INFO | Resume: 169073 completed work(s) in 339 chunk(s); 48649 of 217722 selected work(s) remain.
07:48:45 | INFO | Setup model
07:48:47 | INFO | Generate word embeddings
07:48:47 | INFO | Process pending records 0 to 500...
07:49:35 | INFO | Save embeddings
07:49:35 | INFO | Process pending records 500 to 1000...
07:50:20 | INFO | Save embeddings
07:50:21 | INFO | Process pending records 1000 to 1500...
07:51:04 | INFO | Save embeddings
07:51:05 | INFO | Process pending records 1500 to 2000...
07:51:45 | INFO | Save embeddings
07:51:45 | INFO | Process pending records 2000 to 2500...
07:52:24 | INFO | Save embeddings
07:52:24 | INFO | Process pending records 2500 to 3000...
07:53:01 | INFO | Save embeddings
07:53:02 | INFO | Process pending records 3000 to 3500...
07:53:38 | INFO | Save embeddings
07:53:38 | INFO | Process pending records 3500 to 4000...
07:54:17 | INFO | Save embeddings
07:54:17 | INFO | Process pending records 4000 to 4500...
07:54:54 | INFO | Save embeddings
07:54:54 | INFO | Process pending records 4500 to 5000...
07:55:31 | INFO | Save embeddings
07:55:32 | INFO | Process pending records 5000 to 5500...
07:56:09 | INFO | Save embeddings
07:56:09 | INFO | Process pending records 5500 to 6000...
07:56:47 | INFO | Save embeddings
07:56:47 | INFO | Process pending records 6000 to 6500...
07:57:25 | INFO | Save embeddings
07:57:25 | INFO | Process pending records 6500 to 7000...
07:58:05 | INFO | Save embeddings
07:58:05 | INFO | Process pending records 7000 to 7500...
07:58:44 | INFO | Save embeddings
07:58:45 | INFO | Process pending records 7500 to 8000...
07:59:22 | INFO | Save embeddings
07:59:22 | INFO | Process pending records 8000 to 8500...
08:00:04 | INFO | Save embeddings
08:00:05 | INFO | Process pending records 8500 to 9000...
08:00:50 | INFO | Save embeddings
08:00:50 | INFO | Process pending records 9000 to 9500...
08:01:37 | INFO | Save embeddings
08:01:38 | INFO | Process pending records 9500 to 10000...
08:02:15 | INFO | Save embeddings
08:02:15 | INFO | Process pending records 10000 to 10500...
08:02:52 | INFO | Save embeddings
08:02:53 | INFO | Process pending records 10500 to 11000...
08:04:55 | INFO | Averaging concepts of: 90908 works (total: 306476)
08:04:55 | INFO | Reading file: embeddings_000000.pkl.gz
08:05:01 | INFO | Reading file: embeddings_000001.pkl.gz
08:05:07 | INFO | Reading file: embeddings_000002.pkl.gz
08:05:13 | INFO | Reading file: embeddings_000003.pkl.gz
08:05:19 | INFO | Reading file: embeddings_000004.pkl.gz
08:05:26 | INFO | Reading file: embeddings_000005.pkl.gz
08:05:33 | INFO | Reading file: embeddings_000006.pkl.gz
08:05:38 | INFO | Reading file: embeddings_000007.pkl.gz
08:05:45 | INFO | Reading file: embeddings_000008.pkl.gz
08:05:52 | INFO | Reading file: embeddings_000009.pkl.gz
08:05:56 | INFO | Averaging concepts of: 159162 works (total: 306476)
08:05:56 | INFO | Reading file: embeddings_000000.pkl.gz
08:05:58 | INFO | Reading file: embeddings_000010.pkl.gz
08:06:03 | INFO | Reading file: embeddings_000001.pkl.gz
08:06:05 | INFO | Reading file: embeddings_000011.pkl.gz
08:06:11 | INFO | Reading file: embeddings_000002.pkl.gz
08:06:13 | INFO | Reading file: embeddings_000012.pkl.gz
08:06:19 | INFO | Reading file: embeddings_000003.pkl.gz
08:06:20 | INFO | Reading file: embeddings_000013.pkl.gz
08:06:25 | INFO | Reading file: embeddings_000004.pkl.gz
08:06:26 | INFO | Reading file: embeddings_000014.pkl.gz
08:06:31 | INFO | Reading file: embeddings_000005.pkl.gz
08:06:32 | INFO | Reading file: embeddings_000015.pkl.gz
08:06:38 | INFO | Reading file: embeddings_000006.pkl.gz
08:06:39 | INFO | Reading file: embeddings_000016.pkl.gz
08:06:45 | INFO | Reading file: embeddings_000007.pkl.gz
08:06:47 | INFO | Reading file: embeddings_000017.pkl.gz
08:06:52 | INFO | Reading file: embeddings_000008.pkl.gz
08:06:54 | INFO | Reading file: embeddings_000018.pkl.gz
08:06:59 | INFO | Reading file: embeddings_000009.pkl.gz
08:07:01 | INFO | Reading file: embeddings_000019.pkl.gz
08:07:06 | INFO | Reading file: embeddings_000010.pkl.gz
08:07:07 | INFO | Reading file: embeddings_000020.pkl.gz
08:07:12 | INFO | Reading file: embeddings_000011.pkl.gz
08:07:14 | INFO | Reading file: embeddings_000021.pkl.gz
08:07:19 | INFO | Reading file: embeddings_000012.pkl.gz
08:07:22 | INFO | Reading file: embeddings_000022.pkl.gz
08:07:31 | INFO | Reading file: embeddings_000013.pkl.gz
08:07:34 | INFO | Reading file: embeddings_000023.pkl.gz
08:07:42 | INFO | Reading file: embeddings_000014.pkl.gz
08:07:43 | INFO | Reading file: embeddings_000024.pkl.gz
08:07:49 | INFO | Reading file: embeddings_000015.pkl.gz
08:07:51 | INFO | Reading file: embeddings_000025.pkl.gz
08:07:57 | INFO | Reading file: embeddings_000016.pkl.gz
08:07:58 | INFO | Reading file: embeddings_000026.pkl.gz
08:08:05 | INFO | Reading file: embeddings_000017.pkl.gz
08:08:06 | INFO | Reading file: embeddings_000027.pkl.gz
08:08:11 | INFO | Reading file: embeddings_000018.pkl.gz
08:08:12 | INFO | Reading file: embeddings_000028.pkl.gz
08:08:18 | INFO | Reading file: embeddings_000019.pkl.gz
08:08:19 | INFO | Reading file: embeddings_000029.pkl.gz
08:08:25 | INFO | Reading file: embeddings_000020.pkl.gz
08:08:26 | INFO | Reading file: embeddings_000030.pkl.gz
08:08:31 | INFO | Reading file: embeddings_000021.pkl.gz
08:08:32 | INFO | Reading file: embeddings_000031.pkl.gz
08:08:38 | INFO | Reading file: embeddings_000022.pkl.gz
08:08:39 | INFO | Reading file: embeddings_000032.pkl.gz
08:08:44 | INFO | Reading file: embeddings_000023.pkl.gz
08:08:45 | INFO | Reading file: embeddings_000033.pkl.gz
08:08:51 | INFO | Reading file: embeddings_000024.pkl.gz
08:08:52 | INFO | Reading file: embeddings_000034.pkl.gz
08:08:57 | INFO | Reading file: embeddings_000025.pkl.gz
08:08:58 | INFO | Reading file: embeddings_000035.pkl.gz
08:09:04 | INFO | Reading file: embeddings_000026.pkl.gz
08:09:05 | INFO | Reading file: embeddings_000036.pkl.gz
08:09:11 | INFO | Reading file: embeddings_000027.pkl.gz
08:09:12 | INFO | Reading file: embeddings_000037.pkl.gz
08:09:17 | INFO | Reading file: embeddings_000028.pkl.gz
08:09:18 | INFO | Reading file: embeddings_000038.pkl.gz
08:09:24 | INFO | Reading file: embeddings_000029.pkl.gz
08:09:25 | INFO | Reading file: embeddings_000039.pkl.gz
08:09:30 | INFO | Reading file: embeddings_000030.pkl.gz
08:09:31 | INFO | Reading file: embeddings_000040.pkl.gz
08:09:37 | INFO | Reading file: embeddings_000031.pkl.gz
08:09:38 | INFO | Reading file: embeddings_000041.pkl.gz
08:09:44 | INFO | Reading file: embeddings_000032.pkl.gz
08:09:45 | INFO | Reading file: embeddings_000042.pkl.gz
08:09:50 | INFO | Reading file: embeddings_000033.pkl.gz
08:09:52 | INFO | Reading file: embeddings_000043.pkl.gz
08:09:57 | INFO | Reading file: embeddings_000034.pkl.gz
08:09:58 | INFO | Reading file: embeddings_000044.pkl.gz
08:10:04 | INFO | Reading file: embeddings_000035.pkl.gz
08:10:05 | INFO | Reading file: embeddings_000045.pkl.gz
08:10:11 | INFO | Reading file: embeddings_000036.pkl.gz
08:10:12 | INFO | Reading file: embeddings_000046.pkl.gz
08:10:17 | INFO | Reading file: embeddings_000037.pkl.gz
08:10:18 | INFO | Reading file: embeddings_000047.pkl.gz
08:10:24 | INFO | Reading file: embeddings_000038.pkl.gz
08:10:25 | INFO | Reading file: embeddings_000048.pkl.gz
08:10:31 | INFO | Reading file: embeddings_000039.pkl.gz
08:10:32 | INFO | Reading file: embeddings_000049.pkl.gz
08:10:37 | INFO | Reading file: embeddings_000040.pkl.gz
08:10:38 | INFO | Reading file: embeddings_000050.pkl.gz
08:10:44 | INFO | Reading file: embeddings_000041.pkl.gz
08:10:45 | INFO | Reading file: embeddings_000051.pkl.gz
08:10:50 | INFO | Reading file: embeddings_000042.pkl.gz
08:10:51 | INFO | Reading file: embeddings_000052.pkl.gz
08:10:57 | INFO | Reading file: embeddings_000043.pkl.gz
08:10:58 | INFO | Reading file: embeddings_000053.pkl.gz
08:11:04 | INFO | Reading file: embeddings_000044.pkl.gz
08:11:05 | INFO | Reading file: embeddings_000054.pkl.gz
08:11:10 | INFO | Reading file: embeddings_000045.pkl.gz
08:11:12 | INFO | Reading file: embeddings_000055.pkl.gz
08:11:17 | INFO | Reading file: embeddings_000046.pkl.gz
08:11:18 | INFO | Reading file: embeddings_000056.pkl.gz
08:11:24 | INFO | Reading file: embeddings_000047.pkl.gz
08:11:25 | INFO | Reading file: embeddings_000057.pkl.gz
08:11:30 | INFO | Reading file: embeddings_000048.pkl.gz
08:11:32 | INFO | Reading file: embeddings_000058.pkl.gz
08:11:38 | INFO | Reading file: embeddings_000049.pkl.gz
08:11:39 | INFO | Reading file: embeddings_000059.pkl.gz
08:11:44 | INFO | Reading file: embeddings_000050.pkl.gz
08:11:45 | INFO | Reading file: embeddings_000060.pkl.gz
08:11:50 | INFO | Reading file: embeddings_000051.pkl.gz
08:11:52 | INFO | Reading file: embeddings_000061.pkl.gz
08:11:58 | INFO | Reading file: embeddings_000052.pkl.gz
08:12:00 | INFO | Reading file: embeddings_000062.pkl.gz
08:12:06 | INFO | Reading file: embeddings_000053.pkl.gz
08:12:07 | INFO | Reading file: embeddings_000063.pkl.gz
08:12:14 | INFO | Reading file: embeddings_000054.pkl.gz
08:12:15 | INFO | Reading file: embeddings_000064.pkl.gz
08:12:21 | INFO | Reading file: embeddings_000055.pkl.gz
08:12:27 | INFO | Reading file: embeddings_000056.pkl.gz
08:12:33 | INFO | Reading file: embeddings_000057.pkl.gz
08:12:39 | INFO | Reading file: embeddings_000058.pkl.gz
08:12:45 | INFO | Reading file: embeddings_000059.pkl.gz
08:12:51 | INFO | Reading file: embeddings_000060.pkl.gz
08:12:57 | INFO | Reading file: embeddings_000061.pkl.gz
08:13:11 | INFO | Averaging concepts of: 48897 works (total: 306476)
08:13:11 | INFO | Reading file: embeddings_000000.pkl.gz
08:13:18 | INFO | Reading file: embeddings_000001.pkl.gz
08:13:26 | INFO | Reading file: embeddings_000002.pkl.gz
08:13:29 | INFO | Averaging concepts of: 112388 works (total: 306476)
08:13:29 | INFO | Reading file: embeddings_000000.pkl.gz
08:13:33 | INFO | Reading file: embeddings_000003.pkl.gz
08:13:36 | INFO | Reading file: embeddings_000001.pkl.gz
08:13:40 | INFO | Reading file: embeddings_000004.pkl.gz
08:13:43 | INFO | Reading file: embeddings_000002.pkl.gz
08:13:47 | INFO | Reading file: embeddings_000005.pkl.gz
08:13:50 | INFO | Reading file: embeddings_000003.pkl.gz
08:13:54 | INFO | Reading file: embeddings_000006.pkl.gz
08:13:56 | INFO | Reading file: embeddings_000004.pkl.gz
08:14:01 | INFO | Reading file: embeddings_000007.pkl.gz
08:14:05 | INFO | Reading file: embeddings_000005.pkl.gz
08:14:11 | INFO | Reading file: embeddings_000008.pkl.gz
08:14:15 | INFO | Reading file: embeddings_000006.pkl.gz
08:14:18 | INFO | Averaging concepts of: 159162 works (total: 306476)
08:14:18 | INFO | Reading file: embeddings_000000.pkl.gz
08:14:19 | INFO | Reading file: embeddings_000009.pkl.gz
08:14:22 | INFO | Reading file: embeddings_000007.pkl.gz
08:14:26 | INFO | Reading file: embeddings_000001.pkl.gz
08:14:27 | INFO | Reading file: embeddings_000010.pkl.gz
08:14:32 | INFO | Reading file: embeddings_000008.pkl.gz
08:14:36 | INFO | Reading file: embeddings_000002.pkl.gz
08:14:37 | INFO | Reading file: embeddings_000011.pkl.gz
08:14:41 | INFO | Reading file: embeddings_000009.pkl.gz
08:14:46 | INFO | Reading file: embeddings_000003.pkl.gz
08:14:46 | INFO | Reading file: embeddings_000012.pkl.gz
08:14:51 | INFO | Reading file: embeddings_000010.pkl.gz
08:14:57 | INFO | Reading file: embeddings_000004.pkl.gz
08:14:58 | INFO | Reading file: embeddings_000013.pkl.gz
08:15:02 | INFO | Reading file: embeddings_000011.pkl.gz
08:15:07 | INFO | Reading file: embeddings_000005.pkl.gz
08:15:08 | INFO | Reading file: embeddings_000014.pkl.gz
08:15:12 | INFO | Reading file: embeddings_000012.pkl.gz
08:15:16 | INFO | Reading file: embeddings_000006.pkl.gz
08:15:17 | INFO | Reading file: embeddings_000015.pkl.gz
08:15:22 | INFO | Reading file: embeddings_000013.pkl.gz
08:15:28 | INFO | Reading file: embeddings_000007.pkl.gz
08:15:28 | INFO | Reading file: embeddings_000016.pkl.gz
08:15:33 | INFO | Reading file: embeddings_000014.pkl.gz
08:15:38 | INFO | Reading file: embeddings_000008.pkl.gz
08:15:39 | INFO | Reading file: embeddings_000017.pkl.gz
08:15:44 | INFO | Reading file: embeddings_000015.pkl.gz
08:15:49 | INFO | Reading file: embeddings_000009.pkl.gz
08:15:50 | INFO | Reading file: embeddings_000018.pkl.gz
08:15:54 | INFO | Reading file: embeddings_000016.pkl.gz
08:15:58 | INFO | Reading file: embeddings_000010.pkl.gz
08:15:58 | INFO | Reading file: embeddings_000019.pkl.gz
08:16:02 | INFO | Reading file: embeddings_000017.pkl.gz
08:16:06 | INFO | Reading file: embeddings_000011.pkl.gz
08:16:07 | INFO | Reading file: embeddings_000020.pkl.gz
08:16:11 | INFO | Reading file: embeddings_000018.pkl.gz
08:16:15 | INFO | Reading file: embeddings_000012.pkl.gz
08:16:16 | INFO | Reading file: embeddings_000021.pkl.gz
08:16:20 | INFO | Reading file: embeddings_000019.pkl.gz
08:16:24 | INFO | Reading file: embeddings_000013.pkl.gz
08:16:24 | INFO | Reading file: embeddings_000022.pkl.gz
08:16:29 | INFO | Reading file: embeddings_000020.pkl.gz
08:16:35 | INFO | Reading file: embeddings_000014.pkl.gz
08:16:35 | INFO | Reading file: embeddings_000023.pkl.gz
08:16:40 | INFO | Reading file: embeddings_000021.pkl.gz
08:16:46 | INFO | Reading file: embeddings_000015.pkl.gz
08:16:46 | INFO | Reading file: embeddings_000024.pkl.gz
08:16:50 | INFO | Reading file: embeddings_000022.pkl.gz
08:16:53 | INFO | Reading file: embeddings_000016.pkl.gz
08:16:54 | INFO | Reading file: embeddings_000025.pkl.gz
08:16:57 | INFO | Reading file: embeddings_000023.pkl.gz
08:17:01 | INFO | Reading file: embeddings_000017.pkl.gz
08:17:01 | INFO | Reading file: embeddings_000026.pkl.gz
08:17:04 | INFO | Reading file: embeddings_000024.pkl.gz
08:17:08 | INFO | Reading file: embeddings_000018.pkl.gz
08:17:08 | INFO | Reading file: embeddings_000027.pkl.gz
08:17:12 | INFO | Reading file: embeddings_000025.pkl.gz
08:17:16 | INFO | Reading file: embeddings_000019.pkl.gz
08:17:16 | INFO | Reading file: embeddings_000028.pkl.gz
08:17:20 | INFO | Reading file: embeddings_000026.pkl.gz
08:17:24 | INFO | Reading file: embeddings_000020.pkl.gz
08:17:24 | INFO | Reading file: embeddings_000029.pkl.gz
08:17:27 | INFO | Reading file: embeddings_000027.pkl.gz
08:17:31 | INFO | Reading file: embeddings_000021.pkl.gz
08:17:31 | INFO | Reading file: embeddings_000030.pkl.gz
08:17:35 | INFO | Reading file: embeddings_000028.pkl.gz
08:17:38 | INFO | Reading file: embeddings_000022.pkl.gz
08:17:39 | INFO | Reading file: embeddings_000031.pkl.gz
08:17:42 | INFO | Reading file: embeddings_000029.pkl.gz
08:17:46 | INFO | Reading file: embeddings_000023.pkl.gz
08:17:46 | INFO | Reading file: embeddings_000032.pkl.gz
08:17:49 | INFO | Reading file: embeddings_000030.pkl.gz
08:17:53 | INFO | Reading file: embeddings_000024.pkl.gz
08:17:54 | INFO | Reading file: embeddings_000033.pkl.gz
08:17:57 | INFO | Reading file: embeddings_000031.pkl.gz
08:18:01 | INFO | Reading file: embeddings_000025.pkl.gz
08:18:01 | INFO | Reading file: embeddings_000034.pkl.gz
08:18:05 | INFO | Reading file: embeddings_000032.pkl.gz
08:18:09 | INFO | Reading file: embeddings_000026.pkl.gz
08:18:09 | INFO | Reading file: embeddings_000035.pkl.gz
08:18:13 | INFO | Reading file: embeddings_000033.pkl.gz
08:18:17 | INFO | Reading file: embeddings_000027.pkl.gz
08:18:17 | INFO | Reading file: embeddings_000036.pkl.gz
08:18:20 | INFO | Reading file: embeddings_000034.pkl.gz
08:18:24 | INFO | Reading file: embeddings_000028.pkl.gz
08:18:24 | INFO | Reading file: embeddings_000037.pkl.gz
08:18:28 | INFO | Reading file: embeddings_000035.pkl.gz
08:18:31 | INFO | Reading file: embeddings_000029.pkl.gz
08:18:31 | INFO | Reading file: embeddings_000038.pkl.gz
08:18:35 | INFO | Reading file: embeddings_000036.pkl.gz
08:18:39 | INFO | Reading file: embeddings_000030.pkl.gz
08:18:39 | INFO | Reading file: embeddings_000039.pkl.gz
08:18:43 | INFO | Reading file: embeddings_000037.pkl.gz
08:18:47 | INFO | Reading file: embeddings_000031.pkl.gz
08:18:47 | INFO | Reading file: embeddings_000040.pkl.gz
08:18:51 | INFO | Reading file: embeddings_000038.pkl.gz
08:18:54 | INFO | Reading file: embeddings_000032.pkl.gz
08:18:54 | INFO | Reading file: embeddings_000041.pkl.gz
08:18:58 | INFO | Reading file: embeddings_000039.pkl.gz
08:19:01 | INFO | Reading file: embeddings_000033.pkl.gz
08:19:01 | INFO | Reading file: embeddings_000042.pkl.gz
08:19:05 | INFO | Reading file: embeddings_000040.pkl.gz
08:19:08 | INFO | Reading file: embeddings_000034.pkl.gz
08:19:09 | INFO | Reading file: embeddings_000043.pkl.gz
08:19:13 | INFO | Reading file: embeddings_000041.pkl.gz
08:19:17 | INFO | Reading file: embeddings_000035.pkl.gz
08:19:17 | INFO | Reading file: embeddings_000044.pkl.gz
08:19:21 | INFO | Reading file: embeddings_000042.pkl.gz
08:19:25 | INFO | Reading file: embeddings_000036.pkl.gz
08:19:25 | INFO | Reading file: embeddings_000045.pkl.gz
08:19:29 | INFO | Reading file: embeddings_000043.pkl.gz
08:19:32 | INFO | Reading file: embeddings_000037.pkl.gz
08:19:32 | INFO | Reading file: embeddings_000046.pkl.gz
08:19:36 | INFO | Reading file: embeddings_000044.pkl.gz
08:19:40 | INFO | Reading file: embeddings_000038.pkl.gz
08:19:40 | INFO | Reading file: embeddings_000047.pkl.gz
08:19:44 | INFO | Reading file: embeddings_000045.pkl.gz
08:19:47 | INFO | Reading file: embeddings_000039.pkl.gz
08:19:47 | INFO | Reading file: embeddings_000048.pkl.gz
08:19:51 | INFO | Reading file: embeddings_000046.pkl.gz
08:19:54 | INFO | Reading file: embeddings_000040.pkl.gz
08:19:54 | INFO | Reading file: embeddings_000049.pkl.gz
08:19:58 | INFO | Reading file: embeddings_000047.pkl.gz
08:20:02 | INFO | Reading file: embeddings_000041.pkl.gz
08:20:02 | INFO | Reading file: embeddings_000050.pkl.gz
08:20:06 | INFO | Reading file: embeddings_000048.pkl.gz
08:20:10 | INFO | Reading file: embeddings_000042.pkl.gz
08:20:10 | INFO | Reading file: embeddings_000051.pkl.gz
08:20:14 | INFO | Reading file: embeddings_000049.pkl.gz
08:20:17 | INFO | Reading file: embeddings_000043.pkl.gz
08:20:17 | INFO | Reading file: embeddings_000052.pkl.gz
08:20:21 | INFO | Reading file: embeddings_000050.pkl.gz
08:20:24 | INFO | Reading file: embeddings_000044.pkl.gz
08:20:25 | INFO | Reading file: embeddings_000053.pkl.gz
08:20:29 | INFO | Reading file: embeddings_000051.pkl.gz
08:20:32 | INFO | Reading file: embeddings_000054.pkl.gz
08:20:32 | INFO | Reading file: embeddings_000045.pkl.gz
08:20:36 | INFO | Reading file: embeddings_000052.pkl.gz
08:20:39 | INFO | Reading file: embeddings_000046.pkl.gz
08:20:39 | INFO | Reading file: embeddings_000055.pkl.gz
08:20:43 | INFO | Reading file: embeddings_000053.pkl.gz
08:20:47 | INFO | Reading file: embeddings_000056.pkl.gz
08:20:47 | INFO | Reading file: embeddings_000047.pkl.gz
08:20:52 | INFO | Reading file: embeddings_000054.pkl.gz
08:20:56 | INFO | Reading file: embeddings_000057.pkl.gz
08:20:56 | INFO | Reading file: embeddings_000048.pkl.gz
08:21:01 | INFO | Reading file: embeddings_000055.pkl.gz
08:21:04 | INFO | Reading file: embeddings_000058.pkl.gz
08:21:04 | INFO | Reading file: embeddings_000049.pkl.gz
08:21:09 | INFO | Reading file: embeddings_000056.pkl.gz
08:21:12 | INFO | Reading file: embeddings_000059.pkl.gz
08:21:12 | INFO | Reading file: embeddings_000050.pkl.gz
08:21:17 | INFO | Reading file: embeddings_000057.pkl.gz
08:21:20 | INFO | Reading file: embeddings_000060.pkl.gz
08:21:20 | INFO | Reading file: embeddings_000051.pkl.gz
08:21:25 | INFO | Reading file: embeddings_000058.pkl.gz
08:21:28 | INFO | Reading file: embeddings_000061.pkl.gz
08:21:28 | INFO | Reading file: embeddings_000052.pkl.gz
08:21:32 | INFO | Reading file: embeddings_000059.pkl.gz
08:21:35 | INFO | Reading file: embeddings_000062.pkl.gz
08:21:36 | INFO | Reading file: embeddings_000053.pkl.gz
08:21:40 | INFO | Reading file: embeddings_000060.pkl.gz
08:21:43 | INFO | Reading file: embeddings_000063.pkl.gz
08:21:43 | INFO | Reading file: embeddings_000054.pkl.gz
08:21:48 | INFO | Reading file: embeddings_000061.pkl.gz
08:21:52 | INFO | Reading file: embeddings_000064.pkl.gz
08:21:52 | INFO | Reading file: embeddings_000055.pkl.gz
08:21:57 | INFO | Reading file: embeddings_000062.pkl.gz
08:22:01 | INFO | Reading file: embeddings_000065.pkl.gz
08:22:01 | INFO | Reading file: embeddings_000056.pkl.gz
08:22:05 | INFO | Reading file: embeddings_000063.pkl.gz
08:22:08 | INFO | Reading file: embeddings_000066.pkl.gz
08:22:09 | INFO | Reading file: embeddings_000057.pkl.gz
08:22:13 | INFO | Reading file: embeddings_000064.pkl.gz
08:22:16 | INFO | Reading file: embeddings_000067.pkl.gz
08:22:16 | INFO | Reading file: embeddings_000058.pkl.gz
08:22:21 | INFO | Reading file: embeddings_000065.pkl.gz
08:22:23 | INFO | Reading file: embeddings_000068.pkl.gz
08:22:24 | INFO | Reading file: embeddings_000059.pkl.gz
08:22:28 | INFO | Reading file: embeddings_000066.pkl.gz
08:22:31 | INFO | Reading file: embeddings_000069.pkl.gz
08:22:31 | INFO | Reading file: embeddings_000060.pkl.gz
08:22:36 | INFO | Reading file: embeddings_000067.pkl.gz
08:22:39 | INFO | Reading file: embeddings_000070.pkl.gz
08:22:39 | INFO | Reading file: embeddings_000061.pkl.gz
08:22:43 | INFO | Reading file: embeddings_000068.pkl.gz
08:22:46 | INFO | Reading file: embeddings_000071.pkl.gz
08:22:47 | INFO | Reading file: embeddings_000062.pkl.gz
08:22:51 | INFO | Reading file: embeddings_000069.pkl.gz
08:22:54 | INFO | Reading file: embeddings_000072.pkl.gz
08:22:54 | INFO | Reading file: embeddings_000063.pkl.gz
08:22:58 | INFO | Reading file: embeddings_000070.pkl.gz
08:23:01 | INFO | Reading file: embeddings_000073.pkl.gz
08:23:02 | INFO | Reading file: embeddings_000064.pkl.gz
08:23:05 | INFO | Reading file: embeddings_000071.pkl.gz
08:23:08 | INFO | Reading file: embeddings_000074.pkl.gz
08:23:09 | INFO | Reading file: embeddings_000065.pkl.gz
08:23:12 | INFO | Reading file: embeddings_000072.pkl.gz
08:23:15 | INFO | Reading file: embeddings_000075.pkl.gz
08:23:16 | INFO | Reading file: embeddings_000066.pkl.gz
08:23:20 | INFO | Reading file: embeddings_000073.pkl.gz
08:23:23 | INFO | Reading file: embeddings_000076.pkl.gz
08:23:24 | INFO | Reading file: embeddings_000067.pkl.gz
08:23:27 | INFO | Reading file: embeddings_000074.pkl.gz
08:23:30 | INFO | Reading file: embeddings_000077.pkl.gz
08:23:31 | INFO | Reading file: embeddings_000068.pkl.gz
08:23:35 | INFO | Reading file: embeddings_000075.pkl.gz
08:23:37 | INFO | Reading file: embeddings_000078.pkl.gz
08:23:38 | INFO | Reading file: embeddings_000069.pkl.gz
08:23:42 | INFO | Reading file: embeddings_000076.pkl.gz
08:23:44 | INFO | Reading file: embeddings_000079.pkl.gz
08:23:45 | INFO | Reading file: embeddings_000070.pkl.gz
08:23:49 | INFO | Reading file: embeddings_000077.pkl.gz
08:23:52 | INFO | Reading file: embeddings_000080.pkl.gz
08:23:52 | INFO | Reading file: embeddings_000071.pkl.gz
08:23:56 | INFO | Reading file: embeddings_000078.pkl.gz
08:23:59 | INFO | Reading file: embeddings_000081.pkl.gz
08:24:00 | INFO | Reading file: embeddings_000072.pkl.gz
08:24:03 | INFO | Reading file: embeddings_000079.pkl.gz
08:24:06 | INFO | Reading file: embeddings_000082.pkl.gz
08:24:07 | INFO | Reading file: embeddings_000073.pkl.gz
08:24:11 | INFO | Reading file: embeddings_000080.pkl.gz
08:24:13 | INFO | Reading file: embeddings_000083.pkl.gz
08:24:14 | INFO | Reading file: embeddings_000074.pkl.gz
08:24:18 | INFO | Reading file: embeddings_000081.pkl.gz
08:24:20 | INFO | Reading file: embeddings_000084.pkl.gz
08:24:21 | INFO | Reading file: embeddings_000075.pkl.gz
08:24:25 | INFO | Reading file: embeddings_000082.pkl.gz
08:24:27 | INFO | Reading file: embeddings_000085.pkl.gz
08:24:29 | INFO | Reading file: embeddings_000076.pkl.gz
08:24:32 | INFO | Reading file: embeddings_000083.pkl.gz
08:24:35 | INFO | Reading file: embeddings_000086.pkl.gz
08:24:36 | INFO | Reading file: embeddings_000077.pkl.gz
08:24:40 | INFO | Reading file: embeddings_000084.pkl.gz
08:24:42 | INFO | Reading file: embeddings_000087.pkl.gz
08:24:43 | INFO | Reading file: embeddings_000078.pkl.gz
08:24:47 | INFO | Reading file: embeddings_000085.pkl.gz
08:24:49 | INFO | Reading file: embeddings_000088.pkl.gz
08:24:50 | INFO | Reading file: embeddings_000079.pkl.gz
08:24:54 | INFO | Reading file: embeddings_000086.pkl.gz
08:24:56 | INFO | Reading file: embeddings_000089.pkl.gz
08:24:57 | INFO | Reading file: embeddings_000080.pkl.gz
08:25:01 | INFO | Reading file: embeddings_000087.pkl.gz
08:25:03 | INFO | Reading file: embeddings_000090.pkl.gz
08:25:04 | INFO | Reading file: embeddings_000081.pkl.gz
08:25:08 | INFO | Reading file: embeddings_000088.pkl.gz
08:25:11 | INFO | Reading file: embeddings_000091.pkl.gz
08:25:12 | INFO | Reading file: embeddings_000082.pkl.gz
08:25:16 | INFO | Reading file: embeddings_000089.pkl.gz
08:25:18 | INFO | Reading file: embeddings_000092.pkl.gz
08:25:19 | INFO | Reading file: embeddings_000083.pkl.gz
08:25:23 | INFO | Reading file: embeddings_000090.pkl.gz
08:25:25 | INFO | Reading file: embeddings_000093.pkl.gz
08:25:26 | INFO | Reading file: embeddings_000084.pkl.gz
08:25:30 | INFO | Reading file: embeddings_000091.pkl.gz
08:25:32 | INFO | Reading file: embeddings_000094.pkl.gz
08:25:33 | INFO | Reading file: embeddings_000085.pkl.gz
08:25:37 | INFO | Reading file: embeddings_000092.pkl.gz
08:25:39 | INFO | Reading file: embeddings_000095.pkl.gz
08:25:40 | INFO | Reading file: embeddings_000086.pkl.gz
08:25:44 | INFO | Reading file: embeddings_000093.pkl.gz
08:25:46 | INFO | Reading file: embeddings_000096.pkl.gz
08:25:48 | INFO | Reading file: embeddings_000087.pkl.gz
08:25:51 | INFO | Reading file: embeddings_000094.pkl.gz
08:25:52 | INFO | Reading file: embeddings_000097.pkl.gz
08:25:52 | INFO | Reading file: embeddings_000098.pkl.gz
08:25:52 | INFO | Reading file: embeddings_000099.pkl.gz
08:25:53 | INFO | Reading file: embeddings_000100.pkl.gz
08:25:53 | INFO | Reading file: embeddings_000101.pkl.gz
08:25:53 | INFO | Reading file: embeddings_000102.pkl.gz
08:25:53 | INFO | Reading file: embeddings_000103.pkl.gz
08:25:53 | INFO | Reading file: embeddings_000104.pkl.gz
08:25:53 | INFO | Reading file: embeddings_000105.pkl.gz
08:25:53 | INFO | Reading file: embeddings_000106.pkl.gz
08:25:54 | INFO | Reading file: embeddings_000107.pkl.gz
08:25:54 | INFO | Reading file: embeddings_000108.pkl.gz
08:25:54 | INFO | Reading file: embeddings_000109.pkl.gz
08:25:54 | INFO | Reading file: embeddings_000110.pkl.gz
08:25:54 | INFO | Reading file: embeddings_000111.pkl.gz
08:25:54 | INFO | Reading file: embeddings_000112.pkl.gz
08:25:54 | INFO | Reading file: embeddings_000113.pkl.gz
08:25:54 | INFO | Reading file: embeddings_000114.pkl.gz
08:25:54 | INFO | Reading file: embeddings_000115.pkl.gz
08:25:54 | INFO | Reading file: embeddings_000116.pkl.gz
08:25:55 | INFO | Reading file: embeddings_000088.pkl.gz
08:25:55 | INFO | Reading file: embeddings_000117.pkl.gz
08:25:55 | INFO | Reading file: embeddings_000118.pkl.gz
08:25:55 | INFO | Reading file: embeddings_000119.pkl.gz
08:25:55 | INFO | Reading file: embeddings_000120.pkl.gz
08:25:55 | INFO | Reading file: embeddings_000121.pkl.gz
08:25:55 | INFO | Reading file: embeddings_000122.pkl.gz
08:25:55 | INFO | Reading file: embeddings_000123.pkl.gz
08:25:55 | INFO | Reading file: embeddings_000124.pkl.gz
08:25:56 | INFO | Reading file: embeddings_000125.pkl.gz
08:25:56 | INFO | Reading file: embeddings_000126.pkl.gz
08:25:56 | INFO | Reading file: embeddings_000127.pkl.gz
08:25:56 | INFO | Reading file: embeddings_000128.pkl.gz
08:25:56 | INFO | Reading file: embeddings_000129.pkl.gz
08:25:56 | INFO | Reading file: embeddings_000130.pkl.gz
08:25:56 | INFO | Reading file: embeddings_000131.pkl.gz
08:25:56 | INFO | Reading file: embeddings_000132.pkl.gz
08:25:56 | INFO | Reading file: embeddings_000133.pkl.gz
08:25:57 | INFO | Reading file: embeddings_000134.pkl.gz
08:25:57 | INFO | Reading file: embeddings_000135.pkl.gz
08:25:57 | INFO | Reading file: embeddings_000136.pkl.gz
08:25:57 | INFO | Reading file: embeddings_000137.pkl.gz
08:25:57 | INFO | Reading file: embeddings_000138.pkl.gz
08:25:57 | INFO | Reading file: embeddings_000139.pkl.gz
08:25:57 | INFO | Reading file: embeddings_000140.pkl.gz
08:25:57 | INFO | Reading file: embeddings_000141.pkl.gz
08:25:58 | INFO | Reading file: embeddings_000142.pkl.gz
08:25:58 | INFO | Reading file: embeddings_000143.pkl.gz
08:25:58 | INFO | Reading file: embeddings_000144.pkl.gz
08:25:58 | INFO | Reading file: embeddings_000145.pkl.gz
08:25:58 | INFO | Reading file: embeddings_000146.pkl.gz
08:25:58 | INFO | Reading file: embeddings_000147.pkl.gz
08:25:58 | INFO | Reading file: embeddings_000148.pkl.gz
08:25:58 | INFO | Reading file: embeddings_000149.pkl.gz
08:25:58 | INFO | Reading file: embeddings_000095.pkl.gz
08:25:58 | INFO | Reading file: embeddings_000150.pkl.gz
08:25:59 | INFO | Reading file: embeddings_000151.pkl.gz
08:25:59 | INFO | Reading file: embeddings_000152.pkl.gz
08:25:59 | INFO | Reading file: embeddings_000153.pkl.gz
08:25:59 | INFO | Reading file: embeddings_000154.pkl.gz
08:25:59 | INFO | Reading file: embeddings_000155.pkl.gz
08:25:59 | INFO | Reading file: embeddings_000156.pkl.gz
08:25:59 | INFO | Reading file: embeddings_000157.pkl.gz
08:25:59 | INFO | Reading file: embeddings_000158.pkl.gz
08:26:00 | INFO | Reading file: embeddings_000159.pkl.gz
08:26:00 | INFO | Reading file: embeddings_000160.pkl.gz
08:26:00 | INFO | Reading file: embeddings_000161.pkl.gz
08:26:00 | INFO | Reading file: embeddings_000162.pkl.gz
08:26:00 | INFO | Reading file: embeddings_000163.pkl.gz
08:26:00 | INFO | Reading file: embeddings_000164.pkl.gz
08:26:00 | INFO | Reading file: embeddings_000165.pkl.gz
08:26:00 | INFO | Reading file: embeddings_000166.pkl.gz
08:26:00 | INFO | Reading file: embeddings_000167.pkl.gz
08:26:01 | INFO | Reading file: embeddings_000168.pkl.gz
08:26:01 | INFO | Reading file: embeddings_000169.pkl.gz
08:26:01 | INFO | Reading file: embeddings_000170.pkl.gz
08:26:01 | INFO | Reading file: embeddings_000171.pkl.gz
08:26:01 | INFO | Reading file: embeddings_000172.pkl.gz
08:26:01 | INFO | Reading file: embeddings_000173.pkl.gz
08:26:01 | INFO | Reading file: embeddings_000174.pkl.gz
08:26:01 | INFO | Reading file: embeddings_000089.pkl.gz
08:26:02 | INFO | Reading file: embeddings_000175.pkl.gz
08:26:02 | INFO | Reading file: embeddings_000176.pkl.gz
08:26:02 | INFO | Reading file: embeddings_000177.pkl.gz
08:26:02 | INFO | Reading file: embeddings_000178.pkl.gz
08:26:02 | INFO | Reading file: embeddings_000179.pkl.gz
08:26:02 | INFO | Reading file: embeddings_000180.pkl.gz
08:26:02 | INFO | Reading file: embeddings_000181.pkl.gz
08:26:02 | INFO | Reading file: embeddings_000182.pkl.gz
08:26:03 | INFO | Reading file: embeddings_000183.pkl.gz
08:26:03 | INFO | Reading file: embeddings_000184.pkl.gz
08:26:03 | INFO | Reading file: embeddings_000185.pkl.gz
08:26:03 | INFO | Reading file: embeddings_000186.pkl.gz
08:26:03 | INFO | Reading file: embeddings_000187.pkl.gz
08:26:03 | INFO | Reading file: embeddings_000188.pkl.gz
08:26:03 | INFO | Reading file: embeddings_000189.pkl.gz
08:26:04 | INFO | Reading file: embeddings_000190.pkl.gz
08:26:04 | INFO | Reading file: embeddings_000191.pkl.gz
08:26:04 | INFO | Reading file: embeddings_000192.pkl.gz
08:26:04 | INFO | Reading file: embeddings_000193.pkl.gz
08:26:04 | INFO | Reading file: embeddings_000194.pkl.gz
08:26:04 | INFO | Reading file: embeddings_000195.pkl.gz
08:26:04 | INFO | Reading file: embeddings_000196.pkl.gz
08:26:05 | INFO | Reading file: embeddings_000197.pkl.gz
08:26:05 | INFO | Reading file: embeddings_000198.pkl.gz
08:26:05 | INFO | Reading file: embeddings_000199.pkl.gz
08:26:05 | INFO | Reading file: embeddings_000200.pkl.gz
08:26:05 | INFO | Reading file: embeddings_000096.pkl.gz
08:26:05 | INFO | Reading file: embeddings_000201.pkl.gz
08:26:05 | INFO | Reading file: embeddings_000202.pkl.gz
08:26:05 | INFO | Reading file: embeddings_000203.pkl.gz
08:26:06 | INFO | Reading file: embeddings_000204.pkl.gz
08:26:06 | INFO | Reading file: embeddings_000205.pkl.gz
08:26:06 | INFO | Reading file: embeddings_000206.pkl.gz
08:26:06 | INFO | Reading file: embeddings_000207.pkl.gz
08:26:06 | INFO | Reading file: embeddings_000208.pkl.gz
08:26:06 | INFO | Reading file: embeddings_000209.pkl.gz
08:26:06 | INFO | Reading file: embeddings_000210.pkl.gz
08:26:07 | INFO | Reading file: embeddings_000211.pkl.gz
08:26:07 | INFO | Reading file: embeddings_000212.pkl.gz
08:26:07 | INFO | Reading file: embeddings_000213.pkl.gz
08:26:07 | INFO | Reading file: embeddings_000214.pkl.gz
08:26:07 | INFO | Reading file: embeddings_000215.pkl.gz
08:26:07 | INFO | Reading file: embeddings_000216.pkl.gz
08:26:07 | INFO | Reading file: embeddings_000217.pkl.gz
08:26:08 | INFO | Reading file: embeddings_000218.pkl.gz
08:26:08 | INFO | Reading file: embeddings_000219.pkl.gz
08:26:08 | INFO | Reading file: embeddings_000220.pkl.gz
08:26:08 | INFO | Reading file: embeddings_000221.pkl.gz
08:26:08 | INFO | Reading file: embeddings_000222.pkl.gz
08:26:08 | INFO | Reading file: embeddings_000090.pkl.gz
08:26:08 | INFO | Reading file: embeddings_000223.pkl.gz
08:26:08 | INFO | Reading file: embeddings_000224.pkl.gz
08:26:09 | INFO | Reading file: embeddings_000225.pkl.gz
08:26:09 | INFO | Reading file: embeddings_000226.pkl.gz
08:26:09 | INFO | Reading file: embeddings_000227.pkl.gz
08:26:09 | INFO | Reading file: embeddings_000228.pkl.gz
08:26:09 | INFO | Reading file: embeddings_000229.pkl.gz
08:26:09 | INFO | Reading file: embeddings_000230.pkl.gz
08:26:09 | INFO | Reading file: embeddings_000231.pkl.gz
08:26:10 | INFO | Reading file: embeddings_000232.pkl.gz
08:26:10 | INFO | Reading file: embeddings_000233.pkl.gz
08:26:10 | INFO | Reading file: embeddings_000234.pkl.gz
08:26:10 | INFO | Reading file: embeddings_000235.pkl.gz
08:26:10 | INFO | Reading file: embeddings_000236.pkl.gz
08:26:10 | INFO | Reading file: embeddings_000237.pkl.gz
08:26:10 | INFO | Reading file: embeddings_000238.pkl.gz
08:26:11 | INFO | Reading file: embeddings_000239.pkl.gz
08:26:11 | INFO | Reading file: embeddings_000240.pkl.gz
08:26:11 | INFO | Reading file: embeddings_000241.pkl.gz
08:26:11 | INFO | Reading file: embeddings_000242.pkl.gz
08:26:11 | INFO | Reading file: embeddings_000243.pkl.gz
08:26:11 | INFO | Reading file: embeddings_000244.pkl.gz
08:26:11 | INFO | Reading file: embeddings_000245.pkl.gz
08:26:12 | INFO | Reading file: embeddings_000246.pkl.gz
08:26:12 | INFO | Reading file: embeddings_000247.pkl.gz
08:26:12 | INFO | Reading file: embeddings_000248.pkl.gz
08:26:12 | INFO | Reading file: embeddings_000249.pkl.gz
08:26:12 | INFO | Reading file: embeddings_000097.pkl.gz
08:26:12 | INFO | Reading file: embeddings_000250.pkl.gz
08:26:12 | INFO | Reading file: embeddings_000251.pkl.gz
08:26:12 | INFO | Reading file: embeddings_000252.pkl.gz
08:26:13 | INFO | Reading file: embeddings_000253.pkl.gz
08:26:13 | INFO | Reading file: embeddings_000254.pkl.gz
08:26:13 | INFO | Reading file: embeddings_000255.pkl.gz
08:26:13 | INFO | Reading file: embeddings_000256.pkl.gz
08:26:13 | INFO | Reading file: embeddings_000257.pkl.gz
08:26:13 | INFO | Reading file: embeddings_000258.pkl.gz
08:26:13 | INFO | Reading file: embeddings_000259.pkl.gz
08:26:13 | INFO | Reading file: embeddings_000260.pkl.gz
08:26:14 | INFO | Reading file: embeddings_000261.pkl.gz
08:26:14 | INFO | Reading file: embeddings_000262.pkl.gz
08:26:14 | INFO | Reading file: embeddings_000263.pkl.gz
08:26:14 | INFO | Reading file: embeddings_000264.pkl.gz
08:26:14 | INFO | Reading file: embeddings_000265.pkl.gz
08:26:14 | INFO | Reading file: embeddings_000266.pkl.gz
08:26:14 | INFO | Reading file: embeddings_000267.pkl.gz
08:26:15 | INFO | Reading file: embeddings_000268.pkl.gz
08:26:15 | INFO | Reading file: embeddings_000269.pkl.gz
08:26:15 | INFO | Reading file: embeddings_000091.pkl.gz
08:26:15 | INFO | Reading file: embeddings_000270.pkl.gz
08:26:15 | INFO | Reading file: embeddings_000271.pkl.gz
08:26:15 | INFO | Reading file: embeddings_000272.pkl.gz
08:26:15 | INFO | Reading file: embeddings_000273.pkl.gz
08:26:15 | INFO | Reading file: embeddings_000274.pkl.gz
08:26:15 | INFO | Reading file: embeddings_000275.pkl.gz
08:26:16 | INFO | Reading file: embeddings_000276.pkl.gz
08:26:16 | INFO | Reading file: embeddings_000277.pkl.gz
08:26:16 | INFO | Reading file: embeddings_000278.pkl.gz
08:26:16 | INFO | Reading file: embeddings_000279.pkl.gz
08:26:16 | INFO | Reading file: embeddings_000280.pkl.gz
08:26:16 | INFO | Reading file: embeddings_000281.pkl.gz
08:26:17 | INFO | Reading file: embeddings_000282.pkl.gz
08:26:17 | INFO | Reading file: embeddings_000283.pkl.gz
08:26:17 | INFO | Reading file: embeddings_000284.pkl.gz
08:26:17 | INFO | Reading file: embeddings_000285.pkl.gz
08:26:17 | INFO | Reading file: embeddings_000286.pkl.gz
08:26:17 | INFO | Reading file: embeddings_000287.pkl.gz
08:26:17 | INFO | Reading file: embeddings_000288.pkl.gz
08:26:17 | INFO | Reading file: embeddings_000289.pkl.gz
08:26:18 | INFO | Reading file: embeddings_000290.pkl.gz
08:26:18 | INFO | Reading file: embeddings_000291.pkl.gz
08:26:18 | INFO | Reading file: embeddings_000292.pkl.gz
08:26:18 | INFO | Reading file: embeddings_000293.pkl.gz
08:26:18 | INFO | Reading file: embeddings_000294.pkl.gz
08:26:18 | INFO | Reading file: embeddings_000295.pkl.gz
08:26:18 | INFO | Reading file: embeddings_000296.pkl.gz
08:26:18 | INFO | Reading file: embeddings_000098.pkl.gz
08:26:19 | INFO | Reading file: embeddings_000297.pkl.gz
08:26:19 | INFO | Reading file: embeddings_000298.pkl.gz
08:26:19 | INFO | Reading file: embeddings_000299.pkl.gz
08:26:19 | INFO | Reading file: embeddings_000300.pkl.gz
08:26:19 | INFO | Reading file: embeddings_000301.pkl.gz
08:26:19 | INFO | Reading file: embeddings_000302.pkl.gz
08:26:19 | INFO | Reading file: embeddings_000303.pkl.gz
08:26:19 | INFO | Reading file: embeddings_000304.pkl.gz
08:26:20 | INFO | Reading file: embeddings_000305.pkl.gz
08:26:20 | INFO | Reading file: embeddings_000306.pkl.gz
08:26:20 | INFO | Reading file: embeddings_000307.pkl.gz
08:26:20 | INFO | Reading file: embeddings_000308.pkl.gz
08:26:20 | INFO | Reading file: embeddings_000309.pkl.gz
08:26:20 | INFO | Reading file: embeddings_000310.pkl.gz
08:26:20 | INFO | Reading file: embeddings_000311.pkl.gz
08:26:21 | INFO | Reading file: embeddings_000312.pkl.gz
08:26:21 | INFO | Reading file: embeddings_000313.pkl.gz
08:26:21 | INFO | Reading file: embeddings_000314.pkl.gz
08:26:21 | INFO | Reading file: embeddings_000315.pkl.gz
08:26:21 | INFO | Reading file: embeddings_000316.pkl.gz
08:26:21 | INFO | Reading file: embeddings_000317.pkl.gz
08:26:21 | INFO | Reading file: embeddings_000318.pkl.gz
08:26:21 | INFO | Reading file: embeddings_000092.pkl.gz
08:26:21 | INFO | Reading file: embeddings_000319.pkl.gz
08:26:22 | INFO | Reading file: embeddings_000320.pkl.gz
08:26:22 | INFO | Reading file: embeddings_000321.pkl.gz
08:26:22 | INFO | Reading file: embeddings_000322.pkl.gz
08:26:22 | INFO | Reading file: embeddings_000323.pkl.gz
08:26:22 | INFO | Reading file: embeddings_000324.pkl.gz
08:26:22 | INFO | Reading file: embeddings_000325.pkl.gz
08:26:23 | INFO | Reading file: embeddings_000326.pkl.gz
08:26:23 | INFO | Reading file: embeddings_000327.pkl.gz
08:26:23 | INFO | Reading file: embeddings_000328.pkl.gz
08:26:23 | INFO | Reading file: embeddings_000329.pkl.gz
08:26:23 | INFO | Reading file: embeddings_000330.pkl.gz
08:26:23 | INFO | Reading file: embeddings_000331.pkl.gz
08:26:23 | INFO | Reading file: embeddings_000332.pkl.gz
08:26:23 | INFO | Reading file: embeddings_000333.pkl.gz
08:26:24 | INFO | Reading file: embeddings_000334.pkl.gz
08:26:24 | INFO | Reading file: embeddings_000335.pkl.gz
08:26:24 | INFO | Reading file: embeddings_000336.pkl.gz
08:26:24 | INFO | Reading file: embeddings_000337.pkl.gz
08:26:24 | INFO | Reading file: embeddings_000338.pkl.gz
08:26:25 | INFO | Reading file: embeddings_000099.pkl.gz
08:26:28 | INFO | Reading file: embeddings_000093.pkl.gz
08:26:32 | INFO | Reading file: embeddings_000100.pkl.gz
08:26:34 | INFO | Reading file: embeddings_000094.pkl.gz
08:26:38 | INFO | Reading file: embeddings_000101.pkl.gz
08:26:40 | INFO | Reading file: embeddings_000095.pkl.gz
08:26:44 | INFO | Reading file: embeddings_000102.pkl.gz
08:26:46 | INFO | Reading file: embeddings_000096.pkl.gz
08:26:50 | INFO | Reading file: embeddings_000103.pkl.gz
08:26:52 | INFO | Reading file: embeddings_000097.pkl.gz
08:26:56 | INFO | Reading file: embeddings_000104.pkl.gz
08:26:58 | INFO | Reading file: embeddings_000098.pkl.gz
08:27:02 | INFO | Reading file: embeddings_000105.pkl.gz
08:27:04 | INFO | Reading file: embeddings_000099.pkl.gz
08:27:08 | INFO | Reading file: embeddings_000106.pkl.gz
08:27:11 | INFO | Reading file: embeddings_000100.pkl.gz
08:27:14 | INFO | Reading file: embeddings_000107.pkl.gz
08:27:17 | INFO | Reading file: embeddings_000101.pkl.gz
08:27:20 | INFO | Reading file: embeddings_000108.pkl.gz
08:27:23 | INFO | Reading file: embeddings_000102.pkl.gz
08:27:26 | INFO | Reading file: embeddings_000109.pkl.gz
08:27:29 | INFO | Reading file: embeddings_000103.pkl.gz
08:27:32 | INFO | Reading file: embeddings_000110.pkl.gz
08:27:35 | INFO | Reading file: embeddings_000104.pkl.gz
08:27:38 | INFO | Reading file: embeddings_000111.pkl.gz
08:27:41 | INFO | Reading file: embeddings_000105.pkl.gz
08:27:44 | INFO | Reading file: embeddings_000112.pkl.gz
08:27:47 | INFO | Reading file: embeddings_000106.pkl.gz
08:27:51 | INFO | Reading file: embeddings_000113.pkl.gz
08:27:53 | INFO | Reading file: embeddings_000107.pkl.gz
08:27:57 | INFO | Reading file: embeddings_000114.pkl.gz
08:27:59 | INFO | Reading file: embeddings_000108.pkl.gz
08:28:03 | INFO | Reading file: embeddings_000115.pkl.gz
08:28:05 | INFO | Reading file: embeddings_000109.pkl.gz
08:28:09 | INFO | Reading file: embeddings_000116.pkl.gz
08:28:11 | INFO | Reading file: embeddings_000110.pkl.gz
08:28:15 | INFO | Reading file: embeddings_000117.pkl.gz
08:28:17 | INFO | Reading file: embeddings_000111.pkl.gz
08:28:21 | INFO | Reading file: embeddings_000118.pkl.gz
08:28:23 | INFO | Reading file: embeddings_000112.pkl.gz
08:28:27 | INFO | Reading file: embeddings_000119.pkl.gz
08:28:30 | INFO | Reading file: embeddings_000113.pkl.gz
08:28:33 | INFO | Reading file: embeddings_000120.pkl.gz
08:28:36 | INFO | Reading file: embeddings_000114.pkl.gz
08:28:40 | INFO | Reading file: embeddings_000121.pkl.gz
08:28:42 | INFO | Reading file: embeddings_000115.pkl.gz
08:28:46 | INFO | Reading file: embeddings_000122.pkl.gz
08:28:48 | INFO | Reading file: embeddings_000116.pkl.gz
08:28:52 | INFO | Reading file: embeddings_000123.pkl.gz
08:28:54 | INFO | Reading file: embeddings_000117.pkl.gz
08:28:58 | INFO | Reading file: embeddings_000124.pkl.gz
08:29:00 | INFO | Reading file: embeddings_000118.pkl.gz
08:29:04 | INFO | Reading file: embeddings_000125.pkl.gz
08:29:06 | INFO | Reading file: embeddings_000119.pkl.gz
08:29:10 | INFO | Reading file: embeddings_000126.pkl.gz
08:29:12 | INFO | Reading file: embeddings_000120.pkl.gz
08:29:16 | INFO | Reading file: embeddings_000127.pkl.gz
08:29:18 | INFO | Reading file: embeddings_000121.pkl.gz
08:29:22 | INFO | Reading file: embeddings_000128.pkl.gz
08:29:24 | INFO | Reading file: embeddings_000122.pkl.gz
08:29:28 | INFO | Reading file: embeddings_000129.pkl.gz
08:29:31 | INFO | Reading file: embeddings_000123.pkl.gz
08:29:34 | INFO | Reading file: embeddings_000130.pkl.gz
08:29:37 | INFO | Reading file: embeddings_000124.pkl.gz
08:29:40 | INFO | Reading file: embeddings_000131.pkl.gz
08:29:43 | INFO | Reading file: embeddings_000125.pkl.gz
08:29:47 | INFO | Reading file: embeddings_000132.pkl.gz
08:29:49 | INFO | Reading file: embeddings_000126.pkl.gz
08:29:53 | INFO | Reading file: embeddings_000133.pkl.gz
08:29:55 | INFO | Reading file: embeddings_000127.pkl.gz
08:29:59 | INFO | Reading file: embeddings_000134.pkl.gz
08:30:01 | INFO | Reading file: embeddings_000128.pkl.gz
08:30:05 | INFO | Reading file: embeddings_000135.pkl.gz
08:30:07 | INFO | Reading file: embeddings_000129.pkl.gz
08:30:11 | INFO | Reading file: embeddings_000136.pkl.gz
08:30:14 | INFO | Reading file: embeddings_000130.pkl.gz
08:30:17 | INFO | Reading file: embeddings_000137.pkl.gz
08:30:20 | INFO | Reading file: embeddings_000131.pkl.gz
08:30:24 | INFO | Reading file: embeddings_000138.pkl.gz
08:30:26 | INFO | Reading file: embeddings_000132.pkl.gz
08:30:30 | INFO | Reading file: embeddings_000139.pkl.gz
08:30:32 | INFO | Reading file: embeddings_000133.pkl.gz
08:30:36 | INFO | Reading file: embeddings_000140.pkl.gz
08:30:38 | INFO | Reading file: embeddings_000134.pkl.gz
08:30:42 | INFO | Reading file: embeddings_000141.pkl.gz
08:30:44 | INFO | Reading file: embeddings_000135.pkl.gz
08:30:48 | INFO | Reading file: embeddings_000142.pkl.gz
08:30:50 | INFO | Reading file: embeddings_000136.pkl.gz
08:30:54 | INFO | Reading file: embeddings_000143.pkl.gz
08:30:57 | INFO | Reading file: embeddings_000137.pkl.gz
08:31:00 | INFO | Reading file: embeddings_000144.pkl.gz
08:31:03 | INFO | Reading file: embeddings_000138.pkl.gz
08:31:07 | INFO | Reading file: embeddings_000145.pkl.gz
08:31:09 | INFO | Reading file: embeddings_000139.pkl.gz
08:31:13 | INFO | Reading file: embeddings_000146.pkl.gz
08:31:15 | INFO | Reading file: embeddings_000140.pkl.gz
08:31:19 | INFO | Reading file: embeddings_000147.pkl.gz
08:31:21 | INFO | Reading file: embeddings_000141.pkl.gz
08:31:25 | INFO | Reading file: embeddings_000148.pkl.gz
08:31:27 | INFO | Reading file: embeddings_000142.pkl.gz
08:31:31 | INFO | Reading file: embeddings_000149.pkl.gz
08:31:33 | INFO | Reading file: embeddings_000143.pkl.gz
08:31:37 | INFO | Reading file: embeddings_000150.pkl.gz
08:31:39 | INFO | Reading file: embeddings_000144.pkl.gz
08:31:43 | INFO | Reading file: embeddings_000151.pkl.gz
08:31:45 | INFO | Reading file: embeddings_000145.pkl.gz
08:31:49 | INFO | Reading file: embeddings_000152.pkl.gz
08:31:51 | INFO | Reading file: embeddings_000146.pkl.gz
08:31:55 | INFO | Reading file: embeddings_000153.pkl.gz
08:31:58 | INFO | Reading file: embeddings_000147.pkl.gz
08:32:02 | INFO | Reading file: embeddings_000154.pkl.gz
08:32:04 | INFO | Reading file: embeddings_000148.pkl.gz
08:32:08 | INFO | Reading file: embeddings_000155.pkl.gz
08:32:10 | INFO | Reading file: embeddings_000149.pkl.gz
08:32:14 | INFO | Reading file: embeddings_000156.pkl.gz
08:32:16 | INFO | Reading file: embeddings_000150.pkl.gz
08:32:20 | INFO | Reading file: embeddings_000157.pkl.gz
08:32:22 | INFO | Reading file: embeddings_000151.pkl.gz
08:32:26 | INFO | Reading file: embeddings_000158.pkl.gz
08:32:28 | INFO | Reading file: embeddings_000152.pkl.gz
08:32:32 | INFO | Reading file: embeddings_000159.pkl.gz
08:32:34 | INFO | Reading file: embeddings_000153.pkl.gz
08:32:38 | INFO | Reading file: embeddings_000160.pkl.gz
08:32:40 | INFO | Reading file: embeddings_000154.pkl.gz
08:32:44 | INFO | Reading file: embeddings_000161.pkl.gz
08:32:46 | INFO | Reading file: embeddings_000155.pkl.gz
08:32:50 | INFO | Reading file: embeddings_000162.pkl.gz
08:32:52 | INFO | Reading file: embeddings_000156.pkl.gz
08:32:56 | INFO | Reading file: embeddings_000163.pkl.gz
08:32:58 | INFO | Reading file: embeddings_000157.pkl.gz
08:33:02 | INFO | Reading file: embeddings_000164.pkl.gz
08:33:04 | INFO | Reading file: embeddings_000158.pkl.gz
08:33:09 | INFO | Reading file: embeddings_000165.pkl.gz
08:33:11 | INFO | Reading file: embeddings_000159.pkl.gz
08:33:15 | INFO | Reading file: embeddings_000166.pkl.gz
08:33:17 | INFO | Reading file: embeddings_000160.pkl.gz
08:33:21 | INFO | Reading file: embeddings_000167.pkl.gz
08:33:23 | INFO | Reading file: embeddings_000161.pkl.gz
08:33:27 | INFO | Reading file: embeddings_000168.pkl.gz
08:33:29 | INFO | Reading file: embeddings_000162.pkl.gz
08:33:33 | INFO | Reading file: embeddings_000169.pkl.gz
08:33:35 | INFO | Reading file: embeddings_000163.pkl.gz
08:33:39 | INFO | Reading file: embeddings_000170.pkl.gz
08:33:42 | INFO | Reading file: embeddings_000164.pkl.gz
08:33:45 | INFO | Reading file: embeddings_000171.pkl.gz
08:33:48 | INFO | Reading file: embeddings_000165.pkl.gz
08:33:52 | INFO | Reading file: embeddings_000172.pkl.gz
08:33:54 | INFO | Reading file: embeddings_000166.pkl.gz
08:33:58 | INFO | Reading file: embeddings_000173.pkl.gz
08:34:00 | INFO | Reading file: embeddings_000167.pkl.gz
08:34:04 | INFO | Reading file: embeddings_000174.pkl.gz
08:34:06 | INFO | Reading file: embeddings_000168.pkl.gz
08:34:10 | INFO | Reading file: embeddings_000175.pkl.gz
08:34:12 | INFO | Reading file: embeddings_000169.pkl.gz
08:34:16 | INFO | Reading file: embeddings_000176.pkl.gz
08:34:18 | INFO | Reading file: embeddings_000170.pkl.gz
08:34:22 | INFO | Reading file: embeddings_000177.pkl.gz
08:34:24 | INFO | Reading file: embeddings_000171.pkl.gz
08:34:29 | INFO | Reading file: embeddings_000178.pkl.gz
08:34:30 | INFO | Reading file: embeddings_000172.pkl.gz
08:34:35 | INFO | Reading file: embeddings_000179.pkl.gz
08:34:37 | INFO | Reading file: embeddings_000173.pkl.gz
08:34:41 | INFO | Reading file: embeddings_000180.pkl.gz
08:34:43 | INFO | Reading file: embeddings_000174.pkl.gz
08:34:47 | INFO | Reading file: embeddings_000181.pkl.gz
08:34:49 | INFO | Reading file: embeddings_000175.pkl.gz
08:34:53 | INFO | Reading file: embeddings_000182.pkl.gz
08:34:55 | INFO | Reading file: embeddings_000176.pkl.gz
08:34:59 | INFO | Reading file: embeddings_000183.pkl.gz
08:35:01 | INFO | Reading file: embeddings_000177.pkl.gz
08:35:06 | INFO | Reading file: embeddings_000184.pkl.gz
08:35:08 | INFO | Reading file: embeddings_000178.pkl.gz
08:35:12 | INFO | Reading file: embeddings_000185.pkl.gz
08:35:14 | INFO | Reading file: embeddings_000179.pkl.gz
08:35:18 | INFO | Reading file: embeddings_000186.pkl.gz
08:35:20 | INFO | Reading file: embeddings_000180.pkl.gz
08:35:24 | INFO | Reading file: embeddings_000187.pkl.gz
08:35:26 | INFO | Reading file: embeddings_000181.pkl.gz
08:35:31 | INFO | Reading file: embeddings_000188.pkl.gz
08:35:32 | INFO | Reading file: embeddings_000182.pkl.gz
08:35:37 | INFO | Reading file: embeddings_000189.pkl.gz
08:35:38 | INFO | Reading file: embeddings_000183.pkl.gz
08:35:43 | INFO | Reading file: embeddings_000190.pkl.gz
08:35:44 | INFO | Reading file: embeddings_000184.pkl.gz
08:35:49 | INFO | Reading file: embeddings_000191.pkl.gz
08:35:51 | INFO | Reading file: embeddings_000185.pkl.gz
08:35:55 | INFO | Reading file: embeddings_000192.pkl.gz
08:35:57 | INFO | Reading file: embeddings_000186.pkl.gz
08:36:01 | INFO | Reading file: embeddings_000193.pkl.gz
08:36:03 | INFO | Reading file: embeddings_000187.pkl.gz
08:36:07 | INFO | Reading file: embeddings_000194.pkl.gz
08:36:09 | INFO | Reading file: embeddings_000188.pkl.gz
08:36:13 | INFO | Reading file: embeddings_000195.pkl.gz
08:36:15 | INFO | Reading file: embeddings_000189.pkl.gz
08:36:20 | INFO | Reading file: embeddings_000196.pkl.gz
08:36:21 | INFO | Reading file: embeddings_000190.pkl.gz
08:36:26 | INFO | Reading file: embeddings_000197.pkl.gz
08:36:27 | INFO | Reading file: embeddings_000191.pkl.gz
08:36:32 | INFO | Reading file: embeddings_000198.pkl.gz
08:36:33 | INFO | Reading file: embeddings_000192.pkl.gz
08:36:38 | INFO | Reading file: embeddings_000199.pkl.gz
08:36:40 | INFO | Reading file: embeddings_000193.pkl.gz
08:36:44 | INFO | Reading file: embeddings_000200.pkl.gz
08:36:46 | INFO | Reading file: embeddings_000194.pkl.gz
08:36:50 | INFO | Reading file: embeddings_000201.pkl.gz
08:36:52 | INFO | Reading file: embeddings_000195.pkl.gz
08:36:56 | INFO | Reading file: embeddings_000202.pkl.gz
08:36:58 | INFO | Reading file: embeddings_000196.pkl.gz
08:37:03 | INFO | Reading file: embeddings_000203.pkl.gz
08:37:04 | INFO | Reading file: embeddings_000197.pkl.gz
08:37:09 | INFO | Reading file: embeddings_000204.pkl.gz
08:37:10 | INFO | Reading file: embeddings_000198.pkl.gz
08:37:15 | INFO | Reading file: embeddings_000205.pkl.gz
08:37:16 | INFO | Reading file: embeddings_000199.pkl.gz
08:37:21 | INFO | Reading file: embeddings_000206.pkl.gz
08:37:23 | INFO | Reading file: embeddings_000200.pkl.gz
08:37:27 | INFO | Reading file: embeddings_000207.pkl.gz
08:37:29 | INFO | Reading file: embeddings_000201.pkl.gz
08:37:33 | INFO | Reading file: embeddings_000208.pkl.gz
08:37:35 | INFO | Reading file: embeddings_000202.pkl.gz
08:37:39 | INFO | Reading file: embeddings_000209.pkl.gz
08:37:41 | INFO | Reading file: embeddings_000203.pkl.gz
08:37:46 | INFO | Reading file: embeddings_000210.pkl.gz
08:37:47 | INFO | Reading file: embeddings_000204.pkl.gz
08:37:52 | INFO | Reading file: embeddings_000211.pkl.gz
08:37:54 | INFO | Reading file: embeddings_000205.pkl.gz
08:37:58 | INFO | Reading file: embeddings_000212.pkl.gz
08:38:00 | INFO | Reading file: embeddings_000206.pkl.gz
08:38:04 | INFO | Reading file: embeddings_000213.pkl.gz
08:38:06 | INFO | Reading file: embeddings_000207.pkl.gz
08:38:10 | INFO | Reading file: embeddings_000214.pkl.gz
08:38:12 | INFO | Reading file: embeddings_000208.pkl.gz
08:38:16 | INFO | Reading file: embeddings_000215.pkl.gz
08:38:18 | INFO | Reading file: embeddings_000209.pkl.gz
08:38:22 | INFO | Reading file: embeddings_000216.pkl.gz
08:38:24 | INFO | Reading file: embeddings_000210.pkl.gz
08:38:28 | INFO | Reading file: embeddings_000217.pkl.gz
08:38:30 | INFO | Reading file: embeddings_000211.pkl.gz
08:38:35 | INFO | Reading file: embeddings_000218.pkl.gz
08:38:36 | INFO | Reading file: embeddings_000212.pkl.gz
08:38:41 | INFO | Reading file: embeddings_000219.pkl.gz
08:38:42 | INFO | Reading file: embeddings_000213.pkl.gz
08:38:47 | INFO | Reading file: embeddings_000220.pkl.gz
08:38:49 | INFO | Reading file: embeddings_000214.pkl.gz
08:38:53 | INFO | Reading file: embeddings_000221.pkl.gz
08:38:55 | INFO | Reading file: embeddings_000215.pkl.gz
08:39:00 | INFO | Reading file: embeddings_000222.pkl.gz
08:39:01 | INFO | Reading file: embeddings_000216.pkl.gz
08:39:04 | INFO | Reading file: embeddings_000223.pkl.gz
08:39:04 | INFO | Reading file: embeddings_000224.pkl.gz
08:39:05 | INFO | Reading file: embeddings_000225.pkl.gz
08:39:05 | INFO | Reading file: embeddings_000226.pkl.gz
08:39:05 | INFO | Reading file: embeddings_000227.pkl.gz
08:39:05 | INFO | Reading file: embeddings_000228.pkl.gz
08:39:05 | INFO | Reading file: embeddings_000229.pkl.gz
08:39:05 | INFO | Reading file: embeddings_000230.pkl.gz
08:39:05 | INFO | Reading file: embeddings_000231.pkl.gz
08:39:05 | INFO | Reading file: embeddings_000232.pkl.gz
08:39:05 | INFO | Reading file: embeddings_000233.pkl.gz
08:39:06 | INFO | Reading file: embeddings_000234.pkl.gz
08:39:06 | INFO | Reading file: embeddings_000235.pkl.gz
08:39:06 | INFO | Reading file: embeddings_000236.pkl.gz
08:39:06 | INFO | Reading file: embeddings_000237.pkl.gz
08:39:06 | INFO | Reading file: embeddings_000238.pkl.gz
08:39:06 | INFO | Reading file: embeddings_000239.pkl.gz
08:39:06 | INFO | Reading file: embeddings_000240.pkl.gz
08:39:06 | INFO | Reading file: embeddings_000241.pkl.gz
08:39:07 | INFO | Reading file: embeddings_000242.pkl.gz
08:39:07 | INFO | Reading file: embeddings_000243.pkl.gz
08:39:07 | INFO | Reading file: embeddings_000244.pkl.gz
08:39:07 | INFO | Reading file: embeddings_000245.pkl.gz
08:39:07 | INFO | Reading file: embeddings_000246.pkl.gz
08:39:07 | INFO | Reading file: embeddings_000217.pkl.gz
08:39:07 | INFO | Reading file: embeddings_000247.pkl.gz
08:39:07 | INFO | Reading file: embeddings_000248.pkl.gz
08:39:07 | INFO | Reading file: embeddings_000249.pkl.gz
08:39:08 | INFO | Reading file: embeddings_000250.pkl.gz
08:39:08 | INFO | Reading file: embeddings_000251.pkl.gz
08:39:08 | INFO | Reading file: embeddings_000252.pkl.gz
08:39:08 | INFO | Reading file: embeddings_000253.pkl.gz
08:39:08 | INFO | Reading file: embeddings_000254.pkl.gz
08:39:08 | INFO | Reading file: embeddings_000255.pkl.gz
08:39:08 | INFO | Reading file: embeddings_000256.pkl.gz
08:39:08 | INFO | Reading file: embeddings_000257.pkl.gz
08:39:08 | INFO | Reading file: embeddings_000258.pkl.gz
08:39:09 | INFO | Reading file: embeddings_000259.pkl.gz
08:39:09 | INFO | Reading file: embeddings_000260.pkl.gz
08:39:09 | INFO | Reading file: embeddings_000261.pkl.gz
08:39:09 | INFO | Reading file: embeddings_000262.pkl.gz
08:39:09 | INFO | Reading file: embeddings_000263.pkl.gz
08:39:09 | INFO | Reading file: embeddings_000264.pkl.gz
08:39:09 | INFO | Reading file: embeddings_000265.pkl.gz
08:39:10 | INFO | Reading file: embeddings_000266.pkl.gz
08:39:10 | INFO | Reading file: embeddings_000267.pkl.gz
08:39:10 | INFO | Reading file: embeddings_000268.pkl.gz
08:39:10 | INFO | Reading file: embeddings_000269.pkl.gz
08:39:10 | INFO | Reading file: embeddings_000270.pkl.gz
08:39:10 | INFO | Reading file: embeddings_000271.pkl.gz
08:39:10 | INFO | Reading file: embeddings_000272.pkl.gz
08:39:10 | INFO | Reading file: embeddings_000273.pkl.gz
08:39:10 | INFO | Reading file: embeddings_000274.pkl.gz
08:39:11 | INFO | Reading file: embeddings_000275.pkl.gz
08:39:11 | INFO | Reading file: embeddings_000276.pkl.gz
08:39:11 | INFO | Reading file: embeddings_000277.pkl.gz
08:39:11 | INFO | Reading file: embeddings_000278.pkl.gz
08:39:11 | INFO | Reading file: embeddings_000279.pkl.gz
08:39:11 | INFO | Reading file: embeddings_000280.pkl.gz
08:39:11 | INFO | Reading file: embeddings_000281.pkl.gz
08:39:11 | INFO | Reading file: embeddings_000282.pkl.gz
08:39:12 | INFO | Reading file: embeddings_000283.pkl.gz
08:39:12 | INFO | Reading file: embeddings_000284.pkl.gz
08:39:12 | INFO | Reading file: embeddings_000285.pkl.gz
08:39:12 | INFO | Reading file: embeddings_000286.pkl.gz
08:39:12 | INFO | Reading file: embeddings_000287.pkl.gz
08:39:12 | INFO | Reading file: embeddings_000288.pkl.gz
08:39:12 | INFO | Reading file: embeddings_000289.pkl.gz
08:39:12 | INFO | Reading file: embeddings_000290.pkl.gz
08:39:12 | INFO | Reading file: embeddings_000291.pkl.gz
08:39:13 | INFO | Reading file: embeddings_000292.pkl.gz
08:39:13 | INFO | Reading file: embeddings_000293.pkl.gz
08:39:13 | INFO | Reading file: embeddings_000294.pkl.gz
08:39:13 | INFO | Reading file: embeddings_000218.pkl.gz
08:39:13 | INFO | Reading file: embeddings_000295.pkl.gz
08:39:13 | INFO | Reading file: embeddings_000296.pkl.gz
08:39:13 | INFO | Reading file: embeddings_000297.pkl.gz
08:39:13 | INFO | Reading file: embeddings_000298.pkl.gz
08:39:13 | INFO | Reading file: embeddings_000299.pkl.gz
08:39:14 | INFO | Reading file: embeddings_000300.pkl.gz
08:39:14 | INFO | Reading file: embeddings_000301.pkl.gz
08:39:14 | INFO | Reading file: embeddings_000302.pkl.gz
08:39:14 | INFO | Reading file: embeddings_000303.pkl.gz
08:39:14 | INFO | Reading file: embeddings_000304.pkl.gz
08:39:14 | INFO | Reading file: embeddings_000305.pkl.gz
08:39:14 | INFO | Reading file: embeddings_000306.pkl.gz
08:39:14 | INFO | Reading file: embeddings_000307.pkl.gz
08:39:15 | INFO | Reading file: embeddings_000308.pkl.gz
08:39:15 | INFO | Reading file: embeddings_000309.pkl.gz
08:39:15 | INFO | Reading file: embeddings_000310.pkl.gz
08:39:15 | INFO | Reading file: embeddings_000311.pkl.gz
08:39:15 | INFO | Reading file: embeddings_000312.pkl.gz
08:39:15 | INFO | Reading file: embeddings_000313.pkl.gz
08:39:15 | INFO | Reading file: embeddings_000314.pkl.gz
08:39:15 | INFO | Reading file: embeddings_000315.pkl.gz
08:39:15 | INFO | Reading file: embeddings_000316.pkl.gz
08:39:16 | INFO | Reading file: embeddings_000317.pkl.gz
08:39:16 | INFO | Reading file: embeddings_000318.pkl.gz
08:39:16 | INFO | Reading file: embeddings_000319.pkl.gz
08:39:16 | INFO | Reading file: embeddings_000320.pkl.gz
08:39:16 | INFO | Reading file: embeddings_000321.pkl.gz
08:39:16 | INFO | Reading file: embeddings_000322.pkl.gz
08:39:16 | INFO | Reading file: embeddings_000323.pkl.gz
08:39:17 | INFO | Reading file: embeddings_000324.pkl.gz
08:39:17 | INFO | Reading file: embeddings_000325.pkl.gz
08:39:17 | INFO | Reading file: embeddings_000326.pkl.gz
08:39:17 | INFO | Reading file: embeddings_000327.pkl.gz
08:39:17 | INFO | Reading file: embeddings_000328.pkl.gz
08:39:17 | INFO | Reading file: embeddings_000329.pkl.gz
08:39:17 | INFO | Reading file: embeddings_000330.pkl.gz
08:39:17 | INFO | Reading file: embeddings_000331.pkl.gz
08:39:17 | INFO | Reading file: embeddings_000332.pkl.gz
08:39:18 | INFO | Reading file: embeddings_000333.pkl.gz
08:39:18 | INFO | Reading file: embeddings_000334.pkl.gz
08:39:18 | INFO | Reading file: embeddings_000335.pkl.gz
08:39:18 | INFO | Reading file: embeddings_000336.pkl.gz
08:39:18 | INFO | Reading file: embeddings_000337.pkl.gz
08:39:18 | INFO | Reading file: embeddings_000338.pkl.gz
08:39:19 | INFO | Reading file: embeddings_000219.pkl.gz
08:39:25 | INFO | Reading file: embeddings_000220.pkl.gz
08:39:31 | INFO | Reading file: embeddings_000221.pkl.gz
08:39:36 | INFO | Reading file: embeddings_000222.pkl.gz
08:39:42 | INFO | Reading file: embeddings_000223.pkl.gz
08:39:47 | INFO | Reading file: embeddings_000224.pkl.gz
08:39:53 | INFO | Reading file: embeddings_000225.pkl.gz
08:39:59 | INFO | Reading file: embeddings_000226.pkl.gz
08:40:04 | INFO | Reading file: embeddings_000227.pkl.gz
08:40:10 | INFO | Reading file: embeddings_000228.pkl.gz
08:40:16 | INFO | Reading file: embeddings_000229.pkl.gz
08:40:21 | INFO | Reading file: embeddings_000230.pkl.gz
08:40:27 | INFO | Reading file: embeddings_000231.pkl.gz
08:40:33 | INFO | Reading file: embeddings_000232.pkl.gz
08:40:38 | INFO | Reading file: embeddings_000233.pkl.gz
08:40:44 | INFO | Reading file: embeddings_000234.pkl.gz
08:40:50 | INFO | Reading file: embeddings_000235.pkl.gz
08:40:55 | INFO | Reading file: embeddings_000236.pkl.gz
08:41:01 | INFO | Reading file: embeddings_000237.pkl.gz
08:41:07 | INFO | Reading file: embeddings_000238.pkl.gz
08:41:12 | INFO | Reading file: embeddings_000239.pkl.gz
08:41:18 | INFO | Reading file: embeddings_000240.pkl.gz
08:41:24 | INFO | Reading file: embeddings_000241.pkl.gz
08:41:30 | INFO | Reading file: embeddings_000242.pkl.gz
08:41:35 | INFO | Reading file: embeddings_000243.pkl.gz
08:41:41 | INFO | Reading file: embeddings_000244.pkl.gz
08:41:47 | INFO | Reading file: embeddings_000245.pkl.gz
08:41:52 | INFO | Reading file: embeddings_000246.pkl.gz
08:41:58 | INFO | Reading file: embeddings_000247.pkl.gz
08:42:04 | INFO | Reading file: embeddings_000248.pkl.gz
08:42:09 | INFO | Reading file: embeddings_000249.pkl.gz
08:42:15 | INFO | Reading file: embeddings_000250.pkl.gz
08:42:21 | INFO | Reading file: embeddings_000251.pkl.gz
08:42:26 | INFO | Reading file: embeddings_000252.pkl.gz
08:42:32 | INFO | Reading file: embeddings_000253.pkl.gz
08:42:38 | INFO | Reading file: embeddings_000254.pkl.gz
08:42:43 | INFO | Reading file: embeddings_000255.pkl.gz
08:42:49 | INFO | Reading file: embeddings_000256.pkl.gz
08:42:55 | INFO | Reading file: embeddings_000257.pkl.gz
08:43:01 | INFO | Reading file: embeddings_000258.pkl.gz
08:43:06 | INFO | Reading file: embeddings_000259.pkl.gz
08:43:12 | INFO | Reading file: embeddings_000260.pkl.gz
08:43:18 | INFO | Reading file: embeddings_000261.pkl.gz
08:43:23 | INFO | Reading file: embeddings_000262.pkl.gz
08:43:29 | INFO | Reading file: embeddings_000263.pkl.gz
08:43:35 | INFO | Reading file: embeddings_000264.pkl.gz
08:43:40 | INFO | Reading file: embeddings_000265.pkl.gz
08:43:46 | INFO | Reading file: embeddings_000266.pkl.gz
08:43:52 | INFO | Reading file: embeddings_000267.pkl.gz
08:43:58 | INFO | Reading file: embeddings_000268.pkl.gz
08:44:03 | INFO | Reading file: embeddings_000269.pkl.gz
08:44:09 | INFO | Reading file: embeddings_000270.pkl.gz
08:44:15 | INFO | Reading file: embeddings_000271.pkl.gz
08:44:20 | INFO | Reading file: embeddings_000272.pkl.gz
08:44:26 | INFO | Reading file: embeddings_000273.pkl.gz
08:44:32 | INFO | Reading file: embeddings_000274.pkl.gz
08:44:37 | INFO | Reading file: embeddings_000275.pkl.gz
08:44:43 | INFO | Reading file: embeddings_000276.pkl.gz
08:44:49 | INFO | Reading file: embeddings_000277.pkl.gz
08:44:54 | INFO | Reading file: embeddings_000278.pkl.gz
08:45:00 | INFO | Reading file: embeddings_000279.pkl.gz
08:45:06 | INFO | Reading file: embeddings_000280.pkl.gz
08:45:11 | INFO | Reading file: embeddings_000281.pkl.gz
08:45:17 | INFO | Reading file: embeddings_000282.pkl.gz
08:45:23 | INFO | Reading file: embeddings_000283.pkl.gz
08:45:29 | INFO | Reading file: embeddings_000284.pkl.gz
08:45:34 | INFO | Reading file: embeddings_000285.pkl.gz
08:45:40 | INFO | Reading file: embeddings_000286.pkl.gz
08:45:45 | INFO | Reading file: embeddings_000287.pkl.gz
08:45:51 | INFO | Reading file: embeddings_000288.pkl.gz
08:45:57 | INFO | Reading file: embeddings_000289.pkl.gz
08:46:03 | INFO | Reading file: embeddings_000290.pkl.gz
08:46:08 | INFO | Reading file: embeddings_000291.pkl.gz
08:46:14 | INFO | Reading file: embeddings_000292.pkl.gz
08:46:20 | INFO | Reading file: embeddings_000293.pkl.gz
08:46:25 | INFO | Reading file: embeddings_000294.pkl.gz
08:46:31 | INFO | Reading file: embeddings_000295.pkl.gz
08:46:37 | INFO | Reading file: embeddings_000296.pkl.gz
08:46:42 | INFO | Reading file: embeddings_000297.pkl.gz
08:46:48 | INFO | Reading file: embeddings_000298.pkl.gz
08:46:54 | INFO | Reading file: embeddings_000299.pkl.gz
08:47:00 | INFO | Reading file: embeddings_000300.pkl.gz
08:47:05 | INFO | Reading file: embeddings_000301.pkl.gz
08:47:11 | INFO | Reading file: embeddings_000302.pkl.gz
08:47:16 | INFO | Reading file: embeddings_000303.pkl.gz
08:47:22 | INFO | Reading file: embeddings_000304.pkl.gz
08:47:28 | INFO | Reading file: embeddings_000305.pkl.gz
08:47:34 | INFO | Reading file: embeddings_000306.pkl.gz
08:47:39 | INFO | Reading file: embeddings_000307.pkl.gz
08:47:45 | INFO | Reading file: embeddings_000308.pkl.gz
08:47:51 | INFO | Reading file: embeddings_000309.pkl.gz
08:47:56 | INFO | Reading file: embeddings_000310.pkl.gz
08:48:02 | INFO | Reading file: embeddings_000311.pkl.gz
08:48:08 | INFO | Reading file: embeddings_000312.pkl.gz
08:48:13 | INFO | Reading file: embeddings_000313.pkl.gz
08:48:19 | INFO | Reading file: embeddings_000314.pkl.gz
08:48:25 | INFO | Reading file: embeddings_000315.pkl.gz
08:48:30 | INFO | Reading file: embeddings_000316.pkl.gz
08:48:30 | INFO | Reading file: embeddings_000317.pkl.gz
08:48:30 | INFO | Reading file: embeddings_000318.pkl.gz
08:48:31 | INFO | Reading file: embeddings_000319.pkl.gz
08:48:31 | INFO | Reading file: embeddings_000320.pkl.gz
08:48:31 | INFO | Reading file: embeddings_000321.pkl.gz
08:48:31 | INFO | Reading file: embeddings_000322.pkl.gz
08:48:31 | INFO | Reading file: embeddings_000323.pkl.gz
08:48:31 | INFO | Reading file: embeddings_000324.pkl.gz
08:48:31 | INFO | Reading file: embeddings_000325.pkl.gz
08:48:31 | INFO | Reading file: embeddings_000326.pkl.gz
08:48:32 | INFO | Reading file: embeddings_000327.pkl.gz
08:48:32 | INFO | Reading file: embeddings_000328.pkl.gz
08:48:32 | INFO | Reading file: embeddings_000329.pkl.gz
08:48:32 | INFO | Reading file: embeddings_000330.pkl.gz
08:48:32 | INFO | Reading file: embeddings_000331.pkl.gz
08:48:32 | INFO | Reading file: embeddings_000332.pkl.gz
08:48:32 | INFO | Reading file: embeddings_000333.pkl.gz
08:48:32 | INFO | Reading file: embeddings_000334.pkl.gz
08:48:32 | INFO | Reading file: embeddings_000335.pkl.gz
08:48:33 | INFO | Reading file: embeddings_000336.pkl.gz
08:48:33 | INFO | Reading file: embeddings_000337.pkl.gz
08:48:33 | INFO | Reading file: embeddings_000338.pkl.gz
09:48:37 | INFO | Averaging concepts of: 159162 works (total: 306476)
09:48:37 | INFO | Reading file: embeddings_000000.pkl.gz
09:48:43 | INFO | Reading file: embeddings_000001.pkl.gz
09:49:00 | INFO | Averaging concepts of: 112388 works (total: 306476)
09:49:00 | INFO | Reading file: embeddings_000000.pkl.gz
09:49:06 | INFO | Reading file: embeddings_000001.pkl.gz
09:49:10 | INFO | Averaging concepts of: 159162 works (total: 306476)
09:49:10 | INFO | Reading file: embeddings_000000.pkl.gz
09:49:13 | INFO | Reading file: embeddings_000002.pkl.gz
09:49:18 | INFO | Reading file: embeddings_000001.pkl.gz
09:49:21 | INFO | Reading file: embeddings_000003.pkl.gz
09:49:26 | INFO | Reading file: embeddings_000002.pkl.gz
09:49:28 | INFO | Reading file: embeddings_000004.pkl.gz
09:49:32 | INFO | Reading file: embeddings_000003.pkl.gz
09:49:34 | INFO | Reading file: embeddings_000005.pkl.gz
09:49:39 | INFO | Reading file: embeddings_000004.pkl.gz
09:49:41 | INFO | Reading file: embeddings_000006.pkl.gz
09:49:46 | INFO | Reading file: embeddings_000005.pkl.gz
09:49:48 | INFO | Reading file: embeddings_000007.pkl.gz
09:49:52 | INFO | Reading file: embeddings_000006.pkl.gz
09:49:53 | INFO | Averaging concepts of: 48897 works (total: 306476)
09:49:53 | INFO | Reading file: embeddings_000000.pkl.gz
09:49:54 | INFO | Reading file: embeddings_000008.pkl.gz
09:49:59 | INFO | Reading file: embeddings_000007.pkl.gz
09:50:00 | INFO | Reading file: embeddings_000001.pkl.gz
09:50:01 | INFO | Reading file: embeddings_000009.pkl.gz
09:50:06 | INFO | Reading file: embeddings_000008.pkl.gz
09:50:07 | INFO | Reading file: embeddings_000002.pkl.gz
09:50:08 | INFO | Reading file: embeddings_000010.pkl.gz
09:50:13 | INFO | Reading file: embeddings_000009.pkl.gz
09:50:14 | INFO | Reading file: embeddings_000003.pkl.gz
09:50:15 | INFO | Reading file: embeddings_000011.pkl.gz
09:50:20 | INFO | Reading file: embeddings_000010.pkl.gz
09:50:20 | INFO | Reading file: embeddings_000004.pkl.gz
09:50:22 | INFO | Reading file: embeddings_000012.pkl.gz
09:50:28 | INFO | Reading file: embeddings_000011.pkl.gz
09:50:28 | INFO | Reading file: embeddings_000005.pkl.gz
09:50:30 | INFO | Reading file: embeddings_000013.pkl.gz
09:50:34 | INFO | Reading file: embeddings_000012.pkl.gz
09:50:36 | INFO | Reading file: embeddings_000006.pkl.gz
09:50:37 | INFO | Reading file: embeddings_000014.pkl.gz
09:50:42 | INFO | Reading file: embeddings_000013.pkl.gz
09:50:43 | INFO | Reading file: embeddings_000007.pkl.gz
09:50:44 | INFO | Reading file: embeddings_000015.pkl.gz
09:50:49 | INFO | Reading file: embeddings_000014.pkl.gz
09:50:50 | INFO | Reading file: embeddings_000008.pkl.gz
09:50:51 | INFO | Reading file: embeddings_000016.pkl.gz
09:50:57 | INFO | Reading file: embeddings_000015.pkl.gz
09:50:58 | INFO | Reading file: embeddings_000009.pkl.gz
09:51:00 | INFO | Reading file: embeddings_000017.pkl.gz
09:51:08 | INFO | Reading file: embeddings_000016.pkl.gz
09:51:09 | INFO | Reading file: embeddings_000010.pkl.gz
09:51:11 | INFO | Reading file: embeddings_000018.pkl.gz
09:51:21 | INFO | Reading file: embeddings_000017.pkl.gz
09:51:22 | INFO | Reading file: embeddings_000011.pkl.gz
09:51:24 | INFO | Reading file: embeddings_000019.pkl.gz
09:51:31 | INFO | Reading file: embeddings_000018.pkl.gz
09:51:32 | INFO | Reading file: embeddings_000012.pkl.gz
09:51:34 | INFO | Reading file: embeddings_000020.pkl.gz
09:51:42 | INFO | Reading file: embeddings_000019.pkl.gz
09:51:44 | INFO | Reading file: embeddings_000013.pkl.gz
09:51:45 | INFO | Reading file: embeddings_000021.pkl.gz
09:51:52 | INFO | Reading file: embeddings_000020.pkl.gz
09:51:53 | INFO | Reading file: embeddings_000014.pkl.gz
09:51:55 | INFO | Reading file: embeddings_000022.pkl.gz
09:52:02 | INFO | Reading file: embeddings_000021.pkl.gz
09:52:03 | INFO | Reading file: embeddings_000015.pkl.gz
09:52:05 | INFO | Reading file: embeddings_000023.pkl.gz
09:52:12 | INFO | Reading file: embeddings_000022.pkl.gz
09:52:13 | INFO | Reading file: embeddings_000016.pkl.gz
09:52:15 | INFO | Reading file: embeddings_000024.pkl.gz
09:52:22 | INFO | Reading file: embeddings_000023.pkl.gz
09:52:24 | INFO | Reading file: embeddings_000017.pkl.gz
09:52:25 | INFO | Reading file: embeddings_000025.pkl.gz
09:52:31 | INFO | Reading file: embeddings_000024.pkl.gz
09:52:32 | INFO | Reading file: embeddings_000018.pkl.gz
09:52:34 | INFO | Reading file: embeddings_000026.pkl.gz
09:52:40 | INFO | Reading file: embeddings_000025.pkl.gz
09:52:41 | INFO | Reading file: embeddings_000019.pkl.gz
09:52:43 | INFO | Reading file: embeddings_000027.pkl.gz
09:52:49 | INFO | Reading file: embeddings_000026.pkl.gz
09:52:51 | INFO | Reading file: embeddings_000020.pkl.gz
09:52:54 | INFO | Reading file: embeddings_000028.pkl.gz
09:53:00 | INFO | Reading file: embeddings_000027.pkl.gz
09:53:00 | INFO | Reading file: embeddings_000021.pkl.gz
09:53:03 | INFO | Reading file: embeddings_000029.pkl.gz
09:53:10 | INFO | Reading file: embeddings_000028.pkl.gz
09:53:10 | INFO | Reading file: embeddings_000022.pkl.gz
09:53:12 | INFO | Reading file: embeddings_000030.pkl.gz
09:53:17 | INFO | Reading file: embeddings_000029.pkl.gz
09:53:18 | INFO | Reading file: embeddings_000023.pkl.gz
09:53:19 | INFO | Reading file: embeddings_000031.pkl.gz
09:53:24 | INFO | Reading file: embeddings_000030.pkl.gz
09:53:25 | INFO | Reading file: embeddings_000024.pkl.gz
09:53:26 | INFO | Reading file: embeddings_000032.pkl.gz
09:53:31 | INFO | Reading file: embeddings_000031.pkl.gz
09:53:32 | INFO | Reading file: embeddings_000025.pkl.gz
09:53:33 | INFO | Reading file: embeddings_000033.pkl.gz
09:53:38 | INFO | Reading file: embeddings_000032.pkl.gz
09:53:39 | INFO | Reading file: embeddings_000026.pkl.gz
09:53:40 | INFO | Reading file: embeddings_000034.pkl.gz
09:53:45 | INFO | Reading file: embeddings_000033.pkl.gz
09:53:46 | INFO | Reading file: embeddings_000027.pkl.gz
09:53:48 | INFO | Reading file: embeddings_000035.pkl.gz
09:53:53 | INFO | Reading file: embeddings_000034.pkl.gz
09:53:54 | INFO | Reading file: embeddings_000028.pkl.gz
09:53:55 | INFO | Reading file: embeddings_000036.pkl.gz
09:54:00 | INFO | Reading file: embeddings_000035.pkl.gz
09:54:01 | INFO | Reading file: embeddings_000029.pkl.gz
09:54:02 | INFO | Reading file: embeddings_000037.pkl.gz
09:54:08 | INFO | Reading file: embeddings_000036.pkl.gz
09:54:09 | INFO | Reading file: embeddings_000030.pkl.gz
09:54:10 | INFO | Reading file: embeddings_000038.pkl.gz
09:54:17 | INFO | Reading file: embeddings_000037.pkl.gz
09:54:17 | INFO | Reading file: embeddings_000031.pkl.gz
09:54:19 | INFO | Reading file: embeddings_000039.pkl.gz
09:54:25 | INFO | Reading file: embeddings_000038.pkl.gz
09:54:26 | INFO | Reading file: embeddings_000032.pkl.gz
09:54:28 | INFO | Reading file: embeddings_000040.pkl.gz
09:54:33 | INFO | Reading file: embeddings_000039.pkl.gz
09:54:34 | INFO | Reading file: embeddings_000033.pkl.gz
09:54:36 | INFO | Reading file: embeddings_000041.pkl.gz
09:54:41 | INFO | Reading file: embeddings_000040.pkl.gz
09:54:42 | INFO | Reading file: embeddings_000034.pkl.gz
09:54:44 | INFO | Reading file: embeddings_000042.pkl.gz
09:54:49 | INFO | Reading file: embeddings_000041.pkl.gz
09:54:50 | INFO | Reading file: embeddings_000035.pkl.gz
09:54:52 | INFO | Reading file: embeddings_000043.pkl.gz
09:54:58 | INFO | Reading file: embeddings_000042.pkl.gz
09:54:59 | INFO | Reading file: embeddings_000036.pkl.gz
09:55:01 | INFO | Reading file: embeddings_000044.pkl.gz
09:55:07 | INFO | Reading file: embeddings_000043.pkl.gz
09:55:08 | INFO | Reading file: embeddings_000037.pkl.gz
09:55:09 | INFO | Reading file: embeddings_000045.pkl.gz
09:55:14 | INFO | Reading file: embeddings_000044.pkl.gz
09:55:16 | INFO | Reading file: embeddings_000038.pkl.gz
09:55:18 | INFO | Reading file: embeddings_000046.pkl.gz
09:55:24 | INFO | Reading file: embeddings_000045.pkl.gz
09:55:24 | INFO | Reading file: embeddings_000039.pkl.gz
09:55:27 | INFO | Reading file: embeddings_000047.pkl.gz
09:55:33 | INFO | Reading file: embeddings_000046.pkl.gz
09:55:34 | INFO | Reading file: embeddings_000040.pkl.gz
09:55:36 | INFO | Reading file: embeddings_000048.pkl.gz
09:55:41 | INFO | Reading file: embeddings_000047.pkl.gz
09:55:42 | INFO | Reading file: embeddings_000041.pkl.gz
09:55:43 | INFO | Reading file: embeddings_000049.pkl.gz
09:55:48 | INFO | Reading file: embeddings_000048.pkl.gz
09:55:49 | INFO | Reading file: embeddings_000042.pkl.gz
09:55:51 | INFO | Reading file: embeddings_000050.pkl.gz
09:55:56 | INFO | Reading file: embeddings_000049.pkl.gz
09:55:56 | INFO | Reading file: embeddings_000043.pkl.gz
09:55:58 | INFO | Reading file: embeddings_000051.pkl.gz
09:56:03 | INFO | Reading file: embeddings_000050.pkl.gz
09:56:03 | INFO | Reading file: embeddings_000044.pkl.gz
09:56:06 | INFO | Reading file: embeddings_000052.pkl.gz
09:56:11 | INFO | Reading file: embeddings_000051.pkl.gz
09:56:12 | INFO | Reading file: embeddings_000045.pkl.gz
09:56:14 | INFO | Reading file: embeddings_000053.pkl.gz
09:56:19 | INFO | Reading file: embeddings_000052.pkl.gz
09:56:20 | INFO | Reading file: embeddings_000046.pkl.gz
09:56:22 | INFO | Reading file: embeddings_000054.pkl.gz
09:56:28 | INFO | Reading file: embeddings_000053.pkl.gz
09:56:29 | INFO | Reading file: embeddings_000047.pkl.gz
09:56:32 | INFO | Reading file: embeddings_000055.pkl.gz
09:56:37 | INFO | Reading file: embeddings_000054.pkl.gz
09:56:39 | INFO | Reading file: embeddings_000048.pkl.gz
09:56:41 | INFO | Reading file: embeddings_000056.pkl.gz
09:56:47 | INFO | Reading file: embeddings_000055.pkl.gz
09:56:48 | INFO | Reading file: embeddings_000049.pkl.gz
09:56:51 | INFO | Reading file: embeddings_000057.pkl.gz
09:56:56 | INFO | Reading file: embeddings_000056.pkl.gz
09:56:57 | INFO | Reading file: embeddings_000050.pkl.gz
09:56:58 | INFO | Reading file: embeddings_000058.pkl.gz
09:57:04 | INFO | Reading file: embeddings_000057.pkl.gz
09:57:05 | INFO | Reading file: embeddings_000051.pkl.gz
09:57:07 | INFO | Reading file: embeddings_000059.pkl.gz
09:57:11 | INFO | Reading file: embeddings_000058.pkl.gz
09:57:12 | INFO | Reading file: embeddings_000052.pkl.gz
09:57:14 | INFO | Reading file: embeddings_000060.pkl.gz
09:57:18 | INFO | Reading file: embeddings_000059.pkl.gz
09:57:20 | INFO | Reading file: embeddings_000053.pkl.gz
09:57:21 | INFO | Reading file: embeddings_000061.pkl.gz
09:57:26 | INFO | Reading file: embeddings_000060.pkl.gz
09:57:27 | INFO | Reading file: embeddings_000054.pkl.gz
09:57:29 | INFO | Reading file: embeddings_000062.pkl.gz
09:57:34 | INFO | Reading file: embeddings_000061.pkl.gz
09:57:35 | INFO | Reading file: embeddings_000055.pkl.gz
09:57:37 | INFO | Reading file: embeddings_000063.pkl.gz
09:57:41 | INFO | Reading file: embeddings_000062.pkl.gz
09:57:42 | INFO | Reading file: embeddings_000056.pkl.gz
09:57:44 | INFO | Reading file: embeddings_000064.pkl.gz
09:57:48 | INFO | Reading file: embeddings_000063.pkl.gz
09:57:49 | INFO | Reading file: embeddings_000057.pkl.gz
09:57:51 | INFO | Reading file: embeddings_000065.pkl.gz
09:57:55 | INFO | Reading file: embeddings_000064.pkl.gz
09:57:56 | INFO | Reading file: embeddings_000058.pkl.gz
09:57:58 | INFO | Reading file: embeddings_000066.pkl.gz
09:58:02 | INFO | Reading file: embeddings_000065.pkl.gz
09:58:03 | INFO | Reading file: embeddings_000059.pkl.gz
09:58:05 | INFO | Reading file: embeddings_000067.pkl.gz
09:58:09 | INFO | Reading file: embeddings_000066.pkl.gz
09:58:10 | INFO | Reading file: embeddings_000060.pkl.gz
09:58:11 | INFO | Reading file: embeddings_000068.pkl.gz
09:58:16 | INFO | Reading file: embeddings_000067.pkl.gz
09:58:17 | INFO | Reading file: embeddings_000061.pkl.gz
09:58:19 | INFO | Reading file: embeddings_000069.pkl.gz
09:58:24 | INFO | Reading file: embeddings_000068.pkl.gz
09:58:26 | INFO | Reading file: embeddings_000062.pkl.gz
09:58:28 | INFO | Reading file: embeddings_000070.pkl.gz
09:58:32 | INFO | Reading file: embeddings_000069.pkl.gz
09:58:33 | INFO | Reading file: embeddings_000063.pkl.gz
09:58:34 | INFO | Reading file: embeddings_000071.pkl.gz
09:58:38 | INFO | Reading file: embeddings_000070.pkl.gz
09:58:40 | INFO | Reading file: embeddings_000064.pkl.gz
09:58:41 | INFO | Reading file: embeddings_000072.pkl.gz
09:58:45 | INFO | Reading file: embeddings_000071.pkl.gz
09:58:47 | INFO | Reading file: embeddings_000065.pkl.gz
09:58:48 | INFO | Reading file: embeddings_000073.pkl.gz
09:58:52 | INFO | Reading file: embeddings_000072.pkl.gz
09:58:53 | INFO | Reading file: embeddings_000066.pkl.gz
09:58:55 | INFO | Reading file: embeddings_000074.pkl.gz
09:58:59 | INFO | Reading file: embeddings_000073.pkl.gz
09:59:00 | INFO | Reading file: embeddings_000067.pkl.gz
09:59:02 | INFO | Reading file: embeddings_000075.pkl.gz
09:59:06 | INFO | Reading file: embeddings_000074.pkl.gz
09:59:07 | INFO | Reading file: embeddings_000068.pkl.gz
09:59:09 | INFO | Reading file: embeddings_000076.pkl.gz
09:59:14 | INFO | Reading file: embeddings_000075.pkl.gz
09:59:16 | INFO | Reading file: embeddings_000069.pkl.gz
09:59:18 | INFO | Reading file: embeddings_000077.pkl.gz
09:59:22 | INFO | Reading file: embeddings_000076.pkl.gz
09:59:23 | INFO | Reading file: embeddings_000070.pkl.gz
09:59:25 | INFO | Reading file: embeddings_000078.pkl.gz
09:59:29 | INFO | Reading file: embeddings_000077.pkl.gz
09:59:30 | INFO | Reading file: embeddings_000071.pkl.gz
09:59:32 | INFO | Reading file: embeddings_000079.pkl.gz
09:59:37 | INFO | Reading file: embeddings_000078.pkl.gz
09:59:38 | INFO | Reading file: embeddings_000072.pkl.gz
09:59:40 | INFO | Reading file: embeddings_000080.pkl.gz
09:59:45 | INFO | Reading file: embeddings_000079.pkl.gz
09:59:47 | INFO | Reading file: embeddings_000073.pkl.gz
09:59:49 | INFO | Reading file: embeddings_000081.pkl.gz
09:59:54 | INFO | Reading file: embeddings_000080.pkl.gz
09:59:55 | INFO | Reading file: embeddings_000074.pkl.gz
09:59:57 | INFO | Reading file: embeddings_000082.pkl.gz
10:00:02 | INFO | Reading file: embeddings_000081.pkl.gz
10:00:03 | INFO | Reading file: embeddings_000075.pkl.gz
10:00:05 | INFO | Reading file: embeddings_000083.pkl.gz
10:00:11 | INFO | Reading file: embeddings_000082.pkl.gz
10:00:12 | INFO | Reading file: embeddings_000076.pkl.gz
10:00:14 | INFO | Reading file: embeddings_000084.pkl.gz
10:00:19 | INFO | Reading file: embeddings_000083.pkl.gz
10:00:20 | INFO | Reading file: embeddings_000077.pkl.gz
10:00:22 | INFO | Reading file: embeddings_000085.pkl.gz
10:00:26 | INFO | Reading file: embeddings_000084.pkl.gz
10:00:27 | INFO | Reading file: embeddings_000078.pkl.gz
10:00:29 | INFO | Reading file: embeddings_000086.pkl.gz
10:00:33 | INFO | Reading file: embeddings_000085.pkl.gz
10:00:34 | INFO | Reading file: embeddings_000079.pkl.gz
10:00:36 | INFO | Reading file: embeddings_000087.pkl.gz
10:00:40 | INFO | Reading file: embeddings_000086.pkl.gz
10:00:41 | INFO | Reading file: embeddings_000080.pkl.gz
10:00:43 | INFO | Reading file: embeddings_000088.pkl.gz
10:00:47 | INFO | Reading file: embeddings_000087.pkl.gz
10:00:48 | INFO | Reading file: embeddings_000081.pkl.gz
10:00:50 | INFO | Reading file: embeddings_000089.pkl.gz
10:00:54 | INFO | Reading file: embeddings_000088.pkl.gz
10:00:55 | INFO | Reading file: embeddings_000082.pkl.gz
10:00:57 | INFO | Reading file: embeddings_000090.pkl.gz
10:01:01 | INFO | Reading file: embeddings_000089.pkl.gz
10:01:02 | INFO | Reading file: embeddings_000083.pkl.gz
10:01:04 | INFO | Reading file: embeddings_000091.pkl.gz
10:01:08 | INFO | Reading file: embeddings_000090.pkl.gz
10:01:09 | INFO | Reading file: embeddings_000084.pkl.gz
10:01:11 | INFO | Reading file: embeddings_000092.pkl.gz
10:01:15 | INFO | Reading file: embeddings_000091.pkl.gz
10:01:16 | INFO | Reading file: embeddings_000085.pkl.gz
10:01:18 | INFO | Reading file: embeddings_000093.pkl.gz
10:01:22 | INFO | Reading file: embeddings_000092.pkl.gz
10:01:23 | INFO | Reading file: embeddings_000086.pkl.gz
10:01:25 | INFO | Reading file: embeddings_000094.pkl.gz
10:01:29 | INFO | Reading file: embeddings_000093.pkl.gz
10:01:30 | INFO | Reading file: embeddings_000087.pkl.gz
10:01:32 | INFO | Reading file: embeddings_000095.pkl.gz
10:01:36 | INFO | Reading file: embeddings_000094.pkl.gz
10:01:37 | INFO | Reading file: embeddings_000088.pkl.gz
10:01:39 | INFO | Reading file: embeddings_000096.pkl.gz
10:01:43 | INFO | Reading file: embeddings_000095.pkl.gz
10:01:44 | INFO | Reading file: embeddings_000089.pkl.gz
10:01:46 | INFO | Reading file: embeddings_000097.pkl.gz
10:01:50 | INFO | Reading file: embeddings_000096.pkl.gz
10:01:51 | INFO | Reading file: embeddings_000090.pkl.gz
10:01:53 | INFO | Reading file: embeddings_000098.pkl.gz
10:01:56 | INFO | Reading file: embeddings_000097.pkl.gz
10:01:58 | INFO | Reading file: embeddings_000091.pkl.gz
10:02:00 | INFO | Reading file: embeddings_000099.pkl.gz
10:02:03 | INFO | Reading file: embeddings_000098.pkl.gz
10:02:05 | INFO | Reading file: embeddings_000092.pkl.gz
10:02:07 | INFO | Reading file: embeddings_000100.pkl.gz
10:02:10 | INFO | Reading file: embeddings_000099.pkl.gz
10:02:12 | INFO | Reading file: embeddings_000093.pkl.gz
10:02:14 | INFO | Reading file: embeddings_000101.pkl.gz
10:02:17 | INFO | Reading file: embeddings_000100.pkl.gz
10:02:19 | INFO | Reading file: embeddings_000094.pkl.gz
10:02:21 | INFO | Reading file: embeddings_000102.pkl.gz
10:02:24 | INFO | Reading file: embeddings_000101.pkl.gz
10:02:26 | INFO | Reading file: embeddings_000095.pkl.gz
10:02:28 | INFO | Reading file: embeddings_000103.pkl.gz
10:02:31 | INFO | Reading file: embeddings_000102.pkl.gz
10:02:33 | INFO | Reading file: embeddings_000096.pkl.gz
10:02:35 | INFO | Reading file: embeddings_000104.pkl.gz
10:02:38 | INFO | Reading file: embeddings_000103.pkl.gz
10:02:38 | INFO | Reading file: embeddings_000097.pkl.gz
10:02:39 | INFO | Reading file: embeddings_000098.pkl.gz
10:02:39 | INFO | Reading file: embeddings_000099.pkl.gz
10:02:39 | INFO | Reading file: embeddings_000100.pkl.gz
10:02:39 | INFO | Reading file: embeddings_000101.pkl.gz
10:02:39 | INFO | Reading file: embeddings_000102.pkl.gz
10:02:39 | INFO | Reading file: embeddings_000103.pkl.gz
10:02:39 | INFO | Reading file: embeddings_000104.pkl.gz
10:02:39 | INFO | Reading file: embeddings_000105.pkl.gz
10:02:40 | INFO | Reading file: embeddings_000106.pkl.gz
10:02:40 | INFO | Reading file: embeddings_000107.pkl.gz
10:02:40 | INFO | Reading file: embeddings_000108.pkl.gz
10:02:40 | INFO | Reading file: embeddings_000109.pkl.gz
10:02:40 | INFO | Reading file: embeddings_000110.pkl.gz
10:02:40 | INFO | Reading file: embeddings_000111.pkl.gz
10:02:40 | INFO | Reading file: embeddings_000112.pkl.gz
10:02:40 | INFO | Reading file: embeddings_000113.pkl.gz
10:02:40 | INFO | Reading file: embeddings_000114.pkl.gz
10:02:41 | INFO | Reading file: embeddings_000115.pkl.gz
10:02:41 | INFO | Reading file: embeddings_000116.pkl.gz
10:02:41 | INFO | Reading file: embeddings_000117.pkl.gz
10:02:41 | INFO | Reading file: embeddings_000118.pkl.gz
10:02:41 | INFO | Reading file: embeddings_000119.pkl.gz
10:02:41 | INFO | Reading file: embeddings_000120.pkl.gz
10:02:41 | INFO | Reading file: embeddings_000105.pkl.gz
10:02:41 | INFO | Reading file: embeddings_000121.pkl.gz
10:02:41 | INFO | Reading file: embeddings_000122.pkl.gz
10:02:42 | INFO | Reading file: embeddings_000123.pkl.gz
10:02:42 | INFO | Reading file: embeddings_000124.pkl.gz
10:02:42 | INFO | Reading file: embeddings_000125.pkl.gz
10:02:42 | INFO | Reading file: embeddings_000126.pkl.gz
10:02:42 | INFO | Reading file: embeddings_000127.pkl.gz
10:02:42 | INFO | Reading file: embeddings_000128.pkl.gz
10:02:42 | INFO | Reading file: embeddings_000129.pkl.gz
10:02:42 | INFO | Reading file: embeddings_000130.pkl.gz
10:02:42 | INFO | Reading file: embeddings_000131.pkl.gz
10:02:42 | INFO | Reading file: embeddings_000132.pkl.gz
10:02:43 | INFO | Reading file: embeddings_000133.pkl.gz
10:02:43 | INFO | Reading file: embeddings_000134.pkl.gz
10:02:43 | INFO | Reading file: embeddings_000135.pkl.gz
10:02:43 | INFO | Reading file: embeddings_000136.pkl.gz
10:02:43 | INFO | Reading file: embeddings_000137.pkl.gz
10:02:43 | INFO | Reading file: embeddings_000138.pkl.gz
10:02:43 | INFO | Reading file: embeddings_000139.pkl.gz
10:02:43 | INFO | Reading file: embeddings_000140.pkl.gz
10:02:44 | INFO | Reading file: embeddings_000141.pkl.gz
10:02:44 | INFO | Reading file: embeddings_000142.pkl.gz
10:02:44 | INFO | Reading file: embeddings_000143.pkl.gz
10:02:44 | INFO | Reading file: embeddings_000144.pkl.gz
10:02:44 | INFO | Reading file: embeddings_000145.pkl.gz
10:02:44 | INFO | Reading file: embeddings_000146.pkl.gz
10:02:44 | INFO | Reading file: embeddings_000147.pkl.gz
10:02:44 | INFO | Reading file: embeddings_000148.pkl.gz
10:02:44 | INFO | Reading file: embeddings_000149.pkl.gz
10:02:45 | INFO | Reading file: embeddings_000150.pkl.gz
10:02:45 | INFO | Reading file: embeddings_000104.pkl.gz
10:02:45 | INFO | Reading file: embeddings_000151.pkl.gz
10:02:45 | INFO | Reading file: embeddings_000152.pkl.gz
10:02:45 | INFO | Reading file: embeddings_000153.pkl.gz
10:02:45 | INFO | Reading file: embeddings_000154.pkl.gz
10:02:45 | INFO | Reading file: embeddings_000155.pkl.gz
10:02:45 | INFO | Reading file: embeddings_000156.pkl.gz
10:02:45 | INFO | Reading file: embeddings_000157.pkl.gz
10:02:46 | INFO | Reading file: embeddings_000158.pkl.gz
10:02:46 | INFO | Reading file: embeddings_000159.pkl.gz
10:02:46 | INFO | Reading file: embeddings_000160.pkl.gz
10:02:46 | INFO | Reading file: embeddings_000161.pkl.gz
10:02:46 | INFO | Reading file: embeddings_000162.pkl.gz
10:02:46 | INFO | Reading file: embeddings_000163.pkl.gz
10:02:46 | INFO | Reading file: embeddings_000164.pkl.gz
10:02:46 | INFO | Reading file: embeddings_000165.pkl.gz
10:02:46 | INFO | Reading file: embeddings_000166.pkl.gz
10:02:47 | INFO | Reading file: embeddings_000167.pkl.gz
10:02:47 | INFO | Reading file: embeddings_000168.pkl.gz
10:02:47 | INFO | Reading file: embeddings_000169.pkl.gz
10:02:47 | INFO | Reading file: embeddings_000170.pkl.gz
10:02:47 | INFO | Reading file: embeddings_000171.pkl.gz
10:02:47 | INFO | Reading file: embeddings_000172.pkl.gz
10:02:47 | INFO | Reading file: embeddings_000173.pkl.gz
10:02:47 | INFO | Reading file: embeddings_000174.pkl.gz
10:02:48 | INFO | Reading file: embeddings_000175.pkl.gz
10:02:48 | INFO | Reading file: embeddings_000176.pkl.gz
10:02:48 | INFO | Reading file: embeddings_000177.pkl.gz
10:02:48 | INFO | Reading file: embeddings_000106.pkl.gz
10:02:48 | INFO | Reading file: embeddings_000178.pkl.gz
10:02:48 | INFO | Reading file: embeddings_000179.pkl.gz
10:02:48 | INFO | Reading file: embeddings_000180.pkl.gz
10:02:48 | INFO | Reading file: embeddings_000181.pkl.gz
10:02:48 | INFO | Reading file: embeddings_000182.pkl.gz
10:02:49 | INFO | Reading file: embeddings_000183.pkl.gz
10:02:49 | INFO | Reading file: embeddings_000184.pkl.gz
10:02:49 | INFO | Reading file: embeddings_000185.pkl.gz
10:02:49 | INFO | Reading file: embeddings_000186.pkl.gz
10:02:49 | INFO | Reading file: embeddings_000187.pkl.gz
10:02:49 | INFO | Reading file: embeddings_000188.pkl.gz
10:02:49 | INFO | Reading file: embeddings_000189.pkl.gz
10:02:50 | INFO | Reading file: embeddings_000190.pkl.gz
10:02:50 | INFO | Reading file: embeddings_000191.pkl.gz
10:02:50 | INFO | Reading file: embeddings_000192.pkl.gz
10:02:50 | INFO | Reading file: embeddings_000193.pkl.gz
10:02:50 | INFO | Reading file: embeddings_000194.pkl.gz
10:02:50 | INFO | Reading file: embeddings_000195.pkl.gz
10:02:50 | INFO | Reading file: embeddings_000196.pkl.gz
10:02:51 | INFO | Reading file: embeddings_000197.pkl.gz
10:02:51 | INFO | Reading file: embeddings_000198.pkl.gz
10:02:51 | INFO | Reading file: embeddings_000199.pkl.gz
10:02:51 | INFO | Reading file: embeddings_000200.pkl.gz
10:02:51 | INFO | Reading file: embeddings_000201.pkl.gz
10:02:51 | INFO | Reading file: embeddings_000105.pkl.gz
10:02:51 | INFO | Reading file: embeddings_000202.pkl.gz
10:02:51 | INFO | Reading file: embeddings_000203.pkl.gz
10:02:52 | INFO | Reading file: embeddings_000204.pkl.gz
10:02:52 | INFO | Reading file: embeddings_000205.pkl.gz
10:02:52 | INFO | Reading file: embeddings_000206.pkl.gz
10:02:52 | INFO | Reading file: embeddings_000207.pkl.gz
10:02:52 | INFO | Reading file: embeddings_000208.pkl.gz
10:02:52 | INFO | Reading file: embeddings_000209.pkl.gz
10:02:52 | INFO | Reading file: embeddings_000210.pkl.gz
10:02:53 | INFO | Reading file: embeddings_000211.pkl.gz
10:02:53 | INFO | Reading file: embeddings_000212.pkl.gz
10:02:53 | INFO | Reading file: embeddings_000213.pkl.gz
10:02:53 | INFO | Reading file: embeddings_000214.pkl.gz
10:02:53 | INFO | Reading file: embeddings_000215.pkl.gz
10:02:53 | INFO | Reading file: embeddings_000216.pkl.gz
10:02:53 | INFO | Reading file: embeddings_000217.pkl.gz
10:02:54 | INFO | Reading file: embeddings_000218.pkl.gz
10:02:54 | INFO | Reading file: embeddings_000219.pkl.gz
10:02:54 | INFO | Reading file: embeddings_000220.pkl.gz
10:02:54 | INFO | Reading file: embeddings_000221.pkl.gz
10:02:54 | INFO | Reading file: embeddings_000222.pkl.gz
10:02:54 | INFO | Reading file: embeddings_000223.pkl.gz
10:02:54 | INFO | Reading file: embeddings_000107.pkl.gz
10:02:54 | INFO | Reading file: embeddings_000224.pkl.gz
10:02:55 | INFO | Reading file: embeddings_000225.pkl.gz
10:02:55 | INFO | Reading file: embeddings_000226.pkl.gz
10:02:55 | INFO | Reading file: embeddings_000227.pkl.gz
10:02:55 | INFO | Reading file: embeddings_000228.pkl.gz
10:02:55 | INFO | Reading file: embeddings_000229.pkl.gz
10:02:55 | INFO | Reading file: embeddings_000230.pkl.gz
10:02:55 | INFO | Reading file: embeddings_000231.pkl.gz
10:02:56 | INFO | Reading file: embeddings_000232.pkl.gz
10:02:56 | INFO | Reading file: embeddings_000233.pkl.gz
10:02:56 | INFO | Reading file: embeddings_000234.pkl.gz
10:02:56 | INFO | Reading file: embeddings_000235.pkl.gz
10:02:56 | INFO | Reading file: embeddings_000236.pkl.gz
10:02:56 | INFO | Reading file: embeddings_000237.pkl.gz
10:02:56 | INFO | Reading file: embeddings_000238.pkl.gz
10:02:57 | INFO | Reading file: embeddings_000239.pkl.gz
10:02:57 | INFO | Reading file: embeddings_000240.pkl.gz
10:02:57 | INFO | Reading file: embeddings_000241.pkl.gz
10:02:57 | INFO | Reading file: embeddings_000242.pkl.gz
10:02:57 | INFO | Reading file: embeddings_000243.pkl.gz
10:02:57 | INFO | Reading file: embeddings_000244.pkl.gz
10:02:57 | INFO | Reading file: embeddings_000245.pkl.gz
10:02:57 | INFO | Reading file: embeddings_000246.pkl.gz
10:02:58 | INFO | Reading file: embeddings_000247.pkl.gz
10:02:58 | INFO | Reading file: embeddings_000248.pkl.gz
10:02:58 | INFO | Reading file: embeddings_000106.pkl.gz
10:02:58 | INFO | Reading file: embeddings_000249.pkl.gz
10:02:58 | INFO | Reading file: embeddings_000250.pkl.gz
10:02:58 | INFO | Reading file: embeddings_000251.pkl.gz
10:02:58 | INFO | Reading file: embeddings_000252.pkl.gz
10:02:59 | INFO | Reading file: embeddings_000253.pkl.gz
10:02:59 | INFO | Reading file: embeddings_000254.pkl.gz
10:02:59 | INFO | Reading file: embeddings_000255.pkl.gz
10:02:59 | INFO | Reading file: embeddings_000256.pkl.gz
10:02:59 | INFO | Reading file: embeddings_000257.pkl.gz
10:02:59 | INFO | Reading file: embeddings_000258.pkl.gz
10:02:59 | INFO | Reading file: embeddings_000259.pkl.gz
10:02:59 | INFO | Reading file: embeddings_000260.pkl.gz
10:03:00 | INFO | Reading file: embeddings_000261.pkl.gz
10:03:00 | INFO | Reading file: embeddings_000262.pkl.gz
10:03:00 | INFO | Reading file: embeddings_000263.pkl.gz
10:03:00 | INFO | Reading file: embeddings_000264.pkl.gz
10:03:00 | INFO | Reading file: embeddings_000265.pkl.gz
10:03:00 | INFO | Reading file: embeddings_000266.pkl.gz
10:03:01 | INFO | Reading file: embeddings_000267.pkl.gz
10:03:01 | INFO | Reading file: embeddings_000268.pkl.gz
10:03:01 | INFO | Reading file: embeddings_000269.pkl.gz
10:03:01 | INFO | Reading file: embeddings_000108.pkl.gz
10:03:01 | INFO | Reading file: embeddings_000270.pkl.gz
10:03:01 | INFO | Reading file: embeddings_000271.pkl.gz
10:03:01 | INFO | Reading file: embeddings_000272.pkl.gz
10:03:01 | INFO | Reading file: embeddings_000273.pkl.gz
10:03:01 | INFO | Reading file: embeddings_000274.pkl.gz
10:03:02 | INFO | Reading file: embeddings_000275.pkl.gz
10:03:02 | INFO | Reading file: embeddings_000276.pkl.gz
10:03:02 | INFO | Reading file: embeddings_000277.pkl.gz
10:03:02 | INFO | Reading file: embeddings_000278.pkl.gz
10:03:02 | INFO | Reading file: embeddings_000279.pkl.gz
10:03:02 | INFO | Reading file: embeddings_000280.pkl.gz
10:03:03 | INFO | Reading file: embeddings_000281.pkl.gz
10:03:03 | INFO | Reading file: embeddings_000282.pkl.gz
10:03:03 | INFO | Reading file: embeddings_000283.pkl.gz
10:03:03 | INFO | Reading file: embeddings_000284.pkl.gz
10:03:03 | INFO | Reading file: embeddings_000285.pkl.gz
10:03:03 | INFO | Reading file: embeddings_000286.pkl.gz
10:03:03 | INFO | Reading file: embeddings_000287.pkl.gz
10:03:03 | INFO | Reading file: embeddings_000288.pkl.gz
10:03:04 | INFO | Reading file: embeddings_000289.pkl.gz
10:03:04 | INFO | Reading file: embeddings_000290.pkl.gz
10:03:04 | INFO | Reading file: embeddings_000291.pkl.gz
10:03:04 | INFO | Reading file: embeddings_000292.pkl.gz
10:03:04 | INFO | Reading file: embeddings_000293.pkl.gz
10:03:04 | INFO | Reading file: embeddings_000107.pkl.gz
10:03:04 | INFO | Reading file: embeddings_000294.pkl.gz
10:03:04 | INFO | Reading file: embeddings_000295.pkl.gz
10:03:05 | INFO | Reading file: embeddings_000296.pkl.gz
10:03:05 | INFO | Reading file: embeddings_000297.pkl.gz
10:03:05 | INFO | Reading file: embeddings_000298.pkl.gz
10:03:05 | INFO | Reading file: embeddings_000299.pkl.gz
10:03:05 | INFO | Reading file: embeddings_000300.pkl.gz
10:03:05 | INFO | Reading file: embeddings_000301.pkl.gz
10:03:05 | INFO | Reading file: embeddings_000302.pkl.gz
10:03:06 | INFO | Reading file: embeddings_000303.pkl.gz
10:03:06 | INFO | Reading file: embeddings_000304.pkl.gz
10:03:06 | INFO | Reading file: embeddings_000305.pkl.gz
10:03:06 | INFO | Reading file: embeddings_000306.pkl.gz
10:03:06 | INFO | Reading file: embeddings_000307.pkl.gz
10:03:06 | INFO | Reading file: embeddings_000308.pkl.gz
10:03:06 | INFO | Reading file: embeddings_000309.pkl.gz
10:03:07 | INFO | Reading file: embeddings_000310.pkl.gz
10:03:07 | INFO | Reading file: embeddings_000311.pkl.gz
10:03:07 | INFO | Reading file: embeddings_000312.pkl.gz
10:03:07 | INFO | Reading file: embeddings_000313.pkl.gz
10:03:07 | INFO | Reading file: embeddings_000314.pkl.gz
10:03:07 | INFO | Reading file: embeddings_000315.pkl.gz
10:03:07 | INFO | Reading file: embeddings_000109.pkl.gz
10:03:07 | INFO | Reading file: embeddings_000316.pkl.gz
10:03:08 | INFO | Reading file: embeddings_000317.pkl.gz
10:03:08 | INFO | Reading file: embeddings_000318.pkl.gz
10:03:08 | INFO | Reading file: embeddings_000319.pkl.gz
10:03:08 | INFO | Reading file: embeddings_000320.pkl.gz
10:03:08 | INFO | Reading file: embeddings_000321.pkl.gz
10:03:08 | INFO | Reading file: embeddings_000322.pkl.gz
10:03:08 | INFO | Reading file: embeddings_000323.pkl.gz
10:03:09 | INFO | Reading file: embeddings_000324.pkl.gz
10:03:09 | INFO | Reading file: embeddings_000325.pkl.gz
10:03:09 | INFO | Reading file: embeddings_000326.pkl.gz
10:03:09 | INFO | Reading file: embeddings_000327.pkl.gz
10:03:09 | INFO | Reading file: embeddings_000328.pkl.gz
10:03:09 | INFO | Reading file: embeddings_000329.pkl.gz
10:03:09 | INFO | Reading file: embeddings_000330.pkl.gz
10:03:09 | INFO | Reading file: embeddings_000331.pkl.gz
10:03:10 | INFO | Reading file: embeddings_000332.pkl.gz
10:03:10 | INFO | Reading file: embeddings_000333.pkl.gz
10:03:10 | INFO | Reading file: embeddings_000334.pkl.gz
10:03:10 | INFO | Reading file: embeddings_000335.pkl.gz
10:03:10 | INFO | Reading file: embeddings_000336.pkl.gz
10:03:10 | INFO | Reading file: embeddings_000337.pkl.gz
10:03:11 | INFO | Reading file: embeddings_000338.pkl.gz
10:03:11 | INFO | Reading file: embeddings_000108.pkl.gz
10:03:14 | INFO | Reading file: embeddings_000110.pkl.gz
10:03:17 | INFO | Saved 37469 embeddings to data/model/surgery/semantic/pubmedbert_2014.pkl.gz
10:03:17 | INFO | Reading file: embeddings_000109.pkl.gz
10:03:20 | INFO | Reading file: embeddings_000111.pkl.gz
10:03:24 | INFO | Reading file: embeddings_000110.pkl.gz
10:03:27 | INFO | Reading file: embeddings_000112.pkl.gz
10:03:30 | INFO | Reading file: embeddings_000111.pkl.gz
10:03:33 | INFO | Reading file: embeddings_000113.pkl.gz
10:03:36 | INFO | Reading file: embeddings_000112.pkl.gz
10:03:39 | INFO | Reading file: embeddings_000114.pkl.gz
10:03:42 | INFO | Reading file: embeddings_000113.pkl.gz
10:03:45 | INFO | Reading file: embeddings_000115.pkl.gz
10:03:48 | INFO | Reading file: embeddings_000114.pkl.gz
10:03:51 | INFO | Reading file: embeddings_000116.pkl.gz
10:03:54 | INFO | Reading file: embeddings_000115.pkl.gz
10:03:57 | INFO | Reading file: embeddings_000117.pkl.gz
10:04:00 | INFO | Reading file: embeddings_000116.pkl.gz
10:04:03 | INFO | Reading file: embeddings_000118.pkl.gz
10:04:06 | INFO | Reading file: embeddings_000117.pkl.gz
10:04:09 | INFO | Reading file: embeddings_000119.pkl.gz
10:04:13 | INFO | Reading file: embeddings_000118.pkl.gz
10:04:16 | INFO | Reading file: embeddings_000120.pkl.gz
10:04:19 | INFO | Reading file: embeddings_000119.pkl.gz
10:04:22 | INFO | Reading file: embeddings_000121.pkl.gz
10:04:25 | INFO | Reading file: embeddings_000120.pkl.gz
10:04:28 | INFO | Reading file: embeddings_000122.pkl.gz
10:04:31 | INFO | Reading file: embeddings_000121.pkl.gz
10:04:34 | INFO | Reading file: embeddings_000123.pkl.gz
10:04:37 | INFO | Reading file: embeddings_000122.pkl.gz
10:04:40 | INFO | Reading file: embeddings_000124.pkl.gz
10:04:44 | INFO | Reading file: embeddings_000123.pkl.gz
10:04:47 | INFO | Reading file: embeddings_000125.pkl.gz
10:04:50 | INFO | Reading file: embeddings_000124.pkl.gz
10:04:53 | INFO | Reading file: embeddings_000126.pkl.gz
10:04:56 | INFO | Reading file: embeddings_000125.pkl.gz
10:04:59 | INFO | Reading file: embeddings_000127.pkl.gz
10:05:02 | INFO | Reading file: embeddings_000126.pkl.gz
10:05:05 | INFO | Reading file: embeddings_000128.pkl.gz
10:05:08 | INFO | Reading file: embeddings_000127.pkl.gz
10:05:11 | INFO | Reading file: embeddings_000129.pkl.gz
10:05:15 | INFO | Reading file: embeddings_000128.pkl.gz
10:05:18 | INFO | Reading file: embeddings_000130.pkl.gz
10:05:21 | INFO | Reading file: embeddings_000129.pkl.gz
10:05:24 | INFO | Reading file: embeddings_000131.pkl.gz
10:05:27 | INFO | Reading file: embeddings_000130.pkl.gz
10:05:30 | INFO | Reading file: embeddings_000132.pkl.gz
10:05:33 | INFO | Reading file: embeddings_000131.pkl.gz
10:05:36 | INFO | Reading file: embeddings_000133.pkl.gz
10:05:39 | INFO | Reading file: embeddings_000132.pkl.gz
10:05:42 | INFO | Reading file: embeddings_000134.pkl.gz
10:05:45 | INFO | Reading file: embeddings_000133.pkl.gz
10:05:48 | INFO | Reading file: embeddings_000135.pkl.gz
10:05:51 | INFO | Reading file: embeddings_000134.pkl.gz
10:05:54 | INFO | Reading file: embeddings_000136.pkl.gz
10:05:57 | INFO | Reading file: embeddings_000135.pkl.gz
10:06:00 | INFO | Reading file: embeddings_000137.pkl.gz
10:06:03 | INFO | Reading file: embeddings_000136.pkl.gz
10:06:07 | INFO | Reading file: embeddings_000138.pkl.gz
10:06:10 | INFO | Reading file: embeddings_000137.pkl.gz
10:06:13 | INFO | Reading file: embeddings_000139.pkl.gz
10:06:16 | INFO | Reading file: embeddings_000138.pkl.gz
10:06:19 | INFO | Reading file: embeddings_000140.pkl.gz
10:06:22 | INFO | Reading file: embeddings_000139.pkl.gz
10:06:25 | INFO | Reading file: embeddings_000141.pkl.gz
10:06:28 | INFO | Reading file: embeddings_000140.pkl.gz
10:06:31 | INFO | Reading file: embeddings_000142.pkl.gz
10:06:34 | INFO | Reading file: embeddings_000141.pkl.gz
10:06:37 | INFO | Reading file: embeddings_000143.pkl.gz
10:06:41 | INFO | Reading file: embeddings_000142.pkl.gz
10:06:44 | INFO | Reading file: embeddings_000144.pkl.gz
10:06:47 | INFO | Reading file: embeddings_000143.pkl.gz
10:06:50 | INFO | Reading file: embeddings_000145.pkl.gz
10:06:53 | INFO | Reading file: embeddings_000144.pkl.gz
10:06:56 | INFO | Reading file: embeddings_000146.pkl.gz
10:06:59 | INFO | Reading file: embeddings_000145.pkl.gz
10:07:02 | INFO | Reading file: embeddings_000147.pkl.gz
10:07:06 | INFO | Reading file: embeddings_000146.pkl.gz
10:07:08 | INFO | Reading file: embeddings_000148.pkl.gz
10:07:11 | INFO | Reading file: embeddings_000147.pkl.gz
10:07:14 | INFO | Reading file: embeddings_000149.pkl.gz
10:07:17 | INFO | Reading file: embeddings_000148.pkl.gz
10:07:21 | INFO | Reading file: embeddings_000150.pkl.gz
10:07:24 | INFO | Reading file: embeddings_000149.pkl.gz
10:07:27 | INFO | Reading file: embeddings_000151.pkl.gz
10:07:30 | INFO | Reading file: embeddings_000150.pkl.gz
10:07:33 | INFO | Reading file: embeddings_000152.pkl.gz
10:07:36 | INFO | Reading file: embeddings_000151.pkl.gz
10:07:39 | INFO | Reading file: embeddings_000153.pkl.gz
10:07:42 | INFO | Reading file: embeddings_000152.pkl.gz
10:07:45 | INFO | Reading file: embeddings_000154.pkl.gz
10:07:48 | INFO | Reading file: embeddings_000153.pkl.gz
10:07:51 | INFO | Reading file: embeddings_000155.pkl.gz
10:07:54 | INFO | Reading file: embeddings_000154.pkl.gz
10:07:57 | INFO | Reading file: embeddings_000156.pkl.gz
10:08:00 | INFO | Reading file: embeddings_000155.pkl.gz
10:08:03 | INFO | Reading file: embeddings_000157.pkl.gz
10:08:06 | INFO | Reading file: embeddings_000156.pkl.gz
10:08:09 | INFO | Reading file: embeddings_000158.pkl.gz
10:08:12 | INFO | Reading file: embeddings_000157.pkl.gz
10:08:15 | INFO | Reading file: embeddings_000159.pkl.gz
10:08:19 | INFO | Reading file: embeddings_000158.pkl.gz
10:08:22 | INFO | Reading file: embeddings_000160.pkl.gz
10:08:25 | INFO | Reading file: embeddings_000159.pkl.gz
10:08:28 | INFO | Reading file: embeddings_000161.pkl.gz
10:08:31 | INFO | Reading file: embeddings_000160.pkl.gz
10:08:34 | INFO | Reading file: embeddings_000162.pkl.gz
10:08:37 | INFO | Reading file: embeddings_000161.pkl.gz
10:08:40 | INFO | Reading file: embeddings_000163.pkl.gz
10:08:43 | INFO | Reading file: embeddings_000162.pkl.gz
10:08:46 | INFO | Reading file: embeddings_000164.pkl.gz
10:08:49 | INFO | Reading file: embeddings_000163.pkl.gz
10:08:52 | INFO | Reading file: embeddings_000165.pkl.gz
10:08:55 | INFO | Reading file: embeddings_000164.pkl.gz
10:08:58 | INFO | Reading file: embeddings_000166.pkl.gz
10:09:01 | INFO | Reading file: embeddings_000165.pkl.gz
10:09:04 | INFO | Reading file: embeddings_000167.pkl.gz
10:09:07 | INFO | Reading file: embeddings_000166.pkl.gz
10:09:10 | INFO | Reading file: embeddings_000168.pkl.gz
10:09:13 | INFO | Reading file: embeddings_000167.pkl.gz
10:09:16 | INFO | Reading file: embeddings_000169.pkl.gz
10:09:19 | INFO | Reading file: embeddings_000168.pkl.gz
10:09:22 | INFO | Reading file: embeddings_000170.pkl.gz
10:09:25 | INFO | Reading file: embeddings_000169.pkl.gz
10:09:28 | INFO | Reading file: embeddings_000171.pkl.gz
10:09:31 | INFO | Reading file: embeddings_000170.pkl.gz
10:09:34 | INFO | Reading file: embeddings_000172.pkl.gz
10:09:37 | INFO | Reading file: embeddings_000171.pkl.gz
10:09:40 | INFO | Reading file: embeddings_000173.pkl.gz
10:09:43 | INFO | Reading file: embeddings_000172.pkl.gz
10:09:46 | INFO | Reading file: embeddings_000174.pkl.gz
10:09:49 | INFO | Reading file: embeddings_000173.pkl.gz
10:09:52 | INFO | Reading file: embeddings_000175.pkl.gz
10:09:55 | INFO | Reading file: embeddings_000174.pkl.gz
10:09:58 | INFO | Reading file: embeddings_000176.pkl.gz
10:10:01 | INFO | Reading file: embeddings_000175.pkl.gz
10:10:04 | INFO | Reading file: embeddings_000177.pkl.gz
10:10:07 | INFO | Reading file: embeddings_000176.pkl.gz
10:10:10 | INFO | Reading file: embeddings_000178.pkl.gz
10:10:13 | INFO | Reading file: embeddings_000177.pkl.gz
10:10:16 | INFO | Reading file: embeddings_000179.pkl.gz
10:10:19 | INFO | Reading file: embeddings_000178.pkl.gz
10:10:22 | INFO | Reading file: embeddings_000180.pkl.gz
10:10:26 | INFO | Reading file: embeddings_000179.pkl.gz
10:10:29 | INFO | Reading file: embeddings_000181.pkl.gz
10:10:33 | INFO | Reading file: embeddings_000180.pkl.gz
10:10:35 | INFO | Reading file: embeddings_000182.pkl.gz
10:10:39 | INFO | Reading file: embeddings_000181.pkl.gz
10:10:42 | INFO | Reading file: embeddings_000183.pkl.gz
10:10:45 | INFO | Reading file: embeddings_000182.pkl.gz
10:10:48 | INFO | Reading file: embeddings_000184.pkl.gz
10:10:51 | INFO | Reading file: embeddings_000183.pkl.gz
10:10:54 | INFO | Reading file: embeddings_000185.pkl.gz
10:10:57 | INFO | Reading file: embeddings_000184.pkl.gz
10:11:00 | INFO | Reading file: embeddings_000186.pkl.gz
10:11:03 | INFO | Reading file: embeddings_000185.pkl.gz
10:11:06 | INFO | Reading file: embeddings_000187.pkl.gz
10:11:09 | INFO | Reading file: embeddings_000186.pkl.gz
10:11:12 | INFO | Reading file: embeddings_000188.pkl.gz
10:11:15 | INFO | Reading file: embeddings_000187.pkl.gz
10:11:18 | INFO | Reading file: embeddings_000189.pkl.gz
10:11:21 | INFO | Reading file: embeddings_000188.pkl.gz
10:11:24 | INFO | Reading file: embeddings_000190.pkl.gz
10:11:27 | INFO | Reading file: embeddings_000189.pkl.gz
10:11:30 | INFO | Reading file: embeddings_000191.pkl.gz
10:11:33 | INFO | Reading file: embeddings_000190.pkl.gz
10:11:36 | INFO | Reading file: embeddings_000192.pkl.gz
10:11:39 | INFO | Reading file: embeddings_000191.pkl.gz
10:11:42 | INFO | Reading file: embeddings_000193.pkl.gz
10:11:45 | INFO | Reading file: embeddings_000192.pkl.gz
10:11:48 | INFO | Reading file: embeddings_000194.pkl.gz
10:11:51 | INFO | Reading file: embeddings_000193.pkl.gz
10:11:54 | INFO | Reading file: embeddings_000195.pkl.gz
10:11:57 | INFO | Reading file: embeddings_000194.pkl.gz
10:12:00 | INFO | Reading file: embeddings_000196.pkl.gz
10:12:03 | INFO | Reading file: embeddings_000195.pkl.gz
10:12:06 | INFO | Reading file: embeddings_000197.pkl.gz
10:12:09 | INFO | Reading file: embeddings_000196.pkl.gz
10:12:12 | INFO | Reading file: embeddings_000198.pkl.gz
10:12:15 | INFO | Reading file: embeddings_000197.pkl.gz
10:12:18 | INFO | Reading file: embeddings_000199.pkl.gz
10:12:21 | INFO | Reading file: embeddings_000198.pkl.gz
10:12:24 | INFO | Reading file: embeddings_000200.pkl.gz
10:12:27 | INFO | Reading file: embeddings_000199.pkl.gz
10:12:30 | INFO | Reading file: embeddings_000201.pkl.gz
10:12:34 | INFO | Reading file: embeddings_000200.pkl.gz
10:12:37 | INFO | Reading file: embeddings_000202.pkl.gz
10:12:40 | INFO | Reading file: embeddings_000201.pkl.gz
10:12:42 | INFO | Reading file: embeddings_000203.pkl.gz
10:12:46 | INFO | Reading file: embeddings_000202.pkl.gz
10:12:49 | INFO | Reading file: embeddings_000204.pkl.gz
10:12:53 | INFO | Reading file: embeddings_000203.pkl.gz
10:12:56 | INFO | Reading file: embeddings_000205.pkl.gz
10:13:00 | INFO | Reading file: embeddings_000204.pkl.gz
10:13:03 | INFO | Reading file: embeddings_000206.pkl.gz
10:13:06 | INFO | Reading file: embeddings_000205.pkl.gz
10:13:10 | INFO | Reading file: embeddings_000207.pkl.gz
10:13:14 | INFO | Reading file: embeddings_000206.pkl.gz
10:13:17 | INFO | Reading file: embeddings_000208.pkl.gz
10:13:20 | INFO | Reading file: embeddings_000207.pkl.gz
10:13:23 | INFO | Reading file: embeddings_000209.pkl.gz
10:13:27 | INFO | Reading file: embeddings_000208.pkl.gz
10:13:31 | INFO | Reading file: embeddings_000210.pkl.gz
10:13:36 | INFO | Reading file: embeddings_000209.pkl.gz
10:13:40 | INFO | Reading file: embeddings_000211.pkl.gz
10:13:44 | INFO | Reading file: embeddings_000210.pkl.gz
10:13:48 | INFO | Reading file: embeddings_000212.pkl.gz
10:13:52 | INFO | Reading file: embeddings_000211.pkl.gz
10:13:57 | INFO | Reading file: embeddings_000213.pkl.gz
10:14:00 | INFO | Reading file: embeddings_000212.pkl.gz
10:14:03 | INFO | Reading file: embeddings_000214.pkl.gz
10:14:06 | INFO | Reading file: embeddings_000213.pkl.gz
10:14:09 | INFO | Reading file: embeddings_000215.pkl.gz
10:14:12 | INFO | Reading file: embeddings_000214.pkl.gz
10:14:15 | INFO | Reading file: embeddings_000216.pkl.gz
10:14:19 | INFO | Reading file: embeddings_000215.pkl.gz
10:14:23 | INFO | Reading file: embeddings_000217.pkl.gz
10:14:26 | INFO | Reading file: embeddings_000216.pkl.gz
10:14:30 | INFO | Reading file: embeddings_000218.pkl.gz
10:14:34 | INFO | Reading file: embeddings_000217.pkl.gz
10:14:37 | INFO | Reading file: embeddings_000219.pkl.gz
10:14:41 | INFO | Reading file: embeddings_000218.pkl.gz
10:14:44 | INFO | Reading file: embeddings_000220.pkl.gz
10:14:47 | INFO | Reading file: embeddings_000219.pkl.gz
10:14:50 | INFO | Reading file: embeddings_000221.pkl.gz
10:14:53 | INFO | Reading file: embeddings_000220.pkl.gz
10:14:57 | INFO | Reading file: embeddings_000222.pkl.gz
10:15:01 | INFO | Reading file: embeddings_000221.pkl.gz
10:15:04 | INFO | Reading file: embeddings_000223.pkl.gz
10:15:04 | INFO | Reading file: embeddings_000224.pkl.gz
10:15:04 | INFO | Reading file: embeddings_000225.pkl.gz
10:15:04 | INFO | Reading file: embeddings_000226.pkl.gz
10:15:04 | INFO | Reading file: embeddings_000227.pkl.gz
10:15:05 | INFO | Reading file: embeddings_000228.pkl.gz
10:15:05 | INFO | Reading file: embeddings_000229.pkl.gz
10:15:05 | INFO | Reading file: embeddings_000230.pkl.gz
10:15:05 | INFO | Reading file: embeddings_000231.pkl.gz
10:15:05 | INFO | Reading file: embeddings_000232.pkl.gz
10:15:05 | INFO | Reading file: embeddings_000233.pkl.gz
10:15:06 | INFO | Reading file: embeddings_000234.pkl.gz
10:15:06 | INFO | Reading file: embeddings_000235.pkl.gz
10:15:06 | INFO | Reading file: embeddings_000236.pkl.gz
10:15:06 | INFO | Reading file: embeddings_000237.pkl.gz
10:15:06 | INFO | Reading file: embeddings_000238.pkl.gz
10:15:07 | INFO | Reading file: embeddings_000239.pkl.gz
10:15:07 | INFO | Reading file: embeddings_000240.pkl.gz
10:15:07 | INFO | Reading file: embeddings_000241.pkl.gz
10:15:07 | INFO | Reading file: embeddings_000242.pkl.gz
10:15:07 | INFO | Reading file: embeddings_000243.pkl.gz
10:15:07 | INFO | Reading file: embeddings_000244.pkl.gz
10:15:07 | INFO | Reading file: embeddings_000245.pkl.gz
10:15:08 | INFO | Reading file: embeddings_000246.pkl.gz
10:15:08 | INFO | Reading file: embeddings_000247.pkl.gz
10:15:08 | INFO | Reading file: embeddings_000248.pkl.gz
10:15:08 | INFO | Reading file: embeddings_000249.pkl.gz
10:15:08 | INFO | Reading file: embeddings_000250.pkl.gz
10:15:08 | INFO | Reading file: embeddings_000251.pkl.gz
10:15:09 | INFO | Reading file: embeddings_000252.pkl.gz
10:15:09 | INFO | Reading file: embeddings_000253.pkl.gz
10:15:09 | INFO | Reading file: embeddings_000254.pkl.gz
10:15:09 | INFO | Reading file: embeddings_000255.pkl.gz
10:15:09 | INFO | Reading file: embeddings_000222.pkl.gz
10:15:09 | INFO | Reading file: embeddings_000256.pkl.gz
10:15:09 | INFO | Reading file: embeddings_000257.pkl.gz
10:15:09 | INFO | Reading file: embeddings_000258.pkl.gz
10:15:10 | INFO | Reading file: embeddings_000259.pkl.gz
10:15:10 | INFO | Reading file: embeddings_000260.pkl.gz
10:15:10 | INFO | Reading file: embeddings_000261.pkl.gz
10:15:10 | INFO | Reading file: embeddings_000262.pkl.gz
10:15:10 | INFO | Reading file: embeddings_000263.pkl.gz
10:15:10 | INFO | Reading file: embeddings_000264.pkl.gz
10:15:10 | INFO | Reading file: embeddings_000265.pkl.gz
10:15:11 | INFO | Reading file: embeddings_000266.pkl.gz
10:15:11 | INFO | Reading file: embeddings_000267.pkl.gz
10:15:11 | INFO | Reading file: embeddings_000268.pkl.gz
10:15:11 | INFO | Reading file: embeddings_000269.pkl.gz
10:15:11 | INFO | Reading file: embeddings_000270.pkl.gz
10:15:11 | INFO | Reading file: embeddings_000271.pkl.gz
10:15:11 | INFO | Reading file: embeddings_000272.pkl.gz
10:15:12 | INFO | Reading file: embeddings_000273.pkl.gz
10:15:12 | INFO | Reading file: embeddings_000274.pkl.gz
10:15:12 | INFO | Reading file: embeddings_000275.pkl.gz
10:15:12 | INFO | Reading file: embeddings_000276.pkl.gz
10:15:13 | INFO | Reading file: embeddings_000277.pkl.gz
10:15:13 | INFO | Reading file: embeddings_000278.pkl.gz
10:15:13 | INFO | Reading file: embeddings_000279.pkl.gz
10:15:13 | INFO | Reading file: embeddings_000280.pkl.gz
10:15:13 | INFO | Reading file: embeddings_000281.pkl.gz
10:15:13 | INFO | Reading file: embeddings_000282.pkl.gz
10:15:13 | INFO | Reading file: embeddings_000283.pkl.gz
10:15:14 | INFO | Reading file: embeddings_000284.pkl.gz
10:15:14 | INFO | Reading file: embeddings_000285.pkl.gz
10:15:14 | INFO | Reading file: embeddings_000286.pkl.gz
10:15:14 | INFO | Reading file: embeddings_000287.pkl.gz
10:15:14 | INFO | Reading file: embeddings_000288.pkl.gz
10:15:14 | INFO | Reading file: embeddings_000289.pkl.gz
10:15:14 | INFO | Reading file: embeddings_000290.pkl.gz
10:15:14 | INFO | Reading file: embeddings_000291.pkl.gz
10:15:15 | INFO | Reading file: embeddings_000292.pkl.gz
10:15:15 | INFO | Reading file: embeddings_000293.pkl.gz
10:15:15 | INFO | Reading file: embeddings_000294.pkl.gz
10:15:15 | INFO | Reading file: embeddings_000295.pkl.gz
10:15:15 | INFO | Reading file: embeddings_000296.pkl.gz
10:15:16 | INFO | Reading file: embeddings_000297.pkl.gz
10:15:16 | INFO | Reading file: embeddings_000298.pkl.gz
10:15:16 | INFO | Reading file: embeddings_000299.pkl.gz
10:15:16 | INFO | Reading file: embeddings_000300.pkl.gz
10:15:16 | INFO | Reading file: embeddings_000223.pkl.gz
10:15:16 | INFO | Reading file: embeddings_000301.pkl.gz
10:15:16 | INFO | Reading file: embeddings_000302.pkl.gz
10:15:16 | INFO | Reading file: embeddings_000303.pkl.gz
10:15:17 | INFO | Reading file: embeddings_000304.pkl.gz
10:15:17 | INFO | Reading file: embeddings_000305.pkl.gz
10:15:17 | INFO | Reading file: embeddings_000306.pkl.gz
10:15:17 | INFO | Reading file: embeddings_000307.pkl.gz
10:15:17 | INFO | Reading file: embeddings_000308.pkl.gz
10:15:17 | INFO | Reading file: embeddings_000309.pkl.gz
10:15:17 | INFO | Reading file: embeddings_000310.pkl.gz
10:15:18 | INFO | Reading file: embeddings_000311.pkl.gz
10:15:18 | INFO | Reading file: embeddings_000312.pkl.gz
10:15:18 | INFO | Reading file: embeddings_000313.pkl.gz
10:15:18 | INFO | Reading file: embeddings_000314.pkl.gz
10:15:19 | INFO | Reading file: embeddings_000315.pkl.gz
10:15:19 | INFO | Reading file: embeddings_000316.pkl.gz
10:15:19 | INFO | Reading file: embeddings_000317.pkl.gz
10:15:19 | INFO | Reading file: embeddings_000318.pkl.gz
10:15:19 | INFO | Reading file: embeddings_000319.pkl.gz
10:15:19 | INFO | Reading file: embeddings_000320.pkl.gz
10:15:19 | INFO | Reading file: embeddings_000321.pkl.gz
10:15:20 | INFO | Reading file: embeddings_000322.pkl.gz
10:15:20 | INFO | Reading file: embeddings_000323.pkl.gz
10:15:20 | INFO | Reading file: embeddings_000324.pkl.gz
10:15:20 | INFO | Reading file: embeddings_000325.pkl.gz
10:15:20 | INFO | Reading file: embeddings_000326.pkl.gz
10:15:20 | INFO | Reading file: embeddings_000327.pkl.gz
10:15:20 | INFO | Reading file: embeddings_000328.pkl.gz
10:15:21 | INFO | Reading file: embeddings_000329.pkl.gz
10:15:21 | INFO | Reading file: embeddings_000330.pkl.gz
10:15:21 | INFO | Reading file: embeddings_000331.pkl.gz
10:15:21 | INFO | Reading file: embeddings_000332.pkl.gz
10:15:21 | INFO | Reading file: embeddings_000333.pkl.gz
10:15:21 | INFO | Reading file: embeddings_000334.pkl.gz
10:15:22 | INFO | Reading file: embeddings_000335.pkl.gz
10:15:22 | INFO | Reading file: embeddings_000336.pkl.gz
10:15:22 | INFO | Reading file: embeddings_000337.pkl.gz
10:15:22 | INFO | Reading file: embeddings_000338.pkl.gz
10:15:23 | INFO | Reading file: embeddings_000224.pkl.gz
10:15:31 | INFO | Reading file: embeddings_000225.pkl.gz
10:15:31 | INFO | Saved 46882 embeddings to data/model/surgery/semantic/pubmedbert_2017.pkl.gz
10:15:37 | INFO | Reading file: embeddings_000226.pkl.gz
10:15:43 | INFO | Reading file: embeddings_000227.pkl.gz
10:15:49 | INFO | Reading file: embeddings_000228.pkl.gz
10:15:55 | INFO | Reading file: embeddings_000229.pkl.gz
10:16:02 | INFO | Reading file: embeddings_000230.pkl.gz
10:16:09 | INFO | Reading file: embeddings_000231.pkl.gz
10:16:16 | INFO | Reading file: embeddings_000232.pkl.gz
10:16:23 | INFO | Reading file: embeddings_000233.pkl.gz
10:16:29 | INFO | Reading file: embeddings_000234.pkl.gz
10:16:37 | INFO | Reading file: embeddings_000235.pkl.gz
10:16:44 | INFO | Reading file: embeddings_000236.pkl.gz
10:16:50 | INFO | Reading file: embeddings_000237.pkl.gz
10:16:56 | INFO | Reading file: embeddings_000238.pkl.gz
10:17:02 | INFO | Reading file: embeddings_000239.pkl.gz
10:17:08 | INFO | Reading file: embeddings_000240.pkl.gz
10:17:13 | INFO | Reading file: embeddings_000241.pkl.gz
10:17:19 | INFO | Reading file: embeddings_000242.pkl.gz
10:17:25 | INFO | Reading file: embeddings_000243.pkl.gz
10:17:30 | INFO | Reading file: embeddings_000244.pkl.gz
10:17:36 | INFO | Reading file: embeddings_000245.pkl.gz
10:17:41 | INFO | Reading file: embeddings_000246.pkl.gz
10:17:47 | INFO | Reading file: embeddings_000247.pkl.gz
10:17:52 | INFO | Reading file: embeddings_000248.pkl.gz
10:17:58 | INFO | Reading file: embeddings_000249.pkl.gz
10:18:03 | INFO | Reading file: embeddings_000250.pkl.gz
10:18:09 | INFO | Reading file: embeddings_000251.pkl.gz
10:18:15 | INFO | Reading file: embeddings_000252.pkl.gz
10:18:22 | INFO | Reading file: embeddings_000253.pkl.gz
10:18:29 | INFO | Reading file: embeddings_000254.pkl.gz
10:18:34 | INFO | Reading file: embeddings_000255.pkl.gz
10:18:40 | INFO | Reading file: embeddings_000256.pkl.gz
10:18:46 | INFO | Reading file: embeddings_000257.pkl.gz
10:18:51 | INFO | Reading file: embeddings_000258.pkl.gz
10:18:57 | INFO | Reading file: embeddings_000259.pkl.gz
10:19:03 | INFO | Reading file: embeddings_000260.pkl.gz
10:19:10 | INFO | Reading file: embeddings_000261.pkl.gz
10:19:18 | INFO | Reading file: embeddings_000262.pkl.gz
10:19:26 | INFO | Reading file: embeddings_000263.pkl.gz
10:19:32 | INFO | Reading file: embeddings_000264.pkl.gz
10:19:37 | INFO | Reading file: embeddings_000265.pkl.gz
10:19:43 | INFO | Reading file: embeddings_000266.pkl.gz
10:19:49 | INFO | Reading file: embeddings_000267.pkl.gz
10:19:55 | INFO | Reading file: embeddings_000268.pkl.gz
10:20:01 | INFO | Reading file: embeddings_000269.pkl.gz
10:20:07 | INFO | Reading file: embeddings_000270.pkl.gz
10:20:13 | INFO | Reading file: embeddings_000271.pkl.gz
10:20:18 | INFO | Reading file: embeddings_000272.pkl.gz
10:20:24 | INFO | Reading file: embeddings_000273.pkl.gz
10:20:31 | INFO | Reading file: embeddings_000274.pkl.gz
10:20:37 | INFO | Reading file: embeddings_000275.pkl.gz
10:20:42 | INFO | Reading file: embeddings_000276.pkl.gz
10:20:48 | INFO | Reading file: embeddings_000277.pkl.gz
10:20:54 | INFO | Reading file: embeddings_000278.pkl.gz
10:21:00 | INFO | Reading file: embeddings_000279.pkl.gz
10:21:06 | INFO | Reading file: embeddings_000280.pkl.gz
10:21:13 | INFO | Reading file: embeddings_000281.pkl.gz
10:21:19 | INFO | Reading file: embeddings_000282.pkl.gz
10:21:25 | INFO | Reading file: embeddings_000283.pkl.gz
10:21:31 | INFO | Reading file: embeddings_000284.pkl.gz
10:21:38 | INFO | Reading file: embeddings_000285.pkl.gz
10:21:44 | INFO | Reading file: embeddings_000286.pkl.gz
10:21:50 | INFO | Reading file: embeddings_000287.pkl.gz
10:21:55 | INFO | Reading file: embeddings_000288.pkl.gz
10:22:01 | INFO | Reading file: embeddings_000289.pkl.gz
10:22:07 | INFO | Reading file: embeddings_000290.pkl.gz
10:22:13 | INFO | Reading file: embeddings_000291.pkl.gz
10:22:19 | INFO | Reading file: embeddings_000292.pkl.gz
10:22:24 | INFO | Reading file: embeddings_000293.pkl.gz
10:22:31 | INFO | Reading file: embeddings_000294.pkl.gz
10:22:37 | INFO | Reading file: embeddings_000295.pkl.gz
10:22:43 | INFO | Reading file: embeddings_000296.pkl.gz
10:22:49 | INFO | Reading file: embeddings_000297.pkl.gz
10:22:55 | INFO | Reading file: embeddings_000298.pkl.gz
10:23:01 | INFO | Reading file: embeddings_000299.pkl.gz
10:23:07 | INFO | Reading file: embeddings_000300.pkl.gz
10:23:13 | INFO | Reading file: embeddings_000301.pkl.gz
10:23:18 | INFO | Reading file: embeddings_000302.pkl.gz
10:23:24 | INFO | Reading file: embeddings_000303.pkl.gz
10:23:29 | INFO | Reading file: embeddings_000304.pkl.gz
10:23:35 | INFO | Reading file: embeddings_000305.pkl.gz
10:23:42 | INFO | Reading file: embeddings_000306.pkl.gz
10:23:49 | INFO | Reading file: embeddings_000307.pkl.gz
10:23:55 | INFO | Reading file: embeddings_000308.pkl.gz
10:24:02 | INFO | Reading file: embeddings_000309.pkl.gz
10:24:09 | INFO | Reading file: embeddings_000310.pkl.gz
10:24:15 | INFO | Reading file: embeddings_000311.pkl.gz
10:24:21 | INFO | Reading file: embeddings_000312.pkl.gz
10:24:27 | INFO | Reading file: embeddings_000313.pkl.gz
10:24:32 | INFO | Reading file: embeddings_000314.pkl.gz
10:24:38 | INFO | Reading file: embeddings_000315.pkl.gz
10:24:43 | INFO | Reading file: embeddings_000316.pkl.gz
10:24:43 | INFO | Reading file: embeddings_000317.pkl.gz
10:24:44 | INFO | Reading file: embeddings_000318.pkl.gz
10:24:44 | INFO | Reading file: embeddings_000319.pkl.gz
10:24:44 | INFO | Reading file: embeddings_000320.pkl.gz
10:24:44 | INFO | Reading file: embeddings_000321.pkl.gz
10:24:44 | INFO | Reading file: embeddings_000322.pkl.gz
10:24:44 | INFO | Reading file: embeddings_000323.pkl.gz
10:24:44 | INFO | Reading file: embeddings_000324.pkl.gz
10:24:44 | INFO | Reading file: embeddings_000325.pkl.gz
10:24:45 | INFO | Reading file: embeddings_000326.pkl.gz
10:24:45 | INFO | Reading file: embeddings_000327.pkl.gz
10:24:45 | INFO | Reading file: embeddings_000328.pkl.gz
10:24:45 | INFO | Reading file: embeddings_000329.pkl.gz
10:24:45 | INFO | Reading file: embeddings_000330.pkl.gz
10:24:45 | INFO | Reading file: embeddings_000331.pkl.gz
10:24:45 | INFO | Reading file: embeddings_000332.pkl.gz
10:24:45 | INFO | Reading file: embeddings_000333.pkl.gz
10:24:45 | INFO | Reading file: embeddings_000334.pkl.gz
10:24:45 | INFO | Reading file: embeddings_000335.pkl.gz
10:24:46 | INFO | Reading file: embeddings_000336.pkl.gz
10:24:46 | INFO | Reading file: embeddings_000337.pkl.gz
10:24:46 | INFO | Reading file: embeddings_000338.pkl.gz
10:24:52 | INFO | Saved 48138 embeddings to data/model/surgery/semantic/pubmedbert_2019.pkl.gz
09:41:11 | INFO | Using device: mps
09:41:11 | INFO | Embedding model: microsoft/BiomedNLP-BiomedBERT-base-uncased-abstract-fulltext
09:41:11 | INFO | Prepare dataframe
09:41:19 | INFO | Keeping 305399 of 306450 records with at least one retained graph concept
09:41:54 | INFO | Resume: 169073 completed work(s) in 339 chunk(s); 136326 of 305399 selected work(s) remain.
09:41:54 | INFO | Setup model
09:41:56 | INFO | Generate word embeddings
09:41:56 | INFO | Process pending records 0 to 500...
09:42:39 | INFO | Save embeddings
09:42:40 | INFO | Process pending records 500 to 1000...
09:43:22 | INFO | Save embeddings
09:43:22 | INFO | Process pending records 1000 to 1500...
09:44:03 | INFO | Save embeddings
09:44:03 | INFO | Process pending records 1500 to 2000...
09:44:42 | INFO | Save embeddings
09:44:42 | INFO | Process pending records 2000 to 2500...
09:45:21 | INFO | Save embeddings
09:45:22 | INFO | Process pending records 2500 to 3000...
09:46:01 | INFO | Save embeddings
09:46:02 | INFO | Process pending records 3000 to 3500...
09:46:46 | INFO | Save embeddings
09:46:46 | INFO | Process pending records 3500 to 4000...
09:47:31 | INFO | Save embeddings
09:47:31 | INFO | Process pending records 4000 to 4500...
09:48:14 | INFO | Save embeddings
09:48:14 | INFO | Process pending records 4500 to 5000...
09:48:53 | INFO | Save embeddings
09:48:53 | INFO | Process pending records 5000 to 5500...
09:49:31 | INFO | Save embeddings
09:49:31 | INFO | Process pending records 5500 to 6000...
09:50:10 | INFO | Save embeddings
09:50:10 | INFO | Process pending records 6000 to 6500...
09:50:48 | INFO | Save embeddings
09:50:48 | INFO | Process pending records 6500 to 7000...
09:51:26 | INFO | Save embeddings
09:51:26 | INFO | Process pending records 7000 to 7500...
09:52:03 | INFO | Save embeddings
09:52:03 | INFO | Process pending records 7500 to 8000...
09:52:42 | INFO | Save embeddings
09:52:43 | INFO | Process pending records 8000 to 8500...
09:53:20 | INFO | Save embeddings
09:53:20 | INFO | Process pending records 8500 to 9000...
09:53:58 | INFO | Save embeddings
09:53:58 | INFO | Process pending records 9000 to 9500...
09:54:35 | INFO | Save embeddings
09:54:35 | INFO | Process pending records 9500 to 10000...
09:55:12 | INFO | Save embeddings
09:55:12 | INFO | Process pending records 10000 to 10500...
09:55:49 | INFO | Save embeddings
09:55:49 | INFO | Process pending records 10500 to 11000...
09:56:27 | INFO | Save embeddings
09:56:27 | INFO | Process pending records 11000 to 11500...
09:57:05 | INFO | Save embeddings
09:57:06 | INFO | Process pending records 11500 to 12000...
09:57:42 | INFO | Save embeddings
09:57:43 | INFO | Process pending records 12000 to 12500...
09:58:20 | INFO | Save embeddings
09:58:20 | INFO | Process pending records 12500 to 13000...
09:58:57 | INFO | Save embeddings
09:58:57 | INFO | Process pending records 13000 to 13500...
09:59:34 | INFO | Save embeddings
09:59:34 | INFO | Process pending records 13500 to 14000...
10:00:12 | INFO | Save embeddings
10:00:12 | INFO | Process pending records 14000 to 14500...
10:00:51 | INFO | Save embeddings
10:00:52 | INFO | Process pending records 14500 to 15000...
10:01:28 | INFO | Save embeddings
10:01:28 | INFO | Process pending records 15000 to 15500...
10:02:07 | INFO | Save embeddings
10:02:08 | INFO | Process pending records 15500 to 16000...
10:02:45 | INFO | Save embeddings
10:02:45 | INFO | Process pending records 16000 to 16500...
10:03:21 | INFO | Save embeddings
10:03:21 | INFO | Process pending records 16500 to 17000...
10:03:57 | INFO | Save embeddings
10:03:58 | INFO | Process pending records 17000 to 17500...
10:04:35 | INFO | Save embeddings
10:04:36 | INFO | Process pending records 17500 to 18000...
10:05:13 | INFO | Save embeddings
10:05:14 | INFO | Process pending records 18000 to 18500...
10:05:50 | INFO | Save embeddings
10:05:51 | INFO | Process pending records 18500 to 19000...
10:06:28 | INFO | Save embeddings
10:06:28 | INFO | Process pending records 19000 to 19500...
10:07:09 | INFO | Save embeddings
10:07:09 | INFO | Process pending records 19500 to 20000...
10:07:49 | INFO | Save embeddings
10:07:49 | INFO | Process pending records 20000 to 20500...
10:08:26 | INFO | Save embeddings
10:08:27 | INFO | Process pending records 20500 to 21000...
10:09:04 | INFO | Save embeddings
10:09:04 | INFO | Process pending records 21000 to 21500...
10:09:43 | INFO | Save embeddings
10:09:44 | INFO | Process pending records 21500 to 22000...
10:10:23 | INFO | Save embeddings
10:10:23 | INFO | Process pending records 22000 to 22500...
10:11:01 | INFO | Save embeddings
10:11:01 | INFO | Process pending records 22500 to 23000...
10:11:41 | INFO | Save embeddings
10:11:41 | INFO | Process pending records 23000 to 23500...
10:12:20 | INFO | Save embeddings
10:12:20 | INFO | Process pending records 23500 to 24000...
10:12:58 | INFO | Save embeddings
10:12:58 | INFO | Process pending records 24000 to 24500...
10:13:40 | INFO | Save embeddings
10:13:40 | INFO | Process pending records 24500 to 25000...
10:14:17 | INFO | Save embeddings
10:14:18 | INFO | Process pending records 25000 to 25500...
10:15:05 | INFO | Save embeddings
10:15:05 | INFO | Process pending records 25500 to 26000...
10:15:44 | INFO | Save embeddings
10:15:44 | INFO | Process pending records 26000 to 26500...
10:16:22 | INFO | Save embeddings
10:16:23 | INFO | Process pending records 26500 to 27000...
10:16:58 | INFO | Save embeddings
10:16:58 | INFO | Process pending records 27000 to 27500...
10:17:34 | INFO | Save embeddings
10:17:34 | INFO | Process pending records 27500 to 28000...
10:18:09 | INFO | Save embeddings
10:18:10 | INFO | Process pending records 28000 to 28500...
10:18:44 | INFO | Save embeddings
10:18:44 | INFO | Process pending records 28500 to 29000...
10:19:19 | INFO | Save embeddings
10:19:19 | INFO | Process pending records 29000 to 29500...
10:19:54 | INFO | Save embeddings
10:19:54 | INFO | Process pending records 29500 to 30000...
10:20:29 | INFO | Save embeddings
10:20:30 | INFO | Process pending records 30000 to 30500...
10:21:05 | INFO | Save embeddings
10:21:05 | INFO | Process pending records 30500 to 31000...
10:21:40 | INFO | Save embeddings
10:21:41 | INFO | Process pending records 31000 to 31500...
10:22:16 | INFO | Save embeddings
10:22:16 | INFO | Process pending records 31500 to 32000...
10:22:51 | INFO | Save embeddings
10:22:51 | INFO | Process pending records 32000 to 32500...
10:23:28 | INFO | Save embeddings
10:23:28 | INFO | Process pending records 32500 to 33000...
10:24:05 | INFO | Save embeddings
10:24:05 | INFO | Process pending records 33000 to 33500...
10:24:43 | INFO | Save embeddings
10:24:43 | INFO | Process pending records 33500 to 34000...
10:25:21 | INFO | Save embeddings
10:25:22 | INFO | Process pending records 34000 to 34500...
10:26:00 | INFO | Save embeddings
10:26:01 | INFO | Process pending records 34500 to 35000...
10:26:38 | INFO | Save embeddings
10:26:38 | INFO | Process pending records 35000 to 35500...
10:27:15 | INFO | Save embeddings
10:27:16 | INFO | Process pending records 35500 to 36000...
10:27:54 | INFO | Save embeddings
10:27:54 | INFO | Process pending records 36000 to 36500...
10:28:31 | INFO | Save embeddings
10:28:31 | INFO | Process pending records 36500 to 37000...
10:29:10 | INFO | Save embeddings
10:29:10 | INFO | Process pending records 37000 to 37500...
10:29:47 | INFO | Save embeddings
10:29:47 | INFO | Process pending records 37500 to 38000...
10:30:25 | INFO | Save embeddings
10:30:25 | INFO | Process pending records 38000 to 38500...
10:31:02 | INFO | Save embeddings
10:31:03 | INFO | Process pending records 38500 to 39000...
10:31:40 | INFO | Save embeddings
10:31:41 | INFO | Process pending records 39000 to 39500...
10:32:18 | INFO | Save embeddings
10:32:18 | INFO | Process pending records 39500 to 40000...
10:32:56 | INFO | Save embeddings
10:32:56 | INFO | Process pending records 40000 to 40500...
10:33:33 | INFO | Save embeddings
10:33:33 | INFO | Process pending records 40500 to 41000...
10:34:11 | INFO | Save embeddings
10:34:12 | INFO | Process pending records 41000 to 41500...
10:34:50 | INFO | Save embeddings
10:34:50 | INFO | Process pending records 41500 to 42000...
10:35:26 | INFO | Save embeddings
10:35:26 | INFO | Process pending records 42000 to 42500...
10:36:01 | INFO | Save embeddings
10:36:01 | INFO | Process pending records 42500 to 43000...
10:36:38 | INFO | Save embeddings
10:36:39 | INFO | Process pending records 43000 to 43500...
10:37:17 | INFO | Save embeddings
10:37:17 | INFO | Process pending records 43500 to 44000...
10:37:55 | INFO | Save embeddings
10:37:55 | INFO | Process pending records 44000 to 44500...
10:38:34 | INFO | Save embeddings
10:38:34 | INFO | Process pending records 44500 to 45000...
10:39:11 | INFO | Save embeddings
10:39:12 | INFO | Process pending records 45000 to 45500...
10:39:52 | INFO | Save embeddings
10:39:52 | INFO | Process pending records 45500 to 46000...
10:40:30 | INFO | Save embeddings
10:40:30 | INFO | Process pending records 46000 to 46500...
10:41:10 | INFO | Save embeddings
10:41:10 | INFO | Process pending records 46500 to 47000...
10:41:50 | INFO | Save embeddings
10:41:51 | INFO | Process pending records 47000 to 47500...
10:42:33 | INFO | Save embeddings
10:42:34 | INFO | Process pending records 47500 to 48000...
10:43:12 | INFO | Save embeddings
10:43:12 | INFO | Process pending records 48000 to 48500...
10:43:50 | INFO | Save embeddings
10:43:50 | INFO | Process pending records 48500 to 49000...
10:44:27 | INFO | Save embeddings
10:44:28 | INFO | Process pending records 49000 to 49500...
10:45:06 | INFO | Save embeddings
10:45:07 | INFO | Process pending records 49500 to 50000...
10:45:45 | INFO | Save embeddings
10:45:45 | INFO | Process pending records 50000 to 50500...
10:46:23 | INFO | Save embeddings
10:46:23 | INFO | Process pending records 50500 to 51000...
10:47:01 | INFO | Save embeddings
10:47:01 | INFO | Process pending records 51000 to 51500...
10:47:41 | INFO | Save embeddings
10:47:42 | INFO | Process pending records 51500 to 52000...
10:48:20 | INFO | Save embeddings
10:48:20 | INFO | Process pending records 52000 to 52500...
10:48:58 | INFO | Save embeddings
10:48:58 | INFO | Process pending records 52500 to 53000...
10:49:35 | INFO | Save embeddings
10:49:35 | INFO | Process pending records 53000 to 53500...
10:50:17 | INFO | Save embeddings
10:50:18 | INFO | Process pending records 53500 to 54000...
10:51:05 | INFO | Save embeddings
10:51:06 | INFO | Process pending records 54000 to 54500...
10:51:46 | INFO | Save embeddings
10:51:46 | INFO | Process pending records 54500 to 55000...
10:52:25 | INFO | Save embeddings
10:52:25 | INFO | Process pending records 55000 to 55500...
10:53:02 | INFO | Save embeddings
10:53:03 | INFO | Process pending records 55500 to 56000...
10:53:38 | INFO | Save embeddings
10:53:39 | INFO | Process pending records 56000 to 56500...
10:54:15 | INFO | Save embeddings
10:54:15 | INFO | Process pending records 56500 to 57000...
10:54:51 | INFO | Save embeddings
10:54:52 | INFO | Process pending records 57000 to 57500...
10:55:28 | INFO | Save embeddings
10:55:28 | INFO | Process pending records 57500 to 58000...
10:56:04 | INFO | Save embeddings
10:56:05 | INFO | Process pending records 58000 to 58500...
10:56:40 | INFO | Save embeddings
10:56:40 | INFO | Process pending records 58500 to 59000...
10:57:15 | INFO | Save embeddings
10:57:15 | INFO | Process pending records 59000 to 59500...
10:57:52 | INFO | Save embeddings
10:57:53 | INFO | Process pending records 59500 to 60000...
10:58:29 | INFO | Save embeddings
10:58:29 | INFO | Process pending records 60000 to 60500...
10:59:07 | INFO | Save embeddings
10:59:07 | INFO | Process pending records 60500 to 61000...
10:59:45 | INFO | Save embeddings
10:59:45 | INFO | Process pending records 61000 to 61500...
11:00:24 | INFO | Save embeddings
11:00:24 | INFO | Process pending records 61500 to 62000...
11:01:03 | INFO | Save embeddings
11:01:03 | INFO | Process pending records 62000 to 62500...
11:01:42 | INFO | Save embeddings
11:01:42 | INFO | Process pending records 62500 to 63000...
11:02:20 | INFO | Save embeddings
11:02:21 | INFO | Process pending records 63000 to 63500...
11:02:58 | INFO | Save embeddings
11:02:59 | INFO | Process pending records 63500 to 64000...
11:03:38 | INFO | Save embeddings
11:03:38 | INFO | Process pending records 64000 to 64500...
11:04:17 | INFO | Save embeddings
11:04:17 | INFO | Process pending records 64500 to 65000...
11:04:55 | INFO | Save embeddings
11:04:56 | INFO | Process pending records 65000 to 65500...
11:05:31 | INFO | Save embeddings
11:05:31 | INFO | Process pending records 65500 to 66000...
11:06:08 | INFO | Save embeddings
11:06:08 | INFO | Process pending records 66000 to 66500...
11:06:50 | INFO | Save embeddings
11:06:50 | INFO | Process pending records 66500 to 67000...
11:07:32 | INFO | Save embeddings
11:07:32 | INFO | Process pending records 67000 to 67500...
11:08:13 | INFO | Save embeddings
11:08:13 | INFO | Process pending records 67500 to 68000...
11:08:53 | INFO | Save embeddings
11:08:54 | INFO | Process pending records 68000 to 68500...
11:09:36 | INFO | Save embeddings
11:09:36 | INFO | Process pending records 68500 to 69000...
11:10:17 | INFO | Save embeddings
11:10:18 | INFO | Process pending records 69000 to 69500...
11:11:00 | INFO | Save embeddings
11:11:00 | INFO | Process pending records 69500 to 70000...
11:11:42 | INFO | Save embeddings
11:11:43 | INFO | Process pending records 70000 to 70500...
11:12:25 | INFO | Save embeddings
11:12:25 | INFO | Process pending records 70500 to 71000...
11:13:07 | INFO | Save embeddings
11:13:08 | INFO | Process pending records 71000 to 71500...
11:13:49 | INFO | Save embeddings
11:13:49 | INFO | Process pending records 71500 to 72000...
11:14:31 | INFO | Save embeddings
11:14:31 | INFO | Process pending records 72000 to 72500...
11:15:13 | INFO | Save embeddings
11:15:13 | INFO | Process pending records 72500 to 73000...
11:15:56 | INFO | Save embeddings
11:15:56 | INFO | Process pending records 73000 to 73500...
11:16:39 | INFO | Save embeddings
11:16:39 | INFO | Process pending records 73500 to 74000...
11:17:21 | INFO | Save embeddings
11:17:21 | INFO | Process pending records 74000 to 74500...
11:18:03 | INFO | Save embeddings
11:18:03 | INFO | Process pending records 74500 to 75000...
11:18:45 | INFO | Save embeddings
11:18:45 | INFO | Process pending records 75000 to 75500...
11:19:26 | INFO | Save embeddings
11:19:26 | INFO | Process pending records 75500 to 76000...
11:20:08 | INFO | Save embeddings
11:20:09 | INFO | Process pending records 76000 to 76500...
11:20:49 | INFO | Save embeddings
11:20:50 | INFO | Process pending records 76500 to 77000...
11:21:32 | INFO | Save embeddings
11:21:32 | INFO | Process pending records 77000 to 77500...
11:22:14 | INFO | Save embeddings
11:22:15 | INFO | Process pending records 77500 to 78000...
11:22:56 | INFO | Save embeddings
11:22:56 | INFO | Process pending records 78000 to 78500...
11:23:39 | INFO | Save embeddings
11:23:39 | INFO | Process pending records 78500 to 79000...
11:24:22 | INFO | Save embeddings
11:24:23 | INFO | Process pending records 79000 to 79500...
11:25:04 | INFO | Save embeddings
11:25:04 | INFO | Process pending records 79500 to 80000...
11:25:46 | INFO | Save embeddings
11:25:46 | INFO | Process pending records 80000 to 80500...
11:26:27 | INFO | Save embeddings
11:26:28 | INFO | Process pending records 80500 to 81000...
11:27:10 | INFO | Save embeddings
11:27:11 | INFO | Process pending records 81000 to 81500...
11:27:52 | INFO | Save embeddings
11:27:52 | INFO | Process pending records 81500 to 82000...
11:28:33 | INFO | Save embeddings
11:28:34 | INFO | Process pending records 82000 to 82500...
11:29:15 | INFO | Save embeddings
11:29:16 | INFO | Process pending records 82500 to 83000...
11:29:59 | INFO | Save embeddings
11:29:59 | INFO | Process pending records 83000 to 83500...
11:30:41 | INFO | Save embeddings
11:30:42 | INFO | Process pending records 83500 to 84000...
11:31:24 | INFO | Save embeddings
11:31:24 | INFO | Process pending records 84000 to 84500...
11:32:06 | INFO | Save embeddings
11:32:07 | INFO | Process pending records 84500 to 85000...
11:32:48 | INFO | Save embeddings
11:32:49 | INFO | Process pending records 85000 to 85500...
11:33:31 | INFO | Save embeddings
11:33:31 | INFO | Process pending records 85500 to 86000...
11:34:11 | INFO | Save embeddings
11:34:11 | INFO | Process pending records 86000 to 86500...
11:34:51 | INFO | Save embeddings
11:34:51 | INFO | Process pending records 86500 to 87000...
11:35:29 | INFO | Save embeddings
11:35:30 | INFO | Process pending records 87000 to 87500...
11:36:06 | INFO | Save embeddings
11:36:06 | INFO | Process pending records 87500 to 88000...
11:36:45 | INFO | Save embeddings
11:36:45 | INFO | Process pending records 88000 to 88500...
11:37:23 | INFO | Save embeddings
11:37:24 | INFO | Process pending records 88500 to 89000...
11:38:02 | INFO | Save embeddings
11:38:02 | INFO | Process pending records 89000 to 89500...
11:38:42 | INFO | Save embeddings
11:38:43 | INFO | Process pending records 89500 to 90000...
11:39:22 | INFO | Save embeddings
11:39:22 | INFO | Process pending records 90000 to 90500...
11:40:01 | INFO | Save embeddings
11:40:01 | INFO | Process pending records 90500 to 91000...
11:40:40 | INFO | Save embeddings
11:40:40 | INFO | Process pending records 91000 to 91500...
11:41:20 | INFO | Save embeddings
11:41:21 | INFO | Process pending records 91500 to 92000...
11:42:00 | INFO | Save embeddings
11:42:01 | INFO | Process pending records 92000 to 92500...
11:42:39 | INFO | Save embeddings
11:42:39 | INFO | Process pending records 92500 to 93000...
11:43:18 | INFO | Save embeddings
11:43:19 | INFO | Process pending records 93000 to 93500...
11:43:57 | INFO | Save embeddings
11:43:58 | INFO | Process pending records 93500 to 94000...
11:44:37 | INFO | Save embeddings
11:44:37 | INFO | Process pending records 94000 to 94500...
11:45:16 | INFO | Save embeddings
11:45:16 | INFO | Process pending records 94500 to 95000...
11:45:55 | INFO | Save embeddings
11:45:55 | INFO | Process pending records 95000 to 95500...
11:46:35 | INFO | Save embeddings
11:46:35 | INFO | Process pending records 95500 to 96000...
11:47:15 | INFO | Save embeddings
11:47:15 | INFO | Process pending records 96000 to 96500...
11:47:54 | INFO | Save embeddings
11:47:55 | INFO | Process pending records 96500 to 97000...
11:48:34 | INFO | Save embeddings
11:48:35 | INFO | Process pending records 97000 to 97500...
11:49:15 | INFO | Save embeddings
11:49:15 | INFO | Process pending records 97500 to 98000...
11:49:54 | INFO | Save embeddings
11:49:54 | INFO | Process pending records 98000 to 98500...
11:50:34 | INFO | Save embeddings
11:50:35 | INFO | Process pending records 98500 to 99000...
11:51:14 | INFO | Save embeddings
11:51:15 | INFO | Process pending records 99000 to 99500...
11:51:53 | INFO | Save embeddings
11:51:54 | INFO | Process pending records 99500 to 100000...
11:52:33 | INFO | Save embeddings
11:52:34 | INFO | Process pending records 100000 to 100500...
11:53:12 | INFO | Save embeddings
11:53:13 | INFO | Process pending records 100500 to 101000...
11:53:51 | INFO | Save embeddings
11:53:52 | INFO | Process pending records 101000 to 101500...
11:54:31 | INFO | Save embeddings
11:54:31 | INFO | Process pending records 101500 to 102000...
11:55:11 | INFO | Save embeddings
11:55:11 | INFO | Process pending records 102000 to 102500...
11:55:50 | INFO | Save embeddings
11:55:50 | INFO | Process pending records 102500 to 103000...
11:56:30 | INFO | Save embeddings
11:56:31 | INFO | Process pending records 103000 to 103500...
11:57:12 | INFO | Save embeddings
11:57:12 | INFO | Process pending records 103500 to 104000...
11:57:51 | INFO | Save embeddings
11:57:52 | INFO | Process pending records 104000 to 104500...
11:58:31 | INFO | Save embeddings
11:58:31 | INFO | Process pending records 104500 to 105000...
11:59:10 | INFO | Save embeddings
11:59:11 | INFO | Process pending records 105000 to 105500...
11:59:49 | INFO | Save embeddings
11:59:49 | INFO | Process pending records 105500 to 106000...
12:00:32 | INFO | Save embeddings
12:00:32 | INFO | Process pending records 106000 to 106500...
12:01:12 | INFO | Save embeddings
12:01:13 | INFO | Process pending records 106500 to 107000...
12:01:53 | INFO | Save embeddings
12:01:53 | INFO | Process pending records 107000 to 107500...
12:02:33 | INFO | Save embeddings
12:02:33 | INFO | Process pending records 107500 to 108000...
12:03:13 | INFO | Save embeddings
12:03:14 | INFO | Process pending records 108000 to 108500...
12:03:53 | INFO | Save embeddings
12:03:54 | INFO | Process pending records 108500 to 109000...
12:04:33 | INFO | Save embeddings
12:04:33 | INFO | Process pending records 109000 to 109500...
12:05:13 | INFO | Save embeddings
12:05:13 | INFO | Process pending records 109500 to 110000...
12:05:53 | INFO | Save embeddings
12:05:53 | INFO | Process pending records 110000 to 110500...
12:06:33 | INFO | Save embeddings
12:06:33 | INFO | Process pending records 110500 to 111000...
12:07:12 | INFO | Save embeddings
12:07:12 | INFO | Process pending records 111000 to 111500...
12:07:49 | INFO | Save embeddings
12:07:50 | INFO | Process pending records 111500 to 112000...
12:08:27 | INFO | Save embeddings
12:08:27 | INFO | Process pending records 112000 to 112500...
12:09:07 | INFO | Save embeddings
12:09:08 | INFO | Process pending records 112500 to 113000...
12:09:47 | INFO | Save embeddings
12:09:47 | INFO | Process pending records 113000 to 113500...
12:10:28 | INFO | Save embeddings
12:10:28 | INFO | Process pending records 113500 to 114000...
12:11:11 | INFO | Save embeddings
12:11:11 | INFO | Process pending records 114000 to 114500...
12:11:50 | INFO | Save embeddings
12:11:50 | INFO | Process pending records 114500 to 115000...
12:12:30 | INFO | Save embeddings
12:12:30 | INFO | Process pending records 115000 to 115500...
12:13:09 | INFO | Save embeddings
12:13:10 | INFO | Process pending records 115500 to 116000...
12:13:49 | INFO | Save embeddings
12:13:49 | INFO | Process pending records 116000 to 116500...
12:14:28 | INFO | Save embeddings
12:14:28 | INFO | Process pending records 116500 to 117000...
12:15:07 | INFO | Save embeddings
12:15:07 | INFO | Process pending records 117000 to 117500...
12:15:47 | INFO | Save embeddings
12:15:48 | INFO | Process pending records 117500 to 118000...
12:16:26 | INFO | Save embeddings
12:16:27 | INFO | Process pending records 118000 to 118500...
12:17:07 | INFO | Save embeddings
12:17:07 | INFO | Process pending records 118500 to 119000...
12:17:47 | INFO | Save embeddings
12:17:47 | INFO | Process pending records 119000 to 119500...
12:18:27 | INFO | Save embeddings
12:18:28 | INFO | Process pending records 119500 to 120000...
12:19:07 | INFO | Save embeddings
12:19:07 | INFO | Process pending records 120000 to 120500...
12:19:49 | INFO | Save embeddings
12:19:49 | INFO | Process pending records 120500 to 121000...
12:20:28 | INFO | Save embeddings
12:20:28 | INFO | Process pending records 121000 to 121500...
12:21:07 | INFO | Save embeddings
12:21:07 | INFO | Process pending records 121500 to 122000...
12:21:46 | INFO | Save embeddings
12:21:47 | INFO | Process pending records 122000 to 122500...
12:22:26 | INFO | Save embeddings
12:22:26 | INFO | Process pending records 122500 to 123000...
12:23:06 | INFO | Save embeddings
12:23:06 | INFO | Process pending records 123000 to 123500...
12:23:46 | INFO | Save embeddings
12:23:46 | INFO | Process pending records 123500 to 124000...
12:24:25 | INFO | Save embeddings
12:24:25 | INFO | Process pending records 124000 to 124500...
12:25:04 | INFO | Save embeddings
12:25:05 | INFO | Process pending records 124500 to 125000...
12:25:44 | INFO | Save embeddings
12:25:45 | INFO | Process pending records 125000 to 125500...
12:26:24 | INFO | Save embeddings
12:26:24 | INFO | Process pending records 125500 to 126000...
12:27:03 | INFO | Save embeddings
12:27:03 | INFO | Process pending records 126000 to 126500...
12:27:43 | INFO | Save embeddings
12:27:43 | INFO | Process pending records 126500 to 127000...
12:28:22 | INFO | Save embeddings
12:28:23 | INFO | Process pending records 127000 to 127500...
12:29:02 | INFO | Save embeddings
12:29:02 | INFO | Process pending records 127500 to 128000...
12:29:42 | INFO | Save embeddings
12:29:42 | INFO | Process pending records 128000 to 128500...
12:30:22 | INFO | Save embeddings
12:30:23 | INFO | Process pending records 128500 to 129000...
12:31:01 | INFO | Save embeddings
12:31:02 | INFO | Process pending records 129000 to 129500...
12:31:41 | INFO | Save embeddings
12:31:41 | INFO | Process pending records 129500 to 130000...
12:32:20 | INFO | Save embeddings
12:32:21 | INFO | Process pending records 130000 to 130500...
12:33:02 | INFO | Save embeddings
12:33:02 | INFO | Process pending records 130500 to 131000...
12:33:46 | INFO | Save embeddings
12:33:46 | INFO | Process pending records 131000 to 131500...
12:34:28 | INFO | Save embeddings
12:34:29 | INFO | Process pending records 131500 to 132000...
12:35:08 | INFO | Save embeddings
12:35:09 | INFO | Process pending records 132000 to 132500...
12:35:49 | INFO | Save embeddings
12:35:49 | INFO | Process pending records 132500 to 133000...
12:36:28 | INFO | Save embeddings
12:36:28 | INFO | Process pending records 133000 to 133500...
12:37:09 | INFO | Save embeddings
12:37:09 | INFO | Process pending records 133500 to 134000...
12:37:49 | INFO | Save embeddings
12:37:49 | INFO | Process pending records 134000 to 134500...
12:38:30 | INFO | Save embeddings
12:38:31 | INFO | Process pending records 134500 to 135000...
12:39:13 | INFO | Save embeddings
12:39:14 | INFO | Process pending records 135000 to 135500...
12:39:55 | INFO | Save embeddings
12:39:55 | INFO | Process pending records 135500 to 136000...
12:40:37 | INFO | Save embeddings
12:40:37 | INFO | Process pending records 136000 to 136326...
12:41:04 | INFO | Save embeddings
12:53:54 | INFO | Averaging concepts of: 90898 works (total: 306450)
12:53:54 | INFO | Reading file: embeddings_000000.pkl.gz
12:53:59 | INFO | Reading file: embeddings_000001.pkl.gz
12:54:05 | INFO | Reading file: embeddings_000002.pkl.gz
12:54:11 | INFO | Reading file: embeddings_000003.pkl.gz
12:54:17 | INFO | Reading file: embeddings_000004.pkl.gz
12:54:22 | INFO | Reading file: embeddings_000005.pkl.gz
12:54:28 | INFO | Reading file: embeddings_000006.pkl.gz
12:54:34 | INFO | Reading file: embeddings_000007.pkl.gz
12:54:40 | INFO | Reading file: embeddings_000008.pkl.gz
12:54:46 | INFO | Reading file: embeddings_000009.pkl.gz
12:54:52 | INFO | Reading file: embeddings_000010.pkl.gz
12:54:59 | INFO | Reading file: embeddings_000011.pkl.gz
12:55:00 | INFO | Averaging concepts of: 159150 works (total: 306450)
12:55:00 | INFO | Reading file: embeddings_000000.pkl.gz
12:55:05 | INFO | Reading file: embeddings_000012.pkl.gz
12:55:07 | INFO | Reading file: embeddings_000001.pkl.gz
12:55:12 | INFO | Reading file: embeddings_000013.pkl.gz
12:55:14 | INFO | Reading file: embeddings_000002.pkl.gz
12:55:18 | INFO | Reading file: embeddings_000014.pkl.gz
12:55:20 | INFO | Reading file: embeddings_000003.pkl.gz
12:55:24 | INFO | Reading file: embeddings_000015.pkl.gz
12:55:27 | INFO | Reading file: embeddings_000004.pkl.gz
12:55:31 | INFO | Reading file: embeddings_000016.pkl.gz
12:55:33 | INFO | Reading file: embeddings_000005.pkl.gz
12:55:38 | INFO | Reading file: embeddings_000017.pkl.gz
12:55:40 | INFO | Reading file: embeddings_000006.pkl.gz
12:55:45 | INFO | Reading file: embeddings_000018.pkl.gz
12:55:47 | INFO | Reading file: embeddings_000007.pkl.gz
12:55:51 | INFO | Reading file: embeddings_000019.pkl.gz
12:55:54 | INFO | Reading file: embeddings_000008.pkl.gz
12:55:58 | INFO | Reading file: embeddings_000020.pkl.gz
12:56:00 | INFO | Reading file: embeddings_000009.pkl.gz
12:56:05 | INFO | Reading file: embeddings_000021.pkl.gz
12:56:07 | INFO | Reading file: embeddings_000010.pkl.gz
12:56:13 | INFO | Reading file: embeddings_000022.pkl.gz
12:56:16 | INFO | Reading file: embeddings_000011.pkl.gz
12:56:20 | INFO | Reading file: embeddings_000023.pkl.gz
12:56:22 | INFO | Reading file: embeddings_000012.pkl.gz
12:56:26 | INFO | Reading file: embeddings_000024.pkl.gz
12:56:28 | INFO | Reading file: embeddings_000013.pkl.gz
12:56:32 | INFO | Reading file: embeddings_000025.pkl.gz
12:56:34 | INFO | Reading file: embeddings_000014.pkl.gz
12:56:38 | INFO | Reading file: embeddings_000026.pkl.gz
12:56:40 | INFO | Reading file: embeddings_000015.pkl.gz
12:56:45 | INFO | Reading file: embeddings_000027.pkl.gz
12:56:47 | INFO | Reading file: embeddings_000016.pkl.gz
12:56:52 | INFO | Reading file: embeddings_000028.pkl.gz
12:56:54 | INFO | Reading file: embeddings_000017.pkl.gz
12:56:59 | INFO | Reading file: embeddings_000029.pkl.gz
12:57:01 | INFO | Reading file: embeddings_000018.pkl.gz
12:57:05 | INFO | Reading file: embeddings_000030.pkl.gz
12:57:08 | INFO | Reading file: embeddings_000019.pkl.gz
12:57:12 | INFO | Reading file: embeddings_000031.pkl.gz
12:57:15 | INFO | Reading file: embeddings_000020.pkl.gz
12:57:19 | INFO | Reading file: embeddings_000032.pkl.gz
12:57:21 | INFO | Reading file: embeddings_000021.pkl.gz
12:57:25 | INFO | Reading file: embeddings_000033.pkl.gz
12:57:30 | INFO | Reading file: embeddings_000022.pkl.gz
12:57:34 | INFO | Reading file: embeddings_000034.pkl.gz
12:57:37 | INFO | Reading file: embeddings_000023.pkl.gz
12:57:41 | INFO | Reading file: embeddings_000035.pkl.gz
12:57:43 | INFO | Reading file: embeddings_000024.pkl.gz
12:57:47 | INFO | Reading file: embeddings_000036.pkl.gz
12:57:49 | INFO | Reading file: embeddings_000025.pkl.gz
12:57:55 | INFO | Reading file: embeddings_000037.pkl.gz
12:57:57 | INFO | Reading file: embeddings_000026.pkl.gz
12:58:01 | INFO | Reading file: embeddings_000038.pkl.gz
12:58:04 | INFO | Reading file: embeddings_000027.pkl.gz
12:58:08 | INFO | Reading file: embeddings_000039.pkl.gz
12:58:10 | INFO | Reading file: embeddings_000028.pkl.gz
12:58:15 | INFO | Reading file: embeddings_000040.pkl.gz
12:58:17 | INFO | Reading file: embeddings_000029.pkl.gz
12:58:22 | INFO | Reading file: embeddings_000041.pkl.gz
12:58:24 | INFO | Reading file: embeddings_000030.pkl.gz
12:58:29 | INFO | Reading file: embeddings_000042.pkl.gz
12:58:32 | INFO | Averaging concepts of: 235018 works (total: 306450)
12:58:32 | INFO | Reading file: embeddings_000000.pkl.gz
12:58:32 | INFO | Reading file: embeddings_000031.pkl.gz
12:58:38 | INFO | Reading file: embeddings_000043.pkl.gz
12:58:41 | INFO | Reading file: embeddings_000001.pkl.gz
12:58:41 | INFO | Reading file: embeddings_000032.pkl.gz
12:58:46 | INFO | Reading file: embeddings_000044.pkl.gz
12:58:49 | INFO | Reading file: embeddings_000002.pkl.gz
12:58:49 | INFO | Reading file: embeddings_000033.pkl.gz
12:58:54 | INFO | Reading file: embeddings_000045.pkl.gz
12:58:57 | INFO | Reading file: embeddings_000003.pkl.gz
12:58:57 | INFO | Reading file: embeddings_000034.pkl.gz
12:59:02 | INFO | Reading file: embeddings_000046.pkl.gz
12:59:04 | INFO | Reading file: embeddings_000004.pkl.gz
12:59:05 | INFO | Reading file: embeddings_000035.pkl.gz
12:59:10 | INFO | Reading file: embeddings_000047.pkl.gz
12:59:12 | INFO | Reading file: embeddings_000005.pkl.gz
12:59:13 | INFO | Reading file: embeddings_000036.pkl.gz
12:59:18 | INFO | Reading file: embeddings_000048.pkl.gz
12:59:21 | INFO | Reading file: embeddings_000006.pkl.gz
12:59:21 | INFO | Reading file: embeddings_000037.pkl.gz
12:59:26 | INFO | Reading file: embeddings_000049.pkl.gz
12:59:29 | INFO | Reading file: embeddings_000007.pkl.gz
12:59:30 | INFO | Reading file: embeddings_000038.pkl.gz
12:59:34 | INFO | Reading file: embeddings_000050.pkl.gz
12:59:37 | INFO | Reading file: embeddings_000008.pkl.gz
12:59:38 | INFO | Reading file: embeddings_000039.pkl.gz
12:59:43 | INFO | Reading file: embeddings_000051.pkl.gz
12:59:46 | INFO | Reading file: embeddings_000009.pkl.gz
12:59:47 | INFO | Reading file: embeddings_000040.pkl.gz
12:59:52 | INFO | Reading file: embeddings_000052.pkl.gz
12:59:55 | INFO | Reading file: embeddings_000010.pkl.gz
12:59:56 | INFO | Reading file: embeddings_000041.pkl.gz
13:00:00 | INFO | Reading file: embeddings_000053.pkl.gz
13:00:04 | INFO | Reading file: embeddings_000011.pkl.gz
13:00:04 | INFO | Reading file: embeddings_000042.pkl.gz
13:00:08 | INFO | Reading file: embeddings_000054.pkl.gz
13:00:11 | INFO | Reading file: embeddings_000012.pkl.gz
13:00:11 | INFO | Reading file: embeddings_000043.pkl.gz
13:00:15 | INFO | Reading file: embeddings_000055.pkl.gz
13:00:17 | INFO | Reading file: embeddings_000013.pkl.gz
13:00:18 | INFO | Reading file: embeddings_000044.pkl.gz
13:00:22 | INFO | Reading file: embeddings_000056.pkl.gz
13:00:24 | INFO | Reading file: embeddings_000014.pkl.gz
13:00:25 | INFO | Reading file: embeddings_000045.pkl.gz
13:00:29 | INFO | Reading file: embeddings_000057.pkl.gz
13:00:31 | INFO | Reading file: embeddings_000015.pkl.gz
13:00:32 | INFO | Reading file: embeddings_000046.pkl.gz
13:00:35 | INFO | Reading file: embeddings_000058.pkl.gz
13:00:38 | INFO | Reading file: embeddings_000016.pkl.gz
13:00:38 | INFO | Reading file: embeddings_000047.pkl.gz
13:00:42 | INFO | Reading file: embeddings_000059.pkl.gz
13:00:44 | INFO | Reading file: embeddings_000017.pkl.gz
13:00:45 | INFO | Reading file: embeddings_000048.pkl.gz
13:00:49 | INFO | Reading file: embeddings_000060.pkl.gz
13:00:51 | INFO | Reading file: embeddings_000018.pkl.gz
13:00:52 | INFO | Reading file: embeddings_000049.pkl.gz
13:00:55 | INFO | Reading file: embeddings_000061.pkl.gz
13:00:58 | INFO | Reading file: embeddings_000019.pkl.gz
13:00:59 | INFO | Reading file: embeddings_000050.pkl.gz
13:01:02 | INFO | Reading file: embeddings_000062.pkl.gz
13:01:04 | INFO | Reading file: embeddings_000020.pkl.gz
13:01:05 | INFO | Reading file: embeddings_000051.pkl.gz
13:01:09 | INFO | Reading file: embeddings_000063.pkl.gz
13:01:12 | INFO | Reading file: embeddings_000021.pkl.gz
13:01:13 | INFO | Reading file: embeddings_000052.pkl.gz
13:01:16 | INFO | Reading file: embeddings_000064.pkl.gz
13:01:18 | INFO | Reading file: embeddings_000022.pkl.gz
13:01:19 | INFO | Reading file: embeddings_000053.pkl.gz
13:01:23 | INFO | Reading file: embeddings_000065.pkl.gz
13:01:25 | INFO | Reading file: embeddings_000023.pkl.gz
13:01:26 | INFO | Reading file: embeddings_000054.pkl.gz
13:01:30 | INFO | Reading file: embeddings_000066.pkl.gz
13:01:32 | INFO | Reading file: embeddings_000024.pkl.gz
13:01:34 | INFO | Reading file: embeddings_000055.pkl.gz
13:01:39 | INFO | Reading file: embeddings_000067.pkl.gz
13:01:42 | INFO | Reading file: embeddings_000025.pkl.gz
13:01:43 | INFO | Reading file: embeddings_000056.pkl.gz
13:01:46 | INFO | Reading file: embeddings_000068.pkl.gz
13:01:49 | INFO | Reading file: embeddings_000026.pkl.gz
13:01:50 | INFO | Reading file: embeddings_000057.pkl.gz
13:01:53 | INFO | Reading file: embeddings_000069.pkl.gz
13:01:56 | INFO | Reading file: embeddings_000027.pkl.gz
13:01:57 | INFO | Reading file: embeddings_000058.pkl.gz
13:02:00 | INFO | Reading file: embeddings_000070.pkl.gz
13:02:02 | INFO | Reading file: embeddings_000028.pkl.gz
13:02:03 | INFO | Reading file: embeddings_000059.pkl.gz
13:02:07 | INFO | Reading file: embeddings_000071.pkl.gz
13:02:09 | INFO | Reading file: embeddings_000029.pkl.gz
13:02:10 | INFO | Reading file: embeddings_000060.pkl.gz
13:02:19 | INFO | Reading file: embeddings_000072.pkl.gz
13:02:24 | INFO | Reading file: embeddings_000030.pkl.gz
13:02:25 | INFO | Reading file: embeddings_000061.pkl.gz
13:02:29 | INFO | Reading file: embeddings_000073.pkl.gz
13:02:32 | INFO | Reading file: embeddings_000031.pkl.gz
13:02:34 | INFO | Reading file: embeddings_000062.pkl.gz
13:02:37 | INFO | Reading file: embeddings_000074.pkl.gz
13:02:40 | INFO | Reading file: embeddings_000032.pkl.gz
13:02:41 | INFO | Reading file: embeddings_000063.pkl.gz
13:02:44 | INFO | Reading file: embeddings_000075.pkl.gz
13:02:47 | INFO | Reading file: embeddings_000033.pkl.gz
13:02:48 | INFO | Reading file: embeddings_000064.pkl.gz
13:02:51 | INFO | Reading file: embeddings_000076.pkl.gz
13:02:54 | INFO | Reading file: embeddings_000034.pkl.gz
13:02:55 | INFO | Reading file: embeddings_000065.pkl.gz
13:02:58 | INFO | Reading file: embeddings_000077.pkl.gz
13:03:01 | INFO | Reading file: embeddings_000035.pkl.gz
13:03:02 | INFO | Reading file: embeddings_000066.pkl.gz
13:03:06 | INFO | Reading file: embeddings_000078.pkl.gz
13:03:10 | INFO | Reading file: embeddings_000036.pkl.gz
13:03:11 | INFO | Reading file: embeddings_000067.pkl.gz
13:03:15 | INFO | Reading file: embeddings_000079.pkl.gz
13:03:18 | INFO | Reading file: embeddings_000037.pkl.gz
13:03:20 | INFO | Reading file: embeddings_000068.pkl.gz
13:03:23 | INFO | Reading file: embeddings_000080.pkl.gz
13:03:26 | INFO | Reading file: embeddings_000038.pkl.gz
13:03:28 | INFO | Reading file: embeddings_000069.pkl.gz
13:03:32 | INFO | Reading file: embeddings_000081.pkl.gz
13:03:35 | INFO | Reading file: embeddings_000039.pkl.gz
13:03:37 | INFO | Reading file: embeddings_000070.pkl.gz
13:03:40 | INFO | Reading file: embeddings_000082.pkl.gz
13:03:43 | INFO | Reading file: embeddings_000040.pkl.gz
13:03:45 | INFO | Reading file: embeddings_000071.pkl.gz
13:03:48 | INFO | Reading file: embeddings_000083.pkl.gz
13:03:51 | INFO | Reading file: embeddings_000041.pkl.gz
13:03:53 | INFO | Reading file: embeddings_000072.pkl.gz
13:03:55 | INFO | Reading file: embeddings_000084.pkl.gz
13:03:58 | INFO | Reading file: embeddings_000042.pkl.gz
13:03:59 | INFO | Reading file: embeddings_000073.pkl.gz
13:04:02 | INFO | Reading file: embeddings_000085.pkl.gz
13:04:05 | INFO | Reading file: embeddings_000043.pkl.gz
13:04:06 | INFO | Reading file: embeddings_000074.pkl.gz
13:04:09 | INFO | Reading file: embeddings_000086.pkl.gz
13:04:11 | INFO | Reading file: embeddings_000044.pkl.gz
13:04:13 | INFO | Reading file: embeddings_000075.pkl.gz
13:04:16 | INFO | Reading file: embeddings_000087.pkl.gz
13:04:18 | INFO | Reading file: embeddings_000045.pkl.gz
13:04:20 | INFO | Reading file: embeddings_000076.pkl.gz
13:04:22 | INFO | Reading file: embeddings_000088.pkl.gz
13:04:25 | INFO | Reading file: embeddings_000046.pkl.gz
13:04:27 | INFO | Reading file: embeddings_000077.pkl.gz
13:04:30 | INFO | Reading file: embeddings_000089.pkl.gz
13:04:33 | INFO | Reading file: embeddings_000047.pkl.gz
13:04:34 | INFO | Reading file: embeddings_000078.pkl.gz
13:04:37 | INFO | Reading file: embeddings_000090.pkl.gz
13:04:40 | INFO | Reading file: embeddings_000048.pkl.gz
13:04:42 | INFO | Reading file: embeddings_000079.pkl.gz
13:04:45 | INFO | Reading file: embeddings_000091.pkl.gz
13:04:49 | INFO | Reading file: embeddings_000049.pkl.gz
13:04:51 | INFO | Reading file: embeddings_000080.pkl.gz
13:04:54 | INFO | Reading file: embeddings_000092.pkl.gz
13:04:57 | INFO | Reading file: embeddings_000050.pkl.gz
13:04:59 | INFO | Reading file: embeddings_000081.pkl.gz
13:05:02 | INFO | Reading file: embeddings_000093.pkl.gz
13:05:05 | INFO | Reading file: embeddings_000051.pkl.gz
13:05:07 | INFO | Reading file: embeddings_000082.pkl.gz
13:05:10 | INFO | Reading file: embeddings_000094.pkl.gz
13:05:13 | INFO | Reading file: embeddings_000052.pkl.gz
13:05:15 | INFO | Reading file: embeddings_000083.pkl.gz
13:05:18 | INFO | Reading file: embeddings_000095.pkl.gz
13:05:21 | INFO | Reading file: embeddings_000053.pkl.gz
13:05:24 | INFO | Reading file: embeddings_000084.pkl.gz
13:05:26 | INFO | Reading file: embeddings_000096.pkl.gz
13:05:30 | INFO | Reading file: embeddings_000054.pkl.gz
13:05:32 | INFO | Reading file: embeddings_000085.pkl.gz
13:05:35 | INFO | Reading file: embeddings_000097.pkl.gz
13:05:39 | INFO | Reading file: embeddings_000055.pkl.gz
13:05:41 | INFO | Reading file: embeddings_000086.pkl.gz
13:05:44 | INFO | Reading file: embeddings_000098.pkl.gz
13:05:47 | INFO | Reading file: embeddings_000056.pkl.gz
13:05:49 | INFO | Reading file: embeddings_000087.pkl.gz
13:05:51 | INFO | Reading file: embeddings_000099.pkl.gz
13:05:54 | INFO | Reading file: embeddings_000057.pkl.gz
13:05:56 | INFO | Reading file: embeddings_000088.pkl.gz
13:05:58 | INFO | Reading file: embeddings_000100.pkl.gz
13:06:02 | INFO | Reading file: embeddings_000058.pkl.gz
13:06:04 | INFO | Reading file: embeddings_000089.pkl.gz
13:06:06 | INFO | Reading file: embeddings_000101.pkl.gz
13:06:09 | INFO | Reading file: embeddings_000059.pkl.gz
13:06:11 | INFO | Reading file: embeddings_000090.pkl.gz
13:06:13 | INFO | Reading file: embeddings_000102.pkl.gz
13:06:16 | INFO | Reading file: embeddings_000060.pkl.gz
13:06:18 | INFO | Reading file: embeddings_000091.pkl.gz
13:06:20 | INFO | Reading file: embeddings_000103.pkl.gz
13:06:23 | INFO | Reading file: embeddings_000061.pkl.gz
13:06:25 | INFO | Reading file: embeddings_000092.pkl.gz
13:06:27 | INFO | Reading file: embeddings_000104.pkl.gz
13:06:30 | INFO | Reading file: embeddings_000062.pkl.gz
13:06:32 | INFO | Reading file: embeddings_000093.pkl.gz
13:06:34 | INFO | Reading file: embeddings_000105.pkl.gz
13:06:37 | INFO | Reading file: embeddings_000063.pkl.gz
13:06:39 | INFO | Reading file: embeddings_000094.pkl.gz
13:06:41 | INFO | Reading file: embeddings_000106.pkl.gz
13:06:44 | INFO | Reading file: embeddings_000064.pkl.gz
13:06:46 | INFO | Reading file: embeddings_000095.pkl.gz
13:06:48 | INFO | Reading file: embeddings_000107.pkl.gz
13:06:51 | INFO | Reading file: embeddings_000065.pkl.gz
13:06:53 | INFO | Reading file: embeddings_000096.pkl.gz
13:06:54 | INFO | Reading file: embeddings_000108.pkl.gz
13:06:58 | INFO | Reading file: embeddings_000066.pkl.gz
13:07:00 | INFO | Reading file: embeddings_000097.pkl.gz
13:07:02 | INFO | Reading file: embeddings_000109.pkl.gz
13:07:05 | INFO | Reading file: embeddings_000067.pkl.gz
13:07:07 | INFO | Reading file: embeddings_000098.pkl.gz
13:07:09 | INFO | Reading file: embeddings_000110.pkl.gz
13:07:12 | INFO | Reading file: embeddings_000068.pkl.gz
13:07:14 | INFO | Reading file: embeddings_000099.pkl.gz
13:07:16 | INFO | Reading file: embeddings_000111.pkl.gz
13:07:19 | INFO | Reading file: embeddings_000069.pkl.gz
13:07:21 | INFO | Reading file: embeddings_000100.pkl.gz
13:07:23 | INFO | Reading file: embeddings_000112.pkl.gz
13:07:26 | INFO | Reading file: embeddings_000070.pkl.gz
13:07:28 | INFO | Reading file: embeddings_000101.pkl.gz
13:07:30 | INFO | Reading file: embeddings_000113.pkl.gz
13:07:33 | INFO | Reading file: embeddings_000071.pkl.gz
13:07:35 | INFO | Reading file: embeddings_000102.pkl.gz
13:07:36 | INFO | Reading file: embeddings_000114.pkl.gz
13:07:40 | INFO | Reading file: embeddings_000072.pkl.gz
13:07:42 | INFO | Reading file: embeddings_000103.pkl.gz
13:07:43 | INFO | Reading file: embeddings_000115.pkl.gz
13:07:47 | INFO | Reading file: embeddings_000073.pkl.gz
13:07:50 | INFO | Reading file: embeddings_000104.pkl.gz
13:07:51 | INFO | Reading file: embeddings_000116.pkl.gz
13:07:55 | INFO | Reading file: embeddings_000074.pkl.gz
13:07:57 | INFO | Reading file: embeddings_000105.pkl.gz
13:07:59 | INFO | Reading file: embeddings_000117.pkl.gz
13:08:03 | INFO | Reading file: embeddings_000075.pkl.gz
13:08:05 | INFO | Reading file: embeddings_000106.pkl.gz
13:08:07 | INFO | Reading file: embeddings_000118.pkl.gz
13:08:11 | INFO | Reading file: embeddings_000076.pkl.gz
13:08:14 | INFO | Reading file: embeddings_000107.pkl.gz
13:08:16 | INFO | Reading file: embeddings_000119.pkl.gz
13:08:21 | INFO | Reading file: embeddings_000077.pkl.gz
13:08:23 | INFO | Reading file: embeddings_000108.pkl.gz
13:08:24 | INFO | Reading file: embeddings_000120.pkl.gz
13:08:27 | INFO | Reading file: embeddings_000078.pkl.gz
13:08:29 | INFO | Reading file: embeddings_000109.pkl.gz
13:08:31 | INFO | Reading file: embeddings_000121.pkl.gz
13:08:34 | INFO | Reading file: embeddings_000079.pkl.gz
13:08:36 | INFO | Reading file: embeddings_000110.pkl.gz
13:08:38 | INFO | Reading file: embeddings_000122.pkl.gz
13:08:42 | INFO | Reading file: embeddings_000080.pkl.gz
13:08:44 | INFO | Reading file: embeddings_000111.pkl.gz
13:08:45 | INFO | Reading file: embeddings_000123.pkl.gz
13:08:49 | INFO | Reading file: embeddings_000081.pkl.gz
13:08:51 | INFO | Reading file: embeddings_000112.pkl.gz
13:08:52 | INFO | Reading file: embeddings_000124.pkl.gz
13:08:56 | INFO | Reading file: embeddings_000082.pkl.gz
13:08:58 | INFO | Reading file: embeddings_000113.pkl.gz
13:08:59 | INFO | Reading file: embeddings_000125.pkl.gz
13:09:02 | INFO | Reading file: embeddings_000083.pkl.gz
13:09:04 | INFO | Reading file: embeddings_000114.pkl.gz
13:09:06 | INFO | Reading file: embeddings_000126.pkl.gz
13:09:09 | INFO | Reading file: embeddings_000084.pkl.gz
13:09:11 | INFO | Reading file: embeddings_000115.pkl.gz
13:09:13 | INFO | Reading file: embeddings_000127.pkl.gz
13:09:16 | INFO | Reading file: embeddings_000085.pkl.gz
13:09:18 | INFO | Reading file: embeddings_000116.pkl.gz
13:09:19 | INFO | Reading file: embeddings_000128.pkl.gz
13:09:22 | INFO | Reading file: embeddings_000086.pkl.gz
13:09:25 | INFO | Reading file: embeddings_000117.pkl.gz
13:09:26 | INFO | Reading file: embeddings_000129.pkl.gz
13:09:29 | INFO | Reading file: embeddings_000087.pkl.gz
13:09:31 | INFO | Reading file: embeddings_000118.pkl.gz
13:09:33 | INFO | Reading file: embeddings_000130.pkl.gz
13:09:36 | INFO | Reading file: embeddings_000088.pkl.gz
13:09:38 | INFO | Reading file: embeddings_000119.pkl.gz
13:09:39 | INFO | Reading file: embeddings_000131.pkl.gz
13:09:43 | INFO | Reading file: embeddings_000089.pkl.gz
13:09:45 | INFO | Reading file: embeddings_000120.pkl.gz
13:09:46 | INFO | Reading file: embeddings_000132.pkl.gz
13:09:50 | INFO | Reading file: embeddings_000090.pkl.gz
13:09:52 | INFO | Reading file: embeddings_000121.pkl.gz
13:09:53 | INFO | Reading file: embeddings_000133.pkl.gz
13:09:56 | INFO | Reading file: embeddings_000091.pkl.gz
13:09:58 | INFO | Reading file: embeddings_000122.pkl.gz
13:09:59 | INFO | Reading file: embeddings_000134.pkl.gz
13:10:03 | INFO | Reading file: embeddings_000092.pkl.gz
13:10:05 | INFO | Reading file: embeddings_000123.pkl.gz
13:10:06 | INFO | Reading file: embeddings_000135.pkl.gz
13:10:10 | INFO | Reading file: embeddings_000093.pkl.gz
13:10:13 | INFO | Reading file: embeddings_000124.pkl.gz
13:10:16 | INFO | Reading file: embeddings_000136.pkl.gz
13:10:22 | INFO | Reading file: embeddings_000094.pkl.gz
13:10:26 | INFO | Reading file: embeddings_000125.pkl.gz
13:10:28 | INFO | Reading file: embeddings_000137.pkl.gz
13:10:32 | INFO | Reading file: embeddings_000095.pkl.gz
13:10:36 | INFO | Reading file: embeddings_000126.pkl.gz
13:10:37 | INFO | Reading file: embeddings_000138.pkl.gz
13:10:41 | INFO | Reading file: embeddings_000096.pkl.gz
13:10:44 | INFO | Reading file: embeddings_000127.pkl.gz
13:10:46 | INFO | Reading file: embeddings_000139.pkl.gz
13:10:49 | INFO | Reading file: embeddings_000097.pkl.gz
13:10:52 | INFO | Reading file: embeddings_000128.pkl.gz
13:10:54 | INFO | Reading file: embeddings_000140.pkl.gz
13:10:57 | INFO | Reading file: embeddings_000098.pkl.gz
13:11:00 | INFO | Reading file: embeddings_000129.pkl.gz
13:11:01 | INFO | Reading file: embeddings_000141.pkl.gz
13:11:04 | INFO | Reading file: embeddings_000099.pkl.gz
13:11:07 | INFO | Reading file: embeddings_000130.pkl.gz
13:11:08 | INFO | Reading file: embeddings_000142.pkl.gz
13:11:11 | INFO | Reading file: embeddings_000100.pkl.gz
13:11:14 | INFO | Reading file: embeddings_000131.pkl.gz
13:11:15 | INFO | Reading file: embeddings_000143.pkl.gz
13:11:19 | INFO | Reading file: embeddings_000101.pkl.gz
13:11:22 | INFO | Reading file: embeddings_000132.pkl.gz
13:11:23 | INFO | Reading file: embeddings_000144.pkl.gz
13:11:27 | INFO | Reading file: embeddings_000102.pkl.gz
13:11:30 | INFO | Reading file: embeddings_000133.pkl.gz
13:11:31 | INFO | Reading file: embeddings_000145.pkl.gz
13:11:35 | INFO | Reading file: embeddings_000103.pkl.gz
13:11:38 | INFO | Reading file: embeddings_000134.pkl.gz
13:11:39 | INFO | Reading file: embeddings_000146.pkl.gz
13:11:43 | INFO | Reading file: embeddings_000104.pkl.gz
13:11:46 | INFO | Reading file: embeddings_000135.pkl.gz
13:11:47 | INFO | Reading file: embeddings_000147.pkl.gz
13:11:51 | INFO | Reading file: embeddings_000105.pkl.gz
13:11:54 | INFO | Reading file: embeddings_000136.pkl.gz
13:11:55 | INFO | Reading file: embeddings_000148.pkl.gz
13:11:59 | INFO | Reading file: embeddings_000106.pkl.gz
13:12:03 | INFO | Reading file: embeddings_000137.pkl.gz
13:12:03 | INFO | Reading file: embeddings_000149.pkl.gz
13:12:08 | INFO | Reading file: embeddings_000107.pkl.gz
13:12:11 | INFO | Reading file: embeddings_000138.pkl.gz
13:12:12 | INFO | Reading file: embeddings_000150.pkl.gz
13:12:16 | INFO | Reading file: embeddings_000108.pkl.gz
13:12:20 | INFO | Reading file: embeddings_000139.pkl.gz
13:12:21 | INFO | Reading file: embeddings_000151.pkl.gz
13:12:24 | INFO | Reading file: embeddings_000109.pkl.gz
13:12:28 | INFO | Reading file: embeddings_000140.pkl.gz
13:12:28 | INFO | Reading file: embeddings_000152.pkl.gz
13:12:32 | INFO | Reading file: embeddings_000110.pkl.gz
13:12:35 | INFO | Reading file: embeddings_000141.pkl.gz
13:12:35 | INFO | Reading file: embeddings_000153.pkl.gz
13:12:39 | INFO | Reading file: embeddings_000111.pkl.gz
13:12:42 | INFO | Reading file: embeddings_000142.pkl.gz
13:12:43 | INFO | Reading file: embeddings_000154.pkl.gz
13:12:46 | INFO | Reading file: embeddings_000112.pkl.gz
13:12:50 | INFO | Reading file: embeddings_000143.pkl.gz
13:12:50 | INFO | Reading file: embeddings_000155.pkl.gz
13:12:54 | INFO | Reading file: embeddings_000113.pkl.gz
13:12:57 | INFO | Reading file: embeddings_000144.pkl.gz
13:12:57 | INFO | Reading file: embeddings_000156.pkl.gz
13:13:02 | INFO | Reading file: embeddings_000114.pkl.gz
13:13:06 | INFO | Reading file: embeddings_000145.pkl.gz
13:13:06 | INFO | Reading file: embeddings_000157.pkl.gz
13:13:12 | INFO | Reading file: embeddings_000115.pkl.gz
13:13:16 | INFO | Reading file: embeddings_000146.pkl.gz
13:13:16 | INFO | Reading file: embeddings_000158.pkl.gz
13:13:21 | INFO | Reading file: embeddings_000116.pkl.gz
13:13:25 | INFO | Reading file: embeddings_000147.pkl.gz
13:13:26 | INFO | Reading file: embeddings_000159.pkl.gz
13:13:30 | INFO | Reading file: embeddings_000117.pkl.gz
13:13:34 | INFO | Reading file: embeddings_000148.pkl.gz
13:13:34 | INFO | Reading file: embeddings_000160.pkl.gz
13:13:39 | INFO | Reading file: embeddings_000118.pkl.gz
13:13:43 | INFO | Reading file: embeddings_000149.pkl.gz
13:13:43 | INFO | Reading file: embeddings_000161.pkl.gz
13:13:48 | INFO | Reading file: embeddings_000119.pkl.gz
13:13:52 | INFO | Reading file: embeddings_000162.pkl.gz
13:13:52 | INFO | Reading file: embeddings_000150.pkl.gz
13:13:57 | INFO | Reading file: embeddings_000120.pkl.gz
13:14:01 | INFO | Reading file: embeddings_000163.pkl.gz
13:14:01 | INFO | Reading file: embeddings_000151.pkl.gz
13:14:07 | INFO | Reading file: embeddings_000121.pkl.gz
13:14:12 | INFO | Reading file: embeddings_000164.pkl.gz
13:14:12 | INFO | Reading file: embeddings_000152.pkl.gz
13:14:18 | INFO | Reading file: embeddings_000122.pkl.gz
13:14:24 | INFO | Reading file: embeddings_000153.pkl.gz
13:14:24 | INFO | Reading file: embeddings_000165.pkl.gz
13:14:30 | INFO | Reading file: embeddings_000123.pkl.gz
13:14:36 | INFO | Reading file: embeddings_000154.pkl.gz
13:14:36 | INFO | Reading file: embeddings_000166.pkl.gz
13:14:40 | INFO | Reading file: embeddings_000124.pkl.gz
13:14:44 | INFO | Reading file: embeddings_000155.pkl.gz
13:14:44 | INFO | Reading file: embeddings_000167.pkl.gz
13:14:49 | INFO | Reading file: embeddings_000125.pkl.gz
13:14:53 | INFO | Reading file: embeddings_000156.pkl.gz
13:14:53 | INFO | Reading file: embeddings_000168.pkl.gz
13:14:57 | INFO | Reading file: embeddings_000126.pkl.gz
13:15:01 | INFO | Reading file: embeddings_000169.pkl.gz
13:15:01 | INFO | Reading file: embeddings_000157.pkl.gz
13:15:06 | INFO | Reading file: embeddings_000127.pkl.gz
13:15:09 | INFO | Reading file: embeddings_000170.pkl.gz
13:15:10 | INFO | Reading file: embeddings_000158.pkl.gz
13:15:14 | INFO | Reading file: embeddings_000128.pkl.gz
13:15:19 | INFO | Reading file: embeddings_000171.pkl.gz
13:15:19 | INFO | Reading file: embeddings_000159.pkl.gz
13:15:24 | INFO | Reading file: embeddings_000129.pkl.gz
13:15:28 | INFO | Reading file: embeddings_000172.pkl.gz
13:15:28 | INFO | Reading file: embeddings_000160.pkl.gz
13:15:32 | INFO | Reading file: embeddings_000130.pkl.gz
13:15:36 | INFO | Reading file: embeddings_000173.pkl.gz
13:15:36 | INFO | Reading file: embeddings_000161.pkl.gz
13:15:40 | INFO | Reading file: embeddings_000131.pkl.gz
13:15:44 | INFO | Reading file: embeddings_000174.pkl.gz
13:15:44 | INFO | Reading file: embeddings_000162.pkl.gz
13:15:49 | INFO | Reading file: embeddings_000132.pkl.gz
13:15:53 | INFO | Reading file: embeddings_000175.pkl.gz
13:15:53 | INFO | Reading file: embeddings_000163.pkl.gz
13:15:57 | INFO | Reading file: embeddings_000133.pkl.gz
13:16:01 | INFO | Reading file: embeddings_000176.pkl.gz
13:16:01 | INFO | Reading file: embeddings_000164.pkl.gz
13:16:05 | INFO | Reading file: embeddings_000134.pkl.gz
13:16:09 | INFO | Reading file: embeddings_000177.pkl.gz
13:16:09 | INFO | Reading file: embeddings_000165.pkl.gz
13:16:13 | INFO | Reading file: embeddings_000135.pkl.gz
13:16:17 | INFO | Reading file: embeddings_000178.pkl.gz
13:16:18 | INFO | Reading file: embeddings_000166.pkl.gz
13:16:22 | INFO | Reading file: embeddings_000136.pkl.gz
13:16:26 | INFO | Reading file: embeddings_000179.pkl.gz
13:16:26 | INFO | Reading file: embeddings_000167.pkl.gz
13:16:32 | INFO | Reading file: embeddings_000137.pkl.gz
13:16:37 | INFO | Reading file: embeddings_000180.pkl.gz
13:16:37 | INFO | Reading file: embeddings_000181.pkl.gz
13:16:37 | INFO | Reading file: embeddings_000168.pkl.gz
13:16:37 | INFO | Reading file: embeddings_000182.pkl.gz
13:16:37 | INFO | Reading file: embeddings_000183.pkl.gz
13:16:37 | INFO | Reading file: embeddings_000184.pkl.gz
13:16:38 | INFO | Reading file: embeddings_000185.pkl.gz
13:16:38 | INFO | Reading file: embeddings_000186.pkl.gz
13:16:38 | INFO | Reading file: embeddings_000187.pkl.gz
13:16:38 | INFO | Reading file: embeddings_000188.pkl.gz
13:16:38 | INFO | Reading file: embeddings_000189.pkl.gz
13:16:38 | INFO | Reading file: embeddings_000190.pkl.gz
13:16:39 | INFO | Reading file: embeddings_000191.pkl.gz
13:16:39 | INFO | Reading file: embeddings_000192.pkl.gz
13:16:39 | INFO | Reading file: embeddings_000193.pkl.gz
13:16:39 | INFO | Reading file: embeddings_000194.pkl.gz
13:16:39 | INFO | Reading file: embeddings_000195.pkl.gz
13:16:39 | INFO | Reading file: embeddings_000196.pkl.gz
13:16:39 | INFO | Reading file: embeddings_000197.pkl.gz
13:16:40 | INFO | Reading file: embeddings_000198.pkl.gz
13:16:40 | INFO | Reading file: embeddings_000199.pkl.gz
13:16:40 | INFO | Reading file: embeddings_000200.pkl.gz
13:16:40 | INFO | Reading file: embeddings_000201.pkl.gz
13:16:40 | INFO | Reading file: embeddings_000202.pkl.gz
13:16:40 | INFO | Reading file: embeddings_000203.pkl.gz
13:16:40 | INFO | Reading file: embeddings_000204.pkl.gz
13:16:40 | INFO | Reading file: embeddings_000138.pkl.gz
13:16:41 | INFO | Reading file: embeddings_000205.pkl.gz
13:16:41 | INFO | Reading file: embeddings_000206.pkl.gz
13:16:41 | INFO | Reading file: embeddings_000207.pkl.gz
13:16:41 | INFO | Reading file: embeddings_000208.pkl.gz
13:16:41 | INFO | Reading file: embeddings_000209.pkl.gz
13:16:42 | INFO | Reading file: embeddings_000210.pkl.gz
13:16:42 | INFO | Reading file: embeddings_000211.pkl.gz
13:16:42 | INFO | Reading file: embeddings_000212.pkl.gz
13:16:42 | INFO | Reading file: embeddings_000213.pkl.gz
13:16:42 | INFO | Reading file: embeddings_000214.pkl.gz
13:16:42 | INFO | Reading file: embeddings_000215.pkl.gz
13:16:42 | INFO | Reading file: embeddings_000216.pkl.gz
13:16:43 | INFO | Reading file: embeddings_000217.pkl.gz
13:16:43 | INFO | Reading file: embeddings_000218.pkl.gz
13:16:43 | INFO | Reading file: embeddings_000219.pkl.gz
13:16:43 | INFO | Reading file: embeddings_000220.pkl.gz
13:16:44 | INFO | Reading file: embeddings_000221.pkl.gz
13:16:44 | INFO | Reading file: embeddings_000222.pkl.gz
13:16:44 | INFO | Reading file: embeddings_000223.pkl.gz
13:16:44 | INFO | Reading file: embeddings_000224.pkl.gz
13:16:44 | INFO | Reading file: embeddings_000225.pkl.gz
13:16:44 | INFO | Reading file: embeddings_000226.pkl.gz
13:16:44 | INFO | Reading file: embeddings_000169.pkl.gz
13:16:44 | INFO | Reading file: embeddings_000227.pkl.gz
13:16:45 | INFO | Reading file: embeddings_000228.pkl.gz
13:16:45 | INFO | Reading file: embeddings_000229.pkl.gz
13:16:45 | INFO | Reading file: embeddings_000230.pkl.gz
13:16:45 | INFO | Reading file: embeddings_000231.pkl.gz
13:16:45 | INFO | Reading file: embeddings_000232.pkl.gz
13:16:45 | INFO | Reading file: embeddings_000233.pkl.gz
13:16:46 | INFO | Reading file: embeddings_000234.pkl.gz
13:16:46 | INFO | Reading file: embeddings_000235.pkl.gz
13:16:46 | INFO | Reading file: embeddings_000236.pkl.gz
13:16:46 | INFO | Reading file: embeddings_000237.pkl.gz
13:16:46 | INFO | Reading file: embeddings_000238.pkl.gz
13:16:46 | INFO | Reading file: embeddings_000239.pkl.gz
13:16:47 | INFO | Reading file: embeddings_000240.pkl.gz
13:16:47 | INFO | Reading file: embeddings_000241.pkl.gz
13:16:47 | INFO | Reading file: embeddings_000242.pkl.gz
13:16:47 | INFO | Reading file: embeddings_000243.pkl.gz
13:16:47 | INFO | Reading file: embeddings_000244.pkl.gz
13:16:47 | INFO | Reading file: embeddings_000245.pkl.gz
13:16:47 | INFO | Reading file: embeddings_000246.pkl.gz
13:16:48 | INFO | Reading file: embeddings_000247.pkl.gz
13:16:48 | INFO | Reading file: embeddings_000248.pkl.gz
13:16:48 | INFO | Reading file: embeddings_000139.pkl.gz
13:16:48 | INFO | Reading file: embeddings_000249.pkl.gz
13:16:48 | INFO | Reading file: embeddings_000250.pkl.gz
13:16:48 | INFO | Reading file: embeddings_000251.pkl.gz
13:16:48 | INFO | Reading file: embeddings_000252.pkl.gz
13:16:49 | INFO | Reading file: embeddings_000253.pkl.gz
13:16:49 | INFO | Reading file: embeddings_000254.pkl.gz
13:16:49 | INFO | Reading file: embeddings_000255.pkl.gz
13:16:49 | INFO | Reading file: embeddings_000256.pkl.gz
13:16:49 | INFO | Reading file: embeddings_000257.pkl.gz
13:16:49 | INFO | Reading file: embeddings_000258.pkl.gz
13:16:50 | INFO | Reading file: embeddings_000259.pkl.gz
13:16:50 | INFO | Reading file: embeddings_000260.pkl.gz
13:16:50 | INFO | Reading file: embeddings_000261.pkl.gz
13:16:50 | INFO | Reading file: embeddings_000262.pkl.gz
13:16:50 | INFO | Reading file: embeddings_000263.pkl.gz
13:16:50 | INFO | Reading file: embeddings_000264.pkl.gz
13:16:51 | INFO | Reading file: embeddings_000265.pkl.gz
13:16:51 | INFO | Reading file: embeddings_000266.pkl.gz
13:16:51 | INFO | Reading file: embeddings_000267.pkl.gz
13:16:51 | INFO | Reading file: embeddings_000268.pkl.gz
13:16:51 | INFO | Reading file: embeddings_000269.pkl.gz
13:16:51 | INFO | Reading file: embeddings_000270.pkl.gz
13:16:51 | INFO | Reading file: embeddings_000271.pkl.gz
13:16:52 | INFO | Reading file: embeddings_000170.pkl.gz
13:16:52 | INFO | Reading file: embeddings_000272.pkl.gz
13:16:52 | INFO | Reading file: embeddings_000273.pkl.gz
13:16:52 | INFO | Reading file: embeddings_000274.pkl.gz
13:16:52 | INFO | Reading file: embeddings_000275.pkl.gz
13:16:52 | INFO | Reading file: embeddings_000276.pkl.gz
13:16:53 | INFO | Reading file: embeddings_000277.pkl.gz
13:16:53 | INFO | Reading file: embeddings_000278.pkl.gz
13:16:53 | INFO | Reading file: embeddings_000279.pkl.gz
13:16:53 | INFO | Reading file: embeddings_000280.pkl.gz
13:16:53 | INFO | Reading file: embeddings_000281.pkl.gz
13:16:53 | INFO | Reading file: embeddings_000282.pkl.gz
13:16:53 | INFO | Reading file: embeddings_000283.pkl.gz
13:16:54 | INFO | Reading file: embeddings_000284.pkl.gz
13:16:54 | INFO | Reading file: embeddings_000285.pkl.gz
13:16:54 | INFO | Reading file: embeddings_000286.pkl.gz
13:16:54 | INFO | Reading file: embeddings_000287.pkl.gz
13:16:54 | INFO | Reading file: embeddings_000288.pkl.gz
13:16:54 | INFO | Reading file: embeddings_000289.pkl.gz
13:16:54 | INFO | Reading file: embeddings_000290.pkl.gz
13:16:55 | INFO | Reading file: embeddings_000291.pkl.gz
13:16:55 | INFO | Reading file: embeddings_000292.pkl.gz
13:16:55 | INFO | Reading file: embeddings_000140.pkl.gz
13:16:55 | INFO | Reading file: embeddings_000293.pkl.gz
13:16:55 | INFO | Reading file: embeddings_000294.pkl.gz
13:16:55 | INFO | Reading file: embeddings_000295.pkl.gz
13:16:56 | INFO | Reading file: embeddings_000296.pkl.gz
13:16:56 | INFO | Reading file: embeddings_000297.pkl.gz
13:16:56 | INFO | Reading file: embeddings_000298.pkl.gz
13:16:56 | INFO | Reading file: embeddings_000299.pkl.gz
13:16:56 | INFO | Reading file: embeddings_000300.pkl.gz
13:16:56 | INFO | Reading file: embeddings_000301.pkl.gz
13:16:56 | INFO | Reading file: embeddings_000302.pkl.gz
13:16:57 | INFO | Reading file: embeddings_000303.pkl.gz
13:16:57 | INFO | Reading file: embeddings_000304.pkl.gz
13:16:57 | INFO | Reading file: embeddings_000305.pkl.gz
13:16:57 | INFO | Reading file: embeddings_000306.pkl.gz
13:16:57 | INFO | Reading file: embeddings_000307.pkl.gz
13:16:58 | INFO | Reading file: embeddings_000308.pkl.gz
13:16:58 | INFO | Reading file: embeddings_000309.pkl.gz
13:16:58 | INFO | Reading file: embeddings_000310.pkl.gz
13:16:58 | INFO | Reading file: embeddings_000311.pkl.gz
13:16:58 | INFO | Reading file: embeddings_000312.pkl.gz
13:16:58 | INFO | Reading file: embeddings_000313.pkl.gz
13:16:58 | INFO | Reading file: embeddings_000314.pkl.gz
13:16:59 | INFO | Reading file: embeddings_000315.pkl.gz
13:16:59 | INFO | Reading file: embeddings_000316.pkl.gz
13:16:59 | INFO | Reading file: embeddings_000171.pkl.gz
13:16:59 | INFO | Reading file: embeddings_000317.pkl.gz
13:16:59 | INFO | Reading file: embeddings_000318.pkl.gz
13:16:59 | INFO | Reading file: embeddings_000319.pkl.gz
13:16:59 | INFO | Reading file: embeddings_000320.pkl.gz
13:17:00 | INFO | Reading file: embeddings_000321.pkl.gz
13:17:00 | INFO | Reading file: embeddings_000322.pkl.gz
13:17:00 | INFO | Reading file: embeddings_000323.pkl.gz
13:17:00 | INFO | Reading file: embeddings_000324.pkl.gz
13:17:00 | INFO | Reading file: embeddings_000325.pkl.gz
13:17:01 | INFO | Reading file: embeddings_000326.pkl.gz
13:17:01 | INFO | Reading file: embeddings_000327.pkl.gz
13:17:01 | INFO | Reading file: embeddings_000328.pkl.gz
13:17:01 | INFO | Reading file: embeddings_000329.pkl.gz
13:17:02 | INFO | Reading file: embeddings_000330.pkl.gz
13:17:03 | INFO | Reading file: embeddings_000331.pkl.gz
13:17:03 | INFO | Reading file: embeddings_000332.pkl.gz
13:17:03 | INFO | Reading file: embeddings_000333.pkl.gz
13:17:03 | INFO | Reading file: embeddings_000334.pkl.gz
13:17:04 | INFO | Reading file: embeddings_000335.pkl.gz
13:17:04 | INFO | Reading file: embeddings_000141.pkl.gz
13:17:05 | INFO | Reading file: embeddings_000336.pkl.gz
13:17:06 | INFO | Reading file: embeddings_000337.pkl.gz
13:17:06 | INFO | Reading file: embeddings_000338.pkl.gz
13:17:06 | INFO | Reading file: embeddings_000339.pkl.gz
13:17:11 | INFO | Reading file: embeddings_000172.pkl.gz
13:17:12 | INFO | Reading file: embeddings_000340.pkl.gz
13:17:12 | INFO | Reading file: embeddings_000341.pkl.gz
13:17:12 | INFO | Reading file: embeddings_000342.pkl.gz
13:17:12 | INFO | Reading file: embeddings_000343.pkl.gz
13:17:12 | INFO | Reading file: embeddings_000344.pkl.gz
13:17:13 | INFO | Reading file: embeddings_000345.pkl.gz
13:17:13 | INFO | Reading file: embeddings_000346.pkl.gz
13:17:13 | INFO | Reading file: embeddings_000347.pkl.gz
13:17:13 | INFO | Reading file: embeddings_000348.pkl.gz
13:17:13 | INFO | Reading file: embeddings_000349.pkl.gz
13:17:14 | INFO | Reading file: embeddings_000350.pkl.gz
13:17:14 | INFO | Reading file: embeddings_000351.pkl.gz
13:17:14 | INFO | Reading file: embeddings_000352.pkl.gz
13:17:14 | INFO | Reading file: embeddings_000353.pkl.gz
13:17:15 | INFO | Reading file: embeddings_000354.pkl.gz
13:17:15 | INFO | Reading file: embeddings_000355.pkl.gz
13:17:15 | INFO | Reading file: embeddings_000356.pkl.gz
13:17:15 | INFO | Reading file: embeddings_000357.pkl.gz
13:17:15 | INFO | Reading file: embeddings_000142.pkl.gz
13:17:16 | INFO | Reading file: embeddings_000358.pkl.gz
13:17:16 | INFO | Reading file: embeddings_000359.pkl.gz
13:17:16 | INFO | Reading file: embeddings_000360.pkl.gz
13:17:16 | INFO | Reading file: embeddings_000361.pkl.gz
13:17:16 | INFO | Reading file: embeddings_000362.pkl.gz
13:17:17 | INFO | Reading file: embeddings_000363.pkl.gz
13:17:17 | INFO | Reading file: embeddings_000364.pkl.gz
13:17:17 | INFO | Reading file: embeddings_000365.pkl.gz
13:17:17 | INFO | Reading file: embeddings_000366.pkl.gz
13:17:17 | INFO | Reading file: embeddings_000367.pkl.gz
13:17:18 | INFO | Reading file: embeddings_000368.pkl.gz
13:17:18 | INFO | Reading file: embeddings_000369.pkl.gz
13:17:18 | INFO | Reading file: embeddings_000370.pkl.gz
13:17:18 | INFO | Reading file: embeddings_000371.pkl.gz
13:17:18 | INFO | Reading file: embeddings_000372.pkl.gz
13:17:18 | INFO | Reading file: embeddings_000373.pkl.gz
13:17:19 | INFO | Reading file: embeddings_000374.pkl.gz
13:17:19 | INFO | Reading file: embeddings_000375.pkl.gz
13:17:19 | INFO | Reading file: embeddings_000376.pkl.gz
13:17:19 | INFO | Reading file: embeddings_000173.pkl.gz
13:17:19 | INFO | Reading file: embeddings_000377.pkl.gz
13:17:20 | INFO | Reading file: embeddings_000378.pkl.gz
13:17:20 | INFO | Reading file: embeddings_000379.pkl.gz
13:17:20 | INFO | Reading file: embeddings_000380.pkl.gz
13:17:20 | INFO | Reading file: embeddings_000381.pkl.gz
13:17:20 | INFO | Reading file: embeddings_000382.pkl.gz
13:17:20 | INFO | Reading file: embeddings_000383.pkl.gz
13:17:21 | INFO | Reading file: embeddings_000384.pkl.gz
13:17:21 | INFO | Reading file: embeddings_000385.pkl.gz
13:17:21 | INFO | Reading file: embeddings_000386.pkl.gz
13:17:21 | INFO | Reading file: embeddings_000387.pkl.gz
13:17:21 | INFO | Reading file: embeddings_000388.pkl.gz
13:17:22 | INFO | Reading file: embeddings_000389.pkl.gz
13:17:22 | INFO | Reading file: embeddings_000390.pkl.gz
13:17:22 | INFO | Reading file: embeddings_000391.pkl.gz
13:17:22 | INFO | Reading file: embeddings_000392.pkl.gz
13:17:23 | INFO | Reading file: embeddings_000393.pkl.gz
13:17:23 | INFO | Reading file: embeddings_000394.pkl.gz
13:17:23 | INFO | Reading file: embeddings_000395.pkl.gz
13:17:24 | INFO | Reading file: embeddings_000396.pkl.gz
13:17:24 | INFO | Reading file: embeddings_000397.pkl.gz
13:17:24 | INFO | Reading file: embeddings_000143.pkl.gz
13:17:24 | INFO | Reading file: embeddings_000398.pkl.gz
13:17:24 | INFO | Reading file: embeddings_000399.pkl.gz
13:17:24 | INFO | Reading file: embeddings_000400.pkl.gz
13:17:25 | INFO | Reading file: embeddings_000401.pkl.gz
13:17:25 | INFO | Reading file: embeddings_000402.pkl.gz
13:17:25 | INFO | Reading file: embeddings_000403.pkl.gz
13:17:25 | INFO | Reading file: embeddings_000404.pkl.gz
13:17:26 | INFO | Reading file: embeddings_000405.pkl.gz
13:17:26 | INFO | Reading file: embeddings_000406.pkl.gz
13:17:26 | INFO | Reading file: embeddings_000407.pkl.gz
13:17:27 | INFO | Reading file: embeddings_000408.pkl.gz
13:17:27 | INFO | Reading file: embeddings_000409.pkl.gz
13:17:27 | INFO | Reading file: embeddings_000410.pkl.gz
13:17:27 | INFO | Reading file: embeddings_000411.pkl.gz
13:17:27 | INFO | Reading file: embeddings_000412.pkl.gz
13:17:28 | INFO | Reading file: embeddings_000413.pkl.gz
13:17:28 | INFO | Reading file: embeddings_000414.pkl.gz
13:17:28 | INFO | Reading file: embeddings_000415.pkl.gz
13:17:28 | INFO | Reading file: embeddings_000416.pkl.gz
13:17:28 | INFO | Reading file: embeddings_000174.pkl.gz
13:17:28 | INFO | Reading file: embeddings_000417.pkl.gz
13:17:29 | INFO | Reading file: embeddings_000418.pkl.gz
13:17:29 | INFO | Reading file: embeddings_000419.pkl.gz
13:17:29 | INFO | Reading file: embeddings_000420.pkl.gz
13:17:29 | INFO | Reading file: embeddings_000421.pkl.gz
13:17:29 | INFO | Reading file: embeddings_000422.pkl.gz
13:17:29 | INFO | Reading file: embeddings_000423.pkl.gz
13:17:29 | INFO | Reading file: embeddings_000424.pkl.gz
13:17:30 | INFO | Reading file: embeddings_000425.pkl.gz
13:17:30 | INFO | Reading file: embeddings_000426.pkl.gz
13:17:30 | INFO | Reading file: embeddings_000427.pkl.gz
13:17:30 | INFO | Reading file: embeddings_000428.pkl.gz
13:17:30 | INFO | Reading file: embeddings_000429.pkl.gz
13:17:30 | INFO | Reading file: embeddings_000430.pkl.gz
13:17:31 | INFO | Reading file: embeddings_000431.pkl.gz
13:17:31 | INFO | Reading file: embeddings_000432.pkl.gz
13:17:31 | INFO | Reading file: embeddings_000433.pkl.gz
13:17:31 | INFO | Reading file: embeddings_000434.pkl.gz
13:17:31 | INFO | Reading file: embeddings_000435.pkl.gz
13:17:32 | INFO | Reading file: embeddings_000436.pkl.gz
13:17:32 | INFO | Reading file: embeddings_000437.pkl.gz
13:17:32 | INFO | Reading file: embeddings_000438.pkl.gz
13:17:32 | INFO | Reading file: embeddings_000439.pkl.gz
13:17:32 | INFO | Reading file: embeddings_000144.pkl.gz
13:17:32 | INFO | Reading file: embeddings_000440.pkl.gz
13:17:32 | INFO | Reading file: embeddings_000441.pkl.gz
13:17:32 | INFO | Reading file: embeddings_000442.pkl.gz
13:17:33 | INFO | Reading file: embeddings_000443.pkl.gz
13:17:33 | INFO | Reading file: embeddings_000444.pkl.gz
13:17:33 | INFO | Reading file: embeddings_000445.pkl.gz
13:17:33 | INFO | Reading file: embeddings_000446.pkl.gz
13:17:33 | INFO | Reading file: embeddings_000447.pkl.gz
13:17:34 | INFO | Reading file: embeddings_000448.pkl.gz
13:17:34 | INFO | Reading file: embeddings_000449.pkl.gz
13:17:34 | INFO | Reading file: embeddings_000450.pkl.gz
13:17:34 | INFO | Reading file: embeddings_000451.pkl.gz
13:17:34 | INFO | Reading file: embeddings_000452.pkl.gz
13:17:34 | INFO | Reading file: embeddings_000453.pkl.gz
13:17:34 | INFO | Reading file: embeddings_000454.pkl.gz
13:17:35 | INFO | Reading file: embeddings_000455.pkl.gz
13:17:35 | INFO | Reading file: embeddings_000456.pkl.gz
13:17:35 | INFO | Reading file: embeddings_000457.pkl.gz
13:17:35 | INFO | Reading file: embeddings_000458.pkl.gz
13:17:35 | INFO | Reading file: embeddings_000175.pkl.gz
13:17:36 | INFO | Reading file: embeddings_000459.pkl.gz
13:17:36 | INFO | Reading file: embeddings_000460.pkl.gz
13:17:36 | INFO | Reading file: embeddings_000461.pkl.gz
13:17:36 | INFO | Reading file: embeddings_000462.pkl.gz
13:17:36 | INFO | Reading file: embeddings_000463.pkl.gz
13:17:36 | INFO | Reading file: embeddings_000464.pkl.gz
13:17:37 | INFO | Reading file: embeddings_000465.pkl.gz
13:17:37 | INFO | Reading file: embeddings_000466.pkl.gz
13:17:37 | INFO | Reading file: embeddings_000467.pkl.gz
13:17:37 | INFO | Reading file: embeddings_000468.pkl.gz
13:17:37 | INFO | Reading file: embeddings_000469.pkl.gz
13:17:37 | INFO | Reading file: embeddings_000470.pkl.gz
13:17:38 | INFO | Reading file: embeddings_000471.pkl.gz
13:17:38 | INFO | Reading file: embeddings_000472.pkl.gz
13:17:38 | INFO | Reading file: embeddings_000473.pkl.gz
13:17:38 | INFO | Reading file: embeddings_000474.pkl.gz
13:17:39 | INFO | Reading file: embeddings_000475.pkl.gz
13:17:39 | INFO | Reading file: embeddings_000476.pkl.gz
13:17:39 | INFO | Reading file: embeddings_000477.pkl.gz
13:17:39 | INFO | Reading file: embeddings_000478.pkl.gz
13:17:39 | INFO | Reading file: embeddings_000479.pkl.gz
13:17:39 | INFO | Reading file: embeddings_000480.pkl.gz
13:17:40 | INFO | Reading file: embeddings_000481.pkl.gz
13:17:40 | INFO | Reading file: embeddings_000145.pkl.gz
13:17:40 | INFO | Reading file: embeddings_000482.pkl.gz
13:17:40 | INFO | Reading file: embeddings_000483.pkl.gz
13:17:40 | INFO | Reading file: embeddings_000484.pkl.gz
13:17:41 | INFO | Reading file: embeddings_000485.pkl.gz
13:17:41 | INFO | Reading file: embeddings_000486.pkl.gz
13:17:41 | INFO | Reading file: embeddings_000487.pkl.gz
13:17:41 | INFO | Reading file: embeddings_000488.pkl.gz
13:17:42 | INFO | Reading file: embeddings_000489.pkl.gz
13:17:42 | INFO | Reading file: embeddings_000490.pkl.gz
13:17:42 | INFO | Reading file: embeddings_000491.pkl.gz
13:17:42 | INFO | Reading file: embeddings_000492.pkl.gz
13:17:42 | INFO | Reading file: embeddings_000493.pkl.gz
13:17:42 | INFO | Reading file: embeddings_000494.pkl.gz
13:17:43 | INFO | Reading file: embeddings_000495.pkl.gz
13:17:43 | INFO | Reading file: embeddings_000496.pkl.gz
13:17:43 | INFO | Reading file: embeddings_000497.pkl.gz
13:17:43 | INFO | Reading file: embeddings_000498.pkl.gz
13:17:43 | INFO | Reading file: embeddings_000499.pkl.gz
13:17:44 | INFO | Reading file: embeddings_000176.pkl.gz
13:17:44 | INFO | Reading file: embeddings_000500.pkl.gz
13:17:44 | INFO | Reading file: embeddings_000501.pkl.gz
13:17:44 | INFO | Reading file: embeddings_000502.pkl.gz
13:17:44 | INFO | Reading file: embeddings_000503.pkl.gz
13:17:44 | INFO | Reading file: embeddings_000504.pkl.gz
13:17:44 | INFO | Reading file: embeddings_000505.pkl.gz
13:17:45 | INFO | Reading file: embeddings_000506.pkl.gz
13:17:45 | INFO | Reading file: embeddings_000507.pkl.gz
13:17:45 | INFO | Reading file: embeddings_000508.pkl.gz
13:17:45 | INFO | Reading file: embeddings_000509.pkl.gz
13:17:46 | INFO | Reading file: embeddings_000510.pkl.gz
13:17:46 | INFO | Reading file: embeddings_000511.pkl.gz
13:17:46 | INFO | Reading file: embeddings_000512.pkl.gz
13:17:47 | INFO | Reading file: embeddings_000513.pkl.gz
13:17:47 | INFO | Reading file: embeddings_000514.pkl.gz
13:17:47 | INFO | Reading file: embeddings_000515.pkl.gz
13:17:47 | INFO | Reading file: embeddings_000516.pkl.gz
13:17:47 | INFO | Reading file: embeddings_000517.pkl.gz
13:17:48 | INFO | Reading file: embeddings_000518.pkl.gz
13:17:48 | INFO | Reading file: embeddings_000519.pkl.gz
13:17:48 | INFO | Reading file: embeddings_000520.pkl.gz
13:17:48 | INFO | Reading file: embeddings_000521.pkl.gz
13:17:48 | INFO | Reading file: embeddings_000146.pkl.gz
13:17:48 | INFO | Reading file: embeddings_000522.pkl.gz
13:17:48 | INFO | Reading file: embeddings_000523.pkl.gz
13:17:49 | INFO | Reading file: embeddings_000524.pkl.gz
13:17:49 | INFO | Reading file: embeddings_000525.pkl.gz
13:17:49 | INFO | Reading file: embeddings_000526.pkl.gz
13:17:49 | INFO | Reading file: embeddings_000527.pkl.gz
13:17:50 | INFO | Reading file: embeddings_000528.pkl.gz
13:17:50 | INFO | Reading file: embeddings_000529.pkl.gz
13:17:50 | INFO | Reading file: embeddings_000530.pkl.gz
13:17:50 | INFO | Reading file: embeddings_000531.pkl.gz
13:17:50 | INFO | Reading file: embeddings_000532.pkl.gz
13:17:50 | INFO | Reading file: embeddings_000533.pkl.gz
13:17:51 | INFO | Reading file: embeddings_000534.pkl.gz
13:17:51 | INFO | Reading file: embeddings_000535.pkl.gz
13:17:51 | INFO | Reading file: embeddings_000536.pkl.gz
13:17:51 | INFO | Reading file: embeddings_000537.pkl.gz
13:17:51 | INFO | Reading file: embeddings_000538.pkl.gz
13:17:52 | INFO | Reading file: embeddings_000539.pkl.gz
13:17:53 | INFO | Reading file: embeddings_000540.pkl.gz
13:17:53 | INFO | Reading file: embeddings_000541.pkl.gz
13:17:53 | INFO | Reading file: embeddings_000177.pkl.gz
13:17:53 | INFO | Reading file: embeddings_000542.pkl.gz
13:17:53 | INFO | Reading file: embeddings_000543.pkl.gz
13:17:53 | INFO | Reading file: embeddings_000544.pkl.gz
13:17:54 | INFO | Reading file: embeddings_000545.pkl.gz
13:17:54 | INFO | Reading file: embeddings_000546.pkl.gz
13:17:54 | INFO | Reading file: embeddings_000547.pkl.gz
13:17:54 | INFO | Reading file: embeddings_000548.pkl.gz
13:17:54 | INFO | Reading file: embeddings_000549.pkl.gz
13:17:54 | INFO | Reading file: embeddings_000550.pkl.gz
13:17:55 | INFO | Reading file: embeddings_000551.pkl.gz
13:17:55 | INFO | Reading file: embeddings_000552.pkl.gz
13:17:55 | INFO | Reading file: embeddings_000553.pkl.gz
13:17:55 | INFO | Reading file: embeddings_000554.pkl.gz
13:17:56 | INFO | Reading file: embeddings_000555.pkl.gz
13:17:56 | INFO | Reading file: embeddings_000556.pkl.gz
13:17:56 | INFO | Reading file: embeddings_000557.pkl.gz
13:17:57 | INFO | Reading file: embeddings_000558.pkl.gz
13:17:57 | INFO | Reading file: embeddings_000559.pkl.gz
13:17:57 | INFO | Reading file: embeddings_000560.pkl.gz
13:17:57 | INFO | Reading file: embeddings_000147.pkl.gz
13:17:57 | INFO | Reading file: embeddings_000561.pkl.gz
13:17:57 | INFO | Reading file: embeddings_000562.pkl.gz
13:17:58 | INFO | Reading file: embeddings_000563.pkl.gz
13:17:58 | INFO | Reading file: embeddings_000564.pkl.gz
13:17:58 | INFO | Reading file: embeddings_000565.pkl.gz
13:17:59 | INFO | Reading file: embeddings_000566.pkl.gz
13:18:00 | INFO | Reading file: embeddings_000567.pkl.gz
13:18:00 | INFO | Reading file: embeddings_000568.pkl.gz
13:18:00 | INFO | Reading file: embeddings_000569.pkl.gz
13:18:00 | INFO | Reading file: embeddings_000570.pkl.gz
13:18:00 | INFO | Reading file: embeddings_000571.pkl.gz
13:18:00 | INFO | Reading file: embeddings_000572.pkl.gz
13:18:01 | INFO | Reading file: embeddings_000573.pkl.gz
13:18:01 | INFO | Reading file: embeddings_000574.pkl.gz
13:18:01 | INFO | Reading file: embeddings_000575.pkl.gz
13:18:01 | INFO | Reading file: embeddings_000576.pkl.gz
13:18:01 | INFO | Reading file: embeddings_000577.pkl.gz
13:18:01 | INFO | Reading file: embeddings_000578.pkl.gz
13:18:02 | INFO | Reading file: embeddings_000579.pkl.gz
13:18:02 | INFO | Reading file: embeddings_000580.pkl.gz
13:18:02 | INFO | Reading file: embeddings_000178.pkl.gz
13:18:02 | INFO | Reading file: embeddings_000581.pkl.gz
13:18:02 | INFO | Reading file: embeddings_000582.pkl.gz
13:18:03 | INFO | Reading file: embeddings_000583.pkl.gz
13:18:03 | INFO | Reading file: embeddings_000584.pkl.gz
13:18:03 | INFO | Reading file: embeddings_000585.pkl.gz
13:18:03 | INFO | Reading file: embeddings_000586.pkl.gz
13:18:03 | INFO | Reading file: embeddings_000587.pkl.gz
13:18:04 | INFO | Reading file: embeddings_000588.pkl.gz
13:18:04 | INFO | Reading file: embeddings_000589.pkl.gz
13:18:04 | INFO | Reading file: embeddings_000590.pkl.gz
13:18:04 | INFO | Reading file: embeddings_000591.pkl.gz
13:18:04 | INFO | Reading file: embeddings_000592.pkl.gz
13:18:05 | INFO | Reading file: embeddings_000593.pkl.gz
13:18:05 | INFO | Reading file: embeddings_000594.pkl.gz
13:18:05 | INFO | Reading file: embeddings_000595.pkl.gz
13:18:05 | INFO | Reading file: embeddings_000596.pkl.gz
13:18:05 | INFO | Reading file: embeddings_000597.pkl.gz
13:18:06 | INFO | Reading file: embeddings_000598.pkl.gz
13:18:06 | INFO | Reading file: embeddings_000599.pkl.gz
13:18:06 | INFO | Reading file: embeddings_000600.pkl.gz
13:18:06 | INFO | Reading file: embeddings_000148.pkl.gz
13:18:06 | INFO | Reading file: embeddings_000601.pkl.gz
13:18:06 | INFO | Reading file: embeddings_000602.pkl.gz
13:18:07 | INFO | Reading file: embeddings_000603.pkl.gz
13:18:07 | INFO | Reading file: embeddings_000604.pkl.gz
13:18:07 | INFO | Reading file: embeddings_000605.pkl.gz
13:18:08 | INFO | Reading file: embeddings_000606.pkl.gz
13:18:08 | INFO | Reading file: embeddings_000607.pkl.gz
13:18:08 | INFO | Reading file: embeddings_000608.pkl.gz
13:18:09 | INFO | Reading file: embeddings_000609.pkl.gz
13:18:09 | INFO | Reading file: embeddings_000610.pkl.gz
13:18:09 | INFO | Reading file: embeddings_000611.pkl.gz
13:18:12 | INFO | Reading file: embeddings_000179.pkl.gz
13:18:16 | INFO | Reading file: embeddings_000149.pkl.gz
13:18:20 | INFO | Saved 45084 embeddings to data/model/surgery/semantic/pubmedbert_2016.pkl.gz
13:18:21 | INFO | Reading file: embeddings_000180.pkl.gz
13:18:25 | INFO | Reading file: embeddings_000150.pkl.gz
13:18:30 | INFO | Reading file: embeddings_000181.pkl.gz
13:18:35 | INFO | Reading file: embeddings_000151.pkl.gz
13:18:41 | INFO | Reading file: embeddings_000182.pkl.gz
13:18:44 | INFO | Reading file: embeddings_000152.pkl.gz
13:18:48 | INFO | Reading file: embeddings_000183.pkl.gz
13:18:51 | INFO | Reading file: embeddings_000153.pkl.gz
13:18:54 | INFO | Reading file: embeddings_000184.pkl.gz
13:18:57 | INFO | Reading file: embeddings_000154.pkl.gz
13:19:01 | INFO | Reading file: embeddings_000185.pkl.gz
13:19:04 | INFO | Reading file: embeddings_000155.pkl.gz
13:19:08 | INFO | Reading file: embeddings_000186.pkl.gz
13:19:11 | INFO | Reading file: embeddings_000156.pkl.gz
13:19:15 | INFO | Reading file: embeddings_000187.pkl.gz
13:19:17 | INFO | Reading file: embeddings_000157.pkl.gz
13:19:21 | INFO | Reading file: embeddings_000188.pkl.gz
13:19:24 | INFO | Reading file: embeddings_000158.pkl.gz
13:19:28 | INFO | Reading file: embeddings_000189.pkl.gz
13:19:31 | INFO | Reading file: embeddings_000159.pkl.gz
13:19:36 | INFO | Reading file: embeddings_000190.pkl.gz
13:19:40 | INFO | Reading file: embeddings_000160.pkl.gz
13:19:44 | INFO | Reading file: embeddings_000191.pkl.gz
13:19:47 | INFO | Reading file: embeddings_000161.pkl.gz
13:19:50 | INFO | Reading file: embeddings_000192.pkl.gz
13:19:53 | INFO | Reading file: embeddings_000162.pkl.gz
13:19:57 | INFO | Reading file: embeddings_000193.pkl.gz
13:19:59 | INFO | Reading file: embeddings_000163.pkl.gz
13:20:03 | INFO | Reading file: embeddings_000194.pkl.gz
13:20:06 | INFO | Reading file: embeddings_000164.pkl.gz
13:20:11 | INFO | Reading file: embeddings_000195.pkl.gz
13:20:15 | INFO | Reading file: embeddings_000165.pkl.gz
13:20:20 | INFO | Reading file: embeddings_000196.pkl.gz
13:20:24 | INFO | Reading file: embeddings_000166.pkl.gz
13:20:29 | INFO | Reading file: embeddings_000197.pkl.gz
13:20:33 | INFO | Reading file: embeddings_000167.pkl.gz
13:20:38 | INFO | Reading file: embeddings_000198.pkl.gz
13:20:41 | INFO | Reading file: embeddings_000168.pkl.gz
13:20:46 | INFO | Reading file: embeddings_000199.pkl.gz
13:20:49 | INFO | Reading file: embeddings_000169.pkl.gz
13:20:54 | INFO | Reading file: embeddings_000200.pkl.gz
13:20:57 | INFO | Reading file: embeddings_000170.pkl.gz
13:21:02 | INFO | Reading file: embeddings_000201.pkl.gz
13:21:04 | INFO | Reading file: embeddings_000171.pkl.gz
13:21:10 | INFO | Reading file: embeddings_000202.pkl.gz
13:21:14 | INFO | Reading file: embeddings_000172.pkl.gz
13:21:18 | INFO | Reading file: embeddings_000203.pkl.gz
13:21:20 | INFO | Reading file: embeddings_000173.pkl.gz
13:21:25 | INFO | Reading file: embeddings_000204.pkl.gz
13:21:27 | INFO | Reading file: embeddings_000174.pkl.gz
13:21:31 | INFO | Reading file: embeddings_000205.pkl.gz
13:21:33 | INFO | Reading file: embeddings_000175.pkl.gz
13:21:37 | INFO | Reading file: embeddings_000206.pkl.gz
13:21:39 | INFO | Reading file: embeddings_000176.pkl.gz
13:21:44 | INFO | Reading file: embeddings_000207.pkl.gz
13:21:47 | INFO | Reading file: embeddings_000177.pkl.gz
13:21:52 | INFO | Reading file: embeddings_000208.pkl.gz
13:21:54 | INFO | Reading file: embeddings_000178.pkl.gz
13:21:59 | INFO | Reading file: embeddings_000209.pkl.gz
13:22:01 | INFO | Reading file: embeddings_000179.pkl.gz
13:22:07 | INFO | Reading file: embeddings_000210.pkl.gz
13:22:09 | INFO | Reading file: embeddings_000180.pkl.gz
13:22:13 | INFO | Reading file: embeddings_000211.pkl.gz
13:22:15 | INFO | Reading file: embeddings_000181.pkl.gz
13:22:19 | INFO | Reading file: embeddings_000212.pkl.gz
13:22:21 | INFO | Reading file: embeddings_000182.pkl.gz
13:22:26 | INFO | Reading file: embeddings_000213.pkl.gz
13:22:28 | INFO | Reading file: embeddings_000183.pkl.gz
13:22:32 | INFO | Reading file: embeddings_000214.pkl.gz
13:22:35 | INFO | Reading file: embeddings_000184.pkl.gz
13:22:41 | INFO | Reading file: embeddings_000215.pkl.gz
13:22:43 | INFO | Reading file: embeddings_000185.pkl.gz
13:22:48 | INFO | Reading file: embeddings_000216.pkl.gz
13:22:51 | INFO | Reading file: embeddings_000186.pkl.gz
13:22:55 | INFO | Reading file: embeddings_000217.pkl.gz
13:22:57 | INFO | Reading file: embeddings_000187.pkl.gz
13:23:02 | INFO | Reading file: embeddings_000218.pkl.gz
13:23:04 | INFO | Reading file: embeddings_000188.pkl.gz
13:23:08 | INFO | Reading file: embeddings_000219.pkl.gz
13:23:11 | INFO | Reading file: embeddings_000189.pkl.gz
13:23:15 | INFO | Reading file: embeddings_000220.pkl.gz
13:23:17 | INFO | Reading file: embeddings_000190.pkl.gz
13:23:21 | INFO | Reading file: embeddings_000221.pkl.gz
13:23:23 | INFO | Reading file: embeddings_000191.pkl.gz
13:23:30 | INFO | Reading file: embeddings_000222.pkl.gz
13:23:32 | INFO | Reading file: embeddings_000192.pkl.gz
13:23:37 | INFO | Reading file: embeddings_000223.pkl.gz
13:23:39 | INFO | Reading file: embeddings_000193.pkl.gz
13:23:43 | INFO | Reading file: embeddings_000224.pkl.gz
13:23:45 | INFO | Reading file: embeddings_000194.pkl.gz
13:23:49 | INFO | Reading file: embeddings_000225.pkl.gz
13:23:51 | INFO | Reading file: embeddings_000195.pkl.gz
13:23:56 | INFO | Reading file: embeddings_000226.pkl.gz
13:23:57 | INFO | Reading file: embeddings_000196.pkl.gz
13:24:02 | INFO | Reading file: embeddings_000227.pkl.gz
13:24:04 | INFO | Reading file: embeddings_000197.pkl.gz
13:24:08 | INFO | Reading file: embeddings_000228.pkl.gz
13:24:10 | INFO | Reading file: embeddings_000198.pkl.gz
13:24:14 | INFO | Reading file: embeddings_000229.pkl.gz
13:24:16 | INFO | Reading file: embeddings_000199.pkl.gz
13:24:21 | INFO | Reading file: embeddings_000230.pkl.gz
13:24:23 | INFO | Reading file: embeddings_000200.pkl.gz
13:24:27 | INFO | Reading file: embeddings_000231.pkl.gz
13:24:29 | INFO | Reading file: embeddings_000201.pkl.gz
13:24:33 | INFO | Reading file: embeddings_000232.pkl.gz
13:24:34 | INFO | Reading file: embeddings_000202.pkl.gz
13:24:39 | INFO | Reading file: embeddings_000233.pkl.gz
13:24:40 | INFO | Reading file: embeddings_000203.pkl.gz
13:24:45 | INFO | Reading file: embeddings_000234.pkl.gz
13:24:46 | INFO | Reading file: embeddings_000204.pkl.gz
13:24:51 | INFO | Reading file: embeddings_000235.pkl.gz
13:24:53 | INFO | Reading file: embeddings_000205.pkl.gz
13:24:57 | INFO | Reading file: embeddings_000236.pkl.gz
13:24:59 | INFO | Reading file: embeddings_000206.pkl.gz
13:25:03 | INFO | Reading file: embeddings_000237.pkl.gz
13:25:05 | INFO | Reading file: embeddings_000207.pkl.gz
13:25:09 | INFO | Reading file: embeddings_000238.pkl.gz
13:25:11 | INFO | Reading file: embeddings_000208.pkl.gz
13:25:15 | INFO | Reading file: embeddings_000239.pkl.gz
13:25:16 | INFO | Reading file: embeddings_000209.pkl.gz
13:25:21 | INFO | Reading file: embeddings_000240.pkl.gz
13:25:23 | INFO | Reading file: embeddings_000210.pkl.gz
13:25:27 | INFO | Reading file: embeddings_000241.pkl.gz
13:25:29 | INFO | Reading file: embeddings_000211.pkl.gz
13:25:33 | INFO | Reading file: embeddings_000242.pkl.gz
13:25:35 | INFO | Reading file: embeddings_000212.pkl.gz
13:25:39 | INFO | Reading file: embeddings_000243.pkl.gz
13:25:41 | INFO | Reading file: embeddings_000213.pkl.gz
13:25:46 | INFO | Reading file: embeddings_000244.pkl.gz
13:25:48 | INFO | Reading file: embeddings_000214.pkl.gz
13:25:52 | INFO | Reading file: embeddings_000245.pkl.gz
13:25:54 | INFO | Reading file: embeddings_000215.pkl.gz
13:25:59 | INFO | Reading file: embeddings_000246.pkl.gz
13:26:01 | INFO | Reading file: embeddings_000216.pkl.gz
13:26:05 | INFO | Reading file: embeddings_000247.pkl.gz
13:26:07 | INFO | Reading file: embeddings_000217.pkl.gz
13:26:13 | INFO | Reading file: embeddings_000248.pkl.gz
13:26:15 | INFO | Reading file: embeddings_000218.pkl.gz
13:26:20 | INFO | Reading file: embeddings_000249.pkl.gz
13:26:21 | INFO | Reading file: embeddings_000219.pkl.gz
13:26:26 | INFO | Reading file: embeddings_000250.pkl.gz
13:26:28 | INFO | Reading file: embeddings_000220.pkl.gz
13:26:33 | INFO | Reading file: embeddings_000251.pkl.gz
13:26:35 | INFO | Reading file: embeddings_000221.pkl.gz
13:26:40 | INFO | Reading file: embeddings_000252.pkl.gz
13:26:42 | INFO | Reading file: embeddings_000222.pkl.gz
13:26:46 | INFO | Reading file: embeddings_000253.pkl.gz
13:26:48 | INFO | Reading file: embeddings_000223.pkl.gz
13:26:53 | INFO | Reading file: embeddings_000254.pkl.gz
13:26:54 | INFO | Reading file: embeddings_000224.pkl.gz
13:26:59 | INFO | Reading file: embeddings_000255.pkl.gz
13:27:01 | INFO | Reading file: embeddings_000225.pkl.gz
13:27:07 | INFO | Reading file: embeddings_000256.pkl.gz
13:27:08 | INFO | Reading file: embeddings_000226.pkl.gz
13:27:14 | INFO | Reading file: embeddings_000257.pkl.gz
13:27:15 | INFO | Reading file: embeddings_000227.pkl.gz
13:27:21 | INFO | Reading file: embeddings_000258.pkl.gz
13:27:22 | INFO | Reading file: embeddings_000228.pkl.gz
13:27:27 | INFO | Reading file: embeddings_000259.pkl.gz
13:27:29 | INFO | Reading file: embeddings_000229.pkl.gz
13:27:34 | INFO | Reading file: embeddings_000260.pkl.gz
13:27:35 | INFO | Reading file: embeddings_000230.pkl.gz
13:27:41 | INFO | Reading file: embeddings_000261.pkl.gz
13:27:42 | INFO | Reading file: embeddings_000231.pkl.gz
13:27:47 | INFO | Reading file: embeddings_000262.pkl.gz
13:27:49 | INFO | Reading file: embeddings_000232.pkl.gz
13:27:54 | INFO | Reading file: embeddings_000263.pkl.gz
13:27:55 | INFO | Reading file: embeddings_000233.pkl.gz
13:28:01 | INFO | Reading file: embeddings_000264.pkl.gz
13:28:02 | INFO | Reading file: embeddings_000234.pkl.gz
13:28:08 | INFO | Reading file: embeddings_000265.pkl.gz
13:28:09 | INFO | Reading file: embeddings_000235.pkl.gz
13:28:14 | INFO | Reading file: embeddings_000266.pkl.gz
13:28:15 | INFO | Reading file: embeddings_000236.pkl.gz
13:28:20 | INFO | Reading file: embeddings_000267.pkl.gz
13:28:21 | INFO | Reading file: embeddings_000237.pkl.gz
13:28:26 | INFO | Reading file: embeddings_000268.pkl.gz
13:28:27 | INFO | Reading file: embeddings_000238.pkl.gz
13:28:35 | INFO | Reading file: embeddings_000269.pkl.gz
13:28:37 | INFO | Reading file: embeddings_000239.pkl.gz
13:28:43 | INFO | Reading file: embeddings_000270.pkl.gz
13:28:45 | INFO | Reading file: embeddings_000240.pkl.gz
13:28:52 | INFO | Reading file: embeddings_000271.pkl.gz
13:28:53 | INFO | Reading file: embeddings_000241.pkl.gz
13:29:01 | INFO | Reading file: embeddings_000272.pkl.gz
13:29:02 | INFO | Reading file: embeddings_000242.pkl.gz
13:29:08 | INFO | Reading file: embeddings_000273.pkl.gz
13:29:10 | INFO | Reading file: embeddings_000243.pkl.gz
13:29:17 | INFO | Reading file: embeddings_000274.pkl.gz
13:29:18 | INFO | Reading file: embeddings_000244.pkl.gz
13:29:24 | INFO | Reading file: embeddings_000275.pkl.gz
13:29:26 | INFO | Reading file: embeddings_000245.pkl.gz
13:29:33 | INFO | Reading file: embeddings_000276.pkl.gz
13:29:34 | INFO | Reading file: embeddings_000246.pkl.gz
13:29:39 | INFO | Reading file: embeddings_000277.pkl.gz
13:29:40 | INFO | Reading file: embeddings_000247.pkl.gz
13:29:46 | INFO | Reading file: embeddings_000278.pkl.gz
13:29:47 | INFO | Reading file: embeddings_000248.pkl.gz
13:29:52 | INFO | Reading file: embeddings_000279.pkl.gz
13:29:53 | INFO | Reading file: embeddings_000249.pkl.gz
13:29:58 | INFO | Reading file: embeddings_000280.pkl.gz
13:30:00 | INFO | Reading file: embeddings_000250.pkl.gz
13:30:05 | INFO | Reading file: embeddings_000281.pkl.gz
13:30:06 | INFO | Reading file: embeddings_000251.pkl.gz
13:30:11 | INFO | Reading file: embeddings_000282.pkl.gz
13:30:12 | INFO | Reading file: embeddings_000252.pkl.gz
13:30:18 | INFO | Reading file: embeddings_000283.pkl.gz
13:30:19 | INFO | Reading file: embeddings_000253.pkl.gz
13:30:24 | INFO | Reading file: embeddings_000284.pkl.gz
13:30:25 | INFO | Reading file: embeddings_000254.pkl.gz
13:30:30 | INFO | Reading file: embeddings_000285.pkl.gz
13:30:31 | INFO | Reading file: embeddings_000255.pkl.gz
13:30:36 | INFO | Reading file: embeddings_000286.pkl.gz
13:30:37 | INFO | Reading file: embeddings_000256.pkl.gz
13:30:44 | INFO | Reading file: embeddings_000287.pkl.gz
13:30:45 | INFO | Reading file: embeddings_000257.pkl.gz
13:30:51 | INFO | Reading file: embeddings_000288.pkl.gz
13:30:52 | INFO | Reading file: embeddings_000258.pkl.gz
13:30:59 | INFO | Reading file: embeddings_000289.pkl.gz
13:31:00 | INFO | Reading file: embeddings_000259.pkl.gz
13:31:08 | INFO | Reading file: embeddings_000290.pkl.gz
13:31:09 | INFO | Reading file: embeddings_000260.pkl.gz
13:31:15 | INFO | Reading file: embeddings_000291.pkl.gz
13:31:16 | INFO | Reading file: embeddings_000261.pkl.gz
13:31:23 | INFO | Reading file: embeddings_000292.pkl.gz
13:31:24 | INFO | Reading file: embeddings_000262.pkl.gz
13:31:30 | INFO | Reading file: embeddings_000293.pkl.gz
13:31:31 | INFO | Reading file: embeddings_000263.pkl.gz
13:31:37 | INFO | Reading file: embeddings_000294.pkl.gz
13:31:38 | INFO | Reading file: embeddings_000264.pkl.gz
13:31:43 | INFO | Reading file: embeddings_000295.pkl.gz
13:31:44 | INFO | Reading file: embeddings_000265.pkl.gz
13:31:50 | INFO | Reading file: embeddings_000296.pkl.gz
13:31:51 | INFO | Reading file: embeddings_000266.pkl.gz
13:31:57 | INFO | Reading file: embeddings_000297.pkl.gz
13:31:58 | INFO | Reading file: embeddings_000267.pkl.gz
13:32:03 | INFO | Reading file: embeddings_000298.pkl.gz
13:32:05 | INFO | Reading file: embeddings_000268.pkl.gz
13:32:11 | INFO | Reading file: embeddings_000299.pkl.gz
13:32:12 | INFO | Reading file: embeddings_000269.pkl.gz
13:32:17 | INFO | Reading file: embeddings_000300.pkl.gz
13:32:18 | INFO | Reading file: embeddings_000270.pkl.gz
13:32:24 | INFO | Reading file: embeddings_000301.pkl.gz
13:32:26 | INFO | Reading file: embeddings_000271.pkl.gz
13:32:32 | INFO | Reading file: embeddings_000302.pkl.gz
13:32:33 | INFO | Reading file: embeddings_000272.pkl.gz
13:32:39 | INFO | Reading file: embeddings_000303.pkl.gz
13:32:40 | INFO | Reading file: embeddings_000273.pkl.gz
13:32:46 | INFO | Reading file: embeddings_000304.pkl.gz
13:32:47 | INFO | Reading file: embeddings_000274.pkl.gz
13:32:53 | INFO | Reading file: embeddings_000305.pkl.gz
13:32:54 | INFO | Reading file: embeddings_000275.pkl.gz
13:32:59 | INFO | Reading file: embeddings_000306.pkl.gz
13:33:01 | INFO | Reading file: embeddings_000276.pkl.gz
13:33:06 | INFO | Reading file: embeddings_000307.pkl.gz
13:33:07 | INFO | Reading file: embeddings_000277.pkl.gz
13:33:12 | INFO | Reading file: embeddings_000308.pkl.gz
13:33:13 | INFO | Reading file: embeddings_000278.pkl.gz
13:33:18 | INFO | Reading file: embeddings_000309.pkl.gz
13:33:20 | INFO | Reading file: embeddings_000279.pkl.gz
13:33:25 | INFO | Reading file: embeddings_000310.pkl.gz
13:33:26 | INFO | Reading file: embeddings_000280.pkl.gz
13:33:31 | INFO | Reading file: embeddings_000311.pkl.gz
13:33:32 | INFO | Reading file: embeddings_000281.pkl.gz
13:33:38 | INFO | Reading file: embeddings_000312.pkl.gz
13:33:39 | INFO | Reading file: embeddings_000282.pkl.gz
13:33:44 | INFO | Reading file: embeddings_000313.pkl.gz
13:33:45 | INFO | Reading file: embeddings_000283.pkl.gz
13:33:51 | INFO | Reading file: embeddings_000314.pkl.gz
13:33:52 | INFO | Reading file: embeddings_000284.pkl.gz
13:33:57 | INFO | Reading file: embeddings_000315.pkl.gz
13:33:58 | INFO | Reading file: embeddings_000285.pkl.gz
13:34:04 | INFO | Reading file: embeddings_000316.pkl.gz
13:34:04 | INFO | Reading file: embeddings_000317.pkl.gz
13:34:04 | INFO | Reading file: embeddings_000318.pkl.gz
13:34:04 | INFO | Reading file: embeddings_000319.pkl.gz
13:34:04 | INFO | Reading file: embeddings_000320.pkl.gz
13:34:04 | INFO | Reading file: embeddings_000321.pkl.gz
13:34:05 | INFO | Reading file: embeddings_000322.pkl.gz
13:34:05 | INFO | Reading file: embeddings_000323.pkl.gz
13:34:05 | INFO | Reading file: embeddings_000286.pkl.gz
13:34:05 | INFO | Reading file: embeddings_000324.pkl.gz
13:34:05 | INFO | Reading file: embeddings_000325.pkl.gz
13:34:05 | INFO | Reading file: embeddings_000326.pkl.gz
13:34:05 | INFO | Reading file: embeddings_000327.pkl.gz
13:34:05 | INFO | Reading file: embeddings_000328.pkl.gz
13:34:05 | INFO | Reading file: embeddings_000329.pkl.gz
13:34:05 | INFO | Reading file: embeddings_000330.pkl.gz
13:34:06 | INFO | Reading file: embeddings_000331.pkl.gz
13:34:06 | INFO | Reading file: embeddings_000332.pkl.gz
13:34:06 | INFO | Reading file: embeddings_000333.pkl.gz
13:34:06 | INFO | Reading file: embeddings_000334.pkl.gz
13:34:06 | INFO | Reading file: embeddings_000335.pkl.gz
13:34:06 | INFO | Reading file: embeddings_000336.pkl.gz
13:34:06 | INFO | Reading file: embeddings_000337.pkl.gz
13:34:07 | INFO | Reading file: embeddings_000338.pkl.gz
13:34:07 | INFO | Reading file: embeddings_000339.pkl.gz
13:34:12 | INFO | Reading file: embeddings_000287.pkl.gz
13:34:12 | INFO | Reading file: embeddings_000340.pkl.gz
13:34:13 | INFO | Reading file: embeddings_000341.pkl.gz
13:34:13 | INFO | Reading file: embeddings_000342.pkl.gz
13:34:13 | INFO | Reading file: embeddings_000343.pkl.gz
13:34:13 | INFO | Reading file: embeddings_000344.pkl.gz
13:34:13 | INFO | Reading file: embeddings_000345.pkl.gz
13:34:13 | INFO | Reading file: embeddings_000346.pkl.gz
13:34:13 | INFO | Reading file: embeddings_000347.pkl.gz
13:34:13 | INFO | Reading file: embeddings_000348.pkl.gz
13:34:14 | INFO | Reading file: embeddings_000349.pkl.gz
13:34:14 | INFO | Reading file: embeddings_000350.pkl.gz
13:34:14 | INFO | Reading file: embeddings_000351.pkl.gz
13:34:14 | INFO | Reading file: embeddings_000352.pkl.gz
13:34:14 | INFO | Reading file: embeddings_000353.pkl.gz
13:34:14 | INFO | Reading file: embeddings_000354.pkl.gz
13:34:15 | INFO | Reading file: embeddings_000355.pkl.gz
13:34:15 | INFO | Reading file: embeddings_000356.pkl.gz
13:34:15 | INFO | Reading file: embeddings_000357.pkl.gz
13:34:15 | INFO | Reading file: embeddings_000358.pkl.gz
13:34:15 | INFO | Reading file: embeddings_000359.pkl.gz
13:34:15 | INFO | Reading file: embeddings_000360.pkl.gz
13:34:15 | INFO | Reading file: embeddings_000361.pkl.gz
13:34:16 | INFO | Reading file: embeddings_000362.pkl.gz
13:34:16 | INFO | Reading file: embeddings_000363.pkl.gz
13:34:16 | INFO | Reading file: embeddings_000364.pkl.gz
13:34:16 | INFO | Reading file: embeddings_000365.pkl.gz
13:34:16 | INFO | Reading file: embeddings_000366.pkl.gz
13:34:16 | INFO | Reading file: embeddings_000367.pkl.gz
13:34:17 | INFO | Reading file: embeddings_000368.pkl.gz
13:34:17 | INFO | Reading file: embeddings_000369.pkl.gz
13:34:17 | INFO | Reading file: embeddings_000370.pkl.gz
13:34:17 | INFO | Reading file: embeddings_000371.pkl.gz
13:34:17 | INFO | Reading file: embeddings_000372.pkl.gz
13:34:17 | INFO | Reading file: embeddings_000373.pkl.gz
13:34:17 | INFO | Reading file: embeddings_000374.pkl.gz
13:34:17 | INFO | Reading file: embeddings_000375.pkl.gz
13:34:18 | INFO | Reading file: embeddings_000376.pkl.gz
13:34:18 | INFO | Reading file: embeddings_000377.pkl.gz
13:34:18 | INFO | Reading file: embeddings_000378.pkl.gz
13:34:18 | INFO | Reading file: embeddings_000288.pkl.gz
13:34:18 | INFO | Reading file: embeddings_000379.pkl.gz
13:34:18 | INFO | Reading file: embeddings_000380.pkl.gz
13:34:18 | INFO | Reading file: embeddings_000381.pkl.gz
13:34:18 | INFO | Reading file: embeddings_000382.pkl.gz
13:34:19 | INFO | Reading file: embeddings_000383.pkl.gz
13:34:19 | INFO | Reading file: embeddings_000384.pkl.gz
13:34:19 | INFO | Reading file: embeddings_000385.pkl.gz
13:34:19 | INFO | Reading file: embeddings_000386.pkl.gz
13:34:19 | INFO | Reading file: embeddings_000387.pkl.gz
13:34:19 | INFO | Reading file: embeddings_000388.pkl.gz
13:34:19 | INFO | Reading file: embeddings_000389.pkl.gz
13:34:19 | INFO | Reading file: embeddings_000390.pkl.gz
13:34:20 | INFO | Reading file: embeddings_000391.pkl.gz
13:34:20 | INFO | Reading file: embeddings_000392.pkl.gz
13:34:20 | INFO | Reading file: embeddings_000393.pkl.gz
13:34:20 | INFO | Reading file: embeddings_000394.pkl.gz
13:34:20 | INFO | Reading file: embeddings_000395.pkl.gz
13:34:20 | INFO | Reading file: embeddings_000396.pkl.gz
13:34:20 | INFO | Reading file: embeddings_000397.pkl.gz
13:34:21 | INFO | Reading file: embeddings_000398.pkl.gz
13:34:21 | INFO | Reading file: embeddings_000399.pkl.gz
13:34:21 | INFO | Reading file: embeddings_000400.pkl.gz
13:34:21 | INFO | Reading file: embeddings_000401.pkl.gz
13:34:21 | INFO | Reading file: embeddings_000402.pkl.gz
13:34:21 | INFO | Reading file: embeddings_000403.pkl.gz
13:34:21 | INFO | Reading file: embeddings_000404.pkl.gz
13:34:21 | INFO | Reading file: embeddings_000405.pkl.gz
13:34:21 | INFO | Reading file: embeddings_000406.pkl.gz
13:34:22 | INFO | Reading file: embeddings_000407.pkl.gz
13:34:22 | INFO | Reading file: embeddings_000408.pkl.gz
13:34:22 | INFO | Reading file: embeddings_000409.pkl.gz
13:34:22 | INFO | Reading file: embeddings_000410.pkl.gz
13:34:22 | INFO | Reading file: embeddings_000411.pkl.gz
13:34:22 | INFO | Reading file: embeddings_000412.pkl.gz
13:34:23 | INFO | Reading file: embeddings_000413.pkl.gz
13:34:23 | INFO | Reading file: embeddings_000414.pkl.gz
13:34:23 | INFO | Reading file: embeddings_000415.pkl.gz
13:34:23 | INFO | Reading file: embeddings_000416.pkl.gz
13:34:23 | INFO | Reading file: embeddings_000417.pkl.gz
13:34:23 | INFO | Reading file: embeddings_000418.pkl.gz
13:34:23 | INFO | Reading file: embeddings_000419.pkl.gz
13:34:24 | INFO | Reading file: embeddings_000420.pkl.gz
13:34:24 | INFO | Reading file: embeddings_000289.pkl.gz
13:34:24 | INFO | Reading file: embeddings_000421.pkl.gz
13:34:24 | INFO | Reading file: embeddings_000422.pkl.gz
13:34:24 | INFO | Reading file: embeddings_000423.pkl.gz
13:34:24 | INFO | Reading file: embeddings_000424.pkl.gz
13:34:24 | INFO | Reading file: embeddings_000425.pkl.gz
13:34:25 | INFO | Reading file: embeddings_000426.pkl.gz
13:34:25 | INFO | Reading file: embeddings_000427.pkl.gz
13:34:25 | INFO | Reading file: embeddings_000428.pkl.gz
13:34:25 | INFO | Reading file: embeddings_000429.pkl.gz
13:34:25 | INFO | Reading file: embeddings_000430.pkl.gz
13:34:25 | INFO | Reading file: embeddings_000431.pkl.gz
13:34:25 | INFO | Reading file: embeddings_000432.pkl.gz
13:34:25 | INFO | Reading file: embeddings_000433.pkl.gz
13:34:26 | INFO | Reading file: embeddings_000434.pkl.gz
13:34:26 | INFO | Reading file: embeddings_000435.pkl.gz
13:34:26 | INFO | Reading file: embeddings_000436.pkl.gz
13:34:26 | INFO | Reading file: embeddings_000437.pkl.gz
13:34:26 | INFO | Reading file: embeddings_000438.pkl.gz
13:34:26 | INFO | Reading file: embeddings_000439.pkl.gz
13:34:27 | INFO | Reading file: embeddings_000440.pkl.gz
13:34:27 | INFO | Reading file: embeddings_000441.pkl.gz
13:34:27 | INFO | Reading file: embeddings_000442.pkl.gz
13:34:27 | INFO | Reading file: embeddings_000443.pkl.gz
13:34:27 | INFO | Reading file: embeddings_000444.pkl.gz
13:34:27 | INFO | Reading file: embeddings_000445.pkl.gz
13:34:27 | INFO | Reading file: embeddings_000446.pkl.gz
13:34:27 | INFO | Reading file: embeddings_000447.pkl.gz
13:34:28 | INFO | Reading file: embeddings_000448.pkl.gz
13:34:28 | INFO | Reading file: embeddings_000449.pkl.gz
13:34:28 | INFO | Reading file: embeddings_000450.pkl.gz
13:34:28 | INFO | Reading file: embeddings_000451.pkl.gz
13:34:28 | INFO | Reading file: embeddings_000452.pkl.gz
13:34:28 | INFO | Reading file: embeddings_000453.pkl.gz
13:34:28 | INFO | Reading file: embeddings_000454.pkl.gz
13:34:29 | INFO | Reading file: embeddings_000455.pkl.gz
13:34:29 | INFO | Reading file: embeddings_000456.pkl.gz
13:34:29 | INFO | Reading file: embeddings_000457.pkl.gz
13:34:29 | INFO | Reading file: embeddings_000458.pkl.gz
13:34:29 | INFO | Reading file: embeddings_000459.pkl.gz
13:34:29 | INFO | Reading file: embeddings_000460.pkl.gz
13:34:29 | INFO | Reading file: embeddings_000461.pkl.gz
13:34:29 | INFO | Reading file: embeddings_000462.pkl.gz
13:34:30 | INFO | Reading file: embeddings_000463.pkl.gz
13:34:30 | INFO | Reading file: embeddings_000464.pkl.gz
13:34:30 | INFO | Reading file: embeddings_000290.pkl.gz
13:34:30 | INFO | Reading file: embeddings_000465.pkl.gz
13:34:30 | INFO | Reading file: embeddings_000466.pkl.gz
13:34:30 | INFO | Reading file: embeddings_000467.pkl.gz
13:34:30 | INFO | Reading file: embeddings_000468.pkl.gz
13:34:30 | INFO | Reading file: embeddings_000469.pkl.gz
13:34:31 | INFO | Reading file: embeddings_000470.pkl.gz
13:34:31 | INFO | Reading file: embeddings_000471.pkl.gz
13:34:31 | INFO | Reading file: embeddings_000472.pkl.gz
13:34:31 | INFO | Reading file: embeddings_000473.pkl.gz
13:34:31 | INFO | Reading file: embeddings_000474.pkl.gz
13:34:31 | INFO | Reading file: embeddings_000475.pkl.gz
13:34:32 | INFO | Reading file: embeddings_000476.pkl.gz
13:34:32 | INFO | Reading file: embeddings_000477.pkl.gz
13:34:32 | INFO | Reading file: embeddings_000478.pkl.gz
13:34:32 | INFO | Reading file: embeddings_000479.pkl.gz
13:34:32 | INFO | Reading file: embeddings_000480.pkl.gz
13:34:32 | INFO | Reading file: embeddings_000481.pkl.gz
13:34:32 | INFO | Reading file: embeddings_000482.pkl.gz
13:34:32 | INFO | Reading file: embeddings_000483.pkl.gz
13:34:33 | INFO | Reading file: embeddings_000484.pkl.gz
13:34:33 | INFO | Reading file: embeddings_000485.pkl.gz
13:34:33 | INFO | Reading file: embeddings_000486.pkl.gz
13:34:33 | INFO | Reading file: embeddings_000487.pkl.gz
13:34:33 | INFO | Reading file: embeddings_000488.pkl.gz
13:34:33 | INFO | Reading file: embeddings_000489.pkl.gz
13:34:34 | INFO | Reading file: embeddings_000490.pkl.gz
13:34:34 | INFO | Reading file: embeddings_000491.pkl.gz
13:34:34 | INFO | Reading file: embeddings_000492.pkl.gz
13:34:34 | INFO | Reading file: embeddings_000493.pkl.gz
13:34:34 | INFO | Reading file: embeddings_000494.pkl.gz
13:34:34 | INFO | Reading file: embeddings_000495.pkl.gz
13:34:35 | INFO | Reading file: embeddings_000496.pkl.gz
13:34:35 | INFO | Reading file: embeddings_000497.pkl.gz
13:34:35 | INFO | Reading file: embeddings_000498.pkl.gz
13:34:35 | INFO | Reading file: embeddings_000499.pkl.gz
13:34:35 | INFO | Reading file: embeddings_000500.pkl.gz
13:34:35 | INFO | Reading file: embeddings_000501.pkl.gz
13:34:35 | INFO | Reading file: embeddings_000502.pkl.gz
13:34:35 | INFO | Reading file: embeddings_000503.pkl.gz
13:34:36 | INFO | Reading file: embeddings_000504.pkl.gz
13:34:36 | INFO | Reading file: embeddings_000505.pkl.gz
13:34:36 | INFO | Reading file: embeddings_000506.pkl.gz
13:34:36 | INFO | Reading file: embeddings_000507.pkl.gz
13:34:36 | INFO | Reading file: embeddings_000291.pkl.gz
13:34:36 | INFO | Reading file: embeddings_000508.pkl.gz
13:34:36 | INFO | Reading file: embeddings_000509.pkl.gz
13:34:36 | INFO | Reading file: embeddings_000510.pkl.gz
13:34:37 | INFO | Reading file: embeddings_000511.pkl.gz
13:34:37 | INFO | Reading file: embeddings_000512.pkl.gz
13:34:37 | INFO | Reading file: embeddings_000513.pkl.gz
13:34:37 | INFO | Reading file: embeddings_000514.pkl.gz
13:34:37 | INFO | Reading file: embeddings_000515.pkl.gz
13:34:37 | INFO | Reading file: embeddings_000516.pkl.gz
13:34:37 | INFO | Reading file: embeddings_000517.pkl.gz
13:34:38 | INFO | Reading file: embeddings_000518.pkl.gz
13:34:38 | INFO | Reading file: embeddings_000519.pkl.gz
13:34:38 | INFO | Reading file: embeddings_000520.pkl.gz
13:34:38 | INFO | Reading file: embeddings_000521.pkl.gz
13:34:38 | INFO | Reading file: embeddings_000522.pkl.gz
13:34:38 | INFO | Reading file: embeddings_000523.pkl.gz
13:34:39 | INFO | Reading file: embeddings_000524.pkl.gz
13:34:39 | INFO | Reading file: embeddings_000525.pkl.gz
13:34:39 | INFO | Reading file: embeddings_000526.pkl.gz
13:34:39 | INFO | Reading file: embeddings_000527.pkl.gz
13:34:39 | INFO | Reading file: embeddings_000528.pkl.gz
13:34:39 | INFO | Reading file: embeddings_000529.pkl.gz
13:34:39 | INFO | Reading file: embeddings_000530.pkl.gz
13:34:40 | INFO | Reading file: embeddings_000531.pkl.gz
13:34:40 | INFO | Reading file: embeddings_000532.pkl.gz
13:34:40 | INFO | Reading file: embeddings_000533.pkl.gz
13:34:40 | INFO | Reading file: embeddings_000534.pkl.gz
13:34:40 | INFO | Reading file: embeddings_000535.pkl.gz
13:34:41 | INFO | Reading file: embeddings_000536.pkl.gz
13:34:41 | INFO | Reading file: embeddings_000537.pkl.gz
13:34:41 | INFO | Reading file: embeddings_000538.pkl.gz
13:34:41 | INFO | Reading file: embeddings_000539.pkl.gz
13:34:41 | INFO | Reading file: embeddings_000540.pkl.gz
13:34:41 | INFO | Reading file: embeddings_000541.pkl.gz
13:34:41 | INFO | Reading file: embeddings_000542.pkl.gz
13:34:41 | INFO | Reading file: embeddings_000543.pkl.gz
13:34:42 | INFO | Reading file: embeddings_000544.pkl.gz
13:34:42 | INFO | Reading file: embeddings_000545.pkl.gz
13:34:42 | INFO | Reading file: embeddings_000546.pkl.gz
13:34:42 | INFO | Reading file: embeddings_000547.pkl.gz
13:34:42 | INFO | Reading file: embeddings_000548.pkl.gz
13:34:42 | INFO | Reading file: embeddings_000549.pkl.gz
13:34:43 | INFO | Reading file: embeddings_000292.pkl.gz
13:34:43 | INFO | Reading file: embeddings_000550.pkl.gz
13:34:43 | INFO | Reading file: embeddings_000551.pkl.gz
13:34:43 | INFO | Reading file: embeddings_000552.pkl.gz
13:34:43 | INFO | Reading file: embeddings_000553.pkl.gz
13:34:43 | INFO | Reading file: embeddings_000554.pkl.gz
13:34:43 | INFO | Reading file: embeddings_000555.pkl.gz
13:34:43 | INFO | Reading file: embeddings_000556.pkl.gz
13:34:44 | INFO | Reading file: embeddings_000557.pkl.gz
13:34:44 | INFO | Reading file: embeddings_000558.pkl.gz
13:34:44 | INFO | Reading file: embeddings_000559.pkl.gz
13:34:44 | INFO | Reading file: embeddings_000560.pkl.gz
13:34:44 | INFO | Reading file: embeddings_000561.pkl.gz
13:34:44 | INFO | Reading file: embeddings_000562.pkl.gz
13:34:44 | INFO | Reading file: embeddings_000563.pkl.gz
13:34:45 | INFO | Reading file: embeddings_000564.pkl.gz
13:34:45 | INFO | Reading file: embeddings_000565.pkl.gz
13:34:45 | INFO | Reading file: embeddings_000566.pkl.gz
13:34:45 | INFO | Reading file: embeddings_000567.pkl.gz
13:34:45 | INFO | Reading file: embeddings_000568.pkl.gz
13:34:45 | INFO | Reading file: embeddings_000569.pkl.gz
13:34:45 | INFO | Reading file: embeddings_000570.pkl.gz
13:34:46 | INFO | Reading file: embeddings_000571.pkl.gz
13:34:46 | INFO | Reading file: embeddings_000572.pkl.gz
13:34:46 | INFO | Reading file: embeddings_000573.pkl.gz
13:34:46 | INFO | Reading file: embeddings_000574.pkl.gz
13:34:46 | INFO | Reading file: embeddings_000575.pkl.gz
13:34:46 | INFO | Reading file: embeddings_000576.pkl.gz
13:34:47 | INFO | Reading file: embeddings_000577.pkl.gz
13:34:47 | INFO | Reading file: embeddings_000578.pkl.gz
13:34:47 | INFO | Reading file: embeddings_000579.pkl.gz
13:34:47 | INFO | Reading file: embeddings_000580.pkl.gz
13:34:47 | INFO | Reading file: embeddings_000581.pkl.gz
13:34:47 | INFO | Reading file: embeddings_000582.pkl.gz
13:34:47 | INFO | Reading file: embeddings_000583.pkl.gz
13:34:47 | INFO | Reading file: embeddings_000584.pkl.gz
13:34:48 | INFO | Reading file: embeddings_000585.pkl.gz
13:34:48 | INFO | Reading file: embeddings_000586.pkl.gz
13:34:48 | INFO | Reading file: embeddings_000587.pkl.gz
13:34:48 | INFO | Reading file: embeddings_000588.pkl.gz
13:34:48 | INFO | Reading file: embeddings_000589.pkl.gz
13:34:48 | INFO | Reading file: embeddings_000590.pkl.gz
13:34:49 | INFO | Reading file: embeddings_000591.pkl.gz
13:34:49 | INFO | Reading file: embeddings_000592.pkl.gz
13:34:49 | INFO | Reading file: embeddings_000293.pkl.gz
13:34:49 | INFO | Reading file: embeddings_000593.pkl.gz
13:34:49 | INFO | Reading file: embeddings_000594.pkl.gz
13:34:49 | INFO | Reading file: embeddings_000595.pkl.gz
13:34:49 | INFO | Reading file: embeddings_000596.pkl.gz
13:34:49 | INFO | Reading file: embeddings_000597.pkl.gz
13:34:49 | INFO | Reading file: embeddings_000598.pkl.gz
13:34:49 | INFO | Reading file: embeddings_000599.pkl.gz
13:34:50 | INFO | Reading file: embeddings_000600.pkl.gz
13:34:50 | INFO | Reading file: embeddings_000601.pkl.gz
13:34:50 | INFO | Reading file: embeddings_000602.pkl.gz
13:34:50 | INFO | Reading file: embeddings_000603.pkl.gz
13:34:50 | INFO | Reading file: embeddings_000604.pkl.gz
13:34:50 | INFO | Reading file: embeddings_000605.pkl.gz
13:34:51 | INFO | Reading file: embeddings_000606.pkl.gz
13:34:51 | INFO | Reading file: embeddings_000607.pkl.gz
13:34:51 | INFO | Reading file: embeddings_000608.pkl.gz
13:34:51 | INFO | Reading file: embeddings_000609.pkl.gz
13:34:51 | INFO | Reading file: embeddings_000610.pkl.gz
13:34:51 | INFO | Reading file: embeddings_000611.pkl.gz
13:34:55 | INFO | Reading file: embeddings_000294.pkl.gz
13:34:59 | INFO | Saved 48647 embeddings to data/model/surgery/semantic/pubmedbert_2019.pkl.gz
13:35:01 | INFO | Reading file: embeddings_000295.pkl.gz
13:35:07 | INFO | Reading file: embeddings_000296.pkl.gz
13:35:13 | INFO | Reading file: embeddings_000297.pkl.gz
13:35:18 | INFO | Reading file: embeddings_000298.pkl.gz
13:35:24 | INFO | Reading file: embeddings_000299.pkl.gz
13:35:30 | INFO | Reading file: embeddings_000300.pkl.gz
13:35:37 | INFO | Reading file: embeddings_000301.pkl.gz
13:35:44 | INFO | Reading file: embeddings_000302.pkl.gz
13:35:51 | INFO | Reading file: embeddings_000303.pkl.gz
13:35:57 | INFO | Reading file: embeddings_000304.pkl.gz
13:36:03 | INFO | Reading file: embeddings_000305.pkl.gz
13:36:09 | INFO | Reading file: embeddings_000306.pkl.gz
13:36:16 | INFO | Reading file: embeddings_000307.pkl.gz
13:36:22 | INFO | Reading file: embeddings_000308.pkl.gz
13:36:28 | INFO | Reading file: embeddings_000309.pkl.gz
13:36:34 | INFO | Reading file: embeddings_000310.pkl.gz
13:36:40 | INFO | Reading file: embeddings_000311.pkl.gz
13:36:46 | INFO | Reading file: embeddings_000312.pkl.gz
13:36:52 | INFO | Reading file: embeddings_000313.pkl.gz
13:36:59 | INFO | Reading file: embeddings_000314.pkl.gz
13:37:05 | INFO | Reading file: embeddings_000315.pkl.gz
13:37:12 | INFO | Reading file: embeddings_000316.pkl.gz
13:37:18 | INFO | Reading file: embeddings_000317.pkl.gz
13:37:24 | INFO | Reading file: embeddings_000318.pkl.gz
13:37:30 | INFO | Reading file: embeddings_000319.pkl.gz
13:37:37 | INFO | Reading file: embeddings_000320.pkl.gz
13:37:43 | INFO | Reading file: embeddings_000321.pkl.gz
13:37:49 | INFO | Reading file: embeddings_000322.pkl.gz
13:37:56 | INFO | Reading file: embeddings_000323.pkl.gz
13:38:03 | INFO | Reading file: embeddings_000324.pkl.gz
13:38:09 | INFO | Reading file: embeddings_000325.pkl.gz
13:38:15 | INFO | Reading file: embeddings_000326.pkl.gz
13:38:21 | INFO | Reading file: embeddings_000327.pkl.gz
13:38:27 | INFO | Reading file: embeddings_000328.pkl.gz
13:38:33 | INFO | Reading file: embeddings_000329.pkl.gz
13:38:39 | INFO | Reading file: embeddings_000330.pkl.gz
13:38:45 | INFO | Reading file: embeddings_000331.pkl.gz
13:38:51 | INFO | Reading file: embeddings_000332.pkl.gz
13:38:57 | INFO | Reading file: embeddings_000333.pkl.gz
13:39:03 | INFO | Reading file: embeddings_000334.pkl.gz
13:39:09 | INFO | Reading file: embeddings_000335.pkl.gz
13:39:14 | INFO | Reading file: embeddings_000336.pkl.gz
13:39:20 | INFO | Reading file: embeddings_000337.pkl.gz
13:39:26 | INFO | Reading file: embeddings_000338.pkl.gz
13:39:27 | INFO | Reading file: embeddings_000339.pkl.gz
13:39:33 | INFO | Reading file: embeddings_000340.pkl.gz
13:39:39 | INFO | Reading file: embeddings_000341.pkl.gz
13:39:45 | INFO | Reading file: embeddings_000342.pkl.gz
13:39:51 | INFO | Reading file: embeddings_000343.pkl.gz
13:39:58 | INFO | Reading file: embeddings_000344.pkl.gz
13:40:04 | INFO | Reading file: embeddings_000345.pkl.gz
13:40:10 | INFO | Reading file: embeddings_000346.pkl.gz
13:40:16 | INFO | Reading file: embeddings_000347.pkl.gz
13:40:22 | INFO | Reading file: embeddings_000348.pkl.gz
13:40:27 | INFO | Reading file: embeddings_000349.pkl.gz
13:40:33 | INFO | Reading file: embeddings_000350.pkl.gz
13:40:39 | INFO | Reading file: embeddings_000351.pkl.gz
13:40:46 | INFO | Reading file: embeddings_000352.pkl.gz
13:40:55 | INFO | Reading file: embeddings_000353.pkl.gz
13:41:02 | INFO | Reading file: embeddings_000354.pkl.gz
13:41:08 | INFO | Reading file: embeddings_000355.pkl.gz
13:41:14 | INFO | Reading file: embeddings_000356.pkl.gz
13:41:20 | INFO | Reading file: embeddings_000357.pkl.gz
13:41:26 | INFO | Reading file: embeddings_000358.pkl.gz
13:41:32 | INFO | Reading file: embeddings_000359.pkl.gz
13:41:38 | INFO | Reading file: embeddings_000360.pkl.gz
13:41:44 | INFO | Reading file: embeddings_000361.pkl.gz
13:41:50 | INFO | Reading file: embeddings_000362.pkl.gz
13:41:56 | INFO | Reading file: embeddings_000363.pkl.gz
13:42:02 | INFO | Reading file: embeddings_000364.pkl.gz
13:42:08 | INFO | Reading file: embeddings_000365.pkl.gz
13:42:15 | INFO | Reading file: embeddings_000366.pkl.gz
13:42:22 | INFO | Reading file: embeddings_000367.pkl.gz
13:42:29 | INFO | Reading file: embeddings_000368.pkl.gz
13:42:35 | INFO | Reading file: embeddings_000369.pkl.gz
13:42:41 | INFO | Reading file: embeddings_000370.pkl.gz
13:42:47 | INFO | Reading file: embeddings_000371.pkl.gz
13:42:54 | INFO | Reading file: embeddings_000372.pkl.gz
13:43:00 | INFO | Reading file: embeddings_000373.pkl.gz
13:43:06 | INFO | Reading file: embeddings_000374.pkl.gz
13:43:13 | INFO | Reading file: embeddings_000375.pkl.gz
13:43:20 | INFO | Reading file: embeddings_000376.pkl.gz
13:43:27 | INFO | Reading file: embeddings_000377.pkl.gz
13:43:34 | INFO | Reading file: embeddings_000378.pkl.gz
13:43:41 | INFO | Reading file: embeddings_000379.pkl.gz
13:43:48 | INFO | Reading file: embeddings_000380.pkl.gz
13:43:54 | INFO | Reading file: embeddings_000381.pkl.gz
13:44:01 | INFO | Reading file: embeddings_000382.pkl.gz
13:44:07 | INFO | Reading file: embeddings_000383.pkl.gz
13:44:15 | INFO | Reading file: embeddings_000384.pkl.gz
13:44:23 | INFO | Reading file: embeddings_000385.pkl.gz
13:44:30 | INFO | Reading file: embeddings_000386.pkl.gz
13:44:38 | INFO | Reading file: embeddings_000387.pkl.gz
13:44:47 | INFO | Reading file: embeddings_000388.pkl.gz
13:44:56 | INFO | Reading file: embeddings_000389.pkl.gz
13:45:02 | INFO | Reading file: embeddings_000390.pkl.gz
13:45:09 | INFO | Reading file: embeddings_000391.pkl.gz
13:45:17 | INFO | Reading file: embeddings_000392.pkl.gz
13:45:25 | INFO | Reading file: embeddings_000393.pkl.gz
13:45:32 | INFO | Reading file: embeddings_000394.pkl.gz
13:45:39 | INFO | Reading file: embeddings_000395.pkl.gz
13:45:48 | INFO | Reading file: embeddings_000396.pkl.gz
13:45:55 | INFO | Reading file: embeddings_000397.pkl.gz
13:46:02 | INFO | Reading file: embeddings_000398.pkl.gz
13:46:09 | INFO | Reading file: embeddings_000399.pkl.gz
13:46:16 | INFO | Reading file: embeddings_000400.pkl.gz
13:46:23 | INFO | Reading file: embeddings_000401.pkl.gz
13:46:30 | INFO | Reading file: embeddings_000402.pkl.gz
13:46:36 | INFO | Reading file: embeddings_000403.pkl.gz
13:46:42 | INFO | Reading file: embeddings_000404.pkl.gz
13:46:49 | INFO | Reading file: embeddings_000405.pkl.gz
13:46:55 | INFO | Reading file: embeddings_000406.pkl.gz
13:47:02 | INFO | Reading file: embeddings_000407.pkl.gz
13:47:08 | INFO | Reading file: embeddings_000408.pkl.gz
13:47:15 | INFO | Reading file: embeddings_000409.pkl.gz
13:47:21 | INFO | Reading file: embeddings_000410.pkl.gz
13:47:27 | INFO | Reading file: embeddings_000411.pkl.gz
13:47:33 | INFO | Reading file: embeddings_000412.pkl.gz
13:47:40 | INFO | Reading file: embeddings_000413.pkl.gz
13:47:46 | INFO | Reading file: embeddings_000414.pkl.gz
13:47:52 | INFO | Reading file: embeddings_000415.pkl.gz
13:47:58 | INFO | Reading file: embeddings_000416.pkl.gz
13:48:05 | INFO | Reading file: embeddings_000417.pkl.gz
13:48:11 | INFO | Reading file: embeddings_000418.pkl.gz
13:48:16 | INFO | Reading file: embeddings_000419.pkl.gz
13:48:22 | INFO | Reading file: embeddings_000420.pkl.gz
13:48:28 | INFO | Reading file: embeddings_000421.pkl.gz
13:48:35 | INFO | Reading file: embeddings_000422.pkl.gz
13:48:42 | INFO | Reading file: embeddings_000423.pkl.gz
13:48:48 | INFO | Reading file: embeddings_000424.pkl.gz
13:48:54 | INFO | Reading file: embeddings_000425.pkl.gz
13:49:01 | INFO | Reading file: embeddings_000426.pkl.gz
13:49:08 | INFO | Reading file: embeddings_000427.pkl.gz
13:49:14 | INFO | Reading file: embeddings_000428.pkl.gz
13:49:21 | INFO | Reading file: embeddings_000429.pkl.gz
13:49:27 | INFO | Reading file: embeddings_000430.pkl.gz
13:49:33 | INFO | Reading file: embeddings_000431.pkl.gz
13:49:40 | INFO | Reading file: embeddings_000432.pkl.gz
13:49:46 | INFO | Reading file: embeddings_000433.pkl.gz
13:49:52 | INFO | Reading file: embeddings_000434.pkl.gz
13:49:59 | INFO | Reading file: embeddings_000435.pkl.gz
13:50:06 | INFO | Reading file: embeddings_000436.pkl.gz
13:50:12 | INFO | Reading file: embeddings_000437.pkl.gz
13:50:19 | INFO | Reading file: embeddings_000438.pkl.gz
13:50:26 | INFO | Reading file: embeddings_000439.pkl.gz
13:50:33 | INFO | Reading file: embeddings_000440.pkl.gz
13:50:40 | INFO | Reading file: embeddings_000441.pkl.gz
13:50:46 | INFO | Reading file: embeddings_000442.pkl.gz
13:50:53 | INFO | Reading file: embeddings_000443.pkl.gz
13:51:00 | INFO | Reading file: embeddings_000444.pkl.gz
13:51:06 | INFO | Reading file: embeddings_000445.pkl.gz
13:51:12 | INFO | Reading file: embeddings_000446.pkl.gz
13:51:18 | INFO | Reading file: embeddings_000447.pkl.gz
13:51:25 | INFO | Reading file: embeddings_000448.pkl.gz
13:51:31 | INFO | Reading file: embeddings_000449.pkl.gz
13:51:37 | INFO | Reading file: embeddings_000450.pkl.gz
13:51:43 | INFO | Reading file: embeddings_000451.pkl.gz
13:51:49 | INFO | Reading file: embeddings_000452.pkl.gz
13:51:55 | INFO | Reading file: embeddings_000453.pkl.gz
13:52:02 | INFO | Reading file: embeddings_000454.pkl.gz
13:52:08 | INFO | Reading file: embeddings_000455.pkl.gz
13:52:15 | INFO | Reading file: embeddings_000456.pkl.gz
13:52:22 | INFO | Reading file: embeddings_000457.pkl.gz
13:52:28 | INFO | Reading file: embeddings_000458.pkl.gz
13:52:35 | INFO | Reading file: embeddings_000459.pkl.gz
13:52:41 | INFO | Reading file: embeddings_000460.pkl.gz
13:52:48 | INFO | Reading file: embeddings_000461.pkl.gz
13:52:54 | INFO | Reading file: embeddings_000462.pkl.gz
13:53:01 | INFO | Reading file: embeddings_000463.pkl.gz
13:53:08 | INFO | Reading file: embeddings_000464.pkl.gz
13:53:15 | INFO | Reading file: embeddings_000465.pkl.gz
13:53:23 | INFO | Reading file: embeddings_000466.pkl.gz
13:53:29 | INFO | Reading file: embeddings_000467.pkl.gz
13:53:35 | INFO | Reading file: embeddings_000468.pkl.gz
13:53:42 | INFO | Reading file: embeddings_000469.pkl.gz
13:53:43 | INFO | Reading file: embeddings_000470.pkl.gz
13:53:43 | INFO | Reading file: embeddings_000471.pkl.gz
13:53:43 | INFO | Reading file: embeddings_000472.pkl.gz
13:53:43 | INFO | Reading file: embeddings_000473.pkl.gz
13:53:43 | INFO | Reading file: embeddings_000474.pkl.gz
13:53:43 | INFO | Reading file: embeddings_000475.pkl.gz
13:53:43 | INFO | Reading file: embeddings_000476.pkl.gz
13:53:43 | INFO | Reading file: embeddings_000477.pkl.gz
13:53:44 | INFO | Reading file: embeddings_000478.pkl.gz
13:53:44 | INFO | Reading file: embeddings_000479.pkl.gz
13:53:44 | INFO | Reading file: embeddings_000480.pkl.gz
13:53:44 | INFO | Reading file: embeddings_000481.pkl.gz
13:53:44 | INFO | Reading file: embeddings_000482.pkl.gz
13:53:44 | INFO | Reading file: embeddings_000483.pkl.gz
13:53:45 | INFO | Reading file: embeddings_000484.pkl.gz
13:53:45 | INFO | Reading file: embeddings_000485.pkl.gz
13:53:45 | INFO | Reading file: embeddings_000486.pkl.gz
13:53:45 | INFO | Reading file: embeddings_000487.pkl.gz
13:53:45 | INFO | Reading file: embeddings_000488.pkl.gz
13:53:45 | INFO | Reading file: embeddings_000489.pkl.gz
13:53:45 | INFO | Reading file: embeddings_000490.pkl.gz
13:53:46 | INFO | Reading file: embeddings_000491.pkl.gz
13:53:46 | INFO | Reading file: embeddings_000492.pkl.gz
13:53:46 | INFO | Reading file: embeddings_000493.pkl.gz
13:53:46 | INFO | Reading file: embeddings_000494.pkl.gz
13:53:46 | INFO | Reading file: embeddings_000495.pkl.gz
13:53:46 | INFO | Reading file: embeddings_000496.pkl.gz
13:53:47 | INFO | Reading file: embeddings_000497.pkl.gz
13:53:47 | INFO | Reading file: embeddings_000498.pkl.gz
13:53:47 | INFO | Reading file: embeddings_000499.pkl.gz
13:53:47 | INFO | Reading file: embeddings_000500.pkl.gz
13:53:47 | INFO | Reading file: embeddings_000501.pkl.gz
13:53:47 | INFO | Reading file: embeddings_000502.pkl.gz
13:53:47 | INFO | Reading file: embeddings_000503.pkl.gz
13:53:47 | INFO | Reading file: embeddings_000504.pkl.gz
13:53:48 | INFO | Reading file: embeddings_000505.pkl.gz
13:53:48 | INFO | Reading file: embeddings_000506.pkl.gz
13:53:48 | INFO | Reading file: embeddings_000507.pkl.gz
13:53:48 | INFO | Reading file: embeddings_000508.pkl.gz
13:53:48 | INFO | Reading file: embeddings_000509.pkl.gz
13:53:48 | INFO | Reading file: embeddings_000510.pkl.gz
13:53:49 | INFO | Reading file: embeddings_000511.pkl.gz
13:53:49 | INFO | Reading file: embeddings_000512.pkl.gz
13:53:49 | INFO | Reading file: embeddings_000513.pkl.gz
13:53:49 | INFO | Reading file: embeddings_000514.pkl.gz
13:53:49 | INFO | Reading file: embeddings_000515.pkl.gz
13:53:49 | INFO | Reading file: embeddings_000516.pkl.gz
13:53:50 | INFO | Reading file: embeddings_000517.pkl.gz
13:53:50 | INFO | Reading file: embeddings_000518.pkl.gz
13:53:50 | INFO | Reading file: embeddings_000519.pkl.gz
13:53:50 | INFO | Reading file: embeddings_000520.pkl.gz
13:53:50 | INFO | Reading file: embeddings_000521.pkl.gz
13:53:50 | INFO | Reading file: embeddings_000522.pkl.gz
13:53:50 | INFO | Reading file: embeddings_000523.pkl.gz
13:53:51 | INFO | Reading file: embeddings_000524.pkl.gz
13:53:51 | INFO | Reading file: embeddings_000525.pkl.gz
13:53:51 | INFO | Reading file: embeddings_000526.pkl.gz
13:53:51 | INFO | Reading file: embeddings_000527.pkl.gz
13:53:51 | INFO | Reading file: embeddings_000528.pkl.gz
13:53:52 | INFO | Reading file: embeddings_000529.pkl.gz
13:53:52 | INFO | Reading file: embeddings_000530.pkl.gz
13:53:52 | INFO | Reading file: embeddings_000531.pkl.gz
13:53:52 | INFO | Reading file: embeddings_000532.pkl.gz
13:53:52 | INFO | Reading file: embeddings_000533.pkl.gz
13:53:52 | INFO | Reading file: embeddings_000534.pkl.gz
13:53:53 | INFO | Reading file: embeddings_000535.pkl.gz
13:53:53 | INFO | Reading file: embeddings_000536.pkl.gz
13:53:53 | INFO | Reading file: embeddings_000537.pkl.gz
13:53:53 | INFO | Reading file: embeddings_000538.pkl.gz
13:53:53 | INFO | Reading file: embeddings_000539.pkl.gz
13:53:53 | INFO | Reading file: embeddings_000540.pkl.gz
13:53:53 | INFO | Reading file: embeddings_000541.pkl.gz
13:53:54 | INFO | Reading file: embeddings_000542.pkl.gz
13:53:54 | INFO | Reading file: embeddings_000543.pkl.gz
13:53:54 | INFO | Reading file: embeddings_000544.pkl.gz
13:53:54 | INFO | Reading file: embeddings_000545.pkl.gz
13:53:54 | INFO | Reading file: embeddings_000546.pkl.gz
13:53:55 | INFO | Reading file: embeddings_000547.pkl.gz
13:53:55 | INFO | Reading file: embeddings_000548.pkl.gz
13:53:55 | INFO | Reading file: embeddings_000549.pkl.gz
13:53:55 | INFO | Reading file: embeddings_000550.pkl.gz
13:53:55 | INFO | Reading file: embeddings_000551.pkl.gz
13:53:55 | INFO | Reading file: embeddings_000552.pkl.gz
13:53:55 | INFO | Reading file: embeddings_000553.pkl.gz
13:53:56 | INFO | Reading file: embeddings_000554.pkl.gz
13:53:56 | INFO | Reading file: embeddings_000555.pkl.gz
13:53:56 | INFO | Reading file: embeddings_000556.pkl.gz
13:53:56 | INFO | Reading file: embeddings_000557.pkl.gz
13:53:56 | INFO | Reading file: embeddings_000558.pkl.gz
13:53:56 | INFO | Reading file: embeddings_000559.pkl.gz
13:53:57 | INFO | Reading file: embeddings_000560.pkl.gz
13:53:57 | INFO | Reading file: embeddings_000561.pkl.gz
13:53:57 | INFO | Reading file: embeddings_000562.pkl.gz
13:53:57 | INFO | Reading file: embeddings_000563.pkl.gz
13:53:57 | INFO | Reading file: embeddings_000564.pkl.gz
13:53:57 | INFO | Reading file: embeddings_000565.pkl.gz
13:53:57 | INFO | Reading file: embeddings_000566.pkl.gz
13:53:58 | INFO | Reading file: embeddings_000567.pkl.gz
13:53:58 | INFO | Reading file: embeddings_000568.pkl.gz
13:53:58 | INFO | Reading file: embeddings_000569.pkl.gz
13:53:58 | INFO | Reading file: embeddings_000570.pkl.gz
13:53:58 | INFO | Reading file: embeddings_000571.pkl.gz
13:53:58 | INFO | Reading file: embeddings_000572.pkl.gz
13:53:58 | INFO | Reading file: embeddings_000573.pkl.gz
13:53:59 | INFO | Reading file: embeddings_000574.pkl.gz
13:53:59 | INFO | Reading file: embeddings_000575.pkl.gz
13:53:59 | INFO | Reading file: embeddings_000576.pkl.gz
13:53:59 | INFO | Reading file: embeddings_000577.pkl.gz
13:53:59 | INFO | Reading file: embeddings_000578.pkl.gz
13:53:59 | INFO | Reading file: embeddings_000579.pkl.gz
13:54:00 | INFO | Reading file: embeddings_000580.pkl.gz
13:54:00 | INFO | Reading file: embeddings_000581.pkl.gz
13:54:00 | INFO | Reading file: embeddings_000582.pkl.gz
13:54:00 | INFO | Reading file: embeddings_000583.pkl.gz
13:54:00 | INFO | Reading file: embeddings_000584.pkl.gz
13:54:00 | INFO | Reading file: embeddings_000585.pkl.gz
13:54:00 | INFO | Reading file: embeddings_000586.pkl.gz
13:54:01 | INFO | Reading file: embeddings_000587.pkl.gz
13:54:01 | INFO | Reading file: embeddings_000588.pkl.gz
13:54:01 | INFO | Reading file: embeddings_000589.pkl.gz
13:54:01 | INFO | Reading file: embeddings_000590.pkl.gz
13:54:01 | INFO | Reading file: embeddings_000591.pkl.gz
13:54:01 | INFO | Reading file: embeddings_000592.pkl.gz
13:54:02 | INFO | Reading file: embeddings_000593.pkl.gz
13:54:02 | INFO | Reading file: embeddings_000594.pkl.gz
13:54:02 | INFO | Reading file: embeddings_000595.pkl.gz
13:54:02 | INFO | Reading file: embeddings_000596.pkl.gz
13:54:02 | INFO | Reading file: embeddings_000597.pkl.gz
13:54:02 | INFO | Reading file: embeddings_000598.pkl.gz
13:54:02 | INFO | Reading file: embeddings_000599.pkl.gz
13:54:03 | INFO | Reading file: embeddings_000600.pkl.gz
13:54:03 | INFO | Reading file: embeddings_000601.pkl.gz
13:54:03 | INFO | Reading file: embeddings_000602.pkl.gz
13:54:03 | INFO | Reading file: embeddings_000603.pkl.gz
13:54:03 | INFO | Reading file: embeddings_000604.pkl.gz
13:54:03 | INFO | Reading file: embeddings_000605.pkl.gz
13:54:03 | INFO | Reading file: embeddings_000606.pkl.gz
13:54:04 | INFO | Reading file: embeddings_000607.pkl.gz
13:54:04 | INFO | Reading file: embeddings_000608.pkl.gz
13:54:04 | INFO | Reading file: embeddings_000609.pkl.gz
13:54:04 | INFO | Reading file: embeddings_000610.pkl.gz
13:54:05 | INFO | Reading file: embeddings_000611.pkl.gz
13:54:15 | INFO | Saved 73384 embeddings to data/model/surgery/semantic/pubmedbert_2022.pkl.gz
15:12:50 | INFO | Using device: cuda
15:12:50 | INFO | Embedding model: microsoft/BiomedNLP-BiomedBERT-base-uncased-abstract-fulltext
15:12:50 | INFO | Prepare dataframe
15:13:01 | INFO | Keeping 305399 of 306450 records with at least one retained graph concept
15:13:02 | INFO | Resume: 0 completed work(s) in 0 chunk(s); 305399 of 305399 selected work(s) remain.
15:13:02 | INFO | Setup model
15:15:04 | INFO | Using device: cuda
15:15:04 | INFO | Embedding model: microsoft/BiomedNLP-BiomedBERT-base-uncased-abstract-fulltext
15:15:04 | INFO | Prepare dataframe
15:15:15 | INFO | Keeping 305399 of 306450 records with at least one retained graph concept
15:15:15 | INFO | Resume: 0 completed work(s) in 0 chunk(s); 305399 of 305399 selected work(s) remain.
15:15:15 | INFO | Setup model
15:15:31 | INFO | Generate word embeddings
15:15:31 | INFO | Process pending records 0 to 500...
15:15:36 | INFO | Save embeddings
15:15:37 | INFO | Process pending records 500 to 1000...
15:15:41 | INFO | Save embeddings
15:15:41 | INFO | Process pending records 1000 to 1500...
15:15:45 | INFO | Save embeddings
15:15:46 | INFO | Process pending records 1500 to 2000...
15:15:49 | INFO | Save embeddings
15:15:50 | INFO | Process pending records 2000 to 2500...
15:15:54 | INFO | Save embeddings
15:15:55 | INFO | Process pending records 2500 to 3000...
15:15:58 | INFO | Save embeddings
15:15:59 | INFO | Process pending records 3000 to 3500...
15:16:03 | INFO | Save embeddings
15:16:03 | INFO | Process pending records 3500 to 4000...
15:16:07 | INFO | Save embeddings
15:16:07 | INFO | Process pending records 4000 to 4500...
15:16:11 | INFO | Save embeddings
15:16:12 | INFO | Process pending records 4500 to 5000...
15:16:15 | INFO | Save embeddings
15:16:16 | INFO | Process pending records 5000 to 5500...
15:16:20 | INFO | Save embeddings
15:16:20 | INFO | Process pending records 5500 to 6000...
15:16:24 | INFO | Save embeddings
15:16:25 | INFO | Process pending records 6000 to 6500...
15:16:29 | INFO | Save embeddings
15:16:29 | INFO | Process pending records 6500 to 7000...
15:16:33 | INFO | Save embeddings
15:16:34 | INFO | Process pending records 7000 to 7500...
15:16:38 | INFO | Save embeddings
15:16:38 | INFO | Process pending records 7500 to 8000...
15:16:42 | INFO | Save embeddings
15:16:42 | INFO | Process pending records 8000 to 8500...
15:16:46 | INFO | Save embeddings
15:16:47 | INFO | Process pending records 8500 to 9000...
15:16:51 | INFO | Save embeddings
15:16:51 | INFO | Process pending records 9000 to 9500...
15:16:55 | INFO | Save embeddings
15:16:56 | INFO | Process pending records 9500 to 10000...
15:17:00 | INFO | Save embeddings
15:17:00 | INFO | Process pending records 10000 to 10500...
15:17:04 | INFO | Save embeddings
15:17:05 | INFO | Process pending records 10500 to 11000...
15:17:09 | INFO | Save embeddings
15:17:09 | INFO | Process pending records 11000 to 11500...
15:17:13 | INFO | Save embeddings
15:17:14 | INFO | Process pending records 11500 to 12000...
15:17:18 | INFO | Save embeddings
15:17:18 | INFO | Process pending records 12000 to 12500...
15:17:22 | INFO | Save embeddings
15:17:23 | INFO | Process pending records 12500 to 13000...
15:17:26 | INFO | Save embeddings
15:17:27 | INFO | Process pending records 13000 to 13500...
15:17:31 | INFO | Save embeddings
15:17:31 | INFO | Process pending records 13500 to 14000...
15:17:35 | INFO | Save embeddings
15:17:36 | INFO | Process pending records 14000 to 14500...
15:17:40 | INFO | Save embeddings
15:17:40 | INFO | Process pending records 14500 to 15000...
15:17:44 | INFO | Save embeddings
15:17:45 | INFO | Process pending records 15000 to 15500...
15:17:49 | INFO | Save embeddings
15:17:49 | INFO | Process pending records 15500 to 16000...
15:17:53 | INFO | Save embeddings
15:17:54 | INFO | Process pending records 16000 to 16500...
15:17:58 | INFO | Save embeddings
15:17:58 | INFO | Process pending records 16500 to 17000...
15:18:03 | INFO | Save embeddings
15:18:04 | INFO | Process pending records 17000 to 17500...
15:18:08 | INFO | Save embeddings
15:18:08 | INFO | Process pending records 17500 to 18000...
15:18:12 | INFO | Save embeddings
15:18:13 | INFO | Process pending records 18000 to 18500...
15:18:17 | INFO | Save embeddings
15:18:17 | INFO | Process pending records 18500 to 19000...
15:18:22 | INFO | Save embeddings
15:18:22 | INFO | Process pending records 19000 to 19500...
15:18:27 | INFO | Save embeddings
15:18:27 | INFO | Process pending records 19500 to 20000...
15:18:31 | INFO | Save embeddings
15:18:32 | INFO | Process pending records 20000 to 20500...
15:18:36 | INFO | Save embeddings
15:18:36 | INFO | Process pending records 20500 to 21000...
15:18:40 | INFO | Save embeddings
15:18:41 | INFO | Process pending records 21000 to 21500...
15:18:45 | INFO | Save embeddings
15:18:45 | INFO | Process pending records 21500 to 22000...
15:18:49 | INFO | Save embeddings
15:18:50 | INFO | Process pending records 22000 to 22500...
15:18:54 | INFO | Save embeddings
15:18:55 | INFO | Process pending records 22500 to 23000...
15:18:59 | INFO | Save embeddings
15:18:59 | INFO | Process pending records 23000 to 23500...
15:19:03 | INFO | Save embeddings
15:19:04 | INFO | Process pending records 23500 to 24000...
15:19:08 | INFO | Save embeddings
15:19:08 | INFO | Process pending records 24000 to 24500...
15:19:13 | INFO | Save embeddings
15:19:13 | INFO | Process pending records 24500 to 25000...
15:19:17 | INFO | Save embeddings
15:19:18 | INFO | Process pending records 25000 to 25500...
15:19:22 | INFO | Save embeddings
15:19:22 | INFO | Process pending records 25500 to 26000...
15:19:26 | INFO | Save embeddings
15:19:27 | INFO | Process pending records 26000 to 26500...
15:19:31 | INFO | Save embeddings
15:19:31 | INFO | Process pending records 26500 to 27000...
15:19:35 | INFO | Save embeddings
15:19:36 | INFO | Process pending records 27000 to 27500...
15:19:40 | INFO | Save embeddings
15:19:40 | INFO | Process pending records 27500 to 28000...
15:19:44 | INFO | Save embeddings
15:19:45 | INFO | Process pending records 28000 to 28500...
15:19:49 | INFO | Save embeddings
15:19:50 | INFO | Process pending records 28500 to 29000...
15:19:54 | INFO | Save embeddings
15:19:54 | INFO | Process pending records 29000 to 29500...
15:19:58 | INFO | Save embeddings
15:19:58 | INFO | Process pending records 29500 to 30000...
15:20:02 | INFO | Save embeddings
15:20:03 | INFO | Process pending records 30000 to 30500...
15:20:06 | INFO | Save embeddings
15:20:07 | INFO | Process pending records 30500 to 31000...
15:20:11 | INFO | Save embeddings
15:20:12 | INFO | Process pending records 31000 to 31500...
15:20:16 | INFO | Save embeddings
15:20:16 | INFO | Process pending records 31500 to 32000...
15:20:20 | INFO | Save embeddings
15:20:21 | INFO | Process pending records 32000 to 32500...
15:20:25 | INFO | Save embeddings
15:20:25 | INFO | Process pending records 32500 to 33000...
15:20:29 | INFO | Save embeddings
15:20:30 | INFO | Process pending records 33000 to 33500...
15:20:34 | INFO | Save embeddings
15:20:34 | INFO | Process pending records 33500 to 34000...
15:20:38 | INFO | Save embeddings
15:20:39 | INFO | Process pending records 34000 to 34500...
15:20:43 | INFO | Save embeddings
15:20:43 | INFO | Process pending records 34500 to 35000...
15:20:47 | INFO | Save embeddings
15:20:48 | INFO | Process pending records 35000 to 35500...
15:20:52 | INFO | Save embeddings
15:20:53 | INFO | Process pending records 35500 to 36000...
15:20:57 | INFO | Save embeddings
15:20:57 | INFO | Process pending records 36000 to 36500...
15:21:01 | INFO | Save embeddings
15:21:02 | INFO | Process pending records 36500 to 37000...
15:21:06 | INFO | Save embeddings
15:21:06 | INFO | Process pending records 37000 to 37500...
15:21:10 | INFO | Save embeddings
15:21:11 | INFO | Process pending records 37500 to 38000...
15:21:15 | INFO | Save embeddings
15:21:15 | INFO | Process pending records 38000 to 38500...
15:21:19 | INFO | Save embeddings
15:21:19 | INFO | Process pending records 38500 to 39000...
15:21:24 | INFO | Save embeddings
15:21:24 | INFO | Process pending records 39000 to 39500...
15:21:28 | INFO | Save embeddings
15:21:28 | INFO | Process pending records 39500 to 40000...
15:21:33 | INFO | Save embeddings
15:21:33 | INFO | Process pending records 40000 to 40500...
15:21:37 | INFO | Save embeddings
15:21:38 | INFO | Process pending records 40500 to 41000...
15:21:42 | INFO | Save embeddings
15:21:42 | INFO | Process pending records 41000 to 41500...
15:21:46 | INFO | Save embeddings
15:21:47 | INFO | Process pending records 41500 to 42000...
15:21:51 | INFO | Save embeddings
15:21:51 | INFO | Process pending records 42000 to 42500...
15:21:55 | INFO | Save embeddings
15:21:56 | INFO | Process pending records 42500 to 43000...
15:22:00 | INFO | Save embeddings
15:22:00 | INFO | Process pending records 43000 to 43500...
15:22:04 | INFO | Save embeddings
15:22:05 | INFO | Process pending records 43500 to 44000...
15:22:09 | INFO | Save embeddings
15:22:09 | INFO | Process pending records 44000 to 44500...
15:22:13 | INFO | Save embeddings
15:22:13 | INFO | Process pending records 44500 to 45000...
15:22:18 | INFO | Save embeddings
15:22:18 | INFO | Process pending records 45000 to 45500...
15:22:22 | INFO | Save embeddings
15:22:22 | INFO | Process pending records 45500 to 46000...
15:22:26 | INFO | Save embeddings
15:22:27 | INFO | Process pending records 46000 to 46500...
15:22:31 | INFO | Save embeddings
15:22:31 | INFO | Process pending records 46500 to 47000...
15:22:35 | INFO | Save embeddings
15:22:36 | INFO | Process pending records 47000 to 47500...
15:22:40 | INFO | Save embeddings
15:22:40 | INFO | Process pending records 47500 to 48000...
15:22:44 | INFO | Save embeddings
15:22:45 | INFO | Process pending records 48000 to 48500...
15:22:49 | INFO | Save embeddings
15:22:49 | INFO | Process pending records 48500 to 49000...
15:22:53 | INFO | Save embeddings
15:22:54 | INFO | Process pending records 49000 to 49500...
15:22:58 | INFO | Save embeddings
15:22:58 | INFO | Process pending records 49500 to 50000...
15:23:02 | INFO | Save embeddings
15:23:02 | INFO | Process pending records 50000 to 50500...
15:23:07 | INFO | Save embeddings
15:23:07 | INFO | Process pending records 50500 to 51000...
15:23:11 | INFO | Save embeddings
15:23:11 | INFO | Process pending records 51000 to 51500...
15:23:15 | INFO | Save embeddings
15:23:16 | INFO | Process pending records 51500 to 52000...
15:23:20 | INFO | Save embeddings
15:23:21 | INFO | Process pending records 52000 to 52500...
15:23:25 | INFO | Save embeddings
15:23:25 | INFO | Process pending records 52500 to 53000...
15:23:29 | INFO | Save embeddings
15:23:30 | INFO | Process pending records 53000 to 53500...
15:23:34 | INFO | Save embeddings
15:23:34 | INFO | Process pending records 53500 to 54000...
15:23:39 | INFO | Save embeddings
15:23:39 | INFO | Process pending records 54000 to 54500...
15:23:43 | INFO | Save embeddings
15:23:44 | INFO | Process pending records 54500 to 55000...
15:23:48 | INFO | Save embeddings
15:23:48 | INFO | Process pending records 55000 to 55500...
15:23:52 | INFO | Save embeddings
15:23:52 | INFO | Process pending records 55500 to 56000...
15:23:56 | INFO | Save embeddings
15:23:57 | INFO | Process pending records 56000 to 56500...
15:24:01 | INFO | Save embeddings
15:24:01 | INFO | Process pending records 56500 to 57000...
15:24:05 | INFO | Save embeddings
15:24:06 | INFO | Process pending records 57000 to 57500...
15:24:10 | INFO | Save embeddings
15:24:10 | INFO | Process pending records 57500 to 58000...
15:24:14 | INFO | Save embeddings
15:24:15 | INFO | Process pending records 58000 to 58500...
15:24:19 | INFO | Save embeddings
15:24:19 | INFO | Process pending records 58500 to 59000...
15:24:23 | INFO | Save embeddings
15:24:24 | INFO | Process pending records 59000 to 59500...
15:24:28 | INFO | Save embeddings
15:24:29 | INFO | Process pending records 59500 to 60000...
15:24:33 | INFO | Save embeddings
15:24:33 | INFO | Process pending records 60000 to 60500...
15:24:37 | INFO | Save embeddings
15:24:38 | INFO | Process pending records 60500 to 61000...
15:24:42 | INFO | Save embeddings
15:24:42 | INFO | Process pending records 61000 to 61500...
15:24:46 | INFO | Save embeddings
15:24:47 | INFO | Process pending records 61500 to 62000...
15:24:51 | INFO | Save embeddings
15:24:51 | INFO | Process pending records 62000 to 62500...
15:24:55 | INFO | Save embeddings
15:24:56 | INFO | Process pending records 62500 to 63000...
15:25:00 | INFO | Save embeddings
15:25:00 | INFO | Process pending records 63000 to 63500...
15:25:04 | INFO | Save embeddings
15:25:05 | INFO | Process pending records 63500 to 64000...
15:25:09 | INFO | Save embeddings
15:25:10 | INFO | Process pending records 64000 to 64500...
15:25:14 | INFO | Save embeddings
15:25:14 | INFO | Process pending records 64500 to 65000...
15:25:18 | INFO | Save embeddings
15:25:19 | INFO | Process pending records 65000 to 65500...
15:25:23 | INFO | Save embeddings
15:25:23 | INFO | Process pending records 65500 to 66000...
15:25:28 | INFO | Save embeddings
15:25:28 | INFO | Process pending records 66000 to 66500...
15:25:32 | INFO | Save embeddings
15:25:33 | INFO | Process pending records 66500 to 67000...
15:25:37 | INFO | Save embeddings
15:25:37 | INFO | Process pending records 67000 to 67500...
15:25:42 | INFO | Save embeddings
15:25:42 | INFO | Process pending records 67500 to 68000...
15:25:46 | INFO | Save embeddings
15:25:47 | INFO | Process pending records 68000 to 68500...
15:25:51 | INFO | Save embeddings
15:25:51 | INFO | Process pending records 68500 to 69000...
15:25:55 | INFO | Save embeddings
15:25:56 | INFO | Process pending records 69000 to 69500...
15:26:00 | INFO | Save embeddings
15:26:00 | INFO | Process pending records 69500 to 70000...
15:26:04 | INFO | Save embeddings
15:26:04 | INFO | Process pending records 70000 to 70500...
15:26:08 | INFO | Save embeddings
15:26:09 | INFO | Process pending records 70500 to 71000...
15:26:13 | INFO | Save embeddings
15:26:13 | INFO | Process pending records 71000 to 71500...
15:26:17 | INFO | Save embeddings
15:26:18 | INFO | Process pending records 71500 to 72000...
15:26:22 | INFO | Save embeddings
15:26:22 | INFO | Process pending records 72000 to 72500...
15:26:26 | INFO | Save embeddings
15:26:27 | INFO | Process pending records 72500 to 73000...
15:26:31 | INFO | Save embeddings
15:26:31 | INFO | Process pending records 73000 to 73500...
15:26:35 | INFO | Save embeddings
15:26:36 | INFO | Process pending records 73500 to 74000...
15:26:40 | INFO | Save embeddings
15:26:40 | INFO | Process pending records 74000 to 74500...
15:26:44 | INFO | Save embeddings
15:26:45 | INFO | Process pending records 74500 to 75000...
15:26:49 | INFO | Save embeddings
15:26:50 | INFO | Process pending records 75000 to 75500...
15:26:54 | INFO | Save embeddings
15:26:54 | INFO | Process pending records 75500 to 76000...
15:26:58 | INFO | Save embeddings
15:26:59 | INFO | Process pending records 76000 to 76500...
15:27:03 | INFO | Save embeddings
15:27:03 | INFO | Process pending records 76500 to 77000...
15:27:07 | INFO | Save embeddings
15:27:08 | INFO | Process pending records 77000 to 77500...
15:27:12 | INFO | Save embeddings
15:27:12 | INFO | Process pending records 77500 to 78000...
15:27:16 | INFO | Save embeddings
15:27:17 | INFO | Process pending records 78000 to 78500...
15:27:21 | INFO | Save embeddings
15:27:21 | INFO | Process pending records 78500 to 79000...
15:27:25 | INFO | Save embeddings
15:27:26 | INFO | Process pending records 79000 to 79500...
15:27:30 | INFO | Save embeddings
15:27:30 | INFO | Process pending records 79500 to 80000...
15:27:34 | INFO | Save embeddings
15:27:35 | INFO | Process pending records 80000 to 80500...
15:27:39 | INFO | Save embeddings
15:27:39 | INFO | Process pending records 80500 to 81000...
15:27:43 | INFO | Save embeddings
15:27:44 | INFO | Process pending records 81000 to 81500...
15:27:48 | INFO | Save embeddings
15:27:48 | INFO | Process pending records 81500 to 82000...
15:27:52 | INFO | Save embeddings
15:27:53 | INFO | Process pending records 82000 to 82500...
15:27:57 | INFO | Save embeddings
15:27:58 | INFO | Process pending records 82500 to 83000...
15:28:02 | INFO | Save embeddings
15:28:02 | INFO | Process pending records 83000 to 83500...
15:28:06 | INFO | Save embeddings
15:28:07 | INFO | Process pending records 83500 to 84000...
15:28:11 | INFO | Save embeddings
15:28:11 | INFO | Process pending records 84000 to 84500...
15:28:15 | INFO | Save embeddings
15:28:16 | INFO | Process pending records 84500 to 85000...
15:28:20 | INFO | Save embeddings
15:28:20 | INFO | Process pending records 85000 to 85500...
15:28:24 | INFO | Save embeddings
15:28:25 | INFO | Process pending records 85500 to 86000...
15:28:29 | INFO | Save embeddings
15:28:29 | INFO | Process pending records 86000 to 86500...
15:28:33 | INFO | Save embeddings
15:28:34 | INFO | Process pending records 86500 to 87000...
15:28:38 | INFO | Save embeddings
15:28:38 | INFO | Process pending records 87000 to 87500...
15:28:42 | INFO | Save embeddings
15:28:43 | INFO | Process pending records 87500 to 88000...
15:28:47 | INFO | Save embeddings
15:28:47 | INFO | Process pending records 88000 to 88500...
15:28:51 | INFO | Save embeddings
15:28:52 | INFO | Process pending records 88500 to 89000...
15:28:56 | INFO | Save embeddings
15:28:56 | INFO | Process pending records 89000 to 89500...
15:29:00 | INFO | Save embeddings
15:29:01 | INFO | Process pending records 89500 to 90000...
15:29:05 | INFO | Save embeddings
15:29:05 | INFO | Process pending records 90000 to 90500...
15:29:10 | INFO | Save embeddings
15:29:10 | INFO | Process pending records 90500 to 91000...
15:29:14 | INFO | Save embeddings
15:29:15 | INFO | Process pending records 91000 to 91500...
15:29:19 | INFO | Save embeddings
15:29:20 | INFO | Process pending records 91500 to 92000...
15:29:24 | INFO | Save embeddings
15:29:24 | INFO | Process pending records 92000 to 92500...
15:29:28 | INFO | Save embeddings
15:29:29 | INFO | Process pending records 92500 to 93000...
15:29:33 | INFO | Save embeddings
15:29:34 | INFO | Process pending records 93000 to 93500...
15:29:38 | INFO | Save embeddings
15:29:38 | INFO | Process pending records 93500 to 94000...
15:29:43 | INFO | Save embeddings
15:29:43 | INFO | Process pending records 94000 to 94500...
15:29:47 | INFO | Save embeddings
15:29:48 | INFO | Process pending records 94500 to 95000...
15:29:52 | INFO | Save embeddings
15:29:53 | INFO | Process pending records 95000 to 95500...
15:29:57 | INFO | Save embeddings
15:29:57 | INFO | Process pending records 95500 to 96000...
15:30:01 | INFO | Save embeddings
15:30:02 | INFO | Process pending records 96000 to 96500...
15:30:06 | INFO | Save embeddings
15:30:07 | INFO | Process pending records 96500 to 97000...
15:30:11 | INFO | Save embeddings
15:30:11 | INFO | Process pending records 97000 to 97500...
15:30:16 | INFO | Save embeddings
15:30:16 | INFO | Process pending records 97500 to 98000...
15:30:20 | INFO | Save embeddings
15:30:21 | INFO | Process pending records 98000 to 98500...
15:30:25 | INFO | Save embeddings
15:30:25 | INFO | Process pending records 98500 to 99000...
15:30:30 | INFO | Save embeddings
15:30:30 | INFO | Process pending records 99000 to 99500...
15:30:34 | INFO | Save embeddings
15:30:35 | INFO | Process pending records 99500 to 100000...
15:30:39 | INFO | Save embeddings
15:30:40 | INFO | Process pending records 100000 to 100500...
15:30:44 | INFO | Save embeddings
15:30:44 | INFO | Process pending records 100500 to 101000...
15:30:48 | INFO | Save embeddings
15:30:49 | INFO | Process pending records 101000 to 101500...
15:30:53 | INFO | Save embeddings
15:30:53 | INFO | Process pending records 101500 to 102000...
15:30:58 | INFO | Save embeddings
15:30:58 | INFO | Process pending records 102000 to 102500...
15:31:03 | INFO | Save embeddings
15:31:03 | INFO | Process pending records 102500 to 103000...
15:31:07 | INFO | Save embeddings
15:31:08 | INFO | Process pending records 103000 to 103500...
15:31:12 | INFO | Save embeddings
15:31:13 | INFO | Process pending records 103500 to 104000...
15:31:17 | INFO | Save embeddings
15:31:17 | INFO | Process pending records 104000 to 104500...
15:31:21 | INFO | Save embeddings
15:31:22 | INFO | Process pending records 104500 to 105000...
15:31:26 | INFO | Save embeddings
15:31:27 | INFO | Process pending records 105000 to 105500...
15:31:31 | INFO | Save embeddings
15:31:31 | INFO | Process pending records 105500 to 106000...
15:31:35 | INFO | Save embeddings
15:31:36 | INFO | Process pending records 106000 to 106500...
15:31:40 | INFO | Save embeddings
15:31:41 | INFO | Process pending records 106500 to 107000...
15:31:45 | INFO | Save embeddings
15:31:45 | INFO | Process pending records 107000 to 107500...
15:31:49 | INFO | Save embeddings
15:31:50 | INFO | Process pending records 107500 to 108000...
15:31:54 | INFO | Save embeddings
15:31:55 | INFO | Process pending records 108000 to 108500...
15:31:59 | INFO | Save embeddings
15:32:00 | INFO | Process pending records 108500 to 109000...
15:32:04 | INFO | Save embeddings
15:32:04 | INFO | Process pending records 109000 to 109500...
15:32:08 | INFO | Save embeddings
15:32:09 | INFO | Process pending records 109500 to 110000...
15:32:13 | INFO | Save embeddings
15:32:14 | INFO | Process pending records 110000 to 110500...
15:32:18 | INFO | Save embeddings
15:32:18 | INFO | Process pending records 110500 to 111000...
15:32:23 | INFO | Save embeddings
15:32:23 | INFO | Process pending records 111000 to 111500...
15:32:27 | INFO | Save embeddings
15:32:28 | INFO | Process pending records 111500 to 112000...
15:32:32 | INFO | Save embeddings
15:32:33 | INFO | Process pending records 112000 to 112500...
15:32:37 | INFO | Save embeddings
15:32:37 | INFO | Process pending records 112500 to 113000...
15:32:41 | INFO | Save embeddings
15:32:41 | INFO | Process pending records 113000 to 113500...
15:32:46 | INFO | Save embeddings
15:32:46 | INFO | Process pending records 113500 to 114000...
15:32:50 | INFO | Save embeddings
15:32:51 | INFO | Process pending records 114000 to 114500...
15:32:55 | INFO | Save embeddings
15:32:55 | INFO | Process pending records 114500 to 115000...
15:33:00 | INFO | Save embeddings
15:33:00 | INFO | Process pending records 115000 to 115500...
15:33:04 | INFO | Save embeddings
15:33:05 | INFO | Process pending records 115500 to 116000...
15:33:09 | INFO | Save embeddings
15:33:10 | INFO | Process pending records 116000 to 116500...
15:33:14 | INFO | Save embeddings
15:33:14 | INFO | Process pending records 116500 to 117000...
15:33:19 | INFO | Save embeddings
15:33:19 | INFO | Process pending records 117000 to 117500...
15:33:23 | INFO | Save embeddings
15:33:24 | INFO | Process pending records 117500 to 118000...
15:33:28 | INFO | Save embeddings
15:33:29 | INFO | Process pending records 118000 to 118500...
15:33:33 | INFO | Save embeddings
15:33:33 | INFO | Process pending records 118500 to 119000...
15:33:38 | INFO | Save embeddings
15:33:38 | INFO | Process pending records 119000 to 119500...
15:33:42 | INFO | Save embeddings
15:33:43 | INFO | Process pending records 119500 to 120000...
15:33:47 | INFO | Save embeddings
15:33:47 | INFO | Process pending records 120000 to 120500...
15:33:51 | INFO | Save embeddings
15:33:52 | INFO | Process pending records 120500 to 121000...
15:33:56 | INFO | Save embeddings
15:33:57 | INFO | Process pending records 121000 to 121500...
15:34:01 | INFO | Save embeddings
15:34:02 | INFO | Process pending records 121500 to 122000...
15:34:06 | INFO | Save embeddings
15:34:06 | INFO | Process pending records 122000 to 122500...
15:34:10 | INFO | Save embeddings
15:34:11 | INFO | Process pending records 122500 to 123000...
15:34:15 | INFO | Save embeddings
15:34:16 | INFO | Process pending records 123000 to 123500...
15:34:20 | INFO | Save embeddings
15:34:20 | INFO | Process pending records 123500 to 124000...
15:34:25 | INFO | Save embeddings
15:34:25 | INFO | Process pending records 124000 to 124500...
15:34:30 | INFO | Save embeddings
15:34:30 | INFO | Process pending records 124500 to 125000...
15:34:34 | INFO | Save embeddings
15:34:35 | INFO | Process pending records 125000 to 125500...
15:34:39 | INFO | Save embeddings
15:34:39 | INFO | Process pending records 125500 to 126000...
15:34:44 | INFO | Save embeddings
15:34:44 | INFO | Process pending records 126000 to 126500...
15:34:48 | INFO | Save embeddings
15:34:49 | INFO | Process pending records 126500 to 127000...
15:34:53 | INFO | Save embeddings
15:34:53 | INFO | Process pending records 127000 to 127500...
15:34:58 | INFO | Save embeddings
15:34:58 | INFO | Process pending records 127500 to 128000...
15:35:02 | INFO | Save embeddings
15:35:03 | INFO | Process pending records 128000 to 128500...
15:35:07 | INFO | Save embeddings
15:35:08 | INFO | Process pending records 128500 to 129000...
15:35:12 | INFO | Save embeddings
15:35:12 | INFO | Process pending records 129000 to 129500...
15:35:17 | INFO | Save embeddings
15:35:17 | INFO | Process pending records 129500 to 130000...
15:35:22 | INFO | Save embeddings
15:35:22 | INFO | Process pending records 130000 to 130500...
15:35:26 | INFO | Save embeddings
15:35:27 | INFO | Process pending records 130500 to 131000...
15:35:31 | INFO | Save embeddings
15:35:32 | INFO | Process pending records 131000 to 131500...
15:35:36 | INFO | Save embeddings
15:35:36 | INFO | Process pending records 131500 to 132000...
15:35:41 | INFO | Save embeddings
15:35:41 | INFO | Process pending records 132000 to 132500...
15:35:46 | INFO | Save embeddings
15:35:46 | INFO | Process pending records 132500 to 133000...
15:35:50 | INFO | Save embeddings
15:35:51 | INFO | Process pending records 133000 to 133500...
15:35:55 | INFO | Save embeddings
15:35:56 | INFO | Process pending records 133500 to 134000...
15:36:00 | INFO | Save embeddings
15:36:00 | INFO | Process pending records 134000 to 134500...
15:36:05 | INFO | Save embeddings
15:36:05 | INFO | Process pending records 134500 to 135000...
15:36:10 | INFO | Save embeddings
15:36:10 | INFO | Process pending records 135000 to 135500...
15:36:14 | INFO | Save embeddings
15:36:15 | INFO | Process pending records 135500 to 136000...
15:36:19 | INFO | Save embeddings
15:36:19 | INFO | Process pending records 136000 to 136500...
15:36:23 | INFO | Save embeddings
15:36:24 | INFO | Process pending records 136500 to 137000...
15:36:28 | INFO | Save embeddings
15:36:29 | INFO | Process pending records 137000 to 137500...
15:36:33 | INFO | Save embeddings
15:36:34 | INFO | Process pending records 137500 to 138000...
15:36:38 | INFO | Save embeddings
15:36:38 | INFO | Process pending records 138000 to 138500...
15:36:43 | INFO | Save embeddings
15:36:43 | INFO | Process pending records 138500 to 139000...
15:36:47 | INFO | Save embeddings
15:36:48 | INFO | Process pending records 139000 to 139500...
15:36:52 | INFO | Save embeddings
15:36:53 | INFO | Process pending records 139500 to 140000...
15:36:57 | INFO | Save embeddings
15:36:58 | INFO | Process pending records 140000 to 140500...
15:37:02 | INFO | Save embeddings
15:37:02 | INFO | Process pending records 140500 to 141000...
15:37:07 | INFO | Save embeddings
15:37:07 | INFO | Process pending records 141000 to 141500...
15:37:12 | INFO | Save embeddings
15:37:12 | INFO | Process pending records 141500 to 142000...
15:37:17 | INFO | Save embeddings
15:37:17 | INFO | Process pending records 142000 to 142500...
15:37:21 | INFO | Save embeddings
15:37:22 | INFO | Process pending records 142500 to 143000...
15:37:26 | INFO | Save embeddings
15:37:26 | INFO | Process pending records 143000 to 143500...
15:37:31 | INFO | Save embeddings
15:37:31 | INFO | Process pending records 143500 to 144000...
15:37:35 | INFO | Save embeddings
15:37:36 | INFO | Process pending records 144000 to 144500...
15:37:40 | INFO | Save embeddings
15:37:41 | INFO | Process pending records 144500 to 145000...
15:37:45 | INFO | Save embeddings
15:37:45 | INFO | Process pending records 145000 to 145500...
15:37:50 | INFO | Save embeddings
15:37:50 | INFO | Process pending records 145500 to 146000...
15:37:55 | INFO | Save embeddings
15:37:55 | INFO | Process pending records 146000 to 146500...
15:37:59 | INFO | Save embeddings
15:38:00 | INFO | Process pending records 146500 to 147000...
15:38:04 | INFO | Save embeddings
15:38:05 | INFO | Process pending records 147000 to 147500...
15:38:09 | INFO | Save embeddings
15:38:09 | INFO | Process pending records 147500 to 148000...
15:38:14 | INFO | Save embeddings
15:38:14 | INFO | Process pending records 148000 to 148500...
15:38:18 | INFO | Save embeddings
15:38:19 | INFO | Process pending records 148500 to 149000...
15:38:23 | INFO | Save embeddings
15:38:24 | INFO | Process pending records 149000 to 149500...
15:38:28 | INFO | Save embeddings
15:38:29 | INFO | Process pending records 149500 to 150000...
15:38:34 | INFO | Save embeddings
15:38:34 | INFO | Process pending records 150000 to 150500...
15:38:38 | INFO | Save embeddings
15:38:39 | INFO | Process pending records 150500 to 151000...
15:38:43 | INFO | Save embeddings
15:38:44 | INFO | Process pending records 151000 to 151500...
15:38:48 | INFO | Save embeddings
15:38:48 | INFO | Process pending records 151500 to 152000...
15:38:53 | INFO | Save embeddings
15:38:53 | INFO | Process pending records 152000 to 152500...
15:38:57 | INFO | Save embeddings
15:38:58 | INFO | Process pending records 152500 to 153000...
15:39:02 | INFO | Save embeddings
15:39:03 | INFO | Process pending records 153000 to 153500...
15:39:07 | INFO | Save embeddings
15:39:07 | INFO | Process pending records 153500 to 154000...
15:39:12 | INFO | Save embeddings
15:39:12 | INFO | Process pending records 154000 to 154500...
15:39:17 | INFO | Save embeddings
15:39:17 | INFO | Process pending records 154500 to 155000...
15:39:21 | INFO | Save embeddings
15:39:22 | INFO | Process pending records 155000 to 155500...
15:39:26 | INFO | Save embeddings
15:39:27 | INFO | Process pending records 155500 to 156000...
15:39:31 | INFO | Save embeddings
15:39:31 | INFO | Process pending records 156000 to 156500...
15:39:36 | INFO | Save embeddings
15:39:36 | INFO | Process pending records 156500 to 157000...
15:39:40 | INFO | Save embeddings
15:39:41 | INFO | Process pending records 157000 to 157500...
15:39:45 | INFO | Save embeddings
15:39:46 | INFO | Process pending records 157500 to 158000...
15:39:50 | INFO | Save embeddings
15:39:51 | INFO | Process pending records 158000 to 158500...
15:39:55 | INFO | Save embeddings
15:39:55 | INFO | Process pending records 158500 to 159000...
15:39:59 | INFO | Save embeddings
15:40:00 | INFO | Process pending records 159000 to 159500...
15:40:04 | INFO | Save embeddings
15:40:04 | INFO | Process pending records 159500 to 160000...
15:40:09 | INFO | Save embeddings
15:40:09 | INFO | Process pending records 160000 to 160500...
15:40:14 | INFO | Save embeddings
15:40:15 | INFO | Process pending records 160500 to 161000...
15:40:19 | INFO | Save embeddings
15:40:19 | INFO | Process pending records 161000 to 161500...
15:40:24 | INFO | Save embeddings
15:40:24 | INFO | Process pending records 161500 to 162000...
15:40:29 | INFO | Save embeddings
15:40:29 | INFO | Process pending records 162000 to 162500...
15:40:33 | INFO | Save embeddings
15:40:34 | INFO | Process pending records 162500 to 163000...
15:40:38 | INFO | Save embeddings
15:40:39 | INFO | Process pending records 163000 to 163500...
15:40:43 | INFO | Save embeddings
15:40:44 | INFO | Process pending records 163500 to 164000...
15:40:48 | INFO | Save embeddings
15:40:48 | INFO | Process pending records 164000 to 164500...
15:40:53 | INFO | Save embeddings
15:40:53 | INFO | Process pending records 164500 to 165000...
15:40:57 | INFO | Save embeddings
15:40:58 | INFO | Process pending records 165000 to 165500...
15:41:02 | INFO | Save embeddings
15:41:03 | INFO | Process pending records 165500 to 166000...
15:41:07 | INFO | Save embeddings
15:41:08 | INFO | Process pending records 166000 to 166500...
15:41:12 | INFO | Save embeddings
15:41:13 | INFO | Process pending records 166500 to 167000...
15:41:17 | INFO | Save embeddings
15:41:17 | INFO | Process pending records 167000 to 167500...
15:41:22 | INFO | Save embeddings
15:41:22 | INFO | Process pending records 167500 to 168000...
15:41:26 | INFO | Save embeddings
15:41:27 | INFO | Process pending records 168000 to 168500...
15:41:31 | INFO | Save embeddings
15:41:32 | INFO | Process pending records 168500 to 169000...
15:41:36 | INFO | Save embeddings
15:41:37 | INFO | Process pending records 169000 to 169500...
15:41:41 | INFO | Save embeddings
15:41:42 | INFO | Process pending records 169500 to 170000...
15:41:46 | INFO | Save embeddings
15:41:47 | INFO | Process pending records 170000 to 170500...
15:41:51 | INFO | Save embeddings
15:41:51 | INFO | Process pending records 170500 to 171000...
15:41:56 | INFO | Save embeddings
15:41:57 | INFO | Process pending records 171000 to 171500...
15:42:01 | INFO | Save embeddings
15:42:02 | INFO | Process pending records 171500 to 172000...
15:42:07 | INFO | Save embeddings
15:42:07 | INFO | Process pending records 172000 to 172500...
15:42:12 | INFO | Save embeddings
15:42:12 | INFO | Process pending records 172500 to 173000...
15:42:17 | INFO | Save embeddings
15:42:18 | INFO | Process pending records 173000 to 173500...
15:42:23 | INFO | Save embeddings
15:42:24 | INFO | Process pending records 173500 to 174000...
15:42:28 | INFO | Save embeddings
15:42:29 | INFO | Process pending records 174000 to 174500...
15:42:34 | INFO | Save embeddings
15:42:35 | INFO | Process pending records 174500 to 175000...
15:42:40 | INFO | Save embeddings
15:42:40 | INFO | Process pending records 175000 to 175500...
15:42:46 | INFO | Save embeddings
15:42:46 | INFO | Process pending records 175500 to 176000...
15:42:51 | INFO | Save embeddings
15:42:51 | INFO | Process pending records 176000 to 176500...
15:42:57 | INFO | Save embeddings
15:42:57 | INFO | Process pending records 176500 to 177000...
15:43:01 | INFO | Save embeddings
15:43:02 | INFO | Process pending records 177000 to 177500...
15:43:06 | INFO | Save embeddings
15:43:07 | INFO | Process pending records 177500 to 178000...
15:43:11 | INFO | Save embeddings
15:43:12 | INFO | Process pending records 178000 to 178500...
15:43:16 | INFO | Save embeddings
15:43:16 | INFO | Process pending records 178500 to 179000...
15:43:20 | INFO | Save embeddings
15:43:21 | INFO | Process pending records 179000 to 179500...
15:43:25 | INFO | Save embeddings
15:43:26 | INFO | Process pending records 179500 to 180000...
15:43:30 | INFO | Save embeddings
15:43:31 | INFO | Process pending records 180000 to 180500...
15:43:35 | INFO | Save embeddings
15:43:36 | INFO | Process pending records 180500 to 181000...
15:43:40 | INFO | Save embeddings
15:43:40 | INFO | Process pending records 181000 to 181500...
15:43:44 | INFO | Save embeddings
15:43:45 | INFO | Process pending records 181500 to 182000...
15:43:49 | INFO | Save embeddings
15:43:50 | INFO | Process pending records 182000 to 182500...
15:43:54 | INFO | Save embeddings
15:43:54 | INFO | Process pending records 182500 to 183000...
15:43:59 | INFO | Save embeddings
15:43:59 | INFO | Process pending records 183000 to 183500...
15:44:03 | INFO | Save embeddings
15:44:04 | INFO | Process pending records 183500 to 184000...
15:44:08 | INFO | Save embeddings
15:44:09 | INFO | Process pending records 184000 to 184500...
15:44:13 | INFO | Save embeddings
15:44:13 | INFO | Process pending records 184500 to 185000...
15:44:18 | INFO | Save embeddings
15:44:18 | INFO | Process pending records 185000 to 185500...
15:44:22 | INFO | Save embeddings
15:44:23 | INFO | Process pending records 185500 to 186000...
15:44:27 | INFO | Save embeddings
15:44:27 | INFO | Process pending records 186000 to 186500...
15:44:31 | INFO | Save embeddings
15:44:32 | INFO | Process pending records 186500 to 187000...
15:44:36 | INFO | Save embeddings
15:44:37 | INFO | Process pending records 187000 to 187500...
15:44:41 | INFO | Save embeddings
15:44:41 | INFO | Process pending records 187500 to 188000...
15:44:45 | INFO | Save embeddings
15:44:46 | INFO | Process pending records 188000 to 188500...
15:44:50 | INFO | Save embeddings
15:44:51 | INFO | Process pending records 188500 to 189000...
15:44:55 | INFO | Save embeddings
15:44:55 | INFO | Process pending records 189000 to 189500...
15:45:00 | INFO | Save embeddings
15:45:00 | INFO | Process pending records 189500 to 190000...
15:45:05 | INFO | Save embeddings
15:45:05 | INFO | Process pending records 190000 to 190500...
15:45:11 | INFO | Save embeddings
15:45:11 | INFO | Process pending records 190500 to 191000...
15:45:17 | INFO | Save embeddings
15:45:17 | INFO | Process pending records 191000 to 191500...
15:45:22 | INFO | Save embeddings
15:45:23 | INFO | Process pending records 191500 to 192000...
15:45:27 | INFO | Save embeddings
15:45:27 | INFO | Process pending records 192000 to 192500...
15:45:31 | INFO | Save embeddings
15:45:32 | INFO | Process pending records 192500 to 193000...
15:45:36 | INFO | Save embeddings
15:45:37 | INFO | Process pending records 193000 to 193500...
15:45:41 | INFO | Save embeddings
15:45:42 | INFO | Process pending records 193500 to 194000...
15:45:46 | INFO | Save embeddings
15:45:46 | INFO | Process pending records 194000 to 194500...
15:45:51 | INFO | Save embeddings
15:45:51 | INFO | Process pending records 194500 to 195000...
15:45:55 | INFO | Save embeddings
15:45:56 | INFO | Process pending records 195000 to 195500...
15:46:00 | INFO | Save embeddings
15:46:01 | INFO | Process pending records 195500 to 196000...
15:46:05 | INFO | Save embeddings
15:46:06 | INFO | Process pending records 196000 to 196500...
15:46:10 | INFO | Save embeddings
15:46:11 | INFO | Process pending records 196500 to 197000...
15:46:15 | INFO | Save embeddings
15:46:15 | INFO | Process pending records 197000 to 197500...
15:46:19 | INFO | Save embeddings
15:46:20 | INFO | Process pending records 197500 to 198000...
15:46:24 | INFO | Save embeddings
15:46:25 | INFO | Process pending records 198000 to 198500...
15:46:29 | INFO | Save embeddings
15:46:30 | INFO | Process pending records 198500 to 199000...
15:46:34 | INFO | Save embeddings
15:46:34 | INFO | Process pending records 199000 to 199500...
15:46:39 | INFO | Save embeddings
15:46:39 | INFO | Process pending records 199500 to 200000...
15:46:44 | INFO | Save embeddings
15:46:44 | INFO | Process pending records 200000 to 200500...
15:46:48 | INFO | Save embeddings
15:46:49 | INFO | Process pending records 200500 to 201000...
15:46:53 | INFO | Save embeddings
15:46:54 | INFO | Process pending records 201000 to 201500...
15:46:58 | INFO | Save embeddings
15:46:58 | INFO | Process pending records 201500 to 202000...
15:47:03 | INFO | Save embeddings
15:47:03 | INFO | Process pending records 202000 to 202500...
15:47:07 | INFO | Save embeddings
15:47:08 | INFO | Process pending records 202500 to 203000...
15:47:12 | INFO | Save embeddings
15:47:13 | INFO | Process pending records 203000 to 203500...
15:47:17 | INFO | Save embeddings
15:47:18 | INFO | Process pending records 203500 to 204000...
15:47:22 | INFO | Save embeddings
15:47:22 | INFO | Process pending records 204000 to 204500...
15:47:27 | INFO | Save embeddings
15:47:28 | INFO | Process pending records 204500 to 205000...
15:47:32 | INFO | Save embeddings
15:47:32 | INFO | Process pending records 205000 to 205500...
15:47:37 | INFO | Save embeddings
15:47:37 | INFO | Process pending records 205500 to 206000...
15:47:41 | INFO | Save embeddings
15:47:42 | INFO | Process pending records 206000 to 206500...
15:47:47 | INFO | Save embeddings
15:47:47 | INFO | Process pending records 206500 to 207000...
15:47:52 | INFO | Save embeddings
15:47:52 | INFO | Process pending records 207000 to 207500...
15:47:56 | INFO | Save embeddings
15:47:57 | INFO | Process pending records 207500 to 208000...
15:48:01 | INFO | Save embeddings
15:48:02 | INFO | Process pending records 208000 to 208500...
15:48:06 | INFO | Save embeddings
15:48:06 | INFO | Process pending records 208500 to 209000...
15:48:11 | INFO | Save embeddings
15:48:11 | INFO | Process pending records 209000 to 209500...
15:48:16 | INFO | Save embeddings
15:48:16 | INFO | Process pending records 209500 to 210000...
15:48:20 | INFO | Save embeddings
15:48:21 | INFO | Process pending records 210000 to 210500...
15:48:25 | INFO | Save embeddings
15:48:26 | INFO | Process pending records 210500 to 211000...
15:48:30 | INFO | Save embeddings
15:48:30 | INFO | Process pending records 211000 to 211500...
15:48:34 | INFO | Save embeddings
15:48:35 | INFO | Process pending records 211500 to 212000...
15:48:39 | INFO | Save embeddings
15:48:40 | INFO | Process pending records 212000 to 212500...
15:48:44 | INFO | Save embeddings
15:48:44 | INFO | Process pending records 212500 to 213000...
15:48:49 | INFO | Save embeddings
15:48:49 | INFO | Process pending records 213000 to 213500...
15:48:53 | INFO | Save embeddings
15:48:54 | INFO | Process pending records 213500 to 214000...
15:48:58 | INFO | Save embeddings
15:48:59 | INFO | Process pending records 214000 to 214500...
15:49:03 | INFO | Save embeddings
15:49:04 | INFO | Process pending records 214500 to 215000...
15:49:08 | INFO | Save embeddings
15:49:08 | INFO | Process pending records 215000 to 215500...
15:49:13 | INFO | Save embeddings
15:49:14 | INFO | Process pending records 215500 to 216000...
15:49:18 | INFO | Save embeddings
15:49:19 | INFO | Process pending records 216000 to 216500...
15:49:23 | INFO | Save embeddings
15:49:24 | INFO | Process pending records 216500 to 217000...
15:49:28 | INFO | Save embeddings
15:49:29 | INFO | Process pending records 217000 to 217500...
15:49:33 | INFO | Save embeddings
15:49:34 | INFO | Process pending records 217500 to 218000...
15:49:38 | INFO | Save embeddings
15:49:39 | INFO | Process pending records 218000 to 218500...
15:49:43 | INFO | Save embeddings
15:49:43 | INFO | Process pending records 218500 to 219000...
15:49:48 | INFO | Save embeddings
15:49:48 | INFO | Process pending records 219000 to 219500...
15:49:53 | INFO | Save embeddings
15:49:53 | INFO | Process pending records 219500 to 220000...
15:49:57 | INFO | Save embeddings
15:49:58 | INFO | Process pending records 220000 to 220500...
15:50:03 | INFO | Save embeddings
15:50:03 | INFO | Process pending records 220500 to 221000...
15:50:07 | INFO | Save embeddings
15:50:08 | INFO | Process pending records 221000 to 221500...
15:50:12 | INFO | Save embeddings
15:50:13 | INFO | Process pending records 221500 to 222000...
15:50:17 | INFO | Save embeddings
15:50:17 | INFO | Process pending records 222000 to 222500...
15:50:22 | INFO | Save embeddings
15:50:22 | INFO | Process pending records 222500 to 223000...
15:50:26 | INFO | Save embeddings
15:50:27 | INFO | Process pending records 223000 to 223500...
15:50:32 | INFO | Save embeddings
15:50:32 | INFO | Process pending records 223500 to 224000...
15:50:36 | INFO | Save embeddings
15:50:37 | INFO | Process pending records 224000 to 224500...
15:50:41 | INFO | Save embeddings
15:50:42 | INFO | Process pending records 224500 to 225000...
15:50:47 | INFO | Save embeddings
15:50:47 | INFO | Process pending records 225000 to 225500...
15:50:51 | INFO | Save embeddings
15:50:52 | INFO | Process pending records 225500 to 226000...
15:50:56 | INFO | Save embeddings
15:50:57 | INFO | Process pending records 226000 to 226500...
15:51:01 | INFO | Save embeddings
15:51:02 | INFO | Process pending records 226500 to 227000...
15:51:06 | INFO | Save embeddings
15:51:07 | INFO | Process pending records 227000 to 227500...
15:51:11 | INFO | Save embeddings
15:51:11 | INFO | Process pending records 227500 to 228000...
15:51:16 | INFO | Save embeddings
15:51:16 | INFO | Process pending records 228000 to 228500...
15:51:20 | INFO | Save embeddings
15:51:21 | INFO | Process pending records 228500 to 229000...
15:51:25 | INFO | Save embeddings
15:51:26 | INFO | Process pending records 229000 to 229500...
15:51:30 | INFO | Save embeddings
15:51:31 | INFO | Process pending records 229500 to 230000...
15:51:35 | INFO | Save embeddings
15:51:36 | INFO | Process pending records 230000 to 230500...
15:51:40 | INFO | Save embeddings
15:51:41 | INFO | Process pending records 230500 to 231000...
15:51:45 | INFO | Save embeddings
15:51:45 | INFO | Process pending records 231000 to 231500...
15:51:50 | INFO | Save embeddings
15:51:50 | INFO | Process pending records 231500 to 232000...
15:51:55 | INFO | Save embeddings
15:51:55 | INFO | Process pending records 232000 to 232500...
15:52:00 | INFO | Save embeddings
15:52:00 | INFO | Process pending records 232500 to 233000...
15:52:04 | INFO | Save embeddings
15:52:05 | INFO | Process pending records 233000 to 233500...
15:52:10 | INFO | Save embeddings
15:52:10 | INFO | Process pending records 233500 to 234000...
15:52:15 | INFO | Save embeddings
15:52:15 | INFO | Process pending records 234000 to 234500...
15:52:19 | INFO | Save embeddings
15:52:20 | INFO | Process pending records 234500 to 235000...
15:52:24 | INFO | Save embeddings
15:52:24 | INFO | Process pending records 235000 to 235500...
15:52:29 | INFO | Save embeddings
15:52:29 | INFO | Process pending records 235500 to 236000...
15:52:34 | INFO | Save embeddings
15:52:34 | INFO | Process pending records 236000 to 236500...
15:52:39 | INFO | Save embeddings
15:52:39 | INFO | Process pending records 236500 to 237000...
15:52:43 | INFO | Save embeddings
15:52:44 | INFO | Process pending records 237000 to 237500...
15:52:48 | INFO | Save embeddings
15:52:49 | INFO | Process pending records 237500 to 238000...
15:52:53 | INFO | Save embeddings
15:52:54 | INFO | Process pending records 238000 to 238500...
15:52:58 | INFO | Save embeddings
15:52:59 | INFO | Process pending records 238500 to 239000...
15:53:03 | INFO | Save embeddings
15:53:03 | INFO | Process pending records 239000 to 239500...
15:53:08 | INFO | Save embeddings
15:53:08 | INFO | Process pending records 239500 to 240000...
15:53:13 | INFO | Save embeddings
15:53:13 | INFO | Process pending records 240000 to 240500...
15:53:18 | INFO | Save embeddings
15:53:18 | INFO | Process pending records 240500 to 241000...
15:53:23 | INFO | Save embeddings
15:53:24 | INFO | Process pending records 241000 to 241500...
15:53:28 | INFO | Save embeddings
15:53:29 | INFO | Process pending records 241500 to 242000...
15:53:33 | INFO | Save embeddings
15:53:34 | INFO | Process pending records 242000 to 242500...
15:53:39 | INFO | Save embeddings
15:53:39 | INFO | Process pending records 242500 to 243000...
15:53:44 | INFO | Save embeddings
15:53:44 | INFO | Process pending records 243000 to 243500...
15:53:49 | INFO | Save embeddings
15:53:49 | INFO | Process pending records 243500 to 244000...
15:53:54 | INFO | Save embeddings
15:53:54 | INFO | Process pending records 244000 to 244500...
15:53:59 | INFO | Save embeddings
15:53:59 | INFO | Process pending records 244500 to 245000...
15:54:03 | INFO | Save embeddings
15:54:04 | INFO | Process pending records 245000 to 245500...
15:54:08 | INFO | Save embeddings
15:54:09 | INFO | Process pending records 245500 to 246000...
15:54:13 | INFO | Save embeddings
15:54:14 | INFO | Process pending records 246000 to 246500...
15:54:18 | INFO | Save embeddings
15:54:19 | INFO | Process pending records 246500 to 247000...
15:54:23 | INFO | Save embeddings
15:54:24 | INFO | Process pending records 247000 to 247500...
15:54:28 | INFO | Save embeddings
15:54:29 | INFO | Process pending records 247500 to 248000...
15:54:33 | INFO | Save embeddings
15:54:34 | INFO | Process pending records 248000 to 248500...
15:54:38 | INFO | Save embeddings
15:54:39 | INFO | Process pending records 248500 to 249000...
15:54:43 | INFO | Save embeddings
15:54:44 | INFO | Process pending records 249000 to 249500...
15:54:48 | INFO | Save embeddings
15:54:48 | INFO | Process pending records 249500 to 250000...
15:54:53 | INFO | Save embeddings
15:54:53 | INFO | Process pending records 250000 to 250500...
15:54:58 | INFO | Save embeddings
15:54:59 | INFO | Process pending records 250500 to 251000...
15:55:03 | INFO | Save embeddings
15:55:03 | INFO | Process pending records 251000 to 251500...
15:55:08 | INFO | Save embeddings
15:55:08 | INFO | Process pending records 251500 to 252000...
15:55:13 | INFO | Save embeddings
15:55:14 | INFO | Process pending records 252000 to 252500...
15:55:18 | INFO | Save embeddings
15:55:19 | INFO | Process pending records 252500 to 253000...
15:55:23 | INFO | Save embeddings
15:55:24 | INFO | Process pending records 253000 to 253500...
15:55:28 | INFO | Save embeddings
15:55:29 | INFO | Process pending records 253500 to 254000...
15:55:33 | INFO | Save embeddings
15:55:34 | INFO | Process pending records 254000 to 254500...
15:55:38 | INFO | Save embeddings
15:55:39 | INFO | Process pending records 254500 to 255000...
15:55:43 | INFO | Save embeddings
15:55:44 | INFO | Process pending records 255000 to 255500...
15:55:48 | INFO | Save embeddings
15:55:49 | INFO | Process pending records 255500 to 256000...
15:55:53 | INFO | Save embeddings
15:55:54 | INFO | Process pending records 256000 to 256500...
15:55:58 | INFO | Save embeddings
15:55:58 | INFO | Process pending records 256500 to 257000...
15:56:03 | INFO | Save embeddings
15:56:03 | INFO | Process pending records 257000 to 257500...
15:56:08 | INFO | Save embeddings
15:56:08 | INFO | Process pending records 257500 to 258000...
15:56:13 | INFO | Save embeddings
15:56:13 | INFO | Process pending records 258000 to 258500...
15:56:18 | INFO | Save embeddings
15:56:18 | INFO | Process pending records 258500 to 259000...
15:56:23 | INFO | Save embeddings
15:56:24 | INFO | Process pending records 259000 to 259500...
15:56:29 | INFO | Save embeddings
15:56:29 | INFO | Process pending records 259500 to 260000...
15:56:34 | INFO | Save embeddings
15:56:34 | INFO | Process pending records 260000 to 260500...
15:56:39 | INFO | Save embeddings
15:56:39 | INFO | Process pending records 260500 to 261000...
15:56:44 | INFO | Save embeddings
15:56:44 | INFO | Process pending records 261000 to 261500...
15:56:49 | INFO | Save embeddings
15:56:49 | INFO | Process pending records 261500 to 262000...
15:56:54 | INFO | Save embeddings
15:56:54 | INFO | Process pending records 262000 to 262500...
15:56:59 | INFO | Save embeddings
15:56:59 | INFO | Process pending records 262500 to 263000...
15:57:04 | INFO | Save embeddings
15:57:04 | INFO | Process pending records 263000 to 263500...
15:57:09 | INFO | Save embeddings
15:57:09 | INFO | Process pending records 263500 to 264000...
15:57:14 | INFO | Save embeddings
15:57:14 | INFO | Process pending records 264000 to 264500...
15:57:19 | INFO | Save embeddings
15:57:19 | INFO | Process pending records 264500 to 265000...
15:57:24 | INFO | Save embeddings
15:57:24 | INFO | Process pending records 265000 to 265500...
15:57:29 | INFO | Save embeddings
15:57:29 | INFO | Process pending records 265500 to 266000...
15:57:34 | INFO | Save embeddings
15:57:34 | INFO | Process pending records 266000 to 266500...
15:57:39 | INFO | Save embeddings
15:57:40 | INFO | Process pending records 266500 to 267000...
15:57:44 | INFO | Save embeddings
15:57:45 | INFO | Process pending records 267000 to 267500...
15:57:49 | INFO | Save embeddings
15:57:50 | INFO | Process pending records 267500 to 268000...
15:57:54 | INFO | Save embeddings
15:57:55 | INFO | Process pending records 268000 to 268500...
15:57:59 | INFO | Save embeddings
15:58:00 | INFO | Process pending records 268500 to 269000...
15:58:04 | INFO | Save embeddings
15:58:05 | INFO | Process pending records 269000 to 269500...
15:58:09 | INFO | Save embeddings
15:58:10 | INFO | Process pending records 269500 to 270000...
15:58:14 | INFO | Save embeddings
15:58:15 | INFO | Process pending records 270000 to 270500...
15:58:20 | INFO | Save embeddings
15:58:20 | INFO | Process pending records 270500 to 271000...
15:58:25 | INFO | Save embeddings
15:58:26 | INFO | Process pending records 271000 to 271500...
15:58:30 | INFO | Save embeddings
15:58:31 | INFO | Process pending records 271500 to 272000...
15:58:35 | INFO | Save embeddings
15:58:36 | INFO | Process pending records 272000 to 272500...
15:58:40 | INFO | Save embeddings
15:58:41 | INFO | Process pending records 272500 to 273000...
15:58:45 | INFO | Save embeddings
15:58:46 | INFO | Process pending records 273000 to 273500...
15:58:51 | INFO | Save embeddings
15:58:51 | INFO | Process pending records 273500 to 274000...
15:58:56 | INFO | Save embeddings
15:58:56 | INFO | Process pending records 274000 to 274500...
15:59:01 | INFO | Save embeddings
15:59:02 | INFO | Process pending records 274500 to 275000...
15:59:06 | INFO | Save embeddings
15:59:07 | INFO | Process pending records 275000 to 275500...
15:59:12 | INFO | Save embeddings
15:59:12 | INFO | Process pending records 275500 to 276000...
15:59:17 | INFO | Save embeddings
15:59:17 | INFO | Process pending records 276000 to 276500...
15:59:22 | INFO | Save embeddings
15:59:23 | INFO | Process pending records 276500 to 277000...
15:59:27 | INFO | Save embeddings
15:59:28 | INFO | Process pending records 277000 to 277500...
15:59:32 | INFO | Save embeddings
15:59:33 | INFO | Process pending records 277500 to 278000...
15:59:37 | INFO | Save embeddings
15:59:38 | INFO | Process pending records 278000 to 278500...
15:59:43 | INFO | Save embeddings
15:59:43 | INFO | Process pending records 278500 to 279000...
15:59:48 | INFO | Save embeddings
15:59:48 | INFO | Process pending records 279000 to 279500...
15:59:53 | INFO | Save embeddings
15:59:53 | INFO | Process pending records 279500 to 280000...
15:59:58 | INFO | Save embeddings
15:59:58 | INFO | Process pending records 280000 to 280500...
16:00:02 | INFO | Save embeddings
16:00:03 | INFO | Process pending records 280500 to 281000...
16:00:07 | INFO | Save embeddings
16:00:08 | INFO | Process pending records 281000 to 281500...
16:00:12 | INFO | Save embeddings
16:00:13 | INFO | Process pending records 281500 to 282000...
16:00:18 | INFO | Save embeddings
16:00:18 | INFO | Process pending records 282000 to 282500...
16:00:23 | INFO | Save embeddings
16:00:23 | INFO | Process pending records 282500 to 283000...
16:00:28 | INFO | Save embeddings
16:00:29 | INFO | Process pending records 283000 to 283500...
16:00:33 | INFO | Save embeddings
16:00:34 | INFO | Process pending records 283500 to 284000...
16:00:39 | INFO | Save embeddings
16:00:39 | INFO | Process pending records 284000 to 284500...
16:00:44 | INFO | Save embeddings
16:00:44 | INFO | Process pending records 284500 to 285000...
16:00:49 | INFO | Save embeddings
16:00:49 | INFO | Process pending records 285000 to 285500...
16:00:54 | INFO | Save embeddings
16:00:55 | INFO | Process pending records 285500 to 286000...
16:00:59 | INFO | Save embeddings
16:01:00 | INFO | Process pending records 286000 to 286500...
16:01:05 | INFO | Save embeddings
16:01:05 | INFO | Process pending records 286500 to 287000...
16:01:10 | INFO | Save embeddings
16:01:11 | INFO | Process pending records 287000 to 287500...
16:01:17 | INFO | Save embeddings
16:01:17 | INFO | Process pending records 287500 to 288000...
16:01:23 | INFO | Save embeddings
16:01:24 | INFO | Process pending records 288000 to 288500...
16:01:29 | INFO | Save embeddings
16:01:29 | INFO | Process pending records 288500 to 289000...
16:01:34 | INFO | Save embeddings
16:01:34 | INFO | Process pending records 289000 to 289500...
16:01:39 | INFO | Save embeddings
16:01:40 | INFO | Process pending records 289500 to 290000...
16:01:44 | INFO | Save embeddings
16:01:45 | INFO | Process pending records 290000 to 290500...
16:01:49 | INFO | Save embeddings
16:01:50 | INFO | Process pending records 290500 to 291000...
16:01:54 | INFO | Save embeddings
16:01:55 | INFO | Process pending records 291000 to 291500...
16:01:59 | INFO | Save embeddings
16:02:00 | INFO | Process pending records 291500 to 292000...
16:02:04 | INFO | Save embeddings
16:02:05 | INFO | Process pending records 292000 to 292500...
16:02:10 | INFO | Save embeddings
16:02:10 | INFO | Process pending records 292500 to 293000...
16:02:15 | INFO | Save embeddings
16:02:15 | INFO | Process pending records 293000 to 293500...
16:02:20 | INFO | Save embeddings
16:02:20 | INFO | Process pending records 293500 to 294000...
16:02:25 | INFO | Save embeddings
16:02:25 | INFO | Process pending records 294000 to 294500...
16:02:30 | INFO | Save embeddings
16:02:30 | INFO | Process pending records 294500 to 295000...
16:02:35 | INFO | Save embeddings
16:02:35 | INFO | Process pending records 295000 to 295500...
16:02:40 | INFO | Save embeddings
16:02:40 | INFO | Process pending records 295500 to 296000...
16:02:44 | INFO | Save embeddings
16:02:45 | INFO | Process pending records 296000 to 296500...
16:02:49 | INFO | Save embeddings
16:02:50 | INFO | Process pending records 296500 to 297000...
16:02:54 | INFO | Save embeddings
16:02:55 | INFO | Process pending records 297000 to 297500...
16:03:00 | INFO | Save embeddings
16:03:00 | INFO | Process pending records 297500 to 298000...
16:03:05 | INFO | Save embeddings
16:03:05 | INFO | Process pending records 298000 to 298500...
16:03:10 | INFO | Save embeddings
16:03:10 | INFO | Process pending records 298500 to 299000...
16:03:15 | INFO | Save embeddings
16:03:15 | INFO | Process pending records 299000 to 299500...
16:03:20 | INFO | Save embeddings
16:03:20 | INFO | Process pending records 299500 to 300000...
16:03:25 | INFO | Save embeddings
16:03:25 | INFO | Process pending records 300000 to 300500...
16:03:30 | INFO | Save embeddings
16:03:30 | INFO | Process pending records 300500 to 301000...
16:03:35 | INFO | Save embeddings
16:03:35 | INFO | Process pending records 301000 to 301500...
16:03:40 | INFO | Save embeddings
16:03:40 | INFO | Process pending records 301500 to 302000...
16:03:45 | INFO | Save embeddings
16:03:45 | INFO | Process pending records 302000 to 302500...
16:03:50 | INFO | Save embeddings
16:03:50 | INFO | Process pending records 302500 to 303000...
16:03:55 | INFO | Save embeddings
16:03:55 | INFO | Process pending records 303000 to 303500...
16:04:00 | INFO | Save embeddings
16:04:01 | INFO | Process pending records 303500 to 304000...
16:04:05 | INFO | Save embeddings
16:04:05 | INFO | Process pending records 304000 to 304500...
16:04:10 | INFO | Save embeddings
16:04:10 | INFO | Process pending records 304500 to 305000...
16:04:15 | INFO | Save embeddings
16:04:15 | INFO | Process pending records 305000 to 305399...
16:04:19 | INFO | Save embeddings
16:06:41 | INFO | Averaging concepts of: 90898 works (total: 306450)
16:06:41 | INFO | Reading file: embeddings_000000.pkl.gz
16:06:49 | INFO | Reading file: embeddings_000001.pkl.gz
16:06:56 | INFO | Reading file: embeddings_000002.pkl.gz
16:07:03 | INFO | Reading file: embeddings_000003.pkl.gz
16:07:10 | INFO | Reading file: embeddings_000004.pkl.gz
16:07:19 | INFO | Reading file: embeddings_000005.pkl.gz
16:07:26 | INFO | Reading file: embeddings_000006.pkl.gz
16:07:35 | INFO | Reading file: embeddings_000007.pkl.gz
16:07:42 | INFO | Reading file: embeddings_000008.pkl.gz
16:07:49 | INFO | Reading file: embeddings_000009.pkl.gz
16:07:56 | INFO | Reading file: embeddings_000010.pkl.gz
16:08:03 | INFO | Reading file: embeddings_000011.pkl.gz
16:08:11 | INFO | Reading file: embeddings_000012.pkl.gz
16:08:18 | INFO | Reading file: embeddings_000013.pkl.gz
16:08:26 | INFO | Reading file: embeddings_000014.pkl.gz
16:08:34 | INFO | Reading file: embeddings_000015.pkl.gz
16:08:41 | INFO | Reading file: embeddings_000016.pkl.gz
16:08:49 | INFO | Reading file: embeddings_000017.pkl.gz
16:08:58 | INFO | Reading file: embeddings_000018.pkl.gz
16:09:07 | INFO | Reading file: embeddings_000019.pkl.gz
16:09:14 | INFO | Reading file: embeddings_000020.pkl.gz
16:09:21 | INFO | Reading file: embeddings_000021.pkl.gz
16:09:29 | INFO | Reading file: embeddings_000022.pkl.gz
16:09:36 | INFO | Reading file: embeddings_000023.pkl.gz
16:09:43 | INFO | Reading file: embeddings_000024.pkl.gz
16:09:51 | INFO | Reading file: embeddings_000025.pkl.gz
16:09:58 | INFO | Reading file: embeddings_000026.pkl.gz
16:10:05 | INFO | Reading file: embeddings_000027.pkl.gz
16:10:12 | INFO | Reading file: embeddings_000028.pkl.gz
16:10:19 | INFO | Reading file: embeddings_000029.pkl.gz
16:10:27 | INFO | Reading file: embeddings_000030.pkl.gz
16:10:34 | INFO | Reading file: embeddings_000031.pkl.gz
16:10:41 | INFO | Reading file: embeddings_000032.pkl.gz
16:10:48 | INFO | Reading file: embeddings_000033.pkl.gz
16:10:56 | INFO | Reading file: embeddings_000034.pkl.gz
16:11:03 | INFO | Reading file: embeddings_000035.pkl.gz
16:11:10 | INFO | Reading file: embeddings_000036.pkl.gz
16:11:18 | INFO | Reading file: embeddings_000037.pkl.gz
16:11:25 | INFO | Reading file: embeddings_000038.pkl.gz
16:11:32 | INFO | Reading file: embeddings_000039.pkl.gz
16:11:39 | INFO | Reading file: embeddings_000040.pkl.gz
16:11:47 | INFO | Reading file: embeddings_000041.pkl.gz
16:11:54 | INFO | Reading file: embeddings_000042.pkl.gz
16:12:01 | INFO | Reading file: embeddings_000043.pkl.gz
16:12:08 | INFO | Reading file: embeddings_000044.pkl.gz
16:12:15 | INFO | Reading file: embeddings_000045.pkl.gz
16:12:22 | INFO | Reading file: embeddings_000046.pkl.gz
16:12:29 | INFO | Reading file: embeddings_000047.pkl.gz
16:12:37 | INFO | Reading file: embeddings_000048.pkl.gz
16:12:44 | INFO | Reading file: embeddings_000049.pkl.gz
16:12:51 | INFO | Reading file: embeddings_000050.pkl.gz
16:12:58 | INFO | Reading file: embeddings_000051.pkl.gz
16:13:06 | INFO | Reading file: embeddings_000052.pkl.gz
16:13:13 | INFO | Reading file: embeddings_000053.pkl.gz
16:13:20 | INFO | Reading file: embeddings_000054.pkl.gz
16:13:27 | INFO | Reading file: embeddings_000055.pkl.gz
16:13:34 | INFO | Reading file: embeddings_000056.pkl.gz
16:13:41 | INFO | Reading file: embeddings_000057.pkl.gz
16:13:48 | INFO | Reading file: embeddings_000058.pkl.gz
16:13:55 | INFO | Reading file: embeddings_000059.pkl.gz
16:14:02 | INFO | Reading file: embeddings_000060.pkl.gz
16:14:10 | INFO | Reading file: embeddings_000061.pkl.gz
16:14:17 | INFO | Reading file: embeddings_000062.pkl.gz
16:14:24 | INFO | Reading file: embeddings_000063.pkl.gz
16:14:31 | INFO | Reading file: embeddings_000064.pkl.gz
16:14:38 | INFO | Reading file: embeddings_000065.pkl.gz
16:14:45 | INFO | Reading file: embeddings_000066.pkl.gz
16:14:52 | INFO | Reading file: embeddings_000067.pkl.gz
16:14:59 | INFO | Reading file: embeddings_000068.pkl.gz
16:15:06 | INFO | Reading file: embeddings_000069.pkl.gz
16:15:14 | INFO | Reading file: embeddings_000070.pkl.gz
16:15:21 | INFO | Reading file: embeddings_000071.pkl.gz
16:15:28 | INFO | Reading file: embeddings_000072.pkl.gz
16:15:35 | INFO | Reading file: embeddings_000073.pkl.gz
16:15:43 | INFO | Reading file: embeddings_000074.pkl.gz
16:15:50 | INFO | Reading file: embeddings_000075.pkl.gz
16:15:57 | INFO | Reading file: embeddings_000076.pkl.gz
16:16:04 | INFO | Reading file: embeddings_000077.pkl.gz
16:16:11 | INFO | Reading file: embeddings_000078.pkl.gz
16:16:18 | INFO | Reading file: embeddings_000079.pkl.gz
16:16:25 | INFO | Reading file: embeddings_000080.pkl.gz
16:16:32 | INFO | Reading file: embeddings_000081.pkl.gz
16:16:39 | INFO | Reading file: embeddings_000082.pkl.gz
16:16:46 | INFO | Reading file: embeddings_000083.pkl.gz
16:16:53 | INFO | Reading file: embeddings_000084.pkl.gz
16:17:00 | INFO | Reading file: embeddings_000085.pkl.gz
16:17:08 | INFO | Reading file: embeddings_000086.pkl.gz
16:17:15 | INFO | Reading file: embeddings_000087.pkl.gz
16:17:22 | INFO | Reading file: embeddings_000088.pkl.gz
16:17:29 | INFO | Reading file: embeddings_000089.pkl.gz
16:17:36 | INFO | Reading file: embeddings_000090.pkl.gz
16:17:43 | INFO | Reading file: embeddings_000091.pkl.gz
16:17:50 | INFO | Reading file: embeddings_000092.pkl.gz
16:17:57 | INFO | Reading file: embeddings_000093.pkl.gz
16:18:04 | INFO | Reading file: embeddings_000094.pkl.gz
16:18:11 | INFO | Reading file: embeddings_000095.pkl.gz
16:18:18 | INFO | Reading file: embeddings_000096.pkl.gz
16:18:25 | INFO | Reading file: embeddings_000097.pkl.gz
16:18:32 | INFO | Reading file: embeddings_000098.pkl.gz
16:18:39 | INFO | Reading file: embeddings_000099.pkl.gz
16:18:46 | INFO | Reading file: embeddings_000100.pkl.gz
16:18:53 | INFO | Reading file: embeddings_000101.pkl.gz
16:19:00 | INFO | Reading file: embeddings_000102.pkl.gz
16:19:07 | INFO | Reading file: embeddings_000103.pkl.gz
16:19:14 | INFO | Reading file: embeddings_000104.pkl.gz
16:19:21 | INFO | Reading file: embeddings_000105.pkl.gz
16:19:28 | INFO | Reading file: embeddings_000106.pkl.gz
16:19:36 | INFO | Reading file: embeddings_000107.pkl.gz
16:19:43 | INFO | Reading file: embeddings_000108.pkl.gz
16:19:50 | INFO | Reading file: embeddings_000109.pkl.gz
16:19:57 | INFO | Reading file: embeddings_000110.pkl.gz
16:20:05 | INFO | Reading file: embeddings_000111.pkl.gz
16:20:12 | INFO | Reading file: embeddings_000112.pkl.gz
16:20:19 | INFO | Reading file: embeddings_000113.pkl.gz
16:20:27 | INFO | Reading file: embeddings_000114.pkl.gz
16:20:35 | INFO | Reading file: embeddings_000115.pkl.gz
16:20:42 | INFO | Reading file: embeddings_000116.pkl.gz
16:20:49 | INFO | Reading file: embeddings_000117.pkl.gz
16:20:58 | INFO | Reading file: embeddings_000118.pkl.gz
16:21:05 | INFO | Reading file: embeddings_000119.pkl.gz
16:21:12 | INFO | Reading file: embeddings_000120.pkl.gz
16:21:19 | INFO | Reading file: embeddings_000121.pkl.gz
16:21:27 | INFO | Reading file: embeddings_000122.pkl.gz
16:21:34 | INFO | Reading file: embeddings_000123.pkl.gz
16:21:41 | INFO | Reading file: embeddings_000124.pkl.gz
16:21:48 | INFO | Reading file: embeddings_000125.pkl.gz
16:21:55 | INFO | Reading file: embeddings_000126.pkl.gz
16:22:02 | INFO | Reading file: embeddings_000127.pkl.gz
16:22:09 | INFO | Reading file: embeddings_000128.pkl.gz
16:22:16 | INFO | Reading file: embeddings_000129.pkl.gz
16:22:23 | INFO | Reading file: embeddings_000130.pkl.gz
16:22:30 | INFO | Reading file: embeddings_000131.pkl.gz
16:22:37 | INFO | Reading file: embeddings_000132.pkl.gz
16:22:45 | INFO | Reading file: embeddings_000133.pkl.gz
16:22:52 | INFO | Reading file: embeddings_000134.pkl.gz
16:22:59 | INFO | Reading file: embeddings_000135.pkl.gz
16:23:06 | INFO | Reading file: embeddings_000136.pkl.gz
16:23:13 | INFO | Reading file: embeddings_000137.pkl.gz
16:23:21 | INFO | Reading file: embeddings_000138.pkl.gz
16:23:28 | INFO | Reading file: embeddings_000139.pkl.gz
16:23:35 | INFO | Reading file: embeddings_000140.pkl.gz
16:23:42 | INFO | Reading file: embeddings_000141.pkl.gz
16:23:49 | INFO | Reading file: embeddings_000142.pkl.gz
16:23:56 | INFO | Reading file: embeddings_000143.pkl.gz
16:24:04 | INFO | Reading file: embeddings_000144.pkl.gz
16:24:11 | INFO | Reading file: embeddings_000145.pkl.gz
16:24:18 | INFO | Reading file: embeddings_000146.pkl.gz
16:24:25 | INFO | Reading file: embeddings_000147.pkl.gz
16:24:33 | INFO | Reading file: embeddings_000148.pkl.gz
16:24:41 | INFO | Reading file: embeddings_000149.pkl.gz
16:24:48 | INFO | Reading file: embeddings_000150.pkl.gz
16:24:55 | INFO | Reading file: embeddings_000151.pkl.gz
16:25:03 | INFO | Reading file: embeddings_000152.pkl.gz
16:25:09 | INFO | Reading file: embeddings_000153.pkl.gz
16:25:17 | INFO | Reading file: embeddings_000154.pkl.gz
16:25:24 | INFO | Reading file: embeddings_000155.pkl.gz
16:25:31 | INFO | Reading file: embeddings_000156.pkl.gz
16:25:38 | INFO | Reading file: embeddings_000157.pkl.gz
16:25:45 | INFO | Reading file: embeddings_000158.pkl.gz
16:25:52 | INFO | Reading file: embeddings_000159.pkl.gz
16:25:59 | INFO | Reading file: embeddings_000160.pkl.gz
16:26:06 | INFO | Reading file: embeddings_000161.pkl.gz
16:26:14 | INFO | Reading file: embeddings_000162.pkl.gz
16:26:21 | INFO | Reading file: embeddings_000163.pkl.gz
16:26:28 | INFO | Reading file: embeddings_000164.pkl.gz
16:26:35 | INFO | Reading file: embeddings_000165.pkl.gz
16:26:42 | INFO | Reading file: embeddings_000166.pkl.gz
16:26:50 | INFO | Reading file: embeddings_000167.pkl.gz
16:26:57 | INFO | Reading file: embeddings_000168.pkl.gz
16:27:04 | INFO | Reading file: embeddings_000169.pkl.gz
16:27:11 | INFO | Reading file: embeddings_000170.pkl.gz
16:27:18 | INFO | Reading file: embeddings_000171.pkl.gz
16:27:25 | INFO | Reading file: embeddings_000172.pkl.gz
16:27:32 | INFO | Reading file: embeddings_000173.pkl.gz
16:27:40 | INFO | Reading file: embeddings_000174.pkl.gz
16:27:47 | INFO | Reading file: embeddings_000175.pkl.gz
16:27:55 | INFO | Reading file: embeddings_000176.pkl.gz
16:28:03 | INFO | Reading file: embeddings_000177.pkl.gz
16:28:10 | INFO | Reading file: embeddings_000178.pkl.gz
16:28:18 | INFO | Reading file: embeddings_000179.pkl.gz
16:28:25 | INFO | Reading file: embeddings_000180.pkl.gz
16:28:30 | INFO | Reading file: embeddings_000181.pkl.gz
16:28:30 | INFO | Reading file: embeddings_000182.pkl.gz
16:28:31 | INFO | Reading file: embeddings_000183.pkl.gz
16:28:31 | INFO | Reading file: embeddings_000184.pkl.gz
16:28:31 | INFO | Reading file: embeddings_000185.pkl.gz
16:28:32 | INFO | Reading file: embeddings_000186.pkl.gz
16:28:32 | INFO | Reading file: embeddings_000187.pkl.gz
16:28:32 | INFO | Reading file: embeddings_000188.pkl.gz
16:28:33 | INFO | Reading file: embeddings_000189.pkl.gz
16:28:33 | INFO | Reading file: embeddings_000190.pkl.gz
16:28:33 | INFO | Reading file: embeddings_000191.pkl.gz
16:28:34 | INFO | Reading file: embeddings_000192.pkl.gz
16:28:34 | INFO | Reading file: embeddings_000193.pkl.gz
16:28:34 | INFO | Reading file: embeddings_000194.pkl.gz
16:28:35 | INFO | Reading file: embeddings_000195.pkl.gz
16:28:35 | INFO | Reading file: embeddings_000196.pkl.gz
16:28:35 | INFO | Reading file: embeddings_000197.pkl.gz
16:28:35 | INFO | Reading file: embeddings_000198.pkl.gz
16:28:36 | INFO | Reading file: embeddings_000199.pkl.gz
16:28:36 | INFO | Reading file: embeddings_000200.pkl.gz
16:28:36 | INFO | Reading file: embeddings_000201.pkl.gz
16:28:37 | INFO | Reading file: embeddings_000202.pkl.gz
16:28:37 | INFO | Reading file: embeddings_000203.pkl.gz
16:28:37 | INFO | Reading file: embeddings_000204.pkl.gz
16:28:38 | INFO | Reading file: embeddings_000205.pkl.gz
16:28:38 | INFO | Reading file: embeddings_000206.pkl.gz
16:28:38 | INFO | Reading file: embeddings_000207.pkl.gz
16:28:39 | INFO | Reading file: embeddings_000208.pkl.gz
16:28:39 | INFO | Reading file: embeddings_000209.pkl.gz
16:28:39 | INFO | Reading file: embeddings_000210.pkl.gz
16:28:39 | INFO | Reading file: embeddings_000211.pkl.gz
16:28:40 | INFO | Reading file: embeddings_000212.pkl.gz
16:28:40 | INFO | Reading file: embeddings_000213.pkl.gz
16:28:40 | INFO | Reading file: embeddings_000214.pkl.gz
16:28:41 | INFO | Reading file: embeddings_000215.pkl.gz
16:28:41 | INFO | Reading file: embeddings_000216.pkl.gz
16:28:41 | INFO | Reading file: embeddings_000217.pkl.gz
16:28:41 | INFO | Reading file: embeddings_000218.pkl.gz
16:28:42 | INFO | Reading file: embeddings_000219.pkl.gz
16:28:42 | INFO | Reading file: embeddings_000220.pkl.gz
16:28:43 | INFO | Reading file: embeddings_000221.pkl.gz
16:28:43 | INFO | Reading file: embeddings_000222.pkl.gz
16:28:43 | INFO | Reading file: embeddings_000223.pkl.gz
16:28:43 | INFO | Reading file: embeddings_000224.pkl.gz
16:28:44 | INFO | Reading file: embeddings_000225.pkl.gz
16:28:44 | INFO | Reading file: embeddings_000226.pkl.gz
16:28:44 | INFO | Reading file: embeddings_000227.pkl.gz
16:28:45 | INFO | Reading file: embeddings_000228.pkl.gz
16:28:45 | INFO | Reading file: embeddings_000229.pkl.gz
16:28:45 | INFO | Reading file: embeddings_000230.pkl.gz
16:28:45 | INFO | Reading file: embeddings_000231.pkl.gz
16:28:46 | INFO | Reading file: embeddings_000232.pkl.gz
16:28:46 | INFO | Reading file: embeddings_000233.pkl.gz
16:28:46 | INFO | Reading file: embeddings_000234.pkl.gz
16:28:47 | INFO | Reading file: embeddings_000235.pkl.gz
16:28:47 | INFO | Reading file: embeddings_000236.pkl.gz
16:28:47 | INFO | Reading file: embeddings_000237.pkl.gz
16:28:48 | INFO | Reading file: embeddings_000238.pkl.gz
16:28:48 | INFO | Reading file: embeddings_000239.pkl.gz
16:28:48 | INFO | Reading file: embeddings_000240.pkl.gz
16:28:49 | INFO | Reading file: embeddings_000241.pkl.gz
16:28:49 | INFO | Reading file: embeddings_000242.pkl.gz
16:28:49 | INFO | Reading file: embeddings_000243.pkl.gz
16:28:50 | INFO | Reading file: embeddings_000244.pkl.gz
16:28:50 | INFO | Reading file: embeddings_000245.pkl.gz
16:28:50 | INFO | Reading file: embeddings_000246.pkl.gz
16:28:50 | INFO | Reading file: embeddings_000247.pkl.gz
16:28:51 | INFO | Reading file: embeddings_000248.pkl.gz
16:28:51 | INFO | Reading file: embeddings_000249.pkl.gz
16:28:51 | INFO | Reading file: embeddings_000250.pkl.gz
16:28:52 | INFO | Reading file: embeddings_000251.pkl.gz
16:28:52 | INFO | Reading file: embeddings_000252.pkl.gz
16:28:52 | INFO | Reading file: embeddings_000253.pkl.gz
16:28:53 | INFO | Reading file: embeddings_000254.pkl.gz
16:28:53 | INFO | Reading file: embeddings_000255.pkl.gz
16:28:53 | INFO | Reading file: embeddings_000256.pkl.gz
16:28:54 | INFO | Reading file: embeddings_000257.pkl.gz
16:28:54 | INFO | Reading file: embeddings_000258.pkl.gz
16:28:54 | INFO | Reading file: embeddings_000259.pkl.gz
16:28:55 | INFO | Reading file: embeddings_000260.pkl.gz
16:28:55 | INFO | Reading file: embeddings_000261.pkl.gz
16:28:55 | INFO | Reading file: embeddings_000262.pkl.gz
16:28:55 | INFO | Reading file: embeddings_000263.pkl.gz
16:28:56 | INFO | Reading file: embeddings_000264.pkl.gz
16:28:56 | INFO | Reading file: embeddings_000265.pkl.gz
16:28:57 | INFO | Reading file: embeddings_000266.pkl.gz
16:28:57 | INFO | Reading file: embeddings_000267.pkl.gz
16:28:57 | INFO | Reading file: embeddings_000268.pkl.gz
16:28:58 | INFO | Reading file: embeddings_000269.pkl.gz
16:28:58 | INFO | Reading file: embeddings_000270.pkl.gz
16:28:58 | INFO | Reading file: embeddings_000271.pkl.gz
16:28:59 | INFO | Reading file: embeddings_000272.pkl.gz
16:28:59 | INFO | Reading file: embeddings_000273.pkl.gz
16:28:59 | INFO | Reading file: embeddings_000274.pkl.gz
16:28:59 | INFO | Reading file: embeddings_000275.pkl.gz
16:29:00 | INFO | Reading file: embeddings_000276.pkl.gz
16:29:00 | INFO | Reading file: embeddings_000277.pkl.gz
16:29:00 | INFO | Reading file: embeddings_000278.pkl.gz
16:29:01 | INFO | Reading file: embeddings_000279.pkl.gz
16:29:01 | INFO | Reading file: embeddings_000280.pkl.gz
16:29:01 | INFO | Reading file: embeddings_000281.pkl.gz
16:29:02 | INFO | Reading file: embeddings_000282.pkl.gz
16:29:02 | INFO | Reading file: embeddings_000283.pkl.gz
16:29:02 | INFO | Reading file: embeddings_000284.pkl.gz
16:29:03 | INFO | Reading file: embeddings_000285.pkl.gz
16:29:03 | INFO | Reading file: embeddings_000286.pkl.gz
16:29:03 | INFO | Reading file: embeddings_000287.pkl.gz
16:29:04 | INFO | Reading file: embeddings_000288.pkl.gz
16:29:04 | INFO | Reading file: embeddings_000289.pkl.gz
16:29:04 | INFO | Reading file: embeddings_000290.pkl.gz
16:29:05 | INFO | Reading file: embeddings_000291.pkl.gz
16:29:05 | INFO | Reading file: embeddings_000292.pkl.gz
16:29:05 | INFO | Reading file: embeddings_000293.pkl.gz
16:29:05 | INFO | Reading file: embeddings_000294.pkl.gz
16:29:06 | INFO | Reading file: embeddings_000295.pkl.gz
16:29:06 | INFO | Reading file: embeddings_000296.pkl.gz
16:29:06 | INFO | Reading file: embeddings_000297.pkl.gz
16:29:07 | INFO | Reading file: embeddings_000298.pkl.gz
16:29:07 | INFO | Reading file: embeddings_000299.pkl.gz
16:29:07 | INFO | Reading file: embeddings_000300.pkl.gz
16:29:08 | INFO | Reading file: embeddings_000301.pkl.gz
16:29:08 | INFO | Reading file: embeddings_000302.pkl.gz
16:29:08 | INFO | Reading file: embeddings_000303.pkl.gz
16:29:09 | INFO | Reading file: embeddings_000304.pkl.gz
16:29:09 | INFO | Reading file: embeddings_000305.pkl.gz
16:29:09 | INFO | Reading file: embeddings_000306.pkl.gz
16:29:09 | INFO | Reading file: embeddings_000307.pkl.gz
16:29:10 | INFO | Reading file: embeddings_000308.pkl.gz
16:29:10 | INFO | Reading file: embeddings_000309.pkl.gz
16:29:11 | INFO | Reading file: embeddings_000310.pkl.gz
16:29:11 | INFO | Reading file: embeddings_000311.pkl.gz
16:29:11 | INFO | Reading file: embeddings_000312.pkl.gz
16:29:12 | INFO | Reading file: embeddings_000313.pkl.gz
16:29:12 | INFO | Reading file: embeddings_000314.pkl.gz
16:29:12 | INFO | Reading file: embeddings_000315.pkl.gz
16:29:12 | INFO | Reading file: embeddings_000316.pkl.gz
16:29:13 | INFO | Reading file: embeddings_000317.pkl.gz
16:29:13 | INFO | Reading file: embeddings_000318.pkl.gz
16:29:13 | INFO | Reading file: embeddings_000319.pkl.gz
16:29:14 | INFO | Reading file: embeddings_000320.pkl.gz
16:29:14 | INFO | Reading file: embeddings_000321.pkl.gz
16:29:14 | INFO | Reading file: embeddings_000322.pkl.gz
16:29:14 | INFO | Reading file: embeddings_000323.pkl.gz
16:29:15 | INFO | Reading file: embeddings_000324.pkl.gz
16:29:15 | INFO | Reading file: embeddings_000325.pkl.gz
16:29:16 | INFO | Reading file: embeddings_000326.pkl.gz
16:29:16 | INFO | Reading file: embeddings_000327.pkl.gz
16:29:16 | INFO | Reading file: embeddings_000328.pkl.gz
16:29:16 | INFO | Reading file: embeddings_000329.pkl.gz
16:29:17 | INFO | Reading file: embeddings_000330.pkl.gz
16:29:17 | INFO | Reading file: embeddings_000331.pkl.gz
16:29:17 | INFO | Reading file: embeddings_000332.pkl.gz
16:29:18 | INFO | Reading file: embeddings_000333.pkl.gz
16:29:18 | INFO | Reading file: embeddings_000334.pkl.gz
16:29:18 | INFO | Reading file: embeddings_000335.pkl.gz
16:29:19 | INFO | Reading file: embeddings_000336.pkl.gz
16:29:19 | INFO | Reading file: embeddings_000337.pkl.gz
16:29:19 | INFO | Reading file: embeddings_000338.pkl.gz
16:29:19 | INFO | Reading file: embeddings_000339.pkl.gz
16:29:20 | INFO | Reading file: embeddings_000340.pkl.gz
16:29:20 | INFO | Reading file: embeddings_000341.pkl.gz
16:29:21 | INFO | Reading file: embeddings_000342.pkl.gz
16:29:21 | INFO | Reading file: embeddings_000343.pkl.gz
16:29:21 | INFO | Reading file: embeddings_000344.pkl.gz
16:29:21 | INFO | Reading file: embeddings_000345.pkl.gz
16:29:22 | INFO | Reading file: embeddings_000346.pkl.gz
16:29:22 | INFO | Reading file: embeddings_000347.pkl.gz
16:29:22 | INFO | Reading file: embeddings_000348.pkl.gz
16:29:23 | INFO | Reading file: embeddings_000349.pkl.gz
16:29:23 | INFO | Reading file: embeddings_000350.pkl.gz
16:29:23 | INFO | Reading file: embeddings_000351.pkl.gz
16:29:24 | INFO | Reading file: embeddings_000352.pkl.gz
16:29:24 | INFO | Reading file: embeddings_000353.pkl.gz
16:29:24 | INFO | Reading file: embeddings_000354.pkl.gz
16:29:25 | INFO | Reading file: embeddings_000355.pkl.gz
16:29:25 | INFO | Reading file: embeddings_000356.pkl.gz
16:29:25 | INFO | Reading file: embeddings_000357.pkl.gz
16:29:26 | INFO | Reading file: embeddings_000358.pkl.gz
16:29:26 | INFO | Reading file: embeddings_000359.pkl.gz
16:29:26 | INFO | Reading file: embeddings_000360.pkl.gz
16:29:27 | INFO | Reading file: embeddings_000361.pkl.gz
16:29:27 | INFO | Reading file: embeddings_000362.pkl.gz
16:29:27 | INFO | Reading file: embeddings_000363.pkl.gz
16:29:28 | INFO | Reading file: embeddings_000364.pkl.gz
16:29:28 | INFO | Reading file: embeddings_000365.pkl.gz
16:29:28 | INFO | Reading file: embeddings_000366.pkl.gz
16:29:29 | INFO | Reading file: embeddings_000367.pkl.gz
16:29:29 | INFO | Reading file: embeddings_000368.pkl.gz
16:29:29 | INFO | Reading file: embeddings_000369.pkl.gz
16:29:30 | INFO | Reading file: embeddings_000370.pkl.gz
16:29:30 | INFO | Reading file: embeddings_000371.pkl.gz
16:29:31 | INFO | Reading file: embeddings_000372.pkl.gz
16:29:31 | INFO | Reading file: embeddings_000373.pkl.gz
16:29:31 | INFO | Reading file: embeddings_000374.pkl.gz
16:29:31 | INFO | Reading file: embeddings_000375.pkl.gz
16:29:32 | INFO | Reading file: embeddings_000376.pkl.gz
16:29:32 | INFO | Reading file: embeddings_000377.pkl.gz
16:29:32 | INFO | Reading file: embeddings_000378.pkl.gz
16:29:33 | INFO | Reading file: embeddings_000379.pkl.gz
16:29:33 | INFO | Reading file: embeddings_000380.pkl.gz
16:29:33 | INFO | Reading file: embeddings_000381.pkl.gz
16:29:34 | INFO | Reading file: embeddings_000382.pkl.gz
16:29:34 | INFO | Reading file: embeddings_000383.pkl.gz
16:29:34 | INFO | Reading file: embeddings_000384.pkl.gz
16:29:34 | INFO | Reading file: embeddings_000385.pkl.gz
16:29:35 | INFO | Reading file: embeddings_000386.pkl.gz
16:29:35 | INFO | Reading file: embeddings_000387.pkl.gz
16:29:36 | INFO | Reading file: embeddings_000388.pkl.gz
16:29:36 | INFO | Reading file: embeddings_000389.pkl.gz
16:29:36 | INFO | Reading file: embeddings_000390.pkl.gz
16:29:37 | INFO | Reading file: embeddings_000391.pkl.gz
16:29:37 | INFO | Reading file: embeddings_000392.pkl.gz
16:29:37 | INFO | Reading file: embeddings_000393.pkl.gz
16:29:37 | INFO | Reading file: embeddings_000394.pkl.gz
16:29:38 | INFO | Reading file: embeddings_000395.pkl.gz
16:29:38 | INFO | Reading file: embeddings_000396.pkl.gz
16:29:38 | INFO | Reading file: embeddings_000397.pkl.gz
16:29:39 | INFO | Reading file: embeddings_000398.pkl.gz
16:29:39 | INFO | Reading file: embeddings_000399.pkl.gz
16:29:39 | INFO | Reading file: embeddings_000400.pkl.gz
16:29:40 | INFO | Reading file: embeddings_000401.pkl.gz
16:29:40 | INFO | Reading file: embeddings_000402.pkl.gz
16:29:40 | INFO | Reading file: embeddings_000403.pkl.gz
16:29:41 | INFO | Reading file: embeddings_000404.pkl.gz
16:29:41 | INFO | Reading file: embeddings_000405.pkl.gz
16:29:41 | INFO | Reading file: embeddings_000406.pkl.gz
16:29:42 | INFO | Reading file: embeddings_000407.pkl.gz
16:29:42 | INFO | Reading file: embeddings_000408.pkl.gz
16:29:42 | INFO | Reading file: embeddings_000409.pkl.gz
16:29:43 | INFO | Reading file: embeddings_000410.pkl.gz
16:29:43 | INFO | Reading file: embeddings_000411.pkl.gz
16:29:43 | INFO | Reading file: embeddings_000412.pkl.gz
16:29:43 | INFO | Reading file: embeddings_000413.pkl.gz
16:29:44 | INFO | Reading file: embeddings_000414.pkl.gz
16:29:44 | INFO | Reading file: embeddings_000415.pkl.gz
16:29:45 | INFO | Reading file: embeddings_000416.pkl.gz
16:29:45 | INFO | Reading file: embeddings_000417.pkl.gz
16:29:45 | INFO | Reading file: embeddings_000418.pkl.gz
16:29:46 | INFO | Reading file: embeddings_000419.pkl.gz
16:29:46 | INFO | Reading file: embeddings_000420.pkl.gz
16:29:46 | INFO | Reading file: embeddings_000421.pkl.gz
16:29:46 | INFO | Reading file: embeddings_000422.pkl.gz
16:29:47 | INFO | Reading file: embeddings_000423.pkl.gz
16:29:47 | INFO | Reading file: embeddings_000424.pkl.gz
16:29:47 | INFO | Reading file: embeddings_000425.pkl.gz
16:29:48 | INFO | Reading file: embeddings_000426.pkl.gz
16:29:48 | INFO | Reading file: embeddings_000427.pkl.gz
16:29:48 | INFO | Reading file: embeddings_000428.pkl.gz
16:29:49 | INFO | Reading file: embeddings_000429.pkl.gz
16:29:49 | INFO | Reading file: embeddings_000430.pkl.gz
16:29:49 | INFO | Reading file: embeddings_000431.pkl.gz
16:29:50 | INFO | Reading file: embeddings_000432.pkl.gz
16:29:50 | INFO | Reading file: embeddings_000433.pkl.gz
16:29:50 | INFO | Reading file: embeddings_000434.pkl.gz
16:29:51 | INFO | Reading file: embeddings_000435.pkl.gz
16:29:51 | INFO | Reading file: embeddings_000436.pkl.gz
16:29:51 | INFO | Reading file: embeddings_000437.pkl.gz
16:29:52 | INFO | Reading file: embeddings_000438.pkl.gz
16:29:52 | INFO | Reading file: embeddings_000439.pkl.gz
16:29:52 | INFO | Reading file: embeddings_000440.pkl.gz
16:29:53 | INFO | Reading file: embeddings_000441.pkl.gz
16:29:53 | INFO | Reading file: embeddings_000442.pkl.gz
16:29:53 | INFO | Reading file: embeddings_000443.pkl.gz
16:29:53 | INFO | Reading file: embeddings_000444.pkl.gz
16:29:54 | INFO | Reading file: embeddings_000445.pkl.gz
16:29:54 | INFO | Reading file: embeddings_000446.pkl.gz
16:29:55 | INFO | Reading file: embeddings_000447.pkl.gz
16:29:55 | INFO | Reading file: embeddings_000448.pkl.gz
16:29:55 | INFO | Reading file: embeddings_000449.pkl.gz
16:29:56 | INFO | Reading file: embeddings_000450.pkl.gz
16:29:56 | INFO | Reading file: embeddings_000451.pkl.gz
16:29:56 | INFO | Reading file: embeddings_000452.pkl.gz
16:29:56 | INFO | Reading file: embeddings_000453.pkl.gz
16:29:57 | INFO | Reading file: embeddings_000454.pkl.gz
16:29:57 | INFO | Reading file: embeddings_000455.pkl.gz
16:29:57 | INFO | Reading file: embeddings_000456.pkl.gz
16:29:58 | INFO | Reading file: embeddings_000457.pkl.gz
16:29:58 | INFO | Reading file: embeddings_000458.pkl.gz
16:29:58 | INFO | Reading file: embeddings_000459.pkl.gz
16:29:59 | INFO | Reading file: embeddings_000460.pkl.gz
16:29:59 | INFO | Reading file: embeddings_000461.pkl.gz
16:29:59 | INFO | Reading file: embeddings_000462.pkl.gz
16:30:00 | INFO | Reading file: embeddings_000463.pkl.gz
16:30:00 | INFO | Reading file: embeddings_000464.pkl.gz
16:30:00 | INFO | Reading file: embeddings_000465.pkl.gz
16:30:00 | INFO | Reading file: embeddings_000466.pkl.gz
16:30:01 | INFO | Reading file: embeddings_000467.pkl.gz
16:30:01 | INFO | Reading file: embeddings_000468.pkl.gz
16:30:01 | INFO | Reading file: embeddings_000469.pkl.gz
16:30:02 | INFO | Reading file: embeddings_000470.pkl.gz
16:30:02 | INFO | Reading file: embeddings_000471.pkl.gz
16:30:02 | INFO | Reading file: embeddings_000472.pkl.gz
16:30:03 | INFO | Reading file: embeddings_000473.pkl.gz
16:30:03 | INFO | Reading file: embeddings_000474.pkl.gz
16:30:04 | INFO | Reading file: embeddings_000475.pkl.gz
16:30:04 | INFO | Reading file: embeddings_000476.pkl.gz
16:30:04 | INFO | Reading file: embeddings_000477.pkl.gz
16:30:04 | INFO | Reading file: embeddings_000478.pkl.gz
16:30:05 | INFO | Reading file: embeddings_000479.pkl.gz
16:30:05 | INFO | Reading file: embeddings_000480.pkl.gz
16:30:05 | INFO | Reading file: embeddings_000481.pkl.gz
16:30:06 | INFO | Reading file: embeddings_000482.pkl.gz
16:30:06 | INFO | Reading file: embeddings_000483.pkl.gz
16:30:06 | INFO | Reading file: embeddings_000484.pkl.gz
16:30:07 | INFO | Reading file: embeddings_000485.pkl.gz
16:30:07 | INFO | Reading file: embeddings_000486.pkl.gz
16:30:07 | INFO | Reading file: embeddings_000487.pkl.gz
16:30:08 | INFO | Reading file: embeddings_000488.pkl.gz
16:30:08 | INFO | Reading file: embeddings_000489.pkl.gz
16:30:08 | INFO | Reading file: embeddings_000490.pkl.gz
16:30:09 | INFO | Reading file: embeddings_000491.pkl.gz
16:30:09 | INFO | Reading file: embeddings_000492.pkl.gz
16:30:09 | INFO | Reading file: embeddings_000493.pkl.gz
16:30:10 | INFO | Reading file: embeddings_000494.pkl.gz
16:30:10 | INFO | Reading file: embeddings_000495.pkl.gz
16:30:10 | INFO | Reading file: embeddings_000496.pkl.gz
16:30:10 | INFO | Reading file: embeddings_000497.pkl.gz
16:30:11 | INFO | Reading file: embeddings_000498.pkl.gz
16:30:11 | INFO | Reading file: embeddings_000499.pkl.gz
16:30:11 | INFO | Reading file: embeddings_000500.pkl.gz
16:30:12 | INFO | Reading file: embeddings_000501.pkl.gz
16:30:12 | INFO | Reading file: embeddings_000502.pkl.gz
16:30:12 | INFO | Reading file: embeddings_000503.pkl.gz
16:30:13 | INFO | Reading file: embeddings_000504.pkl.gz
16:30:13 | INFO | Reading file: embeddings_000505.pkl.gz
16:30:13 | INFO | Reading file: embeddings_000506.pkl.gz
16:30:14 | INFO | Reading file: embeddings_000507.pkl.gz
16:30:14 | INFO | Reading file: embeddings_000508.pkl.gz
16:30:14 | INFO | Reading file: embeddings_000509.pkl.gz
16:30:15 | INFO | Reading file: embeddings_000510.pkl.gz
16:30:15 | INFO | Reading file: embeddings_000511.pkl.gz
16:30:15 | INFO | Reading file: embeddings_000512.pkl.gz
16:30:15 | INFO | Reading file: embeddings_000513.pkl.gz
16:30:16 | INFO | Reading file: embeddings_000514.pkl.gz
16:30:16 | INFO | Reading file: embeddings_000515.pkl.gz
16:30:16 | INFO | Reading file: embeddings_000516.pkl.gz
16:30:17 | INFO | Reading file: embeddings_000517.pkl.gz
16:30:17 | INFO | Reading file: embeddings_000518.pkl.gz
16:30:17 | INFO | Reading file: embeddings_000519.pkl.gz
16:30:18 | INFO | Reading file: embeddings_000520.pkl.gz
16:30:18 | INFO | Reading file: embeddings_000521.pkl.gz
16:30:19 | INFO | Reading file: embeddings_000522.pkl.gz
16:30:19 | INFO | Reading file: embeddings_000523.pkl.gz
16:30:19 | INFO | Reading file: embeddings_000524.pkl.gz
16:30:20 | INFO | Reading file: embeddings_000525.pkl.gz
16:30:20 | INFO | Reading file: embeddings_000526.pkl.gz
16:30:20 | INFO | Reading file: embeddings_000527.pkl.gz
16:30:20 | INFO | Reading file: embeddings_000528.pkl.gz
16:30:21 | INFO | Reading file: embeddings_000529.pkl.gz
16:30:21 | INFO | Reading file: embeddings_000530.pkl.gz
16:30:21 | INFO | Reading file: embeddings_000531.pkl.gz
16:30:21 | INFO | Reading file: embeddings_000532.pkl.gz
16:30:21 | INFO | Reading file: embeddings_000533.pkl.gz
16:30:22 | INFO | Reading file: embeddings_000534.pkl.gz
16:30:22 | INFO | Reading file: embeddings_000535.pkl.gz
16:30:22 | INFO | Reading file: embeddings_000536.pkl.gz
16:30:23 | INFO | Reading file: embeddings_000537.pkl.gz
16:30:23 | INFO | Reading file: embeddings_000538.pkl.gz
16:30:23 | INFO | Reading file: embeddings_000539.pkl.gz
16:30:24 | INFO | Reading file: embeddings_000540.pkl.gz
16:30:24 | INFO | Reading file: embeddings_000541.pkl.gz
16:30:24 | INFO | Reading file: embeddings_000542.pkl.gz
16:30:24 | INFO | Reading file: embeddings_000543.pkl.gz
16:30:25 | INFO | Reading file: embeddings_000544.pkl.gz
16:30:25 | INFO | Reading file: embeddings_000545.pkl.gz
16:30:25 | INFO | Reading file: embeddings_000546.pkl.gz
16:30:25 | INFO | Reading file: embeddings_000547.pkl.gz
16:30:26 | INFO | Reading file: embeddings_000548.pkl.gz
16:30:26 | INFO | Reading file: embeddings_000549.pkl.gz
16:30:27 | INFO | Reading file: embeddings_000550.pkl.gz
16:30:27 | INFO | Reading file: embeddings_000551.pkl.gz
16:30:27 | INFO | Reading file: embeddings_000552.pkl.gz
16:30:27 | INFO | Reading file: embeddings_000553.pkl.gz
16:30:28 | INFO | Reading file: embeddings_000554.pkl.gz
16:30:28 | INFO | Reading file: embeddings_000555.pkl.gz
16:30:28 | INFO | Reading file: embeddings_000556.pkl.gz
16:30:28 | INFO | Reading file: embeddings_000557.pkl.gz
16:30:29 | INFO | Reading file: embeddings_000558.pkl.gz
16:30:29 | INFO | Reading file: embeddings_000559.pkl.gz
16:30:29 | INFO | Reading file: embeddings_000560.pkl.gz
16:30:29 | INFO | Reading file: embeddings_000561.pkl.gz
16:30:30 | INFO | Reading file: embeddings_000562.pkl.gz
16:30:30 | INFO | Reading file: embeddings_000563.pkl.gz
16:30:30 | INFO | Reading file: embeddings_000564.pkl.gz
16:30:31 | INFO | Reading file: embeddings_000565.pkl.gz
16:30:31 | INFO | Reading file: embeddings_000566.pkl.gz
16:30:31 | INFO | Reading file: embeddings_000567.pkl.gz
16:30:32 | INFO | Reading file: embeddings_000568.pkl.gz
16:30:32 | INFO | Reading file: embeddings_000569.pkl.gz
16:30:32 | INFO | Reading file: embeddings_000570.pkl.gz
16:30:33 | INFO | Reading file: embeddings_000571.pkl.gz
16:30:33 | INFO | Reading file: embeddings_000572.pkl.gz
16:30:33 | INFO | Reading file: embeddings_000573.pkl.gz
16:30:33 | INFO | Reading file: embeddings_000574.pkl.gz
16:30:34 | INFO | Reading file: embeddings_000575.pkl.gz
16:30:34 | INFO | Reading file: embeddings_000576.pkl.gz
16:30:34 | INFO | Reading file: embeddings_000577.pkl.gz
16:30:35 | INFO | Reading file: embeddings_000578.pkl.gz
16:30:35 | INFO | Reading file: embeddings_000579.pkl.gz
16:30:35 | INFO | Reading file: embeddings_000580.pkl.gz
16:30:36 | INFO | Reading file: embeddings_000581.pkl.gz
16:30:36 | INFO | Reading file: embeddings_000582.pkl.gz
16:30:36 | INFO | Reading file: embeddings_000583.pkl.gz
16:30:37 | INFO | Reading file: embeddings_000584.pkl.gz
16:30:37 | INFO | Reading file: embeddings_000585.pkl.gz
16:30:37 | INFO | Reading file: embeddings_000586.pkl.gz
16:30:38 | INFO | Reading file: embeddings_000587.pkl.gz
16:30:38 | INFO | Reading file: embeddings_000588.pkl.gz
16:30:38 | INFO | Reading file: embeddings_000589.pkl.gz
16:30:39 | INFO | Reading file: embeddings_000590.pkl.gz
16:30:39 | INFO | Reading file: embeddings_000591.pkl.gz
16:30:39 | INFO | Reading file: embeddings_000592.pkl.gz
16:30:39 | INFO | Reading file: embeddings_000593.pkl.gz
16:30:40 | INFO | Reading file: embeddings_000594.pkl.gz
16:30:40 | INFO | Reading file: embeddings_000595.pkl.gz
16:30:41 | INFO | Reading file: embeddings_000596.pkl.gz
16:30:41 | INFO | Reading file: embeddings_000597.pkl.gz
16:30:41 | INFO | Reading file: embeddings_000598.pkl.gz
16:30:42 | INFO | Reading file: embeddings_000599.pkl.gz
16:30:42 | INFO | Reading file: embeddings_000600.pkl.gz
16:30:42 | INFO | Reading file: embeddings_000601.pkl.gz
16:30:42 | INFO | Reading file: embeddings_000602.pkl.gz
16:30:43 | INFO | Reading file: embeddings_000603.pkl.gz
16:30:43 | INFO | Reading file: embeddings_000604.pkl.gz
16:30:43 | INFO | Reading file: embeddings_000605.pkl.gz
16:30:44 | INFO | Reading file: embeddings_000606.pkl.gz
16:30:44 | INFO | Reading file: embeddings_000607.pkl.gz
16:30:44 | INFO | Reading file: embeddings_000608.pkl.gz
16:30:45 | INFO | Reading file: embeddings_000609.pkl.gz
16:30:45 | INFO | Reading file: embeddings_000610.pkl.gz
16:43:56 | INFO | Averaging concepts of: 90898 works (total: 306450)
16:43:56 | INFO | Reading file: embeddings_000000.pkl.gz
16:44:04 | INFO | Reading file: embeddings_000001.pkl.gz
16:44:11 | INFO | Reading file: embeddings_000002.pkl.gz
16:44:18 | INFO | Reading file: embeddings_000003.pkl.gz
16:44:25 | INFO | Reading file: embeddings_000004.pkl.gz
16:44:33 | INFO | Reading file: embeddings_000005.pkl.gz
16:45:36 | INFO | Averaging concepts of: 90898 works (total: 306450)
16:45:36 | INFO | Reading file: embeddings_000000.pkl.gz
16:45:43 | INFO | Reading file: embeddings_000001.pkl.gz
16:45:50 | INFO | Reading file: embeddings_000002.pkl.gz
16:45:58 | INFO | Reading file: embeddings_000003.pkl.gz
16:46:05 | INFO | Reading file: embeddings_000004.pkl.gz
16:46:12 | INFO | Reading file: embeddings_000005.pkl.gz
16:46:19 | INFO | Reading file: embeddings_000006.pkl.gz
16:46:27 | INFO | Reading file: embeddings_000007.pkl.gz
16:46:34 | INFO | Reading file: embeddings_000008.pkl.gz
16:46:41 | INFO | Reading file: embeddings_000009.pkl.gz
16:46:48 | INFO | Reading file: embeddings_000010.pkl.gz
16:46:55 | INFO | Reading file: embeddings_000011.pkl.gz
16:47:03 | INFO | Reading file: embeddings_000012.pkl.gz
16:47:10 | INFO | Reading file: embeddings_000013.pkl.gz
16:47:17 | INFO | Reading file: embeddings_000014.pkl.gz
16:47:24 | INFO | Reading file: embeddings_000015.pkl.gz
16:47:31 | INFO | Reading file: embeddings_000016.pkl.gz
16:47:39 | INFO | Reading file: embeddings_000017.pkl.gz
16:47:46 | INFO | Reading file: embeddings_000018.pkl.gz
16:47:53 | INFO | Reading file: embeddings_000019.pkl.gz
16:48:00 | INFO | Reading file: embeddings_000020.pkl.gz
16:48:07 | INFO | Reading file: embeddings_000021.pkl.gz
16:48:15 | INFO | Reading file: embeddings_000022.pkl.gz
16:48:23 | INFO | Reading file: embeddings_000023.pkl.gz
16:48:30 | INFO | Reading file: embeddings_000024.pkl.gz
16:48:37 | INFO | Reading file: embeddings_000025.pkl.gz
16:51:03 | INFO | Averaging concepts of: 90898 works (total: 306450)
16:51:03 | INFO | Reading file: embeddings_000000.pkl.gz
16:51:10 | INFO | Reading file: embeddings_000001.pkl.gz
16:51:18 | INFO | Reading file: embeddings_000002.pkl.gz
16:51:25 | INFO | Reading file: embeddings_000003.pkl.gz
16:51:32 | INFO | Reading file: embeddings_000004.pkl.gz
16:51:39 | INFO | Reading file: embeddings_000005.pkl.gz
16:51:46 | INFO | Reading file: embeddings_000006.pkl.gz
16:51:54 | INFO | Reading file: embeddings_000007.pkl.gz
16:52:01 | INFO | Reading file: embeddings_000008.pkl.gz
16:52:09 | INFO | Reading file: embeddings_000009.pkl.gz
16:52:16 | INFO | Reading file: embeddings_000010.pkl.gz
16:52:23 | INFO | Reading file: embeddings_000011.pkl.gz
16:52:30 | INFO | Reading file: embeddings_000012.pkl.gz
16:52:37 | INFO | Reading file: embeddings_000013.pkl.gz
16:52:44 | INFO | Reading file: embeddings_000014.pkl.gz
16:52:51 | INFO | Reading file: embeddings_000015.pkl.gz
16:52:59 | INFO | Reading file: embeddings_000016.pkl.gz
16:53:06 | INFO | Reading file: embeddings_000017.pkl.gz
16:53:13 | INFO | Reading file: embeddings_000018.pkl.gz
16:53:20 | INFO | Reading file: embeddings_000019.pkl.gz
16:53:21 | INFO | Averaging concepts of: 159150 works (total: 306450)
16:53:21 | INFO | Reading file: embeddings_000000.pkl.gz
16:53:27 | INFO | Reading file: embeddings_000020.pkl.gz
16:53:28 | INFO | Reading file: embeddings_000001.pkl.gz
16:53:34 | INFO | Reading file: embeddings_000021.pkl.gz
16:53:35 | INFO | Reading file: embeddings_000002.pkl.gz
16:53:41 | INFO | Reading file: embeddings_000022.pkl.gz
16:53:43 | INFO | Reading file: embeddings_000003.pkl.gz
16:53:49 | INFO | Reading file: embeddings_000023.pkl.gz
16:53:50 | INFO | Reading file: embeddings_000004.pkl.gz
16:53:56 | INFO | Reading file: embeddings_000024.pkl.gz
16:53:57 | INFO | Reading file: embeddings_000005.pkl.gz
16:54:03 | INFO | Reading file: embeddings_000025.pkl.gz
16:54:04 | INFO | Reading file: embeddings_000006.pkl.gz
16:54:11 | INFO | Reading file: embeddings_000026.pkl.gz
16:54:11 | INFO | Reading file: embeddings_000007.pkl.gz
16:54:18 | INFO | Reading file: embeddings_000027.pkl.gz
16:54:18 | INFO | Reading file: embeddings_000008.pkl.gz
16:54:25 | INFO | Reading file: embeddings_000028.pkl.gz
16:54:26 | INFO | Reading file: embeddings_000009.pkl.gz
16:54:32 | INFO | Reading file: embeddings_000029.pkl.gz
16:54:33 | INFO | Reading file: embeddings_000010.pkl.gz
16:54:39 | INFO | Reading file: embeddings_000030.pkl.gz
16:54:40 | INFO | Reading file: embeddings_000011.pkl.gz
16:54:46 | INFO | Reading file: embeddings_000031.pkl.gz
16:54:47 | INFO | Reading file: embeddings_000012.pkl.gz
16:54:54 | INFO | Reading file: embeddings_000032.pkl.gz
16:54:54 | INFO | Reading file: embeddings_000013.pkl.gz
16:54:56 | INFO | Averaging concepts of: 235018 works (total: 306450)
16:54:56 | INFO | Reading file: embeddings_000000.pkl.gz
16:55:01 | INFO | Reading file: embeddings_000033.pkl.gz
16:55:01 | INFO | Reading file: embeddings_000014.pkl.gz
16:55:03 | INFO | Reading file: embeddings_000001.pkl.gz
16:55:08 | INFO | Reading file: embeddings_000034.pkl.gz
16:55:09 | INFO | Reading file: embeddings_000015.pkl.gz
16:55:10 | INFO | Reading file: embeddings_000002.pkl.gz
16:55:15 | INFO | Reading file: embeddings_000035.pkl.gz
16:55:16 | INFO | Reading file: embeddings_000016.pkl.gz
16:55:17 | INFO | Reading file: embeddings_000003.pkl.gz
16:55:22 | INFO | Reading file: embeddings_000036.pkl.gz
16:55:24 | INFO | Reading file: embeddings_000017.pkl.gz
16:55:25 | INFO | Reading file: embeddings_000004.pkl.gz
16:55:30 | INFO | Reading file: embeddings_000037.pkl.gz
16:55:31 | INFO | Reading file: embeddings_000018.pkl.gz
16:55:32 | INFO | Reading file: embeddings_000005.pkl.gz
16:55:37 | INFO | Reading file: embeddings_000038.pkl.gz
16:55:38 | INFO | Reading file: embeddings_000019.pkl.gz
16:55:39 | INFO | Reading file: embeddings_000006.pkl.gz
16:55:44 | INFO | Reading file: embeddings_000039.pkl.gz
16:55:45 | INFO | Reading file: embeddings_000020.pkl.gz
16:55:46 | INFO | Reading file: embeddings_000007.pkl.gz
16:55:51 | INFO | Reading file: embeddings_000040.pkl.gz
16:55:52 | INFO | Reading file: embeddings_000021.pkl.gz
16:55:53 | INFO | Reading file: embeddings_000008.pkl.gz
16:55:58 | INFO | Reading file: embeddings_000041.pkl.gz
16:56:00 | INFO | Reading file: embeddings_000022.pkl.gz
16:56:00 | INFO | Reading file: embeddings_000009.pkl.gz
16:56:05 | INFO | Reading file: embeddings_000042.pkl.gz
16:56:07 | INFO | Reading file: embeddings_000023.pkl.gz
16:56:07 | INFO | Reading file: embeddings_000010.pkl.gz
16:56:12 | INFO | Reading file: embeddings_000043.pkl.gz
16:56:14 | INFO | Reading file: embeddings_000024.pkl.gz
16:56:15 | INFO | Reading file: embeddings_000011.pkl.gz
16:56:20 | INFO | Reading file: embeddings_000044.pkl.gz
16:56:21 | INFO | Reading file: embeddings_000025.pkl.gz
16:56:22 | INFO | Reading file: embeddings_000012.pkl.gz
16:56:27 | INFO | Reading file: embeddings_000045.pkl.gz
16:56:29 | INFO | Reading file: embeddings_000026.pkl.gz
16:56:30 | INFO | Reading file: embeddings_000013.pkl.gz
16:56:34 | INFO | Reading file: embeddings_000046.pkl.gz
16:56:36 | INFO | Reading file: embeddings_000027.pkl.gz
16:56:37 | INFO | Reading file: embeddings_000014.pkl.gz
16:56:42 | INFO | Reading file: embeddings_000047.pkl.gz
16:56:43 | INFO | Reading file: embeddings_000028.pkl.gz
16:56:44 | INFO | Reading file: embeddings_000015.pkl.gz
16:56:50 | INFO | Reading file: embeddings_000048.pkl.gz
16:56:50 | INFO | Reading file: embeddings_000029.pkl.gz
16:56:52 | INFO | Reading file: embeddings_000016.pkl.gz
16:56:57 | INFO | Reading file: embeddings_000030.pkl.gz
16:56:58 | INFO | Reading file: embeddings_000049.pkl.gz
16:56:59 | INFO | Reading file: embeddings_000017.pkl.gz
16:57:05 | INFO | Reading file: embeddings_000031.pkl.gz
16:57:05 | INFO | Reading file: embeddings_000050.pkl.gz
16:57:06 | INFO | Reading file: embeddings_000018.pkl.gz
16:57:12 | INFO | Reading file: embeddings_000032.pkl.gz
16:57:12 | INFO | Reading file: embeddings_000051.pkl.gz
16:57:13 | INFO | Reading file: embeddings_000019.pkl.gz
16:57:19 | INFO | Reading file: embeddings_000033.pkl.gz
16:57:19 | INFO | Reading file: embeddings_000052.pkl.gz
16:57:20 | INFO | Reading file: embeddings_000020.pkl.gz
16:57:26 | INFO | Reading file: embeddings_000034.pkl.gz
16:57:27 | INFO | Reading file: embeddings_000053.pkl.gz
16:57:28 | INFO | Reading file: embeddings_000021.pkl.gz
16:57:34 | INFO | Reading file: embeddings_000035.pkl.gz
16:57:34 | INFO | Reading file: embeddings_000054.pkl.gz
16:57:35 | INFO | Reading file: embeddings_000022.pkl.gz
16:57:41 | INFO | Reading file: embeddings_000036.pkl.gz
16:57:42 | INFO | Reading file: embeddings_000055.pkl.gz
16:57:42 | INFO | Reading file: embeddings_000023.pkl.gz
16:57:48 | INFO | Reading file: embeddings_000037.pkl.gz
16:57:49 | INFO | Reading file: embeddings_000056.pkl.gz
16:57:49 | INFO | Reading file: embeddings_000024.pkl.gz
16:57:55 | INFO | Reading file: embeddings_000038.pkl.gz
16:57:56 | INFO | Reading file: embeddings_000057.pkl.gz
16:57:56 | INFO | Reading file: embeddings_000025.pkl.gz
16:58:02 | INFO | Reading file: embeddings_000039.pkl.gz
16:58:03 | INFO | Reading file: embeddings_000058.pkl.gz
16:58:04 | INFO | Reading file: embeddings_000026.pkl.gz
16:58:09 | INFO | Reading file: embeddings_000040.pkl.gz
16:58:10 | INFO | Reading file: embeddings_000059.pkl.gz
16:58:11 | INFO | Reading file: embeddings_000027.pkl.gz
16:58:16 | INFO | Reading file: embeddings_000041.pkl.gz
16:58:17 | INFO | Reading file: embeddings_000060.pkl.gz
16:58:18 | INFO | Reading file: embeddings_000028.pkl.gz
16:58:24 | INFO | Reading file: embeddings_000042.pkl.gz
16:58:25 | INFO | Reading file: embeddings_000061.pkl.gz
16:58:25 | INFO | Reading file: embeddings_000029.pkl.gz
16:58:31 | INFO | Reading file: embeddings_000043.pkl.gz
16:58:32 | INFO | Reading file: embeddings_000062.pkl.gz
16:58:32 | INFO | Reading file: embeddings_000030.pkl.gz
16:58:38 | INFO | Reading file: embeddings_000044.pkl.gz
16:58:39 | INFO | Reading file: embeddings_000031.pkl.gz
16:58:40 | INFO | Reading file: embeddings_000063.pkl.gz
16:58:45 | INFO | Reading file: embeddings_000045.pkl.gz
16:58:46 | INFO | Reading file: embeddings_000032.pkl.gz
16:58:47 | INFO | Reading file: embeddings_000064.pkl.gz
16:58:52 | INFO | Reading file: embeddings_000046.pkl.gz
16:58:54 | INFO | Reading file: embeddings_000033.pkl.gz
16:58:54 | INFO | Reading file: embeddings_000065.pkl.gz
16:58:59 | INFO | Reading file: embeddings_000047.pkl.gz
16:59:01 | INFO | Reading file: embeddings_000034.pkl.gz
16:59:01 | INFO | Reading file: embeddings_000066.pkl.gz
16:59:07 | INFO | Reading file: embeddings_000048.pkl.gz
16:59:08 | INFO | Reading file: embeddings_000035.pkl.gz
16:59:08 | INFO | Reading file: embeddings_000067.pkl.gz
16:59:14 | INFO | Reading file: embeddings_000049.pkl.gz
16:59:15 | INFO | Reading file: embeddings_000036.pkl.gz
16:59:15 | INFO | Reading file: embeddings_000068.pkl.gz
16:59:21 | INFO | Reading file: embeddings_000050.pkl.gz
16:59:22 | INFO | Reading file: embeddings_000037.pkl.gz
16:59:22 | INFO | Reading file: embeddings_000069.pkl.gz
16:59:28 | INFO | Reading file: embeddings_000051.pkl.gz
16:59:30 | INFO | Reading file: embeddings_000070.pkl.gz
16:59:30 | INFO | Reading file: embeddings_000038.pkl.gz
16:59:36 | INFO | Reading file: embeddings_000052.pkl.gz
16:59:37 | INFO | Reading file: embeddings_000071.pkl.gz
16:59:37 | INFO | Reading file: embeddings_000039.pkl.gz
16:59:43 | INFO | Reading file: embeddings_000053.pkl.gz
16:59:44 | INFO | Reading file: embeddings_000072.pkl.gz
16:59:44 | INFO | Reading file: embeddings_000040.pkl.gz
16:59:51 | INFO | Reading file: embeddings_000054.pkl.gz
16:59:51 | INFO | Reading file: embeddings_000073.pkl.gz
16:59:51 | INFO | Reading file: embeddings_000041.pkl.gz
16:59:58 | INFO | Reading file: embeddings_000055.pkl.gz
16:59:58 | INFO | Reading file: embeddings_000074.pkl.gz
16:59:58 | INFO | Reading file: embeddings_000042.pkl.gz
17:00:05 | INFO | Reading file: embeddings_000056.pkl.gz
17:00:05 | INFO | Reading file: embeddings_000075.pkl.gz
17:00:06 | INFO | Reading file: embeddings_000043.pkl.gz
17:00:12 | INFO | Reading file: embeddings_000057.pkl.gz
17:00:13 | INFO | Reading file: embeddings_000076.pkl.gz
17:00:14 | INFO | Reading file: embeddings_000044.pkl.gz
17:00:19 | INFO | Reading file: embeddings_000058.pkl.gz
17:00:20 | INFO | Reading file: embeddings_000077.pkl.gz
17:00:21 | INFO | Reading file: embeddings_000045.pkl.gz
17:00:27 | INFO | Reading file: embeddings_000059.pkl.gz
17:00:27 | INFO | Reading file: embeddings_000078.pkl.gz
17:00:28 | INFO | Reading file: embeddings_000046.pkl.gz
17:00:34 | INFO | Reading file: embeddings_000060.pkl.gz
17:00:34 | INFO | Reading file: embeddings_000079.pkl.gz
17:00:35 | INFO | Reading file: embeddings_000047.pkl.gz
17:00:41 | INFO | Reading file: embeddings_000061.pkl.gz
17:00:41 | INFO | Reading file: embeddings_000080.pkl.gz
17:00:42 | INFO | Reading file: embeddings_000048.pkl.gz
17:00:48 | INFO | Reading file: embeddings_000062.pkl.gz
17:00:48 | INFO | Reading file: embeddings_000081.pkl.gz
17:00:49 | INFO | Reading file: embeddings_000049.pkl.gz
17:00:55 | INFO | Reading file: embeddings_000082.pkl.gz
17:00:56 | INFO | Reading file: embeddings_000063.pkl.gz
17:00:57 | INFO | Reading file: embeddings_000050.pkl.gz
17:01:03 | INFO | Reading file: embeddings_000083.pkl.gz
17:01:03 | INFO | Reading file: embeddings_000064.pkl.gz
17:01:04 | INFO | Reading file: embeddings_000051.pkl.gz
17:01:10 | INFO | Reading file: embeddings_000084.pkl.gz
17:01:10 | INFO | Reading file: embeddings_000065.pkl.gz
17:01:11 | INFO | Reading file: embeddings_000052.pkl.gz
17:01:17 | INFO | Reading file: embeddings_000066.pkl.gz
17:01:17 | INFO | Reading file: embeddings_000085.pkl.gz
17:01:18 | INFO | Reading file: embeddings_000053.pkl.gz
17:01:24 | INFO | Reading file: embeddings_000067.pkl.gz
17:01:24 | INFO | Reading file: embeddings_000086.pkl.gz
17:01:25 | INFO | Reading file: embeddings_000054.pkl.gz
17:01:31 | INFO | Reading file: embeddings_000068.pkl.gz
17:01:31 | INFO | Reading file: embeddings_000087.pkl.gz
17:01:33 | INFO | Reading file: embeddings_000055.pkl.gz
17:01:38 | INFO | Reading file: embeddings_000088.pkl.gz
17:01:39 | INFO | Reading file: embeddings_000069.pkl.gz
17:01:40 | INFO | Reading file: embeddings_000056.pkl.gz
17:01:46 | INFO | Reading file: embeddings_000089.pkl.gz
17:01:46 | INFO | Reading file: embeddings_000070.pkl.gz
17:01:47 | INFO | Reading file: embeddings_000057.pkl.gz
17:01:53 | INFO | Reading file: embeddings_000090.pkl.gz
17:01:53 | INFO | Reading file: embeddings_000071.pkl.gz
17:01:54 | INFO | Reading file: embeddings_000058.pkl.gz
17:02:00 | INFO | Reading file: embeddings_000091.pkl.gz
17:02:00 | INFO | Reading file: embeddings_000072.pkl.gz
17:02:01 | INFO | Reading file: embeddings_000059.pkl.gz
17:02:07 | INFO | Reading file: embeddings_000092.pkl.gz
17:02:07 | INFO | Reading file: embeddings_000073.pkl.gz
17:02:08 | INFO | Reading file: embeddings_000060.pkl.gz
17:02:14 | INFO | Reading file: embeddings_000093.pkl.gz
17:02:14 | INFO | Reading file: embeddings_000074.pkl.gz
17:02:15 | INFO | Reading file: embeddings_000061.pkl.gz
17:02:21 | INFO | Reading file: embeddings_000094.pkl.gz
17:02:22 | INFO | Reading file: embeddings_000075.pkl.gz
17:02:23 | INFO | Reading file: embeddings_000062.pkl.gz
17:02:29 | INFO | Reading file: embeddings_000095.pkl.gz
17:02:29 | INFO | Reading file: embeddings_000076.pkl.gz
17:02:31 | INFO | Reading file: embeddings_000063.pkl.gz
17:02:36 | INFO | Reading file: embeddings_000096.pkl.gz
17:02:36 | INFO | Reading file: embeddings_000077.pkl.gz
17:02:38 | INFO | Reading file: embeddings_000064.pkl.gz
17:02:43 | INFO | Reading file: embeddings_000078.pkl.gz
17:02:43 | INFO | Reading file: embeddings_000097.pkl.gz
17:02:45 | INFO | Reading file: embeddings_000065.pkl.gz
17:02:50 | INFO | Reading file: embeddings_000079.pkl.gz
17:02:50 | INFO | Reading file: embeddings_000098.pkl.gz
17:02:52 | INFO | Reading file: embeddings_000066.pkl.gz
17:02:57 | INFO | Reading file: embeddings_000080.pkl.gz
17:02:57 | INFO | Reading file: embeddings_000099.pkl.gz
17:02:59 | INFO | Reading file: embeddings_000067.pkl.gz
17:03:04 | INFO | Reading file: embeddings_000100.pkl.gz
17:03:05 | INFO | Reading file: embeddings_000081.pkl.gz
17:03:06 | INFO | Reading file: embeddings_000068.pkl.gz
17:03:12 | INFO | Reading file: embeddings_000101.pkl.gz
17:03:12 | INFO | Reading file: embeddings_000082.pkl.gz
17:03:13 | INFO | Reading file: embeddings_000069.pkl.gz
17:03:19 | INFO | Reading file: embeddings_000102.pkl.gz
17:03:19 | INFO | Reading file: embeddings_000083.pkl.gz
17:03:20 | INFO | Reading file: embeddings_000070.pkl.gz
17:03:26 | INFO | Reading file: embeddings_000103.pkl.gz
17:03:26 | INFO | Reading file: embeddings_000084.pkl.gz
17:03:28 | INFO | Reading file: embeddings_000071.pkl.gz
17:03:33 | INFO | Reading file: embeddings_000104.pkl.gz
17:03:34 | INFO | Reading file: embeddings_000085.pkl.gz
17:03:35 | INFO | Reading file: embeddings_000072.pkl.gz
17:03:40 | INFO | Reading file: embeddings_000105.pkl.gz
17:03:41 | INFO | Reading file: embeddings_000086.pkl.gz
17:03:42 | INFO | Reading file: embeddings_000073.pkl.gz
17:03:47 | INFO | Reading file: embeddings_000106.pkl.gz
17:03:48 | INFO | Reading file: embeddings_000087.pkl.gz
17:03:50 | INFO | Reading file: embeddings_000074.pkl.gz
17:03:54 | INFO | Reading file: embeddings_000107.pkl.gz
17:03:55 | INFO | Reading file: embeddings_000088.pkl.gz
17:03:57 | INFO | Reading file: embeddings_000075.pkl.gz
17:04:01 | INFO | Reading file: embeddings_000108.pkl.gz
17:04:02 | INFO | Reading file: embeddings_000089.pkl.gz
17:04:04 | INFO | Reading file: embeddings_000076.pkl.gz
17:04:09 | INFO | Reading file: embeddings_000109.pkl.gz
17:04:09 | INFO | Reading file: embeddings_000090.pkl.gz
17:04:11 | INFO | Reading file: embeddings_000077.pkl.gz
17:04:16 | INFO | Reading file: embeddings_000110.pkl.gz
17:04:16 | INFO | Reading file: embeddings_000091.pkl.gz
17:04:19 | INFO | Reading file: embeddings_000078.pkl.gz
17:04:23 | INFO | Reading file: embeddings_000111.pkl.gz
17:04:24 | INFO | Reading file: embeddings_000092.pkl.gz
17:04:26 | INFO | Reading file: embeddings_000079.pkl.gz
17:04:31 | INFO | Reading file: embeddings_000112.pkl.gz
17:04:31 | INFO | Reading file: embeddings_000093.pkl.gz
17:04:33 | INFO | Reading file: embeddings_000080.pkl.gz
17:04:38 | INFO | Reading file: embeddings_000113.pkl.gz
17:04:38 | INFO | Reading file: embeddings_000094.pkl.gz
17:04:40 | INFO | Reading file: embeddings_000081.pkl.gz
17:04:45 | INFO | Reading file: embeddings_000114.pkl.gz
17:04:45 | INFO | Reading file: embeddings_000095.pkl.gz
17:04:47 | INFO | Reading file: embeddings_000082.pkl.gz
17:04:52 | INFO | Reading file: embeddings_000115.pkl.gz
17:04:52 | INFO | Reading file: embeddings_000096.pkl.gz
17:04:54 | INFO | Reading file: embeddings_000083.pkl.gz
17:04:59 | INFO | Reading file: embeddings_000116.pkl.gz
17:05:00 | INFO | Reading file: embeddings_000097.pkl.gz
17:05:02 | INFO | Reading file: embeddings_000084.pkl.gz
17:05:06 | INFO | Reading file: embeddings_000117.pkl.gz
17:05:07 | INFO | Reading file: embeddings_000098.pkl.gz
17:05:09 | INFO | Reading file: embeddings_000085.pkl.gz
17:05:14 | INFO | Reading file: embeddings_000099.pkl.gz
17:05:14 | INFO | Reading file: embeddings_000118.pkl.gz
17:05:16 | INFO | Reading file: embeddings_000086.pkl.gz
17:05:21 | INFO | Reading file: embeddings_000100.pkl.gz
17:05:21 | INFO | Reading file: embeddings_000119.pkl.gz
17:05:23 | INFO | Reading file: embeddings_000087.pkl.gz
17:05:28 | INFO | Reading file: embeddings_000101.pkl.gz
17:05:28 | INFO | Reading file: embeddings_000120.pkl.gz
17:05:31 | INFO | Reading file: embeddings_000088.pkl.gz
17:05:35 | INFO | Reading file: embeddings_000102.pkl.gz
17:05:36 | INFO | Reading file: embeddings_000121.pkl.gz
17:05:38 | INFO | Reading file: embeddings_000089.pkl.gz
17:05:42 | INFO | Reading file: embeddings_000103.pkl.gz
17:05:43 | INFO | Reading file: embeddings_000122.pkl.gz
17:05:46 | INFO | Reading file: embeddings_000090.pkl.gz
17:05:50 | INFO | Reading file: embeddings_000104.pkl.gz
17:05:51 | INFO | Reading file: embeddings_000123.pkl.gz
17:05:54 | INFO | Reading file: embeddings_000091.pkl.gz
17:05:57 | INFO | Reading file: embeddings_000105.pkl.gz
17:05:58 | INFO | Reading file: embeddings_000124.pkl.gz
17:06:01 | INFO | Reading file: embeddings_000092.pkl.gz
17:06:04 | INFO | Reading file: embeddings_000106.pkl.gz
17:06:05 | INFO | Reading file: embeddings_000125.pkl.gz
17:06:08 | INFO | Reading file: embeddings_000093.pkl.gz
17:06:11 | INFO | Reading file: embeddings_000107.pkl.gz
17:06:12 | INFO | Reading file: embeddings_000126.pkl.gz
17:06:15 | INFO | Reading file: embeddings_000094.pkl.gz
17:06:18 | INFO | Reading file: embeddings_000108.pkl.gz
17:06:20 | INFO | Reading file: embeddings_000127.pkl.gz
17:06:22 | INFO | Reading file: embeddings_000095.pkl.gz
17:06:25 | INFO | Reading file: embeddings_000109.pkl.gz
17:06:27 | INFO | Reading file: embeddings_000128.pkl.gz
17:06:29 | INFO | Reading file: embeddings_000096.pkl.gz
17:06:33 | INFO | Reading file: embeddings_000110.pkl.gz
17:06:34 | INFO | Reading file: embeddings_000129.pkl.gz
17:06:37 | INFO | Reading file: embeddings_000097.pkl.gz
17:06:40 | INFO | Reading file: embeddings_000111.pkl.gz
17:06:42 | INFO | Reading file: embeddings_000130.pkl.gz
17:06:45 | INFO | Reading file: embeddings_000098.pkl.gz
17:06:47 | INFO | Reading file: embeddings_000112.pkl.gz
17:06:49 | INFO | Reading file: embeddings_000131.pkl.gz
17:06:52 | INFO | Reading file: embeddings_000099.pkl.gz
17:06:54 | INFO | Reading file: embeddings_000113.pkl.gz
17:06:57 | INFO | Reading file: embeddings_000132.pkl.gz
17:06:59 | INFO | Reading file: embeddings_000100.pkl.gz
17:07:01 | INFO | Reading file: embeddings_000114.pkl.gz
17:07:04 | INFO | Reading file: embeddings_000133.pkl.gz
17:07:07 | INFO | Reading file: embeddings_000101.pkl.gz
17:07:08 | INFO | Reading file: embeddings_000115.pkl.gz
17:07:11 | INFO | Reading file: embeddings_000134.pkl.gz
17:07:15 | INFO | Reading file: embeddings_000102.pkl.gz
17:07:15 | INFO | Reading file: embeddings_000116.pkl.gz
17:07:19 | INFO | Reading file: embeddings_000135.pkl.gz
17:07:22 | INFO | Reading file: embeddings_000103.pkl.gz
17:07:23 | INFO | Reading file: embeddings_000117.pkl.gz
17:07:26 | INFO | Reading file: embeddings_000136.pkl.gz
17:07:30 | INFO | Reading file: embeddings_000104.pkl.gz
17:07:30 | INFO | Reading file: embeddings_000118.pkl.gz
17:07:33 | INFO | Reading file: embeddings_000137.pkl.gz
17:07:37 | INFO | Reading file: embeddings_000105.pkl.gz
17:07:37 | INFO | Reading file: embeddings_000119.pkl.gz
17:07:40 | INFO | Reading file: embeddings_000138.pkl.gz
17:07:44 | INFO | Reading file: embeddings_000106.pkl.gz
17:07:44 | INFO | Reading file: embeddings_000120.pkl.gz
17:07:47 | INFO | Reading file: embeddings_000139.pkl.gz
17:07:51 | INFO | Reading file: embeddings_000107.pkl.gz
17:07:52 | INFO | Reading file: embeddings_000121.pkl.gz
17:07:55 | INFO | Reading file: embeddings_000140.pkl.gz
17:07:58 | INFO | Reading file: embeddings_000108.pkl.gz
17:07:59 | INFO | Reading file: embeddings_000122.pkl.gz
17:08:02 | INFO | Reading file: embeddings_000141.pkl.gz
17:08:06 | INFO | Reading file: embeddings_000123.pkl.gz
17:08:06 | INFO | Reading file: embeddings_000109.pkl.gz
17:08:09 | INFO | Reading file: embeddings_000142.pkl.gz
17:08:13 | INFO | Reading file: embeddings_000124.pkl.gz
17:08:13 | INFO | Reading file: embeddings_000110.pkl.gz
17:08:16 | INFO | Reading file: embeddings_000143.pkl.gz
17:08:20 | INFO | Reading file: embeddings_000125.pkl.gz
17:08:21 | INFO | Reading file: embeddings_000111.pkl.gz
17:08:23 | INFO | Reading file: embeddings_000144.pkl.gz
17:08:27 | INFO | Reading file: embeddings_000126.pkl.gz
17:08:28 | INFO | Reading file: embeddings_000112.pkl.gz
17:08:30 | INFO | Reading file: embeddings_000145.pkl.gz
17:08:35 | INFO | Reading file: embeddings_000127.pkl.gz
17:08:35 | INFO | Reading file: embeddings_000113.pkl.gz
17:08:37 | INFO | Reading file: embeddings_000146.pkl.gz
17:08:42 | INFO | Reading file: embeddings_000128.pkl.gz
17:08:43 | INFO | Reading file: embeddings_000114.pkl.gz
17:08:45 | INFO | Reading file: embeddings_000147.pkl.gz
17:08:49 | INFO | Reading file: embeddings_000129.pkl.gz
17:08:50 | INFO | Reading file: embeddings_000115.pkl.gz
17:08:52 | INFO | Reading file: embeddings_000148.pkl.gz
17:08:56 | INFO | Reading file: embeddings_000130.pkl.gz
17:08:57 | INFO | Reading file: embeddings_000116.pkl.gz
17:08:59 | INFO | Reading file: embeddings_000149.pkl.gz
17:09:03 | INFO | Reading file: embeddings_000131.pkl.gz
17:09:04 | INFO | Reading file: embeddings_000117.pkl.gz
17:09:06 | INFO | Reading file: embeddings_000150.pkl.gz
17:09:10 | INFO | Reading file: embeddings_000132.pkl.gz
17:09:11 | INFO | Reading file: embeddings_000118.pkl.gz
17:09:13 | INFO | Reading file: embeddings_000151.pkl.gz
17:09:17 | INFO | Reading file: embeddings_000133.pkl.gz
17:09:18 | INFO | Reading file: embeddings_000119.pkl.gz
17:09:21 | INFO | Reading file: embeddings_000152.pkl.gz
17:09:24 | INFO | Reading file: embeddings_000134.pkl.gz
17:09:25 | INFO | Reading file: embeddings_000120.pkl.gz
17:09:28 | INFO | Reading file: embeddings_000153.pkl.gz
17:09:32 | INFO | Reading file: embeddings_000135.pkl.gz
17:09:32 | INFO | Reading file: embeddings_000121.pkl.gz
17:09:35 | INFO | Reading file: embeddings_000154.pkl.gz
17:09:39 | INFO | Reading file: embeddings_000136.pkl.gz
17:09:40 | INFO | Reading file: embeddings_000122.pkl.gz
17:09:42 | INFO | Reading file: embeddings_000155.pkl.gz
17:09:46 | INFO | Reading file: embeddings_000137.pkl.gz
17:09:47 | INFO | Reading file: embeddings_000123.pkl.gz
17:09:49 | INFO | Reading file: embeddings_000156.pkl.gz
17:09:54 | INFO | Reading file: embeddings_000138.pkl.gz
17:09:54 | INFO | Reading file: embeddings_000124.pkl.gz
17:09:57 | INFO | Reading file: embeddings_000157.pkl.gz
17:10:01 | INFO | Reading file: embeddings_000139.pkl.gz
17:10:01 | INFO | Reading file: embeddings_000125.pkl.gz
17:10:04 | INFO | Reading file: embeddings_000158.pkl.gz
17:10:08 | INFO | Reading file: embeddings_000126.pkl.gz
17:10:08 | INFO | Reading file: embeddings_000140.pkl.gz
17:10:11 | INFO | Reading file: embeddings_000159.pkl.gz
17:10:15 | INFO | Reading file: embeddings_000141.pkl.gz
17:10:15 | INFO | Reading file: embeddings_000127.pkl.gz
17:10:18 | INFO | Reading file: embeddings_000160.pkl.gz
17:10:22 | INFO | Reading file: embeddings_000142.pkl.gz
17:10:22 | INFO | Reading file: embeddings_000128.pkl.gz
17:10:25 | INFO | Reading file: embeddings_000161.pkl.gz
17:10:29 | INFO | Reading file: embeddings_000129.pkl.gz
17:10:29 | INFO | Reading file: embeddings_000143.pkl.gz
17:10:33 | INFO | Reading file: embeddings_000162.pkl.gz
17:10:37 | INFO | Reading file: embeddings_000130.pkl.gz
17:10:37 | INFO | Reading file: embeddings_000144.pkl.gz
17:10:40 | INFO | Reading file: embeddings_000163.pkl.gz
17:10:44 | INFO | Reading file: embeddings_000131.pkl.gz
17:10:44 | INFO | Reading file: embeddings_000145.pkl.gz
17:10:47 | INFO | Reading file: embeddings_000164.pkl.gz
17:10:51 | INFO | Reading file: embeddings_000132.pkl.gz
17:10:51 | INFO | Reading file: embeddings_000146.pkl.gz
17:10:54 | INFO | Reading file: embeddings_000165.pkl.gz
17:10:59 | INFO | Reading file: embeddings_000133.pkl.gz
17:10:59 | INFO | Reading file: embeddings_000147.pkl.gz
17:11:01 | INFO | Reading file: embeddings_000166.pkl.gz
17:11:06 | INFO | Reading file: embeddings_000134.pkl.gz
17:11:06 | INFO | Reading file: embeddings_000148.pkl.gz
17:11:09 | INFO | Reading file: embeddings_000167.pkl.gz
17:11:13 | INFO | Reading file: embeddings_000149.pkl.gz
17:11:13 | INFO | Reading file: embeddings_000135.pkl.gz
17:11:16 | INFO | Reading file: embeddings_000168.pkl.gz
17:11:20 | INFO | Reading file: embeddings_000150.pkl.gz
17:11:20 | INFO | Reading file: embeddings_000136.pkl.gz
17:11:23 | INFO | Reading file: embeddings_000169.pkl.gz
17:11:27 | INFO | Reading file: embeddings_000151.pkl.gz
17:11:28 | INFO | Reading file: embeddings_000137.pkl.gz
17:11:30 | INFO | Reading file: embeddings_000170.pkl.gz
17:11:34 | INFO | Reading file: embeddings_000152.pkl.gz
17:11:35 | INFO | Reading file: embeddings_000138.pkl.gz
17:11:37 | INFO | Reading file: embeddings_000171.pkl.gz
17:11:42 | INFO | Reading file: embeddings_000153.pkl.gz
17:11:42 | INFO | Reading file: embeddings_000139.pkl.gz
17:11:45 | INFO | Reading file: embeddings_000172.pkl.gz
17:11:49 | INFO | Reading file: embeddings_000154.pkl.gz
17:11:49 | INFO | Reading file: embeddings_000140.pkl.gz
17:11:53 | INFO | Reading file: embeddings_000173.pkl.gz
17:11:56 | INFO | Reading file: embeddings_000155.pkl.gz
17:11:56 | INFO | Reading file: embeddings_000141.pkl.gz
17:12:00 | INFO | Reading file: embeddings_000174.pkl.gz
17:12:03 | INFO | Reading file: embeddings_000156.pkl.gz
17:12:03 | INFO | Reading file: embeddings_000142.pkl.gz
17:12:08 | INFO | Reading file: embeddings_000175.pkl.gz
17:12:10 | INFO | Reading file: embeddings_000157.pkl.gz
17:12:10 | INFO | Reading file: embeddings_000143.pkl.gz
17:12:16 | INFO | Reading file: embeddings_000176.pkl.gz
17:12:17 | INFO | Reading file: embeddings_000158.pkl.gz
17:12:17 | INFO | Reading file: embeddings_000144.pkl.gz
17:12:23 | INFO | Reading file: embeddings_000177.pkl.gz
17:12:24 | INFO | Reading file: embeddings_000159.pkl.gz
17:12:25 | INFO | Reading file: embeddings_000145.pkl.gz
17:12:30 | INFO | Reading file: embeddings_000178.pkl.gz
17:12:31 | INFO | Reading file: embeddings_000160.pkl.gz
17:12:32 | INFO | Reading file: embeddings_000146.pkl.gz
17:12:37 | INFO | Reading file: embeddings_000179.pkl.gz
17:12:39 | INFO | Reading file: embeddings_000161.pkl.gz
17:12:40 | INFO | Reading file: embeddings_000147.pkl.gz
17:12:45 | INFO | Reading file: embeddings_000180.pkl.gz
17:12:46 | INFO | Reading file: embeddings_000162.pkl.gz
17:12:47 | INFO | Reading file: embeddings_000148.pkl.gz
17:12:49 | INFO | Reading file: embeddings_000181.pkl.gz
17:12:49 | INFO | Reading file: embeddings_000182.pkl.gz
17:12:49 | INFO | Reading file: embeddings_000183.pkl.gz
17:12:50 | INFO | Reading file: embeddings_000184.pkl.gz
17:12:50 | INFO | Reading file: embeddings_000185.pkl.gz
17:12:50 | INFO | Reading file: embeddings_000186.pkl.gz
17:12:50 | INFO | Reading file: embeddings_000187.pkl.gz
17:12:51 | INFO | Reading file: embeddings_000188.pkl.gz
17:12:51 | INFO | Reading file: embeddings_000189.pkl.gz
17:12:51 | INFO | Reading file: embeddings_000190.pkl.gz
17:12:52 | INFO | Reading file: embeddings_000191.pkl.gz
17:12:52 | INFO | Reading file: embeddings_000192.pkl.gz
17:12:52 | INFO | Reading file: embeddings_000193.pkl.gz
17:12:52 | INFO | Reading file: embeddings_000194.pkl.gz
17:12:53 | INFO | Reading file: embeddings_000195.pkl.gz
17:12:53 | INFO | Reading file: embeddings_000196.pkl.gz
17:12:53 | INFO | Reading file: embeddings_000197.pkl.gz
17:12:53 | INFO | Reading file: embeddings_000198.pkl.gz
17:12:53 | INFO | Reading file: embeddings_000163.pkl.gz
17:12:53 | INFO | Reading file: embeddings_000199.pkl.gz
17:12:54 | INFO | Reading file: embeddings_000200.pkl.gz
17:12:54 | INFO | Reading file: embeddings_000201.pkl.gz
17:12:54 | INFO | Reading file: embeddings_000202.pkl.gz
17:12:54 | INFO | Reading file: embeddings_000149.pkl.gz
17:12:54 | INFO | Reading file: embeddings_000203.pkl.gz
17:12:55 | INFO | Reading file: embeddings_000204.pkl.gz
17:12:55 | INFO | Reading file: embeddings_000205.pkl.gz
17:12:55 | INFO | Reading file: embeddings_000206.pkl.gz
17:12:56 | INFO | Reading file: embeddings_000207.pkl.gz
17:12:56 | INFO | Reading file: embeddings_000208.pkl.gz
17:12:56 | INFO | Reading file: embeddings_000209.pkl.gz
17:12:57 | INFO | Reading file: embeddings_000210.pkl.gz
17:12:57 | INFO | Reading file: embeddings_000211.pkl.gz
17:12:57 | INFO | Reading file: embeddings_000212.pkl.gz
17:12:57 | INFO | Reading file: embeddings_000213.pkl.gz
17:12:58 | INFO | Reading file: embeddings_000214.pkl.gz
17:12:58 | INFO | Reading file: embeddings_000215.pkl.gz
17:12:58 | INFO | Reading file: embeddings_000216.pkl.gz
17:12:58 | INFO | Reading file: embeddings_000217.pkl.gz
17:12:59 | INFO | Reading file: embeddings_000218.pkl.gz
17:12:59 | INFO | Reading file: embeddings_000219.pkl.gz
17:13:00 | INFO | Reading file: embeddings_000220.pkl.gz
17:13:00 | INFO | Reading file: embeddings_000221.pkl.gz
17:13:00 | INFO | Reading file: embeddings_000222.pkl.gz
17:13:00 | INFO | Reading file: embeddings_000223.pkl.gz
17:13:00 | INFO | Reading file: embeddings_000164.pkl.gz
17:13:01 | INFO | Reading file: embeddings_000224.pkl.gz
17:13:01 | INFO | Reading file: embeddings_000225.pkl.gz
17:13:01 | INFO | Reading file: embeddings_000226.pkl.gz
17:13:01 | INFO | Reading file: embeddings_000150.pkl.gz
17:13:02 | INFO | Reading file: embeddings_000227.pkl.gz
17:13:02 | INFO | Reading file: embeddings_000228.pkl.gz
17:13:02 | INFO | Reading file: embeddings_000229.pkl.gz
17:13:02 | INFO | Reading file: embeddings_000230.pkl.gz
17:13:03 | INFO | Reading file: embeddings_000231.pkl.gz
17:13:03 | INFO | Reading file: embeddings_000232.pkl.gz
17:13:03 | INFO | Reading file: embeddings_000233.pkl.gz
17:13:03 | INFO | Reading file: embeddings_000234.pkl.gz
17:13:04 | INFO | Reading file: embeddings_000235.pkl.gz
17:13:04 | INFO | Reading file: embeddings_000236.pkl.gz
17:13:04 | INFO | Reading file: embeddings_000237.pkl.gz
17:13:05 | INFO | Reading file: embeddings_000238.pkl.gz
17:13:05 | INFO | Reading file: embeddings_000239.pkl.gz
17:13:05 | INFO | Reading file: embeddings_000240.pkl.gz
17:13:06 | INFO | Reading file: embeddings_000241.pkl.gz
17:13:06 | INFO | Reading file: embeddings_000242.pkl.gz
17:13:06 | INFO | Reading file: embeddings_000243.pkl.gz
17:13:06 | INFO | Reading file: embeddings_000244.pkl.gz
17:13:07 | INFO | Reading file: embeddings_000245.pkl.gz
17:13:07 | INFO | Reading file: embeddings_000246.pkl.gz
17:13:07 | INFO | Reading file: embeddings_000247.pkl.gz
17:13:07 | INFO | Reading file: embeddings_000248.pkl.gz
17:13:08 | INFO | Reading file: embeddings_000165.pkl.gz
17:13:08 | INFO | Reading file: embeddings_000249.pkl.gz
17:13:08 | INFO | Reading file: embeddings_000250.pkl.gz
17:13:09 | INFO | Reading file: embeddings_000151.pkl.gz
17:13:09 | INFO | Reading file: embeddings_000251.pkl.gz
17:13:09 | INFO | Reading file: embeddings_000252.pkl.gz
17:13:09 | INFO | Reading file: embeddings_000253.pkl.gz
17:13:09 | INFO | Reading file: embeddings_000254.pkl.gz
17:13:10 | INFO | Reading file: embeddings_000255.pkl.gz
17:13:10 | INFO | Reading file: embeddings_000256.pkl.gz
17:13:10 | INFO | Reading file: embeddings_000257.pkl.gz
17:13:11 | INFO | Reading file: embeddings_000258.pkl.gz
17:13:11 | INFO | Reading file: embeddings_000259.pkl.gz
17:13:11 | INFO | Reading file: embeddings_000260.pkl.gz
17:13:11 | INFO | Reading file: embeddings_000261.pkl.gz
17:13:12 | INFO | Reading file: embeddings_000262.pkl.gz
17:13:12 | INFO | Reading file: embeddings_000263.pkl.gz
17:13:12 | INFO | Reading file: embeddings_000264.pkl.gz
17:13:13 | INFO | Reading file: embeddings_000265.pkl.gz
17:13:13 | INFO | Reading file: embeddings_000266.pkl.gz
17:13:13 | INFO | Reading file: embeddings_000267.pkl.gz
17:13:14 | INFO | Reading file: embeddings_000268.pkl.gz
17:13:14 | INFO | Reading file: embeddings_000269.pkl.gz
17:13:14 | INFO | Reading file: embeddings_000270.pkl.gz
17:13:15 | INFO | Reading file: embeddings_000271.pkl.gz
17:13:15 | INFO | Reading file: embeddings_000166.pkl.gz
17:13:15 | INFO | Reading file: embeddings_000272.pkl.gz
17:13:15 | INFO | Reading file: embeddings_000273.pkl.gz
17:13:15 | INFO | Reading file: embeddings_000274.pkl.gz
17:13:16 | INFO | Reading file: embeddings_000275.pkl.gz
17:13:16 | INFO | Reading file: embeddings_000152.pkl.gz
17:13:16 | INFO | Reading file: embeddings_000276.pkl.gz
17:13:16 | INFO | Reading file: embeddings_000277.pkl.gz
17:13:16 | INFO | Reading file: embeddings_000278.pkl.gz
17:13:17 | INFO | Reading file: embeddings_000279.pkl.gz
17:13:17 | INFO | Reading file: embeddings_000280.pkl.gz
17:13:18 | INFO | Reading file: embeddings_000281.pkl.gz
17:13:18 | INFO | Reading file: embeddings_000282.pkl.gz
17:13:18 | INFO | Reading file: embeddings_000283.pkl.gz
17:13:19 | INFO | Reading file: embeddings_000284.pkl.gz
17:13:19 | INFO | Reading file: embeddings_000285.pkl.gz
17:13:19 | INFO | Reading file: embeddings_000286.pkl.gz
17:13:19 | INFO | Reading file: embeddings_000287.pkl.gz
17:13:20 | INFO | Reading file: embeddings_000288.pkl.gz
17:13:20 | INFO | Reading file: embeddings_000289.pkl.gz
17:13:20 | INFO | Reading file: embeddings_000290.pkl.gz
17:13:21 | INFO | Reading file: embeddings_000291.pkl.gz
17:13:21 | INFO | Reading file: embeddings_000292.pkl.gz
17:13:21 | INFO | Reading file: embeddings_000293.pkl.gz
17:13:21 | INFO | Reading file: embeddings_000294.pkl.gz
17:13:22 | INFO | Reading file: embeddings_000167.pkl.gz
17:13:22 | INFO | Reading file: embeddings_000295.pkl.gz
17:13:22 | INFO | Reading file: embeddings_000296.pkl.gz
17:13:23 | INFO | Reading file: embeddings_000297.pkl.gz
17:13:23 | INFO | Reading file: embeddings_000298.pkl.gz
17:13:23 | INFO | Reading file: embeddings_000153.pkl.gz
17:13:23 | INFO | Reading file: embeddings_000299.pkl.gz
17:13:23 | INFO | Reading file: embeddings_000300.pkl.gz
17:13:24 | INFO | Reading file: embeddings_000301.pkl.gz
17:13:24 | INFO | Reading file: embeddings_000302.pkl.gz
17:13:24 | INFO | Reading file: embeddings_000303.pkl.gz
17:13:24 | INFO | Reading file: embeddings_000304.pkl.gz
17:13:25 | INFO | Reading file: embeddings_000305.pkl.gz
17:13:25 | INFO | Reading file: embeddings_000306.pkl.gz
17:13:25 | INFO | Reading file: embeddings_000307.pkl.gz
17:13:26 | INFO | Reading file: embeddings_000308.pkl.gz
17:13:26 | INFO | Reading file: embeddings_000309.pkl.gz
17:13:26 | INFO | Reading file: embeddings_000310.pkl.gz
17:13:27 | INFO | Reading file: embeddings_000311.pkl.gz
17:13:27 | INFO | Reading file: embeddings_000312.pkl.gz
17:13:27 | INFO | Reading file: embeddings_000313.pkl.gz
17:13:28 | INFO | Reading file: embeddings_000314.pkl.gz
17:13:28 | INFO | Reading file: embeddings_000315.pkl.gz
17:13:28 | INFO | Reading file: embeddings_000316.pkl.gz
17:13:28 | INFO | Reading file: embeddings_000317.pkl.gz
17:13:29 | INFO | Reading file: embeddings_000318.pkl.gz
17:13:29 | INFO | Reading file: embeddings_000168.pkl.gz
17:13:29 | INFO | Reading file: embeddings_000319.pkl.gz
17:13:29 | INFO | Reading file: embeddings_000320.pkl.gz
17:13:30 | INFO | Reading file: embeddings_000321.pkl.gz
17:13:30 | INFO | Reading file: embeddings_000322.pkl.gz
17:13:30 | INFO | Reading file: embeddings_000154.pkl.gz
17:13:30 | INFO | Reading file: embeddings_000323.pkl.gz
17:13:30 | INFO | Reading file: embeddings_000324.pkl.gz
17:13:31 | INFO | Reading file: embeddings_000325.pkl.gz
17:13:31 | INFO | Reading file: embeddings_000326.pkl.gz
17:13:31 | INFO | Reading file: embeddings_000327.pkl.gz
17:13:32 | INFO | Reading file: embeddings_000328.pkl.gz
17:13:32 | INFO | Reading file: embeddings_000329.pkl.gz
17:13:32 | INFO | Reading file: embeddings_000330.pkl.gz
17:13:32 | INFO | Reading file: embeddings_000331.pkl.gz
17:13:33 | INFO | Reading file: embeddings_000332.pkl.gz
17:13:33 | INFO | Reading file: embeddings_000333.pkl.gz
17:13:33 | INFO | Reading file: embeddings_000334.pkl.gz
17:13:33 | INFO | Reading file: embeddings_000335.pkl.gz
17:13:34 | INFO | Reading file: embeddings_000336.pkl.gz
17:13:34 | INFO | Reading file: embeddings_000337.pkl.gz
17:13:34 | INFO | Reading file: embeddings_000338.pkl.gz
17:13:34 | INFO | Reading file: embeddings_000339.pkl.gz
17:13:35 | INFO | Reading file: embeddings_000340.pkl.gz
17:13:35 | INFO | Reading file: embeddings_000341.pkl.gz
17:13:35 | INFO | Reading file: embeddings_000342.pkl.gz
17:13:36 | INFO | Reading file: embeddings_000343.pkl.gz
17:13:36 | INFO | Reading file: embeddings_000344.pkl.gz
17:13:36 | INFO | Reading file: embeddings_000345.pkl.gz
17:13:36 | INFO | Reading file: embeddings_000169.pkl.gz
17:13:36 | INFO | Reading file: embeddings_000346.pkl.gz
17:13:37 | INFO | Reading file: embeddings_000347.pkl.gz
17:13:37 | INFO | Reading file: embeddings_000348.pkl.gz
17:13:37 | INFO | Reading file: embeddings_000349.pkl.gz
17:13:37 | INFO | Reading file: embeddings_000350.pkl.gz
17:13:37 | INFO | Reading file: embeddings_000155.pkl.gz
17:13:37 | INFO | Reading file: embeddings_000351.pkl.gz
17:13:38 | INFO | Reading file: embeddings_000352.pkl.gz
17:13:38 | INFO | Reading file: embeddings_000353.pkl.gz
17:13:38 | INFO | Reading file: embeddings_000354.pkl.gz
17:13:39 | INFO | Reading file: embeddings_000355.pkl.gz
17:13:39 | INFO | Reading file: embeddings_000356.pkl.gz
17:13:39 | INFO | Reading file: embeddings_000357.pkl.gz
17:13:39 | INFO | Reading file: embeddings_000358.pkl.gz
17:13:40 | INFO | Reading file: embeddings_000359.pkl.gz
17:13:40 | INFO | Reading file: embeddings_000360.pkl.gz
17:13:40 | INFO | Reading file: embeddings_000361.pkl.gz
17:13:40 | INFO | Reading file: embeddings_000362.pkl.gz
17:13:41 | INFO | Reading file: embeddings_000363.pkl.gz
17:13:41 | INFO | Reading file: embeddings_000364.pkl.gz
17:13:41 | INFO | Reading file: embeddings_000365.pkl.gz
17:13:41 | INFO | Reading file: embeddings_000366.pkl.gz
17:13:42 | INFO | Reading file: embeddings_000367.pkl.gz
17:13:42 | INFO | Reading file: embeddings_000368.pkl.gz
17:13:42 | INFO | Reading file: embeddings_000369.pkl.gz
17:13:43 | INFO | Reading file: embeddings_000370.pkl.gz
17:13:43 | INFO | Reading file: embeddings_000371.pkl.gz
17:13:43 | INFO | Reading file: embeddings_000170.pkl.gz
17:13:43 | INFO | Reading file: embeddings_000372.pkl.gz
17:13:44 | INFO | Reading file: embeddings_000373.pkl.gz
17:13:44 | INFO | Reading file: embeddings_000374.pkl.gz
17:13:44 | INFO | Reading file: embeddings_000375.pkl.gz
17:13:44 | INFO | Reading file: embeddings_000156.pkl.gz
17:13:44 | INFO | Reading file: embeddings_000376.pkl.gz
17:13:45 | INFO | Reading file: embeddings_000377.pkl.gz
17:13:45 | INFO | Reading file: embeddings_000378.pkl.gz
17:13:45 | INFO | Reading file: embeddings_000379.pkl.gz
17:13:46 | INFO | Reading file: embeddings_000380.pkl.gz
17:13:46 | INFO | Reading file: embeddings_000381.pkl.gz
17:13:46 | INFO | Reading file: embeddings_000382.pkl.gz
17:13:46 | INFO | Reading file: embeddings_000383.pkl.gz
17:13:47 | INFO | Reading file: embeddings_000384.pkl.gz
17:13:47 | INFO | Reading file: embeddings_000385.pkl.gz
17:13:47 | INFO | Reading file: embeddings_000386.pkl.gz
17:13:47 | INFO | Reading file: embeddings_000387.pkl.gz
17:13:48 | INFO | Reading file: embeddings_000388.pkl.gz
17:13:48 | INFO | Reading file: embeddings_000389.pkl.gz
17:13:48 | INFO | Reading file: embeddings_000390.pkl.gz
17:13:48 | INFO | Reading file: embeddings_000391.pkl.gz
17:13:49 | INFO | Reading file: embeddings_000392.pkl.gz
17:13:49 | INFO | Reading file: embeddings_000393.pkl.gz
17:13:49 | INFO | Reading file: embeddings_000394.pkl.gz
17:13:49 | INFO | Reading file: embeddings_000395.pkl.gz
17:13:50 | INFO | Reading file: embeddings_000396.pkl.gz
17:13:50 | INFO | Reading file: embeddings_000397.pkl.gz
17:13:50 | INFO | Reading file: embeddings_000398.pkl.gz
17:13:50 | INFO | Reading file: embeddings_000171.pkl.gz
17:13:50 | INFO | Reading file: embeddings_000399.pkl.gz
17:13:51 | INFO | Reading file: embeddings_000400.pkl.gz
17:13:51 | INFO | Reading file: embeddings_000401.pkl.gz
17:13:51 | INFO | Reading file: embeddings_000402.pkl.gz
17:13:51 | INFO | Reading file: embeddings_000157.pkl.gz
17:13:52 | INFO | Reading file: embeddings_000403.pkl.gz
17:13:52 | INFO | Reading file: embeddings_000404.pkl.gz
17:13:52 | INFO | Reading file: embeddings_000405.pkl.gz
17:13:52 | INFO | Reading file: embeddings_000406.pkl.gz
17:13:53 | INFO | Reading file: embeddings_000407.pkl.gz
17:13:53 | INFO | Reading file: embeddings_000408.pkl.gz
17:13:53 | INFO | Reading file: embeddings_000409.pkl.gz
17:13:54 | INFO | Reading file: embeddings_000410.pkl.gz
17:13:54 | INFO | Reading file: embeddings_000411.pkl.gz
17:13:54 | INFO | Reading file: embeddings_000412.pkl.gz
17:13:54 | INFO | Reading file: embeddings_000413.pkl.gz
17:13:55 | INFO | Reading file: embeddings_000414.pkl.gz
17:13:55 | INFO | Reading file: embeddings_000415.pkl.gz
17:13:56 | INFO | Reading file: embeddings_000416.pkl.gz
17:13:56 | INFO | Reading file: embeddings_000417.pkl.gz
17:13:56 | INFO | Reading file: embeddings_000418.pkl.gz
17:13:56 | INFO | Reading file: embeddings_000419.pkl.gz
17:13:57 | INFO | Reading file: embeddings_000420.pkl.gz
17:13:57 | INFO | Reading file: embeddings_000421.pkl.gz
17:13:57 | INFO | Reading file: embeddings_000422.pkl.gz
17:13:58 | INFO | Reading file: embeddings_000423.pkl.gz
17:13:58 | INFO | Reading file: embeddings_000424.pkl.gz
17:13:58 | INFO | Reading file: embeddings_000172.pkl.gz
17:13:58 | INFO | Reading file: embeddings_000425.pkl.gz
17:13:58 | INFO | Reading file: embeddings_000426.pkl.gz
17:13:59 | INFO | Reading file: embeddings_000158.pkl.gz
17:13:59 | INFO | Reading file: embeddings_000427.pkl.gz
17:13:59 | INFO | Reading file: embeddings_000428.pkl.gz
17:13:59 | INFO | Reading file: embeddings_000429.pkl.gz
17:14:00 | INFO | Reading file: embeddings_000430.pkl.gz
17:14:00 | INFO | Reading file: embeddings_000431.pkl.gz
17:14:00 | INFO | Reading file: embeddings_000432.pkl.gz
17:14:01 | INFO | Reading file: embeddings_000433.pkl.gz
17:14:01 | INFO | Reading file: embeddings_000434.pkl.gz
17:14:01 | INFO | Reading file: embeddings_000435.pkl.gz
17:14:02 | INFO | Reading file: embeddings_000436.pkl.gz
17:14:02 | INFO | Reading file: embeddings_000437.pkl.gz
17:14:02 | INFO | Reading file: embeddings_000438.pkl.gz
17:14:02 | INFO | Reading file: embeddings_000439.pkl.gz
17:14:03 | INFO | Reading file: embeddings_000440.pkl.gz
17:14:03 | INFO | Reading file: embeddings_000441.pkl.gz
17:14:03 | INFO | Reading file: embeddings_000442.pkl.gz
17:14:04 | INFO | Reading file: embeddings_000443.pkl.gz
17:14:04 | INFO | Reading file: embeddings_000444.pkl.gz
17:14:04 | INFO | Reading file: embeddings_000445.pkl.gz
17:14:05 | INFO | Reading file: embeddings_000446.pkl.gz
17:14:05 | INFO | Reading file: embeddings_000447.pkl.gz
17:14:05 | INFO | Reading file: embeddings_000173.pkl.gz
17:14:05 | INFO | Reading file: embeddings_000448.pkl.gz
17:14:06 | INFO | Reading file: embeddings_000449.pkl.gz
17:14:06 | INFO | Reading file: embeddings_000159.pkl.gz
17:14:06 | INFO | Reading file: embeddings_000450.pkl.gz
17:14:06 | INFO | Reading file: embeddings_000451.pkl.gz
17:14:06 | INFO | Reading file: embeddings_000452.pkl.gz
17:14:07 | INFO | Reading file: embeddings_000453.pkl.gz
17:14:07 | INFO | Reading file: embeddings_000454.pkl.gz
17:14:07 | INFO | Reading file: embeddings_000455.pkl.gz
17:14:07 | INFO | Reading file: embeddings_000456.pkl.gz
17:14:08 | INFO | Reading file: embeddings_000457.pkl.gz
17:14:08 | INFO | Reading file: embeddings_000458.pkl.gz
17:14:08 | INFO | Reading file: embeddings_000459.pkl.gz
17:14:09 | INFO | Reading file: embeddings_000460.pkl.gz
17:14:09 | INFO | Reading file: embeddings_000461.pkl.gz
17:14:09 | INFO | Reading file: embeddings_000462.pkl.gz
17:14:09 | INFO | Reading file: embeddings_000463.pkl.gz
17:14:10 | INFO | Reading file: embeddings_000464.pkl.gz
17:14:10 | INFO | Reading file: embeddings_000465.pkl.gz
17:14:10 | INFO | Reading file: embeddings_000466.pkl.gz
17:14:10 | INFO | Reading file: embeddings_000467.pkl.gz
17:14:11 | INFO | Reading file: embeddings_000468.pkl.gz
17:14:11 | INFO | Reading file: embeddings_000469.pkl.gz
17:14:11 | INFO | Reading file: embeddings_000470.pkl.gz
17:14:11 | INFO | Reading file: embeddings_000471.pkl.gz
17:14:12 | INFO | Reading file: embeddings_000472.pkl.gz
17:14:12 | INFO | Reading file: embeddings_000473.pkl.gz
17:14:12 | INFO | Reading file: embeddings_000474.pkl.gz
17:14:12 | INFO | Reading file: embeddings_000174.pkl.gz
17:14:13 | INFO | Reading file: embeddings_000475.pkl.gz
17:14:13 | INFO | Reading file: embeddings_000476.pkl.gz
17:14:13 | INFO | Reading file: embeddings_000160.pkl.gz
17:14:13 | INFO | Reading file: embeddings_000477.pkl.gz
17:14:13 | INFO | Reading file: embeddings_000478.pkl.gz
17:14:14 | INFO | Reading file: embeddings_000479.pkl.gz
17:14:14 | INFO | Reading file: embeddings_000480.pkl.gz
17:14:14 | INFO | Reading file: embeddings_000481.pkl.gz
17:14:14 | INFO | Reading file: embeddings_000482.pkl.gz
17:14:14 | INFO | Reading file: embeddings_000483.pkl.gz
17:14:15 | INFO | Reading file: embeddings_000484.pkl.gz
17:14:15 | INFO | Reading file: embeddings_000485.pkl.gz
17:14:15 | INFO | Reading file: embeddings_000486.pkl.gz
17:14:15 | INFO | Reading file: embeddings_000487.pkl.gz
17:14:16 | INFO | Reading file: embeddings_000488.pkl.gz
17:14:16 | INFO | Reading file: embeddings_000489.pkl.gz
17:14:16 | INFO | Reading file: embeddings_000490.pkl.gz
17:14:17 | INFO | Reading file: embeddings_000491.pkl.gz
17:14:17 | INFO | Reading file: embeddings_000492.pkl.gz
17:14:17 | INFO | Reading file: embeddings_000493.pkl.gz
17:14:17 | INFO | Reading file: embeddings_000494.pkl.gz
17:14:18 | INFO | Reading file: embeddings_000495.pkl.gz
17:14:18 | INFO | Reading file: embeddings_000496.pkl.gz
17:14:18 | INFO | Reading file: embeddings_000497.pkl.gz
17:14:18 | INFO | Reading file: embeddings_000498.pkl.gz
17:14:19 | INFO | Reading file: embeddings_000499.pkl.gz
17:14:19 | INFO | Reading file: embeddings_000500.pkl.gz
17:14:19 | INFO | Reading file: embeddings_000501.pkl.gz
17:14:19 | INFO | Reading file: embeddings_000502.pkl.gz
17:14:20 | INFO | Reading file: embeddings_000175.pkl.gz
17:14:20 | INFO | Reading file: embeddings_000503.pkl.gz
17:14:20 | INFO | Reading file: embeddings_000161.pkl.gz
17:14:20 | INFO | Reading file: embeddings_000504.pkl.gz
17:14:21 | INFO | Reading file: embeddings_000505.pkl.gz
17:14:21 | INFO | Reading file: embeddings_000506.pkl.gz
17:14:21 | INFO | Reading file: embeddings_000507.pkl.gz
17:14:21 | INFO | Reading file: embeddings_000508.pkl.gz
17:14:22 | INFO | Reading file: embeddings_000509.pkl.gz
17:14:22 | INFO | Reading file: embeddings_000510.pkl.gz
17:14:22 | INFO | Reading file: embeddings_000511.pkl.gz
17:14:23 | INFO | Reading file: embeddings_000512.pkl.gz
17:14:23 | INFO | Reading file: embeddings_000513.pkl.gz
17:14:23 | INFO | Reading file: embeddings_000514.pkl.gz
17:14:23 | INFO | Reading file: embeddings_000515.pkl.gz
17:14:24 | INFO | Reading file: embeddings_000516.pkl.gz
17:14:24 | INFO | Reading file: embeddings_000517.pkl.gz
17:14:24 | INFO | Reading file: embeddings_000518.pkl.gz
17:14:25 | INFO | Reading file: embeddings_000519.pkl.gz
17:14:25 | INFO | Reading file: embeddings_000520.pkl.gz
17:14:25 | INFO | Reading file: embeddings_000521.pkl.gz
17:14:26 | INFO | Reading file: embeddings_000522.pkl.gz
17:14:26 | INFO | Reading file: embeddings_000523.pkl.gz
17:14:26 | INFO | Reading file: embeddings_000524.pkl.gz
17:14:26 | INFO | Reading file: embeddings_000525.pkl.gz
17:14:27 | INFO | Reading file: embeddings_000526.pkl.gz
17:14:27 | INFO | Reading file: embeddings_000527.pkl.gz
17:14:27 | INFO | Reading file: embeddings_000176.pkl.gz
17:14:27 | INFO | Reading file: embeddings_000528.pkl.gz
17:14:27 | INFO | Reading file: embeddings_000162.pkl.gz
17:14:28 | INFO | Reading file: embeddings_000529.pkl.gz
17:14:28 | INFO | Reading file: embeddings_000530.pkl.gz
17:14:28 | INFO | Reading file: embeddings_000531.pkl.gz
17:14:28 | INFO | Reading file: embeddings_000532.pkl.gz
17:14:29 | INFO | Reading file: embeddings_000533.pkl.gz
17:14:29 | INFO | Reading file: embeddings_000534.pkl.gz
17:14:29 | INFO | Reading file: embeddings_000535.pkl.gz
17:14:30 | INFO | Reading file: embeddings_000536.pkl.gz
17:14:30 | INFO | Reading file: embeddings_000537.pkl.gz
17:14:30 | INFO | Reading file: embeddings_000538.pkl.gz
17:14:31 | INFO | Reading file: embeddings_000539.pkl.gz
17:14:31 | INFO | Reading file: embeddings_000540.pkl.gz
17:14:31 | INFO | Reading file: embeddings_000541.pkl.gz
17:14:31 | INFO | Reading file: embeddings_000542.pkl.gz
17:14:32 | INFO | Reading file: embeddings_000543.pkl.gz
17:14:32 | INFO | Reading file: embeddings_000544.pkl.gz
17:14:32 | INFO | Reading file: embeddings_000545.pkl.gz
17:14:33 | INFO | Reading file: embeddings_000546.pkl.gz
17:14:33 | INFO | Reading file: embeddings_000547.pkl.gz
17:14:33 | INFO | Reading file: embeddings_000548.pkl.gz
17:14:33 | INFO | Reading file: embeddings_000549.pkl.gz
17:14:34 | INFO | Reading file: embeddings_000550.pkl.gz
17:14:34 | INFO | Reading file: embeddings_000551.pkl.gz
17:14:34 | INFO | Reading file: embeddings_000177.pkl.gz
17:14:34 | INFO | Reading file: embeddings_000163.pkl.gz
17:14:35 | INFO | Reading file: embeddings_000552.pkl.gz
17:14:35 | INFO | Reading file: embeddings_000553.pkl.gz
17:14:35 | INFO | Reading file: embeddings_000554.pkl.gz
17:14:35 | INFO | Reading file: embeddings_000555.pkl.gz
17:14:36 | INFO | Reading file: embeddings_000556.pkl.gz
17:14:36 | INFO | Reading file: embeddings_000557.pkl.gz
17:14:36 | INFO | Reading file: embeddings_000558.pkl.gz
17:14:37 | INFO | Reading file: embeddings_000559.pkl.gz
17:14:37 | INFO | Reading file: embeddings_000560.pkl.gz
17:14:37 | INFO | Reading file: embeddings_000561.pkl.gz
17:14:37 | INFO | Reading file: embeddings_000562.pkl.gz
17:14:38 | INFO | Reading file: embeddings_000563.pkl.gz
17:14:38 | INFO | Reading file: embeddings_000564.pkl.gz
17:14:39 | INFO | Reading file: embeddings_000565.pkl.gz
17:14:39 | INFO | Reading file: embeddings_000566.pkl.gz
17:14:39 | INFO | Reading file: embeddings_000567.pkl.gz
17:14:39 | INFO | Reading file: embeddings_000568.pkl.gz
17:14:40 | INFO | Reading file: embeddings_000569.pkl.gz
17:14:40 | INFO | Reading file: embeddings_000570.pkl.gz
17:14:40 | INFO | Reading file: embeddings_000571.pkl.gz
17:14:41 | INFO | Reading file: embeddings_000572.pkl.gz
17:14:41 | INFO | Reading file: embeddings_000573.pkl.gz
17:14:41 | INFO | Reading file: embeddings_000574.pkl.gz
17:14:41 | INFO | Reading file: embeddings_000575.pkl.gz
17:14:42 | INFO | Reading file: embeddings_000164.pkl.gz
17:14:42 | INFO | Reading file: embeddings_000178.pkl.gz
17:14:42 | INFO | Reading file: embeddings_000576.pkl.gz
17:14:42 | INFO | Reading file: embeddings_000577.pkl.gz
17:14:42 | INFO | Reading file: embeddings_000578.pkl.gz
17:14:43 | INFO | Reading file: embeddings_000579.pkl.gz
17:14:43 | INFO | Reading file: embeddings_000580.pkl.gz
17:14:43 | INFO | Reading file: embeddings_000581.pkl.gz
17:14:44 | INFO | Reading file: embeddings_000582.pkl.gz
17:14:44 | INFO | Reading file: embeddings_000583.pkl.gz
17:14:44 | INFO | Reading file: embeddings_000584.pkl.gz
17:14:45 | INFO | Reading file: embeddings_000585.pkl.gz
17:14:45 | INFO | Reading file: embeddings_000586.pkl.gz
17:14:45 | INFO | Reading file: embeddings_000587.pkl.gz
17:14:46 | INFO | Reading file: embeddings_000588.pkl.gz
17:14:46 | INFO | Reading file: embeddings_000589.pkl.gz
17:14:46 | INFO | Reading file: embeddings_000590.pkl.gz
17:14:46 | INFO | Reading file: embeddings_000591.pkl.gz
17:14:47 | INFO | Reading file: embeddings_000592.pkl.gz
17:14:47 | INFO | Reading file: embeddings_000593.pkl.gz
17:14:47 | INFO | Reading file: embeddings_000594.pkl.gz
17:14:48 | INFO | Reading file: embeddings_000595.pkl.gz
17:14:48 | INFO | Reading file: embeddings_000596.pkl.gz
17:14:49 | INFO | Reading file: embeddings_000597.pkl.gz
17:14:49 | INFO | Reading file: embeddings_000165.pkl.gz
17:14:49 | INFO | Reading file: embeddings_000598.pkl.gz
17:14:49 | INFO | Reading file: embeddings_000179.pkl.gz
17:14:49 | INFO | Reading file: embeddings_000599.pkl.gz
17:14:49 | INFO | Reading file: embeddings_000600.pkl.gz
17:14:50 | INFO | Reading file: embeddings_000601.pkl.gz
17:14:50 | INFO | Reading file: embeddings_000602.pkl.gz
17:14:50 | INFO | Reading file: embeddings_000603.pkl.gz
17:14:51 | INFO | Reading file: embeddings_000604.pkl.gz
17:14:51 | INFO | Reading file: embeddings_000605.pkl.gz
17:14:51 | INFO | Reading file: embeddings_000606.pkl.gz
17:14:51 | INFO | Reading file: embeddings_000607.pkl.gz
17:14:52 | INFO | Reading file: embeddings_000608.pkl.gz
17:14:52 | INFO | Reading file: embeddings_000609.pkl.gz
17:14:52 | INFO | Reading file: embeddings_000610.pkl.gz
17:14:56 | INFO | Reading file: embeddings_000180.pkl.gz
17:14:56 | INFO | Reading file: embeddings_000166.pkl.gz
17:15:04 | INFO | Reading file: embeddings_000181.pkl.gz
17:15:04 | INFO | Reading file: embeddings_000167.pkl.gz
17:15:06 | INFO | Saved 61433 embeddings to data/model/surgery/semantic/pubmedbert_2016.current.pkl.gz
17:15:11 | INFO | Reading file: embeddings_000182.pkl.gz
17:15:11 | INFO | Reading file: embeddings_000168.pkl.gz
17:15:18 | INFO | Reading file: embeddings_000183.pkl.gz
17:15:18 | INFO | Reading file: embeddings_000169.pkl.gz
17:15:25 | INFO | Reading file: embeddings_000184.pkl.gz
17:15:25 | INFO | Reading file: embeddings_000170.pkl.gz
17:15:32 | INFO | Reading file: embeddings_000185.pkl.gz
17:15:32 | INFO | Reading file: embeddings_000171.pkl.gz
17:15:39 | INFO | Reading file: embeddings_000186.pkl.gz
17:15:39 | INFO | Reading file: embeddings_000172.pkl.gz
17:15:46 | INFO | Reading file: embeddings_000173.pkl.gz
17:15:47 | INFO | Reading file: embeddings_000187.pkl.gz
17:15:53 | INFO | Reading file: embeddings_000174.pkl.gz
17:15:54 | INFO | Reading file: embeddings_000188.pkl.gz
17:16:00 | INFO | Reading file: embeddings_000175.pkl.gz
17:16:02 | INFO | Reading file: embeddings_000189.pkl.gz
17:16:08 | INFO | Reading file: embeddings_000176.pkl.gz
17:16:09 | INFO | Reading file: embeddings_000190.pkl.gz
17:16:15 | INFO | Reading file: embeddings_000177.pkl.gz
17:16:16 | INFO | Reading file: embeddings_000191.pkl.gz
17:16:22 | INFO | Reading file: embeddings_000178.pkl.gz
17:16:23 | INFO | Reading file: embeddings_000192.pkl.gz
17:16:29 | INFO | Reading file: embeddings_000179.pkl.gz
17:16:30 | INFO | Reading file: embeddings_000193.pkl.gz
17:16:37 | INFO | Reading file: embeddings_000180.pkl.gz
17:16:38 | INFO | Reading file: embeddings_000194.pkl.gz
17:16:44 | INFO | Reading file: embeddings_000181.pkl.gz
17:16:45 | INFO | Reading file: embeddings_000195.pkl.gz
17:16:51 | INFO | Reading file: embeddings_000182.pkl.gz
17:16:53 | INFO | Reading file: embeddings_000196.pkl.gz
17:16:58 | INFO | Reading file: embeddings_000183.pkl.gz
17:17:00 | INFO | Reading file: embeddings_000197.pkl.gz
17:17:06 | INFO | Reading file: embeddings_000184.pkl.gz
17:17:07 | INFO | Reading file: embeddings_000198.pkl.gz
17:17:13 | INFO | Reading file: embeddings_000185.pkl.gz
17:17:14 | INFO | Reading file: embeddings_000199.pkl.gz
17:17:20 | INFO | Reading file: embeddings_000186.pkl.gz
17:17:22 | INFO | Reading file: embeddings_000200.pkl.gz
17:17:27 | INFO | Reading file: embeddings_000187.pkl.gz
17:17:29 | INFO | Reading file: embeddings_000201.pkl.gz
17:17:35 | INFO | Reading file: embeddings_000188.pkl.gz
17:17:36 | INFO | Reading file: embeddings_000202.pkl.gz
17:17:42 | INFO | Reading file: embeddings_000189.pkl.gz
17:17:44 | INFO | Reading file: embeddings_000203.pkl.gz
17:17:49 | INFO | Reading file: embeddings_000190.pkl.gz
17:17:51 | INFO | Reading file: embeddings_000204.pkl.gz
17:17:56 | INFO | Reading file: embeddings_000191.pkl.gz
17:17:58 | INFO | Reading file: embeddings_000205.pkl.gz
17:18:04 | INFO | Reading file: embeddings_000192.pkl.gz
17:18:06 | INFO | Reading file: embeddings_000206.pkl.gz
17:18:11 | INFO | Reading file: embeddings_000193.pkl.gz
17:18:13 | INFO | Reading file: embeddings_000207.pkl.gz
17:18:18 | INFO | Reading file: embeddings_000194.pkl.gz
17:18:20 | INFO | Reading file: embeddings_000208.pkl.gz
17:18:25 | INFO | Reading file: embeddings_000195.pkl.gz
17:18:27 | INFO | Reading file: embeddings_000209.pkl.gz
17:18:33 | INFO | Reading file: embeddings_000196.pkl.gz
17:18:34 | INFO | Reading file: embeddings_000210.pkl.gz
17:18:40 | INFO | Reading file: embeddings_000197.pkl.gz
17:18:41 | INFO | Reading file: embeddings_000211.pkl.gz
17:18:47 | INFO | Reading file: embeddings_000198.pkl.gz
17:18:49 | INFO | Reading file: embeddings_000212.pkl.gz
17:18:54 | INFO | Reading file: embeddings_000199.pkl.gz
17:18:56 | INFO | Reading file: embeddings_000213.pkl.gz
17:19:02 | INFO | Reading file: embeddings_000200.pkl.gz
17:19:03 | INFO | Reading file: embeddings_000214.pkl.gz
17:19:09 | INFO | Reading file: embeddings_000201.pkl.gz
17:19:11 | INFO | Reading file: embeddings_000215.pkl.gz
17:19:16 | INFO | Reading file: embeddings_000202.pkl.gz
17:19:18 | INFO | Reading file: embeddings_000216.pkl.gz
17:19:23 | INFO | Reading file: embeddings_000203.pkl.gz
17:19:25 | INFO | Reading file: embeddings_000217.pkl.gz
17:19:31 | INFO | Reading file: embeddings_000204.pkl.gz
17:19:32 | INFO | Reading file: embeddings_000218.pkl.gz
17:19:38 | INFO | Reading file: embeddings_000205.pkl.gz
17:19:39 | INFO | Reading file: embeddings_000219.pkl.gz
17:19:45 | INFO | Reading file: embeddings_000206.pkl.gz
17:19:46 | INFO | Reading file: embeddings_000220.pkl.gz
17:19:52 | INFO | Reading file: embeddings_000207.pkl.gz
17:19:53 | INFO | Reading file: embeddings_000221.pkl.gz
17:19:59 | INFO | Reading file: embeddings_000208.pkl.gz
17:20:01 | INFO | Reading file: embeddings_000222.pkl.gz
17:20:06 | INFO | Reading file: embeddings_000209.pkl.gz
17:20:08 | INFO | Reading file: embeddings_000223.pkl.gz
17:20:13 | INFO | Reading file: embeddings_000210.pkl.gz
17:20:15 | INFO | Reading file: embeddings_000224.pkl.gz
17:20:21 | INFO | Reading file: embeddings_000211.pkl.gz
17:20:22 | INFO | Reading file: embeddings_000225.pkl.gz
17:20:28 | INFO | Reading file: embeddings_000212.pkl.gz
17:20:29 | INFO | Reading file: embeddings_000226.pkl.gz
17:20:35 | INFO | Reading file: embeddings_000213.pkl.gz
17:20:36 | INFO | Reading file: embeddings_000227.pkl.gz
17:20:42 | INFO | Reading file: embeddings_000214.pkl.gz
17:20:44 | INFO | Reading file: embeddings_000228.pkl.gz
17:20:49 | INFO | Reading file: embeddings_000215.pkl.gz
17:20:51 | INFO | Reading file: embeddings_000229.pkl.gz
17:20:56 | INFO | Reading file: embeddings_000216.pkl.gz
17:20:58 | INFO | Reading file: embeddings_000230.pkl.gz
17:21:03 | INFO | Reading file: embeddings_000217.pkl.gz
17:21:05 | INFO | Reading file: embeddings_000231.pkl.gz
17:21:11 | INFO | Reading file: embeddings_000218.pkl.gz
17:21:12 | INFO | Reading file: embeddings_000232.pkl.gz
17:21:18 | INFO | Reading file: embeddings_000219.pkl.gz
17:21:19 | INFO | Reading file: embeddings_000233.pkl.gz
17:21:25 | INFO | Reading file: embeddings_000220.pkl.gz
17:21:27 | INFO | Reading file: embeddings_000234.pkl.gz
17:21:32 | INFO | Reading file: embeddings_000221.pkl.gz
17:21:34 | INFO | Reading file: embeddings_000235.pkl.gz
17:21:39 | INFO | Reading file: embeddings_000222.pkl.gz
17:21:41 | INFO | Reading file: embeddings_000236.pkl.gz
17:21:46 | INFO | Reading file: embeddings_000223.pkl.gz
17:21:48 | INFO | Reading file: embeddings_000237.pkl.gz
17:21:54 | INFO | Reading file: embeddings_000224.pkl.gz
17:21:55 | INFO | Reading file: embeddings_000238.pkl.gz
17:22:01 | INFO | Reading file: embeddings_000225.pkl.gz
17:22:03 | INFO | Reading file: embeddings_000239.pkl.gz
17:22:08 | INFO | Reading file: embeddings_000226.pkl.gz
17:22:10 | INFO | Reading file: embeddings_000240.pkl.gz
17:22:15 | INFO | Reading file: embeddings_000227.pkl.gz
17:22:17 | INFO | Reading file: embeddings_000241.pkl.gz
17:22:22 | INFO | Reading file: embeddings_000228.pkl.gz
17:22:24 | INFO | Reading file: embeddings_000242.pkl.gz
17:22:29 | INFO | Reading file: embeddings_000229.pkl.gz
17:22:31 | INFO | Reading file: embeddings_000243.pkl.gz
17:22:36 | INFO | Reading file: embeddings_000230.pkl.gz
17:22:38 | INFO | Reading file: embeddings_000244.pkl.gz
17:22:43 | INFO | Reading file: embeddings_000231.pkl.gz
17:22:46 | INFO | Reading file: embeddings_000245.pkl.gz
17:22:50 | INFO | Reading file: embeddings_000232.pkl.gz
17:22:53 | INFO | Reading file: embeddings_000246.pkl.gz
17:22:57 | INFO | Reading file: embeddings_000233.pkl.gz
17:23:00 | INFO | Reading file: embeddings_000247.pkl.gz
17:23:05 | INFO | Reading file: embeddings_000234.pkl.gz
17:23:07 | INFO | Reading file: embeddings_000248.pkl.gz
17:23:12 | INFO | Reading file: embeddings_000235.pkl.gz
17:23:14 | INFO | Reading file: embeddings_000249.pkl.gz
17:23:19 | INFO | Reading file: embeddings_000236.pkl.gz
17:23:22 | INFO | Reading file: embeddings_000250.pkl.gz
17:23:26 | INFO | Reading file: embeddings_000237.pkl.gz
17:23:29 | INFO | Reading file: embeddings_000251.pkl.gz
17:23:33 | INFO | Reading file: embeddings_000238.pkl.gz
17:23:36 | INFO | Reading file: embeddings_000252.pkl.gz
17:23:40 | INFO | Reading file: embeddings_000239.pkl.gz
17:23:43 | INFO | Reading file: embeddings_000253.pkl.gz
17:23:48 | INFO | Reading file: embeddings_000240.pkl.gz
17:23:50 | INFO | Reading file: embeddings_000254.pkl.gz
17:23:55 | INFO | Reading file: embeddings_000241.pkl.gz
17:23:57 | INFO | Reading file: embeddings_000255.pkl.gz
17:24:02 | INFO | Reading file: embeddings_000242.pkl.gz
17:24:04 | INFO | Reading file: embeddings_000256.pkl.gz
17:24:09 | INFO | Reading file: embeddings_000243.pkl.gz
17:24:12 | INFO | Reading file: embeddings_000257.pkl.gz
17:24:16 | INFO | Reading file: embeddings_000244.pkl.gz
17:24:19 | INFO | Reading file: embeddings_000258.pkl.gz
17:24:23 | INFO | Reading file: embeddings_000245.pkl.gz
17:24:26 | INFO | Reading file: embeddings_000259.pkl.gz
17:24:30 | INFO | Reading file: embeddings_000246.pkl.gz
17:24:33 | INFO | Reading file: embeddings_000260.pkl.gz
17:24:38 | INFO | Reading file: embeddings_000247.pkl.gz
17:24:41 | INFO | Reading file: embeddings_000261.pkl.gz
17:24:45 | INFO | Reading file: embeddings_000248.pkl.gz
17:24:48 | INFO | Reading file: embeddings_000262.pkl.gz
17:24:52 | INFO | Reading file: embeddings_000249.pkl.gz
17:24:55 | INFO | Reading file: embeddings_000263.pkl.gz
17:24:59 | INFO | Reading file: embeddings_000250.pkl.gz
17:25:02 | INFO | Reading file: embeddings_000264.pkl.gz
17:25:06 | INFO | Reading file: embeddings_000251.pkl.gz
17:25:09 | INFO | Reading file: embeddings_000265.pkl.gz
17:25:14 | INFO | Reading file: embeddings_000252.pkl.gz
17:25:17 | INFO | Reading file: embeddings_000266.pkl.gz
17:25:21 | INFO | Reading file: embeddings_000253.pkl.gz
17:25:24 | INFO | Reading file: embeddings_000267.pkl.gz
17:25:28 | INFO | Reading file: embeddings_000254.pkl.gz
17:25:31 | INFO | Reading file: embeddings_000268.pkl.gz
17:25:35 | INFO | Reading file: embeddings_000255.pkl.gz
17:25:38 | INFO | Reading file: embeddings_000269.pkl.gz
17:25:42 | INFO | Reading file: embeddings_000256.pkl.gz
17:25:46 | INFO | Reading file: embeddings_000270.pkl.gz
17:25:49 | INFO | Reading file: embeddings_000257.pkl.gz
17:25:53 | INFO | Reading file: embeddings_000271.pkl.gz
17:25:56 | INFO | Reading file: embeddings_000258.pkl.gz
17:26:00 | INFO | Reading file: embeddings_000272.pkl.gz
17:26:04 | INFO | Reading file: embeddings_000259.pkl.gz
17:26:07 | INFO | Reading file: embeddings_000273.pkl.gz
17:26:11 | INFO | Reading file: embeddings_000260.pkl.gz
17:26:14 | INFO | Reading file: embeddings_000274.pkl.gz
17:26:18 | INFO | Reading file: embeddings_000261.pkl.gz
17:26:21 | INFO | Reading file: embeddings_000275.pkl.gz
17:26:25 | INFO | Reading file: embeddings_000262.pkl.gz
17:26:29 | INFO | Reading file: embeddings_000276.pkl.gz
17:26:32 | INFO | Reading file: embeddings_000263.pkl.gz
17:26:36 | INFO | Reading file: embeddings_000277.pkl.gz
17:26:39 | INFO | Reading file: embeddings_000264.pkl.gz
17:26:43 | INFO | Reading file: embeddings_000278.pkl.gz
17:26:46 | INFO | Reading file: embeddings_000265.pkl.gz
17:26:50 | INFO | Reading file: embeddings_000279.pkl.gz
17:26:53 | INFO | Reading file: embeddings_000266.pkl.gz
17:26:57 | INFO | Reading file: embeddings_000280.pkl.gz
17:27:01 | INFO | Reading file: embeddings_000267.pkl.gz
17:27:04 | INFO | Reading file: embeddings_000281.pkl.gz
17:27:08 | INFO | Reading file: embeddings_000268.pkl.gz
17:27:12 | INFO | Reading file: embeddings_000282.pkl.gz
17:27:15 | INFO | Reading file: embeddings_000269.pkl.gz
17:27:19 | INFO | Reading file: embeddings_000283.pkl.gz
17:27:22 | INFO | Reading file: embeddings_000270.pkl.gz
17:27:26 | INFO | Reading file: embeddings_000284.pkl.gz
17:27:29 | INFO | Reading file: embeddings_000271.pkl.gz
17:27:33 | INFO | Reading file: embeddings_000285.pkl.gz
17:27:36 | INFO | Reading file: embeddings_000272.pkl.gz
17:27:40 | INFO | Reading file: embeddings_000286.pkl.gz
17:27:43 | INFO | Reading file: embeddings_000273.pkl.gz
17:27:48 | INFO | Reading file: embeddings_000287.pkl.gz
17:27:51 | INFO | Reading file: embeddings_000274.pkl.gz
17:27:55 | INFO | Reading file: embeddings_000288.pkl.gz
17:27:58 | INFO | Reading file: embeddings_000275.pkl.gz
17:28:02 | INFO | Reading file: embeddings_000289.pkl.gz
17:28:05 | INFO | Reading file: embeddings_000276.pkl.gz
17:28:09 | INFO | Reading file: embeddings_000290.pkl.gz
17:28:12 | INFO | Reading file: embeddings_000277.pkl.gz
17:28:16 | INFO | Reading file: embeddings_000291.pkl.gz
17:28:19 | INFO | Reading file: embeddings_000278.pkl.gz
17:28:24 | INFO | Reading file: embeddings_000292.pkl.gz
17:28:26 | INFO | Reading file: embeddings_000279.pkl.gz
17:28:31 | INFO | Reading file: embeddings_000293.pkl.gz
17:28:33 | INFO | Reading file: embeddings_000280.pkl.gz
17:28:38 | INFO | Reading file: embeddings_000294.pkl.gz
17:28:40 | INFO | Reading file: embeddings_000281.pkl.gz
17:28:46 | INFO | Reading file: embeddings_000295.pkl.gz
17:28:48 | INFO | Reading file: embeddings_000282.pkl.gz
17:28:53 | INFO | Reading file: embeddings_000296.pkl.gz
17:28:55 | INFO | Reading file: embeddings_000283.pkl.gz
17:29:00 | INFO | Reading file: embeddings_000297.pkl.gz
17:29:03 | INFO | Reading file: embeddings_000284.pkl.gz
17:29:07 | INFO | Reading file: embeddings_000298.pkl.gz
17:29:10 | INFO | Reading file: embeddings_000285.pkl.gz
17:29:14 | INFO | Reading file: embeddings_000299.pkl.gz
17:29:17 | INFO | Reading file: embeddings_000286.pkl.gz
17:29:22 | INFO | Reading file: embeddings_000300.pkl.gz
17:29:25 | INFO | Reading file: embeddings_000287.pkl.gz
17:29:29 | INFO | Reading file: embeddings_000301.pkl.gz
17:29:32 | INFO | Reading file: embeddings_000288.pkl.gz
17:29:36 | INFO | Reading file: embeddings_000302.pkl.gz
17:29:39 | INFO | Reading file: embeddings_000289.pkl.gz
17:29:43 | INFO | Reading file: embeddings_000303.pkl.gz
17:29:46 | INFO | Reading file: embeddings_000290.pkl.gz
17:29:51 | INFO | Reading file: embeddings_000304.pkl.gz
17:29:53 | INFO | Reading file: embeddings_000291.pkl.gz
17:29:58 | INFO | Reading file: embeddings_000305.pkl.gz
17:30:00 | INFO | Reading file: embeddings_000292.pkl.gz
17:30:05 | INFO | Reading file: embeddings_000306.pkl.gz
17:30:08 | INFO | Reading file: embeddings_000293.pkl.gz
17:30:13 | INFO | Reading file: embeddings_000307.pkl.gz
17:30:16 | INFO | Reading file: embeddings_000294.pkl.gz
17:30:20 | INFO | Reading file: embeddings_000308.pkl.gz
17:30:24 | INFO | Reading file: embeddings_000295.pkl.gz
17:30:27 | INFO | Reading file: embeddings_000309.pkl.gz
17:30:31 | INFO | Reading file: embeddings_000296.pkl.gz
17:30:34 | INFO | Reading file: embeddings_000310.pkl.gz
17:30:38 | INFO | Reading file: embeddings_000297.pkl.gz
17:30:41 | INFO | Reading file: embeddings_000311.pkl.gz
17:30:46 | INFO | Reading file: embeddings_000298.pkl.gz
17:30:49 | INFO | Reading file: embeddings_000312.pkl.gz
17:30:53 | INFO | Reading file: embeddings_000299.pkl.gz
17:30:56 | INFO | Reading file: embeddings_000313.pkl.gz
17:31:00 | INFO | Reading file: embeddings_000300.pkl.gz
17:31:03 | INFO | Reading file: embeddings_000314.pkl.gz
17:31:08 | INFO | Reading file: embeddings_000301.pkl.gz
17:31:10 | INFO | Reading file: embeddings_000315.pkl.gz
17:31:15 | INFO | Reading file: embeddings_000302.pkl.gz
17:31:17 | INFO | Reading file: embeddings_000316.pkl.gz
17:31:22 | INFO | Reading file: embeddings_000303.pkl.gz
17:31:23 | INFO | Reading file: embeddings_000317.pkl.gz
17:31:24 | INFO | Reading file: embeddings_000318.pkl.gz
17:31:24 | INFO | Reading file: embeddings_000319.pkl.gz
17:31:24 | INFO | Reading file: embeddings_000320.pkl.gz
17:31:25 | INFO | Reading file: embeddings_000321.pkl.gz
17:31:25 | INFO | Reading file: embeddings_000322.pkl.gz
17:31:25 | INFO | Reading file: embeddings_000323.pkl.gz
17:31:25 | INFO | Reading file: embeddings_000324.pkl.gz
17:31:26 | INFO | Reading file: embeddings_000325.pkl.gz
17:31:26 | INFO | Reading file: embeddings_000326.pkl.gz
17:31:26 | INFO | Reading file: embeddings_000327.pkl.gz
17:31:26 | INFO | Reading file: embeddings_000328.pkl.gz
17:31:27 | INFO | Reading file: embeddings_000329.pkl.gz
17:31:27 | INFO | Reading file: embeddings_000330.pkl.gz
17:31:27 | INFO | Reading file: embeddings_000331.pkl.gz
17:31:27 | INFO | Reading file: embeddings_000332.pkl.gz
17:31:28 | INFO | Reading file: embeddings_000333.pkl.gz
17:31:28 | INFO | Reading file: embeddings_000334.pkl.gz
17:31:28 | INFO | Reading file: embeddings_000335.pkl.gz
17:31:29 | INFO | Reading file: embeddings_000336.pkl.gz
17:31:29 | INFO | Reading file: embeddings_000337.pkl.gz
17:31:29 | INFO | Reading file: embeddings_000338.pkl.gz
17:31:29 | INFO | Reading file: embeddings_000339.pkl.gz
17:31:30 | INFO | Reading file: embeddings_000340.pkl.gz
17:31:30 | INFO | Reading file: embeddings_000341.pkl.gz
17:31:30 | INFO | Reading file: embeddings_000304.pkl.gz
17:31:30 | INFO | Reading file: embeddings_000342.pkl.gz
17:31:31 | INFO | Reading file: embeddings_000343.pkl.gz
17:31:31 | INFO | Reading file: embeddings_000344.pkl.gz
17:31:31 | INFO | Reading file: embeddings_000345.pkl.gz
17:31:31 | INFO | Reading file: embeddings_000346.pkl.gz
17:31:32 | INFO | Reading file: embeddings_000347.pkl.gz
17:31:32 | INFO | Reading file: embeddings_000348.pkl.gz
17:31:32 | INFO | Reading file: embeddings_000349.pkl.gz
17:31:32 | INFO | Reading file: embeddings_000350.pkl.gz
17:31:33 | INFO | Reading file: embeddings_000351.pkl.gz
17:31:33 | INFO | Reading file: embeddings_000352.pkl.gz
17:31:33 | INFO | Reading file: embeddings_000353.pkl.gz
17:31:34 | INFO | Reading file: embeddings_000354.pkl.gz
17:31:34 | INFO | Reading file: embeddings_000355.pkl.gz
17:31:34 | INFO | Reading file: embeddings_000356.pkl.gz
17:31:34 | INFO | Reading file: embeddings_000357.pkl.gz
17:31:35 | INFO | Reading file: embeddings_000358.pkl.gz
17:31:35 | INFO | Reading file: embeddings_000359.pkl.gz
17:31:35 | INFO | Reading file: embeddings_000360.pkl.gz
17:31:35 | INFO | Reading file: embeddings_000361.pkl.gz
17:31:36 | INFO | Reading file: embeddings_000362.pkl.gz
17:31:36 | INFO | Reading file: embeddings_000363.pkl.gz
17:31:36 | INFO | Reading file: embeddings_000364.pkl.gz
17:31:36 | INFO | Reading file: embeddings_000365.pkl.gz
17:31:37 | INFO | Reading file: embeddings_000366.pkl.gz
17:31:37 | INFO | Reading file: embeddings_000367.pkl.gz
17:31:37 | INFO | Reading file: embeddings_000368.pkl.gz
17:31:38 | INFO | Reading file: embeddings_000369.pkl.gz
17:31:38 | INFO | Reading file: embeddings_000305.pkl.gz
17:31:38 | INFO | Reading file: embeddings_000370.pkl.gz
17:31:38 | INFO | Reading file: embeddings_000371.pkl.gz
17:31:39 | INFO | Reading file: embeddings_000372.pkl.gz
17:31:39 | INFO | Reading file: embeddings_000373.pkl.gz
17:31:39 | INFO | Reading file: embeddings_000374.pkl.gz
17:31:40 | INFO | Reading file: embeddings_000375.pkl.gz
17:31:40 | INFO | Reading file: embeddings_000376.pkl.gz
17:31:40 | INFO | Reading file: embeddings_000377.pkl.gz
17:31:41 | INFO | Reading file: embeddings_000378.pkl.gz
17:31:41 | INFO | Reading file: embeddings_000379.pkl.gz
17:31:41 | INFO | Reading file: embeddings_000380.pkl.gz
17:31:41 | INFO | Reading file: embeddings_000381.pkl.gz
17:31:42 | INFO | Reading file: embeddings_000382.pkl.gz
17:31:42 | INFO | Reading file: embeddings_000383.pkl.gz
17:31:43 | INFO | Reading file: embeddings_000384.pkl.gz
17:31:43 | INFO | Reading file: embeddings_000385.pkl.gz
17:31:43 | INFO | Reading file: embeddings_000386.pkl.gz
17:31:44 | INFO | Reading file: embeddings_000387.pkl.gz
17:31:44 | INFO | Reading file: embeddings_000388.pkl.gz
17:31:44 | INFO | Reading file: embeddings_000389.pkl.gz
17:31:45 | INFO | Reading file: embeddings_000390.pkl.gz
17:31:45 | INFO | Reading file: embeddings_000391.pkl.gz
17:31:45 | INFO | Reading file: embeddings_000392.pkl.gz
17:31:45 | INFO | Reading file: embeddings_000306.pkl.gz
17:31:46 | INFO | Reading file: embeddings_000393.pkl.gz
17:31:46 | INFO | Reading file: embeddings_000394.pkl.gz
17:31:46 | INFO | Reading file: embeddings_000395.pkl.gz
17:31:46 | INFO | Reading file: embeddings_000396.pkl.gz
17:31:47 | INFO | Reading file: embeddings_000397.pkl.gz
17:31:47 | INFO | Reading file: embeddings_000398.pkl.gz
17:31:47 | INFO | Reading file: embeddings_000399.pkl.gz
17:31:48 | INFO | Reading file: embeddings_000400.pkl.gz
17:31:48 | INFO | Reading file: embeddings_000401.pkl.gz
17:31:49 | INFO | Reading file: embeddings_000402.pkl.gz
17:31:49 | INFO | Reading file: embeddings_000403.pkl.gz
17:31:49 | INFO | Reading file: embeddings_000404.pkl.gz
17:31:50 | INFO | Reading file: embeddings_000405.pkl.gz
17:31:50 | INFO | Reading file: embeddings_000406.pkl.gz
17:31:50 | INFO | Reading file: embeddings_000407.pkl.gz
17:31:50 | INFO | Reading file: embeddings_000408.pkl.gz
17:31:51 | INFO | Reading file: embeddings_000409.pkl.gz
17:31:51 | INFO | Reading file: embeddings_000410.pkl.gz
17:31:51 | INFO | Reading file: embeddings_000411.pkl.gz
17:31:52 | INFO | Reading file: embeddings_000412.pkl.gz
17:31:52 | INFO | Reading file: embeddings_000413.pkl.gz
17:31:52 | INFO | Reading file: embeddings_000414.pkl.gz
17:31:52 | INFO | Reading file: embeddings_000415.pkl.gz
17:31:53 | INFO | Reading file: embeddings_000307.pkl.gz
17:31:53 | INFO | Reading file: embeddings_000416.pkl.gz
17:31:54 | INFO | Reading file: embeddings_000417.pkl.gz
17:31:54 | INFO | Reading file: embeddings_000418.pkl.gz
17:31:54 | INFO | Reading file: embeddings_000419.pkl.gz
17:31:54 | INFO | Reading file: embeddings_000420.pkl.gz
17:31:55 | INFO | Reading file: embeddings_000421.pkl.gz
17:31:55 | INFO | Reading file: embeddings_000422.pkl.gz
17:31:55 | INFO | Reading file: embeddings_000423.pkl.gz
17:31:56 | INFO | Reading file: embeddings_000424.pkl.gz
17:31:56 | INFO | Reading file: embeddings_000425.pkl.gz
17:31:56 | INFO | Reading file: embeddings_000426.pkl.gz
17:31:56 | INFO | Reading file: embeddings_000427.pkl.gz
17:31:57 | INFO | Reading file: embeddings_000428.pkl.gz
17:31:57 | INFO | Reading file: embeddings_000429.pkl.gz
17:31:57 | INFO | Reading file: embeddings_000430.pkl.gz
17:31:58 | INFO | Reading file: embeddings_000431.pkl.gz
17:31:58 | INFO | Reading file: embeddings_000432.pkl.gz
17:31:59 | INFO | Reading file: embeddings_000433.pkl.gz
17:31:59 | INFO | Reading file: embeddings_000434.pkl.gz
17:31:59 | INFO | Reading file: embeddings_000435.pkl.gz
17:31:59 | INFO | Reading file: embeddings_000436.pkl.gz
17:32:00 | INFO | Reading file: embeddings_000437.pkl.gz
17:32:00 | INFO | Reading file: embeddings_000308.pkl.gz
17:32:00 | INFO | Reading file: embeddings_000438.pkl.gz
17:32:00 | INFO | Reading file: embeddings_000439.pkl.gz
17:32:01 | INFO | Reading file: embeddings_000440.pkl.gz
17:32:01 | INFO | Reading file: embeddings_000441.pkl.gz
17:32:01 | INFO | Reading file: embeddings_000442.pkl.gz
17:32:02 | INFO | Reading file: embeddings_000443.pkl.gz
17:32:02 | INFO | Reading file: embeddings_000444.pkl.gz
17:32:02 | INFO | Reading file: embeddings_000445.pkl.gz
17:32:02 | INFO | Reading file: embeddings_000446.pkl.gz
17:32:03 | INFO | Reading file: embeddings_000447.pkl.gz
17:32:03 | INFO | Reading file: embeddings_000448.pkl.gz
17:32:04 | INFO | Reading file: embeddings_000449.pkl.gz
17:32:04 | INFO | Reading file: embeddings_000450.pkl.gz
17:32:04 | INFO | Reading file: embeddings_000451.pkl.gz
17:32:04 | INFO | Reading file: embeddings_000452.pkl.gz
17:32:05 | INFO | Reading file: embeddings_000453.pkl.gz
17:32:05 | INFO | Reading file: embeddings_000454.pkl.gz
17:32:05 | INFO | Reading file: embeddings_000455.pkl.gz
17:32:06 | INFO | Reading file: embeddings_000456.pkl.gz
17:32:06 | INFO | Reading file: embeddings_000457.pkl.gz
17:32:06 | INFO | Reading file: embeddings_000458.pkl.gz
17:32:07 | INFO | Reading file: embeddings_000459.pkl.gz
17:32:07 | INFO | Reading file: embeddings_000460.pkl.gz
17:32:07 | INFO | Reading file: embeddings_000461.pkl.gz
17:32:07 | INFO | Reading file: embeddings_000309.pkl.gz
17:32:07 | INFO | Reading file: embeddings_000462.pkl.gz
17:32:08 | INFO | Reading file: embeddings_000463.pkl.gz
17:32:08 | INFO | Reading file: embeddings_000464.pkl.gz
17:32:09 | INFO | Reading file: embeddings_000465.pkl.gz
17:32:09 | INFO | Reading file: embeddings_000466.pkl.gz
17:32:09 | INFO | Reading file: embeddings_000467.pkl.gz
17:32:09 | INFO | Reading file: embeddings_000468.pkl.gz
17:32:10 | INFO | Reading file: embeddings_000469.pkl.gz
17:32:10 | INFO | Reading file: embeddings_000470.pkl.gz
17:32:10 | INFO | Reading file: embeddings_000471.pkl.gz
17:32:11 | INFO | Reading file: embeddings_000472.pkl.gz
17:32:11 | INFO | Reading file: embeddings_000473.pkl.gz
17:32:11 | INFO | Reading file: embeddings_000474.pkl.gz
17:32:11 | INFO | Reading file: embeddings_000475.pkl.gz
17:32:12 | INFO | Reading file: embeddings_000476.pkl.gz
17:32:12 | INFO | Reading file: embeddings_000477.pkl.gz
17:32:12 | INFO | Reading file: embeddings_000478.pkl.gz
17:32:12 | INFO | Reading file: embeddings_000479.pkl.gz
17:32:13 | INFO | Reading file: embeddings_000480.pkl.gz
17:32:13 | INFO | Reading file: embeddings_000481.pkl.gz
17:32:13 | INFO | Reading file: embeddings_000482.pkl.gz
17:32:14 | INFO | Reading file: embeddings_000483.pkl.gz
17:32:14 | INFO | Reading file: embeddings_000484.pkl.gz
17:32:14 | INFO | Reading file: embeddings_000485.pkl.gz
17:32:14 | INFO | Reading file: embeddings_000486.pkl.gz
17:32:15 | INFO | Reading file: embeddings_000487.pkl.gz
17:32:15 | INFO | Reading file: embeddings_000310.pkl.gz
17:32:15 | INFO | Reading file: embeddings_000488.pkl.gz
17:32:15 | INFO | Reading file: embeddings_000489.pkl.gz
17:32:15 | INFO | Reading file: embeddings_000490.pkl.gz
17:32:16 | INFO | Reading file: embeddings_000491.pkl.gz
17:32:16 | INFO | Reading file: embeddings_000492.pkl.gz
17:32:16 | INFO | Reading file: embeddings_000493.pkl.gz
17:32:17 | INFO | Reading file: embeddings_000494.pkl.gz
17:32:17 | INFO | Reading file: embeddings_000495.pkl.gz
17:32:17 | INFO | Reading file: embeddings_000496.pkl.gz
17:32:17 | INFO | Reading file: embeddings_000497.pkl.gz
17:32:18 | INFO | Reading file: embeddings_000498.pkl.gz
17:32:18 | INFO | Reading file: embeddings_000499.pkl.gz
17:32:19 | INFO | Reading file: embeddings_000500.pkl.gz
17:32:19 | INFO | Reading file: embeddings_000501.pkl.gz
17:32:19 | INFO | Reading file: embeddings_000502.pkl.gz
17:32:20 | INFO | Reading file: embeddings_000503.pkl.gz
17:32:20 | INFO | Reading file: embeddings_000504.pkl.gz
17:32:20 | INFO | Reading file: embeddings_000505.pkl.gz
17:32:20 | INFO | Reading file: embeddings_000506.pkl.gz
17:32:21 | INFO | Reading file: embeddings_000507.pkl.gz
17:32:21 | INFO | Reading file: embeddings_000508.pkl.gz
17:32:21 | INFO | Reading file: embeddings_000509.pkl.gz
17:32:22 | INFO | Reading file: embeddings_000510.pkl.gz
17:32:22 | INFO | Reading file: embeddings_000511.pkl.gz
17:32:22 | INFO | Reading file: embeddings_000311.pkl.gz
17:32:22 | INFO | Reading file: embeddings_000512.pkl.gz
17:32:23 | INFO | Reading file: embeddings_000513.pkl.gz
17:32:23 | INFO | Reading file: embeddings_000514.pkl.gz
17:32:24 | INFO | Reading file: embeddings_000515.pkl.gz
17:32:24 | INFO | Reading file: embeddings_000516.pkl.gz
17:32:24 | INFO | Reading file: embeddings_000517.pkl.gz
17:32:24 | INFO | Reading file: embeddings_000518.pkl.gz
17:32:25 | INFO | Reading file: embeddings_000519.pkl.gz
17:32:25 | INFO | Reading file: embeddings_000520.pkl.gz
17:32:25 | INFO | Reading file: embeddings_000521.pkl.gz
17:32:26 | INFO | Reading file: embeddings_000522.pkl.gz
17:32:26 | INFO | Reading file: embeddings_000523.pkl.gz
17:32:26 | INFO | Reading file: embeddings_000524.pkl.gz
17:32:26 | INFO | Reading file: embeddings_000525.pkl.gz
17:32:27 | INFO | Reading file: embeddings_000526.pkl.gz
17:32:27 | INFO | Reading file: embeddings_000527.pkl.gz
17:32:27 | INFO | Reading file: embeddings_000528.pkl.gz
17:32:28 | INFO | Reading file: embeddings_000529.pkl.gz
17:32:28 | INFO | Reading file: embeddings_000530.pkl.gz
17:32:29 | INFO | Reading file: embeddings_000531.pkl.gz
17:32:29 | INFO | Reading file: embeddings_000532.pkl.gz
17:32:29 | INFO | Reading file: embeddings_000533.pkl.gz
17:32:29 | INFO | Reading file: embeddings_000312.pkl.gz
17:32:29 | INFO | Reading file: embeddings_000534.pkl.gz
17:32:30 | INFO | Reading file: embeddings_000535.pkl.gz
17:32:30 | INFO | Reading file: embeddings_000536.pkl.gz
17:32:30 | INFO | Reading file: embeddings_000537.pkl.gz
17:32:31 | INFO | Reading file: embeddings_000538.pkl.gz
17:32:31 | INFO | Reading file: embeddings_000539.pkl.gz
17:32:31 | INFO | Reading file: embeddings_000540.pkl.gz
17:32:31 | INFO | Reading file: embeddings_000541.pkl.gz
17:32:32 | INFO | Reading file: embeddings_000542.pkl.gz
17:32:32 | INFO | Reading file: embeddings_000543.pkl.gz
17:32:32 | INFO | Reading file: embeddings_000544.pkl.gz
17:32:33 | INFO | Reading file: embeddings_000545.pkl.gz
17:32:33 | INFO | Reading file: embeddings_000546.pkl.gz
17:32:34 | INFO | Reading file: embeddings_000547.pkl.gz
17:32:34 | INFO | Reading file: embeddings_000548.pkl.gz
17:32:34 | INFO | Reading file: embeddings_000549.pkl.gz
17:32:34 | INFO | Reading file: embeddings_000550.pkl.gz
17:32:35 | INFO | Reading file: embeddings_000551.pkl.gz
17:32:35 | INFO | Reading file: embeddings_000552.pkl.gz
17:32:35 | INFO | Reading file: embeddings_000553.pkl.gz
17:32:36 | INFO | Reading file: embeddings_000554.pkl.gz
17:32:36 | INFO | Reading file: embeddings_000555.pkl.gz
17:32:36 | INFO | Reading file: embeddings_000556.pkl.gz
17:32:36 | INFO | Reading file: embeddings_000313.pkl.gz
17:32:36 | INFO | Reading file: embeddings_000557.pkl.gz
17:32:37 | INFO | Reading file: embeddings_000558.pkl.gz
17:32:37 | INFO | Reading file: embeddings_000559.pkl.gz
17:32:37 | INFO | Reading file: embeddings_000560.pkl.gz
17:32:38 | INFO | Reading file: embeddings_000561.pkl.gz
17:32:38 | INFO | Reading file: embeddings_000562.pkl.gz
17:32:38 | INFO | Reading file: embeddings_000563.pkl.gz
17:32:39 | INFO | Reading file: embeddings_000564.pkl.gz
17:32:39 | INFO | Reading file: embeddings_000565.pkl.gz
17:32:39 | INFO | Reading file: embeddings_000566.pkl.gz
17:32:40 | INFO | Reading file: embeddings_000567.pkl.gz
17:32:40 | INFO | Reading file: embeddings_000568.pkl.gz
17:32:40 | INFO | Reading file: embeddings_000569.pkl.gz
17:32:40 | INFO | Reading file: embeddings_000570.pkl.gz
17:32:41 | INFO | Reading file: embeddings_000571.pkl.gz
17:32:41 | INFO | Reading file: embeddings_000572.pkl.gz
17:32:41 | INFO | Reading file: embeddings_000573.pkl.gz
17:32:42 | INFO | Reading file: embeddings_000574.pkl.gz
17:32:42 | INFO | Reading file: embeddings_000575.pkl.gz
17:32:42 | INFO | Reading file: embeddings_000576.pkl.gz
17:32:42 | INFO | Reading file: embeddings_000577.pkl.gz
17:32:43 | INFO | Reading file: embeddings_000578.pkl.gz
17:32:43 | INFO | Reading file: embeddings_000579.pkl.gz
17:32:43 | INFO | Reading file: embeddings_000580.pkl.gz
17:32:44 | INFO | Reading file: embeddings_000314.pkl.gz
17:32:44 | INFO | Reading file: embeddings_000581.pkl.gz
17:32:44 | INFO | Reading file: embeddings_000582.pkl.gz
17:32:44 | INFO | Reading file: embeddings_000583.pkl.gz
17:32:44 | INFO | Reading file: embeddings_000584.pkl.gz
17:32:45 | INFO | Reading file: embeddings_000585.pkl.gz
17:32:45 | INFO | Reading file: embeddings_000586.pkl.gz
17:32:45 | INFO | Reading file: embeddings_000587.pkl.gz
17:32:45 | INFO | Reading file: embeddings_000588.pkl.gz
17:32:46 | INFO | Reading file: embeddings_000589.pkl.gz
17:32:46 | INFO | Reading file: embeddings_000590.pkl.gz
17:32:46 | INFO | Reading file: embeddings_000591.pkl.gz
17:32:47 | INFO | Reading file: embeddings_000592.pkl.gz
17:32:47 | INFO | Reading file: embeddings_000593.pkl.gz
17:32:47 | INFO | Reading file: embeddings_000594.pkl.gz
17:32:48 | INFO | Reading file: embeddings_000595.pkl.gz
17:32:48 | INFO | Reading file: embeddings_000596.pkl.gz
17:32:48 | INFO | Reading file: embeddings_000597.pkl.gz
17:32:48 | INFO | Reading file: embeddings_000598.pkl.gz
17:32:49 | INFO | Reading file: embeddings_000599.pkl.gz
17:32:49 | INFO | Reading file: embeddings_000600.pkl.gz
17:32:49 | INFO | Reading file: embeddings_000601.pkl.gz
17:32:49 | INFO | Reading file: embeddings_000602.pkl.gz
17:32:50 | INFO | Reading file: embeddings_000603.pkl.gz
17:32:50 | INFO | Reading file: embeddings_000604.pkl.gz
17:32:50 | INFO | Reading file: embeddings_000605.pkl.gz
17:32:51 | INFO | Reading file: embeddings_000606.pkl.gz
17:32:51 | INFO | Reading file: embeddings_000315.pkl.gz
17:32:51 | INFO | Reading file: embeddings_000607.pkl.gz
17:32:51 | INFO | Reading file: embeddings_000608.pkl.gz
17:32:51 | INFO | Reading file: embeddings_000609.pkl.gz
17:32:52 | INFO | Reading file: embeddings_000610.pkl.gz
17:32:58 | INFO | Reading file: embeddings_000316.pkl.gz
17:33:05 | INFO | Reading file: embeddings_000317.pkl.gz
17:33:09 | INFO | Saved 75846 embeddings to data/model/surgery/semantic/pubmedbert_2019.current.pkl.gz
17:33:13 | INFO | Reading file: embeddings_000318.pkl.gz
17:33:20 | INFO | Reading file: embeddings_000319.pkl.gz
17:33:27 | INFO | Reading file: embeddings_000320.pkl.gz
17:33:34 | INFO | Reading file: embeddings_000321.pkl.gz
17:33:41 | INFO | Reading file: embeddings_000322.pkl.gz
17:33:48 | INFO | Reading file: embeddings_000323.pkl.gz
17:33:55 | INFO | Reading file: embeddings_000324.pkl.gz
17:34:02 | INFO | Reading file: embeddings_000325.pkl.gz
17:34:10 | INFO | Reading file: embeddings_000326.pkl.gz
17:34:18 | INFO | Reading file: embeddings_000327.pkl.gz
17:34:25 | INFO | Reading file: embeddings_000328.pkl.gz
17:34:32 | INFO | Reading file: embeddings_000329.pkl.gz
17:34:39 | INFO | Reading file: embeddings_000330.pkl.gz
17:34:47 | INFO | Reading file: embeddings_000331.pkl.gz
17:34:54 | INFO | Reading file: embeddings_000332.pkl.gz
17:35:01 | INFO | Reading file: embeddings_000333.pkl.gz
17:35:09 | INFO | Reading file: embeddings_000334.pkl.gz
17:35:17 | INFO | Reading file: embeddings_000335.pkl.gz
17:35:25 | INFO | Reading file: embeddings_000336.pkl.gz
17:35:32 | INFO | Reading file: embeddings_000337.pkl.gz
17:35:39 | INFO | Reading file: embeddings_000338.pkl.gz
17:35:47 | INFO | Reading file: embeddings_000339.pkl.gz
17:35:54 | INFO | Reading file: embeddings_000340.pkl.gz
17:36:02 | INFO | Reading file: embeddings_000341.pkl.gz
17:36:09 | INFO | Reading file: embeddings_000342.pkl.gz
17:36:17 | INFO | Reading file: embeddings_000343.pkl.gz
17:36:24 | INFO | Reading file: embeddings_000344.pkl.gz
17:36:31 | INFO | Reading file: embeddings_000345.pkl.gz
17:36:39 | INFO | Reading file: embeddings_000346.pkl.gz
17:36:46 | INFO | Reading file: embeddings_000347.pkl.gz
17:36:53 | INFO | Reading file: embeddings_000348.pkl.gz
17:37:01 | INFO | Reading file: embeddings_000349.pkl.gz
17:37:08 | INFO | Reading file: embeddings_000350.pkl.gz
17:37:15 | INFO | Reading file: embeddings_000351.pkl.gz
17:37:22 | INFO | Reading file: embeddings_000352.pkl.gz
17:37:29 | INFO | Reading file: embeddings_000353.pkl.gz
17:37:37 | INFO | Reading file: embeddings_000354.pkl.gz
17:37:44 | INFO | Reading file: embeddings_000355.pkl.gz
17:37:51 | INFO | Reading file: embeddings_000356.pkl.gz
17:37:58 | INFO | Reading file: embeddings_000357.pkl.gz
17:38:05 | INFO | Reading file: embeddings_000358.pkl.gz
17:38:12 | INFO | Reading file: embeddings_000359.pkl.gz
17:38:19 | INFO | Reading file: embeddings_000360.pkl.gz
17:38:26 | INFO | Reading file: embeddings_000361.pkl.gz
17:38:34 | INFO | Reading file: embeddings_000362.pkl.gz
17:38:41 | INFO | Reading file: embeddings_000363.pkl.gz
17:38:48 | INFO | Reading file: embeddings_000364.pkl.gz
17:38:55 | INFO | Reading file: embeddings_000365.pkl.gz
17:39:02 | INFO | Reading file: embeddings_000366.pkl.gz
17:39:21 | INFO | Reading file: embeddings_000367.pkl.gz
17:39:40 | INFO | Reading file: embeddings_000368.pkl.gz
17:40:05 | INFO | Reading file: embeddings_000369.pkl.gz
17:40:18 | INFO | Reading file: embeddings_000370.pkl.gz
17:40:46 | INFO | Reading file: embeddings_000371.pkl.gz
17:41:03 | INFO | Reading file: embeddings_000372.pkl.gz
17:41:24 | INFO | Reading file: embeddings_000373.pkl.gz
17:41:43 | INFO | Reading file: embeddings_000374.pkl.gz
17:42:00 | INFO | Reading file: embeddings_000375.pkl.gz
17:42:22 | INFO | Reading file: embeddings_000376.pkl.gz
17:42:36 | INFO | Reading file: embeddings_000377.pkl.gz
17:43:02 | INFO | Reading file: embeddings_000378.pkl.gz
17:43:15 | INFO | Reading file: embeddings_000379.pkl.gz
17:43:45 | INFO | Reading file: embeddings_000380.pkl.gz
17:44:06 | INFO | Reading file: embeddings_000381.pkl.gz
17:44:27 | INFO | Reading file: embeddings_000382.pkl.gz
17:44:51 | INFO | Reading file: embeddings_000383.pkl.gz
17:45:06 | INFO | Reading file: embeddings_000384.pkl.gz
17:45:34 | INFO | Reading file: embeddings_000385.pkl.gz
17:45:45 | INFO | Reading file: embeddings_000386.pkl.gz
17:46:12 | INFO | Reading file: embeddings_000387.pkl.gz
17:46:32 | INFO | Reading file: embeddings_000388.pkl.gz
17:46:51 | INFO | Reading file: embeddings_000389.pkl.gz
17:47:18 | INFO | Reading file: embeddings_000390.pkl.gz
17:47:34 | INFO | Reading file: embeddings_000391.pkl.gz
17:47:59 | INFO | Reading file: embeddings_000392.pkl.gz
17:48:13 | INFO | Reading file: embeddings_000393.pkl.gz
17:48:37 | INFO | Reading file: embeddings_000394.pkl.gz
17:48:56 | INFO | Reading file: embeddings_000395.pkl.gz
17:49:15 | INFO | Reading file: embeddings_000396.pkl.gz
17:49:39 | INFO | Reading file: embeddings_000397.pkl.gz
17:49:53 | INFO | Reading file: embeddings_000398.pkl.gz
17:50:20 | INFO | Reading file: embeddings_000399.pkl.gz
17:50:30 | INFO | Reading file: embeddings_000400.pkl.gz
17:50:57 | INFO | Reading file: embeddings_000401.pkl.gz
17:51:11 | INFO | Reading file: embeddings_000402.pkl.gz
17:51:35 | INFO | Reading file: embeddings_000403.pkl.gz
17:51:53 | INFO | Reading file: embeddings_000404.pkl.gz
17:52:14 | INFO | Reading file: embeddings_000405.pkl.gz
17:52:37 | INFO | Reading file: embeddings_000406.pkl.gz
17:52:51 | INFO | Reading file: embeddings_000407.pkl.gz
17:53:19 | INFO | Reading file: embeddings_000408.pkl.gz
17:53:33 | INFO | Reading file: embeddings_000409.pkl.gz
17:53:59 | INFO | Reading file: embeddings_000410.pkl.gz
17:54:20 | INFO | Reading file: embeddings_000411.pkl.gz
17:54:40 | INFO | Reading file: embeddings_000412.pkl.gz
17:55:10 | INFO | Reading file: embeddings_000413.pkl.gz
17:55:25 | INFO | Reading file: embeddings_000414.pkl.gz
17:55:53 | INFO | Reading file: embeddings_000415.pkl.gz
17:56:13 | INFO | Reading file: embeddings_000416.pkl.gz
17:56:32 | INFO | Reading file: embeddings_000417.pkl.gz
17:56:56 | INFO | Reading file: embeddings_000418.pkl.gz
17:57:13 | INFO | Reading file: embeddings_000419.pkl.gz
17:57:39 | INFO | Reading file: embeddings_000420.pkl.gz
17:57:52 | INFO | Reading file: embeddings_000421.pkl.gz
17:58:17 | INFO | Reading file: embeddings_000422.pkl.gz
17:58:37 | INFO | Reading file: embeddings_000423.pkl.gz
17:58:55 | INFO | Reading file: embeddings_000424.pkl.gz
17:59:17 | INFO | Reading file: embeddings_000425.pkl.gz
17:59:33 | INFO | Reading file: embeddings_000426.pkl.gz
17:59:59 | INFO | Reading file: embeddings_000427.pkl.gz
18:00:12 | INFO | Reading file: embeddings_000428.pkl.gz
18:00:40 | INFO | Reading file: embeddings_000429.pkl.gz
18:00:54 | INFO | Reading file: embeddings_000430.pkl.gz
18:01:18 | INFO | Reading file: embeddings_000431.pkl.gz
18:01:38 | INFO | Reading file: embeddings_000432.pkl.gz
18:01:57 | INFO | Reading file: embeddings_000433.pkl.gz
18:02:22 | INFO | Reading file: embeddings_000434.pkl.gz
18:02:34 | INFO | Reading file: embeddings_000435.pkl.gz
18:03:03 | INFO | Reading file: embeddings_000436.pkl.gz
18:03:21 | INFO | Reading file: embeddings_000437.pkl.gz
18:03:44 | INFO | Reading file: embeddings_000438.pkl.gz
18:04:02 | INFO | Reading file: embeddings_000439.pkl.gz
18:04:23 | INFO | Reading file: embeddings_000440.pkl.gz
18:04:38 | INFO | Reading file: embeddings_000441.pkl.gz
18:05:03 | INFO | Reading file: embeddings_000442.pkl.gz
18:05:27 | INFO | Reading file: embeddings_000443.pkl.gz
18:05:41 | INFO | Reading file: embeddings_000444.pkl.gz
18:06:08 | INFO | Reading file: embeddings_000445.pkl.gz
18:06:25 | INFO | Reading file: embeddings_000446.pkl.gz
18:06:48 | INFO | Reading file: embeddings_000447.pkl.gz
18:07:11 | INFO | Reading file: embeddings_000448.pkl.gz
18:07:26 | INFO | Reading file: embeddings_000449.pkl.gz
18:07:51 | INFO | Reading file: embeddings_000450.pkl.gz
18:08:04 | INFO | Reading file: embeddings_000451.pkl.gz
18:08:11 | INFO | Reading file: embeddings_000452.pkl.gz
18:08:19 | INFO | Reading file: embeddings_000453.pkl.gz
18:08:26 | INFO | Reading file: embeddings_000454.pkl.gz
18:08:33 | INFO | Reading file: embeddings_000455.pkl.gz
18:08:40 | INFO | Reading file: embeddings_000456.pkl.gz
18:08:47 | INFO | Reading file: embeddings_000457.pkl.gz
18:08:54 | INFO | Reading file: embeddings_000458.pkl.gz
18:09:01 | INFO | Reading file: embeddings_000459.pkl.gz
18:09:08 | INFO | Reading file: embeddings_000460.pkl.gz
18:09:15 | INFO | Reading file: embeddings_000461.pkl.gz
18:09:22 | INFO | Reading file: embeddings_000462.pkl.gz
18:09:29 | INFO | Reading file: embeddings_000463.pkl.gz
18:09:36 | INFO | Reading file: embeddings_000464.pkl.gz
18:09:43 | INFO | Reading file: embeddings_000465.pkl.gz
18:09:50 | INFO | Reading file: embeddings_000466.pkl.gz
18:09:57 | INFO | Reading file: embeddings_000467.pkl.gz
18:10:04 | INFO | Reading file: embeddings_000468.pkl.gz
18:10:06 | INFO | Reading file: embeddings_000469.pkl.gz
18:10:07 | INFO | Reading file: embeddings_000470.pkl.gz
18:10:07 | INFO | Reading file: embeddings_000471.pkl.gz
18:10:07 | INFO | Reading file: embeddings_000472.pkl.gz
18:10:07 | INFO | Reading file: embeddings_000473.pkl.gz
18:10:08 | INFO | Reading file: embeddings_000474.pkl.gz
18:10:08 | INFO | Reading file: embeddings_000475.pkl.gz
18:10:08 | INFO | Reading file: embeddings_000476.pkl.gz
18:10:08 | INFO | Reading file: embeddings_000477.pkl.gz
18:10:09 | INFO | Reading file: embeddings_000478.pkl.gz
18:10:09 | INFO | Reading file: embeddings_000479.pkl.gz
18:10:09 | INFO | Reading file: embeddings_000480.pkl.gz
18:10:09 | INFO | Reading file: embeddings_000481.pkl.gz
18:10:10 | INFO | Reading file: embeddings_000482.pkl.gz
18:10:10 | INFO | Reading file: embeddings_000483.pkl.gz
18:10:10 | INFO | Reading file: embeddings_000484.pkl.gz
18:10:10 | INFO | Reading file: embeddings_000485.pkl.gz
18:10:11 | INFO | Reading file: embeddings_000486.pkl.gz
18:10:11 | INFO | Reading file: embeddings_000487.pkl.gz
18:10:11 | INFO | Reading file: embeddings_000488.pkl.gz
18:10:12 | INFO | Reading file: embeddings_000489.pkl.gz
18:10:12 | INFO | Reading file: embeddings_000490.pkl.gz
18:10:12 | INFO | Reading file: embeddings_000491.pkl.gz
18:10:13 | INFO | Reading file: embeddings_000492.pkl.gz
18:10:13 | INFO | Reading file: embeddings_000493.pkl.gz
18:10:13 | INFO | Reading file: embeddings_000494.pkl.gz
18:10:13 | INFO | Reading file: embeddings_000495.pkl.gz
18:10:14 | INFO | Reading file: embeddings_000496.pkl.gz
18:10:14 | INFO | Reading file: embeddings_000497.pkl.gz
18:10:14 | INFO | Reading file: embeddings_000498.pkl.gz
18:10:15 | INFO | Reading file: embeddings_000499.pkl.gz
18:10:15 | INFO | Reading file: embeddings_000500.pkl.gz
18:10:15 | INFO | Reading file: embeddings_000501.pkl.gz
18:10:15 | INFO | Reading file: embeddings_000502.pkl.gz
18:10:16 | INFO | Reading file: embeddings_000503.pkl.gz
18:10:16 | INFO | Reading file: embeddings_000504.pkl.gz
18:10:17 | INFO | Reading file: embeddings_000505.pkl.gz
18:10:17 | INFO | Reading file: embeddings_000506.pkl.gz
18:10:17 | INFO | Reading file: embeddings_000507.pkl.gz
18:10:18 | INFO | Reading file: embeddings_000508.pkl.gz
18:10:18 | INFO | Reading file: embeddings_000509.pkl.gz
18:10:18 | INFO | Reading file: embeddings_000510.pkl.gz
18:10:18 | INFO | Reading file: embeddings_000511.pkl.gz
18:10:19 | INFO | Reading file: embeddings_000512.pkl.gz
18:10:19 | INFO | Reading file: embeddings_000513.pkl.gz
18:10:19 | INFO | Reading file: embeddings_000514.pkl.gz
18:10:20 | INFO | Reading file: embeddings_000515.pkl.gz
18:10:20 | INFO | Reading file: embeddings_000516.pkl.gz
18:10:20 | INFO | Reading file: embeddings_000517.pkl.gz
18:10:21 | INFO | Reading file: embeddings_000518.pkl.gz
18:10:21 | INFO | Reading file: embeddings_000519.pkl.gz
18:10:21 | INFO | Reading file: embeddings_000520.pkl.gz
18:10:22 | INFO | Reading file: embeddings_000521.pkl.gz
18:10:22 | INFO | Reading file: embeddings_000522.pkl.gz
18:10:22 | INFO | Reading file: embeddings_000523.pkl.gz
18:10:22 | INFO | Reading file: embeddings_000524.pkl.gz
18:10:23 | INFO | Reading file: embeddings_000525.pkl.gz
18:10:23 | INFO | Reading file: embeddings_000526.pkl.gz
18:10:23 | INFO | Reading file: embeddings_000527.pkl.gz
18:10:24 | INFO | Reading file: embeddings_000528.pkl.gz
18:10:24 | INFO | Reading file: embeddings_000529.pkl.gz
18:10:24 | INFO | Reading file: embeddings_000530.pkl.gz
18:10:25 | INFO | Reading file: embeddings_000531.pkl.gz
18:10:25 | INFO | Reading file: embeddings_000532.pkl.gz
18:10:25 | INFO | Reading file: embeddings_000533.pkl.gz
18:10:25 | INFO | Reading file: embeddings_000534.pkl.gz
18:10:26 | INFO | Reading file: embeddings_000535.pkl.gz
18:10:26 | INFO | Reading file: embeddings_000536.pkl.gz
18:10:27 | INFO | Reading file: embeddings_000537.pkl.gz
18:10:27 | INFO | Reading file: embeddings_000538.pkl.gz
18:10:27 | INFO | Reading file: embeddings_000539.pkl.gz
18:10:28 | INFO | Reading file: embeddings_000540.pkl.gz
18:10:28 | INFO | Reading file: embeddings_000541.pkl.gz
18:10:28 | INFO | Reading file: embeddings_000542.pkl.gz
18:10:28 | INFO | Reading file: embeddings_000543.pkl.gz
18:10:29 | INFO | Reading file: embeddings_000544.pkl.gz
18:10:29 | INFO | Reading file: embeddings_000545.pkl.gz
18:10:29 | INFO | Reading file: embeddings_000546.pkl.gz
18:10:30 | INFO | Reading file: embeddings_000547.pkl.gz
18:10:30 | INFO | Reading file: embeddings_000548.pkl.gz
18:10:30 | INFO | Reading file: embeddings_000549.pkl.gz
18:10:30 | INFO | Reading file: embeddings_000550.pkl.gz
18:10:31 | INFO | Reading file: embeddings_000551.pkl.gz
18:10:31 | INFO | Reading file: embeddings_000552.pkl.gz
18:10:31 | INFO | Reading file: embeddings_000553.pkl.gz
18:10:32 | INFO | Reading file: embeddings_000554.pkl.gz
18:10:32 | INFO | Reading file: embeddings_000555.pkl.gz
18:10:33 | INFO | Reading file: embeddings_000556.pkl.gz
18:10:33 | INFO | Reading file: embeddings_000557.pkl.gz
18:10:33 | INFO | Reading file: embeddings_000558.pkl.gz
18:10:33 | INFO | Reading file: embeddings_000559.pkl.gz
18:10:34 | INFO | Reading file: embeddings_000560.pkl.gz
18:10:34 | INFO | Reading file: embeddings_000561.pkl.gz
18:10:34 | INFO | Reading file: embeddings_000562.pkl.gz
18:10:34 | INFO | Reading file: embeddings_000563.pkl.gz
18:10:35 | INFO | Reading file: embeddings_000564.pkl.gz
18:10:35 | INFO | Reading file: embeddings_000565.pkl.gz
18:10:35 | INFO | Reading file: embeddings_000566.pkl.gz
18:10:36 | INFO | Reading file: embeddings_000567.pkl.gz
18:10:36 | INFO | Reading file: embeddings_000568.pkl.gz
18:10:36 | INFO | Reading file: embeddings_000569.pkl.gz
18:10:37 | INFO | Reading file: embeddings_000570.pkl.gz
18:10:37 | INFO | Reading file: embeddings_000571.pkl.gz
18:10:37 | INFO | Reading file: embeddings_000572.pkl.gz
18:10:38 | INFO | Reading file: embeddings_000573.pkl.gz
18:10:38 | INFO | Reading file: embeddings_000574.pkl.gz
18:10:38 | INFO | Reading file: embeddings_000575.pkl.gz
18:10:39 | INFO | Reading file: embeddings_000576.pkl.gz
18:10:39 | INFO | Reading file: embeddings_000577.pkl.gz
18:10:39 | INFO | Reading file: embeddings_000578.pkl.gz
18:10:39 | INFO | Reading file: embeddings_000579.pkl.gz
18:10:40 | INFO | Reading file: embeddings_000580.pkl.gz
18:10:40 | INFO | Reading file: embeddings_000581.pkl.gz
18:10:40 | INFO | Reading file: embeddings_000582.pkl.gz
18:10:41 | INFO | Reading file: embeddings_000583.pkl.gz
18:10:41 | INFO | Reading file: embeddings_000584.pkl.gz
18:10:41 | INFO | Reading file: embeddings_000585.pkl.gz
18:10:41 | INFO | Reading file: embeddings_000586.pkl.gz
18:10:42 | INFO | Reading file: embeddings_000587.pkl.gz
18:10:42 | INFO | Reading file: embeddings_000588.pkl.gz
18:10:43 | INFO | Reading file: embeddings_000589.pkl.gz
18:10:43 | INFO | Reading file: embeddings_000590.pkl.gz
18:10:43 | INFO | Reading file: embeddings_000591.pkl.gz
18:10:43 | INFO | Reading file: embeddings_000592.pkl.gz
18:10:44 | INFO | Reading file: embeddings_000593.pkl.gz
18:10:44 | INFO | Reading file: embeddings_000594.pkl.gz
18:10:44 | INFO | Reading file: embeddings_000595.pkl.gz
18:10:45 | INFO | Reading file: embeddings_000596.pkl.gz
18:10:45 | INFO | Reading file: embeddings_000597.pkl.gz
18:10:45 | INFO | Reading file: embeddings_000598.pkl.gz
18:10:45 | INFO | Reading file: embeddings_000599.pkl.gz
18:10:46 | INFO | Reading file: embeddings_000600.pkl.gz
18:10:46 | INFO | Reading file: embeddings_000601.pkl.gz
18:10:46 | INFO | Reading file: embeddings_000602.pkl.gz
18:10:47 | INFO | Reading file: embeddings_000603.pkl.gz
18:10:47 | INFO | Reading file: embeddings_000604.pkl.gz
18:10:48 | INFO | Reading file: embeddings_000605.pkl.gz
18:10:48 | INFO | Reading file: embeddings_000606.pkl.gz
18:10:48 | INFO | Reading file: embeddings_000607.pkl.gz
18:10:48 | INFO | Reading file: embeddings_000608.pkl.gz
18:10:49 | INFO | Reading file: embeddings_000609.pkl.gz
18:10:49 | INFO | Reading file: embeddings_000610.pkl.gz
18:11:10 | INFO | Saved 81363 embeddings to data/model/surgery/semantic/pubmedbert_2022.current.pkl.gz
19:58:32 | INFO | Averaging concepts of: 306407 works (total: 306450)
19:58:32 | INFO | Reading file: embeddings_000000.pkl.gz
19:58:51 | INFO | Reading file: embeddings_000001.pkl.gz
19:59:19 | INFO | Reading file: embeddings_000002.pkl.gz
19:59:43 | INFO | Reading file: embeddings_000003.pkl.gz
20:00:05 | INFO | Reading file: embeddings_000004.pkl.gz
20:00:28 | INFO | Reading file: embeddings_000005.pkl.gz
20:00:51 | INFO | Reading file: embeddings_000006.pkl.gz
20:01:23 | INFO | Reading file: embeddings_000007.pkl.gz
20:01:39 | INFO | Reading file: embeddings_000008.pkl.gz
20:01:47 | INFO | Reading file: embeddings_000009.pkl.gz
20:01:55 | INFO | Reading file: embeddings_000010.pkl.gz
20:02:02 | INFO | Reading file: embeddings_000011.pkl.gz
20:02:11 | INFO | Reading file: embeddings_000012.pkl.gz
20:02:20 | INFO | Reading file: embeddings_000013.pkl.gz
20:02:27 | INFO | Reading file: embeddings_000014.pkl.gz
20:02:37 | INFO | Reading file: embeddings_000015.pkl.gz
20:02:45 | INFO | Reading file: embeddings_000016.pkl.gz
20:02:54 | INFO | Reading file: embeddings_000017.pkl.gz
20:03:02 | INFO | Reading file: embeddings_000018.pkl.gz
20:03:09 | INFO | Reading file: embeddings_000019.pkl.gz
20:03:16 | INFO | Reading file: embeddings_000020.pkl.gz
20:03:24 | INFO | Reading file: embeddings_000021.pkl.gz
20:03:31 | INFO | Reading file: embeddings_000022.pkl.gz
20:03:39 | INFO | Reading file: embeddings_000023.pkl.gz
20:03:46 | INFO | Reading file: embeddings_000024.pkl.gz
20:03:54 | INFO | Reading file: embeddings_000025.pkl.gz
20:04:01 | INFO | Reading file: embeddings_000026.pkl.gz
20:04:09 | INFO | Reading file: embeddings_000027.pkl.gz
20:04:16 | INFO | Reading file: embeddings_000028.pkl.gz
20:04:23 | INFO | Reading file: embeddings_000029.pkl.gz
20:04:31 | INFO | Reading file: embeddings_000030.pkl.gz
20:04:40 | INFO | Reading file: embeddings_000031.pkl.gz
20:04:47 | INFO | Reading file: embeddings_000032.pkl.gz
20:04:55 | INFO | Reading file: embeddings_000033.pkl.gz
20:05:04 | INFO | Reading file: embeddings_000034.pkl.gz
20:05:13 | INFO | Reading file: embeddings_000035.pkl.gz
20:05:21 | INFO | Reading file: embeddings_000036.pkl.gz
20:05:29 | INFO | Reading file: embeddings_000037.pkl.gz
20:05:37 | INFO | Reading file: embeddings_000038.pkl.gz
20:05:45 | INFO | Reading file: embeddings_000039.pkl.gz
20:05:52 | INFO | Reading file: embeddings_000040.pkl.gz
20:05:59 | INFO | Reading file: embeddings_000041.pkl.gz
20:06:06 | INFO | Reading file: embeddings_000042.pkl.gz
20:06:13 | INFO | Reading file: embeddings_000043.pkl.gz
20:06:21 | INFO | Reading file: embeddings_000044.pkl.gz
20:06:28 | INFO | Reading file: embeddings_000045.pkl.gz
20:06:35 | INFO | Reading file: embeddings_000046.pkl.gz
20:06:42 | INFO | Reading file: embeddings_000047.pkl.gz
20:06:50 | INFO | Reading file: embeddings_000048.pkl.gz
20:06:57 | INFO | Reading file: embeddings_000049.pkl.gz
20:07:04 | INFO | Reading file: embeddings_000050.pkl.gz
20:07:11 | INFO | Reading file: embeddings_000051.pkl.gz
20:07:18 | INFO | Reading file: embeddings_000052.pkl.gz
20:07:27 | INFO | Reading file: embeddings_000053.pkl.gz
20:07:34 | INFO | Reading file: embeddings_000054.pkl.gz
20:07:41 | INFO | Reading file: embeddings_000055.pkl.gz
20:07:48 | INFO | Reading file: embeddings_000056.pkl.gz
20:07:55 | INFO | Reading file: embeddings_000057.pkl.gz
20:08:02 | INFO | Reading file: embeddings_000058.pkl.gz
20:08:10 | INFO | Reading file: embeddings_000059.pkl.gz
20:08:18 | INFO | Reading file: embeddings_000060.pkl.gz
20:08:25 | INFO | Reading file: embeddings_000061.pkl.gz
20:08:32 | INFO | Reading file: embeddings_000062.pkl.gz
20:08:40 | INFO | Reading file: embeddings_000063.pkl.gz
20:08:47 | INFO | Reading file: embeddings_000064.pkl.gz
20:08:54 | INFO | Reading file: embeddings_000065.pkl.gz
20:09:02 | INFO | Reading file: embeddings_000066.pkl.gz
20:09:09 | INFO | Reading file: embeddings_000067.pkl.gz
20:09:16 | INFO | Reading file: embeddings_000068.pkl.gz
20:09:23 | INFO | Reading file: embeddings_000069.pkl.gz
20:09:31 | INFO | Reading file: embeddings_000070.pkl.gz
20:09:38 | INFO | Reading file: embeddings_000071.pkl.gz
20:09:45 | INFO | Reading file: embeddings_000072.pkl.gz
20:09:53 | INFO | Reading file: embeddings_000073.pkl.gz
20:10:00 | INFO | Reading file: embeddings_000074.pkl.gz
20:10:07 | INFO | Reading file: embeddings_000075.pkl.gz
20:10:15 | INFO | Reading file: embeddings_000076.pkl.gz
20:10:22 | INFO | Reading file: embeddings_000077.pkl.gz
20:10:29 | INFO | Reading file: embeddings_000078.pkl.gz
20:10:36 | INFO | Reading file: embeddings_000079.pkl.gz
20:10:44 | INFO | Reading file: embeddings_000080.pkl.gz
20:10:52 | INFO | Reading file: embeddings_000081.pkl.gz
20:11:00 | INFO | Reading file: embeddings_000082.pkl.gz
20:11:08 | INFO | Reading file: embeddings_000083.pkl.gz
20:11:16 | INFO | Reading file: embeddings_000084.pkl.gz
20:11:23 | INFO | Reading file: embeddings_000085.pkl.gz
20:11:31 | INFO | Reading file: embeddings_000086.pkl.gz
20:11:38 | INFO | Reading file: embeddings_000087.pkl.gz
20:11:45 | INFO | Reading file: embeddings_000088.pkl.gz
20:11:52 | INFO | Reading file: embeddings_000089.pkl.gz
20:11:59 | INFO | Reading file: embeddings_000090.pkl.gz
20:12:06 | INFO | Reading file: embeddings_000091.pkl.gz
20:12:13 | INFO | Reading file: embeddings_000092.pkl.gz
20:12:21 | INFO | Reading file: embeddings_000093.pkl.gz
20:12:28 | INFO | Reading file: embeddings_000094.pkl.gz
20:12:36 | INFO | Reading file: embeddings_000095.pkl.gz
20:12:43 | INFO | Reading file: embeddings_000096.pkl.gz
20:12:51 | INFO | Reading file: embeddings_000097.pkl.gz
20:12:58 | INFO | Reading file: embeddings_000098.pkl.gz
20:13:06 | INFO | Reading file: embeddings_000099.pkl.gz
20:13:13 | INFO | Reading file: embeddings_000100.pkl.gz
20:13:20 | INFO | Reading file: embeddings_000101.pkl.gz
20:13:27 | INFO | Reading file: embeddings_000102.pkl.gz
20:13:34 | INFO | Reading file: embeddings_000103.pkl.gz
20:13:41 | INFO | Reading file: embeddings_000104.pkl.gz
20:13:48 | INFO | Reading file: embeddings_000105.pkl.gz
20:13:55 | INFO | Reading file: embeddings_000106.pkl.gz
20:14:02 | INFO | Reading file: embeddings_000107.pkl.gz
20:14:09 | INFO | Reading file: embeddings_000108.pkl.gz
20:14:16 | INFO | Reading file: embeddings_000109.pkl.gz
20:14:24 | INFO | Reading file: embeddings_000110.pkl.gz
20:14:31 | INFO | Reading file: embeddings_000111.pkl.gz
20:14:38 | INFO | Reading file: embeddings_000112.pkl.gz
20:14:45 | INFO | Reading file: embeddings_000113.pkl.gz
20:14:52 | INFO | Reading file: embeddings_000114.pkl.gz
20:15:01 | INFO | Reading file: embeddings_000115.pkl.gz
20:15:09 | INFO | Reading file: embeddings_000116.pkl.gz
20:15:16 | INFO | Reading file: embeddings_000117.pkl.gz
20:15:23 | INFO | Reading file: embeddings_000118.pkl.gz
20:15:30 | INFO | Reading file: embeddings_000119.pkl.gz
20:15:37 | INFO | Reading file: embeddings_000120.pkl.gz
20:15:45 | INFO | Reading file: embeddings_000121.pkl.gz
20:15:53 | INFO | Reading file: embeddings_000122.pkl.gz
20:16:01 | INFO | Reading file: embeddings_000123.pkl.gz
20:16:08 | INFO | Reading file: embeddings_000124.pkl.gz
20:16:15 | INFO | Reading file: embeddings_000125.pkl.gz
20:16:22 | INFO | Reading file: embeddings_000126.pkl.gz
20:16:29 | INFO | Reading file: embeddings_000127.pkl.gz
20:16:36 | INFO | Reading file: embeddings_000128.pkl.gz
20:16:43 | INFO | Reading file: embeddings_000129.pkl.gz
20:16:50 | INFO | Reading file: embeddings_000130.pkl.gz
20:16:57 | INFO | Reading file: embeddings_000131.pkl.gz
20:17:04 | INFO | Reading file: embeddings_000132.pkl.gz
20:17:11 | INFO | Reading file: embeddings_000133.pkl.gz
20:17:18 | INFO | Reading file: embeddings_000134.pkl.gz
20:17:25 | INFO | Reading file: embeddings_000135.pkl.gz
20:17:32 | INFO | Reading file: embeddings_000136.pkl.gz
20:17:40 | INFO | Reading file: embeddings_000137.pkl.gz
20:17:47 | INFO | Reading file: embeddings_000138.pkl.gz
20:17:54 | INFO | Reading file: embeddings_000139.pkl.gz
20:18:01 | INFO | Reading file: embeddings_000140.pkl.gz
20:18:08 | INFO | Reading file: embeddings_000141.pkl.gz
20:18:15 | INFO | Reading file: embeddings_000142.pkl.gz
20:18:22 | INFO | Reading file: embeddings_000143.pkl.gz
20:18:29 | INFO | Reading file: embeddings_000144.pkl.gz
20:18:36 | INFO | Reading file: embeddings_000145.pkl.gz
20:18:43 | INFO | Reading file: embeddings_000146.pkl.gz
20:18:50 | INFO | Reading file: embeddings_000147.pkl.gz
20:18:57 | INFO | Reading file: embeddings_000148.pkl.gz
20:19:05 | INFO | Reading file: embeddings_000149.pkl.gz
20:19:12 | INFO | Reading file: embeddings_000150.pkl.gz
20:19:19 | INFO | Reading file: embeddings_000151.pkl.gz
20:19:26 | INFO | Reading file: embeddings_000152.pkl.gz
20:19:33 | INFO | Reading file: embeddings_000153.pkl.gz
20:19:39 | INFO | Reading file: embeddings_000154.pkl.gz
20:19:46 | INFO | Reading file: embeddings_000155.pkl.gz
20:19:53 | INFO | Reading file: embeddings_000156.pkl.gz
20:20:00 | INFO | Reading file: embeddings_000157.pkl.gz
20:20:07 | INFO | Reading file: embeddings_000158.pkl.gz
20:20:14 | INFO | Reading file: embeddings_000159.pkl.gz
20:20:21 | INFO | Reading file: embeddings_000160.pkl.gz
20:20:28 | INFO | Reading file: embeddings_000161.pkl.gz
20:20:35 | INFO | Reading file: embeddings_000162.pkl.gz
20:20:42 | INFO | Reading file: embeddings_000163.pkl.gz
20:20:49 | INFO | Reading file: embeddings_000164.pkl.gz
20:20:56 | INFO | Reading file: embeddings_000165.pkl.gz
20:21:03 | INFO | Reading file: embeddings_000166.pkl.gz
20:21:10 | INFO | Reading file: embeddings_000167.pkl.gz
20:21:17 | INFO | Reading file: embeddings_000168.pkl.gz
20:21:24 | INFO | Reading file: embeddings_000169.pkl.gz
20:21:31 | INFO | Reading file: embeddings_000170.pkl.gz
20:21:38 | INFO | Reading file: embeddings_000171.pkl.gz
20:21:45 | INFO | Reading file: embeddings_000172.pkl.gz
20:21:52 | INFO | Reading file: embeddings_000173.pkl.gz
20:21:59 | INFO | Reading file: embeddings_000174.pkl.gz
20:22:06 | INFO | Reading file: embeddings_000175.pkl.gz
20:22:13 | INFO | Reading file: embeddings_000176.pkl.gz
20:22:20 | INFO | Reading file: embeddings_000177.pkl.gz
20:22:28 | INFO | Reading file: embeddings_000178.pkl.gz
20:22:35 | INFO | Reading file: embeddings_000179.pkl.gz
20:22:42 | INFO | Reading file: embeddings_000180.pkl.gz
20:22:49 | INFO | Reading file: embeddings_000181.pkl.gz
20:22:56 | INFO | Reading file: embeddings_000182.pkl.gz
20:23:03 | INFO | Reading file: embeddings_000183.pkl.gz
20:23:10 | INFO | Reading file: embeddings_000184.pkl.gz
20:23:17 | INFO | Reading file: embeddings_000185.pkl.gz
20:23:24 | INFO | Reading file: embeddings_000186.pkl.gz
20:23:31 | INFO | Reading file: embeddings_000187.pkl.gz
20:23:38 | INFO | Reading file: embeddings_000188.pkl.gz
20:23:45 | INFO | Reading file: embeddings_000189.pkl.gz
20:23:52 | INFO | Reading file: embeddings_000190.pkl.gz
20:23:59 | INFO | Reading file: embeddings_000191.pkl.gz
20:24:06 | INFO | Reading file: embeddings_000192.pkl.gz
20:24:13 | INFO | Reading file: embeddings_000193.pkl.gz
20:24:20 | INFO | Reading file: embeddings_000194.pkl.gz
20:24:27 | INFO | Reading file: embeddings_000195.pkl.gz
20:24:34 | INFO | Reading file: embeddings_000196.pkl.gz
20:24:41 | INFO | Reading file: embeddings_000197.pkl.gz
20:24:48 | INFO | Reading file: embeddings_000198.pkl.gz
20:24:56 | INFO | Reading file: embeddings_000199.pkl.gz
20:25:03 | INFO | Reading file: embeddings_000200.pkl.gz
20:25:10 | INFO | Reading file: embeddings_000201.pkl.gz
20:25:17 | INFO | Reading file: embeddings_000202.pkl.gz
20:25:24 | INFO | Reading file: embeddings_000203.pkl.gz
20:25:31 | INFO | Reading file: embeddings_000204.pkl.gz
20:25:38 | INFO | Reading file: embeddings_000205.pkl.gz
20:25:45 | INFO | Reading file: embeddings_000206.pkl.gz
20:25:52 | INFO | Reading file: embeddings_000207.pkl.gz
20:25:59 | INFO | Reading file: embeddings_000208.pkl.gz
20:26:06 | INFO | Reading file: embeddings_000209.pkl.gz
20:26:13 | INFO | Reading file: embeddings_000210.pkl.gz
20:26:20 | INFO | Reading file: embeddings_000211.pkl.gz
20:26:27 | INFO | Reading file: embeddings_000212.pkl.gz
20:26:34 | INFO | Reading file: embeddings_000213.pkl.gz
20:26:41 | INFO | Reading file: embeddings_000214.pkl.gz
20:26:49 | INFO | Reading file: embeddings_000215.pkl.gz
20:26:57 | INFO | Reading file: embeddings_000216.pkl.gz
20:27:04 | INFO | Reading file: embeddings_000217.pkl.gz
20:27:11 | INFO | Reading file: embeddings_000218.pkl.gz
20:27:18 | INFO | Reading file: embeddings_000219.pkl.gz
20:27:25 | INFO | Reading file: embeddings_000220.pkl.gz
20:27:32 | INFO | Reading file: embeddings_000221.pkl.gz
20:27:39 | INFO | Reading file: embeddings_000222.pkl.gz
20:27:46 | INFO | Reading file: embeddings_000223.pkl.gz
20:27:53 | INFO | Reading file: embeddings_000224.pkl.gz
20:28:00 | INFO | Reading file: embeddings_000225.pkl.gz
20:28:07 | INFO | Reading file: embeddings_000226.pkl.gz
20:28:14 | INFO | Reading file: embeddings_000227.pkl.gz
20:28:21 | INFO | Reading file: embeddings_000228.pkl.gz
20:28:29 | INFO | Reading file: embeddings_000229.pkl.gz
20:28:36 | INFO | Reading file: embeddings_000230.pkl.gz
20:28:43 | INFO | Reading file: embeddings_000231.pkl.gz
20:28:50 | INFO | Reading file: embeddings_000232.pkl.gz
20:28:57 | INFO | Reading file: embeddings_000233.pkl.gz
20:29:04 | INFO | Reading file: embeddings_000234.pkl.gz
20:29:11 | INFO | Reading file: embeddings_000235.pkl.gz
20:29:18 | INFO | Reading file: embeddings_000236.pkl.gz
20:29:25 | INFO | Reading file: embeddings_000237.pkl.gz
20:29:32 | INFO | Reading file: embeddings_000238.pkl.gz
20:29:39 | INFO | Reading file: embeddings_000239.pkl.gz
20:29:46 | INFO | Reading file: embeddings_000240.pkl.gz
20:29:53 | INFO | Reading file: embeddings_000241.pkl.gz
20:30:00 | INFO | Reading file: embeddings_000242.pkl.gz
20:30:07 | INFO | Reading file: embeddings_000243.pkl.gz
20:30:15 | INFO | Reading file: embeddings_000244.pkl.gz
20:30:22 | INFO | Reading file: embeddings_000245.pkl.gz
20:30:29 | INFO | Reading file: embeddings_000246.pkl.gz
20:30:37 | INFO | Reading file: embeddings_000247.pkl.gz
20:30:44 | INFO | Reading file: embeddings_000248.pkl.gz
20:30:51 | INFO | Reading file: embeddings_000249.pkl.gz
20:30:58 | INFO | Reading file: embeddings_000250.pkl.gz
20:31:05 | INFO | Reading file: embeddings_000251.pkl.gz
20:31:12 | INFO | Reading file: embeddings_000252.pkl.gz
20:31:19 | INFO | Reading file: embeddings_000253.pkl.gz
20:31:27 | INFO | Reading file: embeddings_000254.pkl.gz
20:31:34 | INFO | Reading file: embeddings_000255.pkl.gz
20:31:41 | INFO | Reading file: embeddings_000256.pkl.gz
20:31:48 | INFO | Reading file: embeddings_000257.pkl.gz
20:31:55 | INFO | Reading file: embeddings_000258.pkl.gz
20:32:02 | INFO | Reading file: embeddings_000259.pkl.gz
20:32:10 | INFO | Reading file: embeddings_000260.pkl.gz
20:32:17 | INFO | Reading file: embeddings_000261.pkl.gz
20:32:24 | INFO | Reading file: embeddings_000262.pkl.gz
20:32:31 | INFO | Reading file: embeddings_000263.pkl.gz
20:32:39 | INFO | Reading file: embeddings_000264.pkl.gz
20:32:46 | INFO | Reading file: embeddings_000265.pkl.gz
20:32:53 | INFO | Reading file: embeddings_000266.pkl.gz
20:33:01 | INFO | Reading file: embeddings_000267.pkl.gz
20:33:08 | INFO | Reading file: embeddings_000268.pkl.gz
20:33:15 | INFO | Reading file: embeddings_000269.pkl.gz
20:33:23 | INFO | Reading file: embeddings_000270.pkl.gz
20:33:30 | INFO | Reading file: embeddings_000271.pkl.gz
20:33:37 | INFO | Reading file: embeddings_000272.pkl.gz
20:33:44 | INFO | Reading file: embeddings_000273.pkl.gz
20:33:51 | INFO | Reading file: embeddings_000274.pkl.gz
20:33:58 | INFO | Reading file: embeddings_000275.pkl.gz
20:34:05 | INFO | Reading file: embeddings_000276.pkl.gz
20:34:13 | INFO | Reading file: embeddings_000277.pkl.gz
20:34:20 | INFO | Reading file: embeddings_000278.pkl.gz
20:34:27 | INFO | Reading file: embeddings_000279.pkl.gz
20:34:34 | INFO | Reading file: embeddings_000280.pkl.gz
20:34:41 | INFO | Reading file: embeddings_000281.pkl.gz
20:34:48 | INFO | Reading file: embeddings_000282.pkl.gz
20:34:55 | INFO | Reading file: embeddings_000283.pkl.gz
20:35:02 | INFO | Reading file: embeddings_000284.pkl.gz
20:35:09 | INFO | Reading file: embeddings_000285.pkl.gz
20:35:17 | INFO | Reading file: embeddings_000286.pkl.gz
20:35:24 | INFO | Reading file: embeddings_000287.pkl.gz
20:35:31 | INFO | Reading file: embeddings_000288.pkl.gz
20:35:38 | INFO | Reading file: embeddings_000289.pkl.gz
20:35:45 | INFO | Reading file: embeddings_000290.pkl.gz
20:35:52 | INFO | Reading file: embeddings_000291.pkl.gz
20:36:00 | INFO | Reading file: embeddings_000292.pkl.gz
20:36:07 | INFO | Reading file: embeddings_000293.pkl.gz
20:36:14 | INFO | Reading file: embeddings_000294.pkl.gz
20:36:21 | INFO | Reading file: embeddings_000295.pkl.gz
20:36:29 | INFO | Reading file: embeddings_000296.pkl.gz
20:36:36 | INFO | Reading file: embeddings_000297.pkl.gz
20:36:43 | INFO | Reading file: embeddings_000298.pkl.gz
20:36:50 | INFO | Reading file: embeddings_000299.pkl.gz
20:36:57 | INFO | Reading file: embeddings_000300.pkl.gz
20:37:04 | INFO | Reading file: embeddings_000301.pkl.gz
20:37:11 | INFO | Reading file: embeddings_000302.pkl.gz
20:37:19 | INFO | Reading file: embeddings_000303.pkl.gz
20:37:26 | INFO | Reading file: embeddings_000304.pkl.gz
20:37:33 | INFO | Reading file: embeddings_000305.pkl.gz
20:37:40 | INFO | Reading file: embeddings_000306.pkl.gz
20:37:47 | INFO | Reading file: embeddings_000307.pkl.gz
20:37:54 | INFO | Reading file: embeddings_000308.pkl.gz
20:38:01 | INFO | Reading file: embeddings_000309.pkl.gz
20:38:09 | INFO | Reading file: embeddings_000310.pkl.gz
20:38:16 | INFO | Reading file: embeddings_000311.pkl.gz
20:38:23 | INFO | Reading file: embeddings_000312.pkl.gz
20:38:30 | INFO | Reading file: embeddings_000313.pkl.gz
20:38:37 | INFO | Reading file: embeddings_000314.pkl.gz
20:38:44 | INFO | Reading file: embeddings_000315.pkl.gz
20:38:51 | INFO | Reading file: embeddings_000316.pkl.gz
20:38:58 | INFO | Reading file: embeddings_000317.pkl.gz
20:39:06 | INFO | Reading file: embeddings_000318.pkl.gz
20:39:13 | INFO | Reading file: embeddings_000319.pkl.gz
20:39:20 | INFO | Reading file: embeddings_000320.pkl.gz
20:39:27 | INFO | Reading file: embeddings_000321.pkl.gz
20:39:34 | INFO | Reading file: embeddings_000322.pkl.gz
20:39:41 | INFO | Reading file: embeddings_000323.pkl.gz
20:39:48 | INFO | Reading file: embeddings_000324.pkl.gz
20:39:55 | INFO | Reading file: embeddings_000325.pkl.gz
20:40:02 | INFO | Reading file: embeddings_000326.pkl.gz
20:40:10 | INFO | Reading file: embeddings_000327.pkl.gz
20:40:17 | INFO | Reading file: embeddings_000328.pkl.gz
20:40:24 | INFO | Reading file: embeddings_000329.pkl.gz
20:40:31 | INFO | Reading file: embeddings_000330.pkl.gz
20:40:38 | INFO | Reading file: embeddings_000331.pkl.gz
20:40:45 | INFO | Reading file: embeddings_000332.pkl.gz
20:40:52 | INFO | Reading file: embeddings_000333.pkl.gz
20:40:59 | INFO | Reading file: embeddings_000334.pkl.gz
20:41:06 | INFO | Reading file: embeddings_000335.pkl.gz
20:41:13 | INFO | Reading file: embeddings_000336.pkl.gz
20:41:20 | INFO | Reading file: embeddings_000337.pkl.gz
20:41:27 | INFO | Reading file: embeddings_000338.pkl.gz
20:41:34 | INFO | Reading file: embeddings_000339.pkl.gz
20:41:42 | INFO | Reading file: embeddings_000340.pkl.gz
20:41:49 | INFO | Reading file: embeddings_000341.pkl.gz
20:41:56 | INFO | Reading file: embeddings_000342.pkl.gz
20:42:04 | INFO | Reading file: embeddings_000343.pkl.gz
20:42:11 | INFO | Reading file: embeddings_000344.pkl.gz
20:42:18 | INFO | Reading file: embeddings_000345.pkl.gz
20:42:25 | INFO | Reading file: embeddings_000346.pkl.gz
20:42:32 | INFO | Reading file: embeddings_000347.pkl.gz
20:42:39 | INFO | Reading file: embeddings_000348.pkl.gz
20:42:46 | INFO | Reading file: embeddings_000349.pkl.gz
20:42:53 | INFO | Reading file: embeddings_000350.pkl.gz
20:43:00 | INFO | Reading file: embeddings_000351.pkl.gz
20:43:07 | INFO | Reading file: embeddings_000352.pkl.gz
20:43:14 | INFO | Reading file: embeddings_000353.pkl.gz
20:43:21 | INFO | Reading file: embeddings_000354.pkl.gz
20:43:28 | INFO | Reading file: embeddings_000355.pkl.gz
20:43:36 | INFO | Reading file: embeddings_000356.pkl.gz
20:43:43 | INFO | Reading file: embeddings_000357.pkl.gz
20:43:50 | INFO | Reading file: embeddings_000358.pkl.gz
20:43:57 | INFO | Reading file: embeddings_000359.pkl.gz
20:44:04 | INFO | Reading file: embeddings_000360.pkl.gz
20:44:11 | INFO | Reading file: embeddings_000361.pkl.gz
20:44:18 | INFO | Reading file: embeddings_000362.pkl.gz
20:44:25 | INFO | Reading file: embeddings_000363.pkl.gz
20:44:32 | INFO | Reading file: embeddings_000364.pkl.gz
20:44:39 | INFO | Reading file: embeddings_000365.pkl.gz
20:44:46 | INFO | Reading file: embeddings_000366.pkl.gz
20:44:53 | INFO | Reading file: embeddings_000367.pkl.gz
20:45:00 | INFO | Reading file: embeddings_000368.pkl.gz
20:45:07 | INFO | Reading file: embeddings_000369.pkl.gz
20:45:14 | INFO | Reading file: embeddings_000370.pkl.gz
20:45:21 | INFO | Reading file: embeddings_000371.pkl.gz
20:45:28 | INFO | Reading file: embeddings_000372.pkl.gz
20:45:35 | INFO | Reading file: embeddings_000373.pkl.gz
20:45:42 | INFO | Reading file: embeddings_000374.pkl.gz
20:45:49 | INFO | Reading file: embeddings_000375.pkl.gz
20:45:56 | INFO | Reading file: embeddings_000376.pkl.gz
20:46:04 | INFO | Reading file: embeddings_000377.pkl.gz
20:46:11 | INFO | Reading file: embeddings_000378.pkl.gz
20:46:18 | INFO | Reading file: embeddings_000379.pkl.gz
20:46:25 | INFO | Reading file: embeddings_000380.pkl.gz
20:46:32 | INFO | Reading file: embeddings_000381.pkl.gz
20:46:39 | INFO | Reading file: embeddings_000382.pkl.gz
20:46:46 | INFO | Reading file: embeddings_000383.pkl.gz
20:46:53 | INFO | Reading file: embeddings_000384.pkl.gz
20:47:00 | INFO | Reading file: embeddings_000385.pkl.gz
20:47:07 | INFO | Reading file: embeddings_000386.pkl.gz
20:47:14 | INFO | Reading file: embeddings_000387.pkl.gz
20:47:21 | INFO | Reading file: embeddings_000388.pkl.gz
20:47:28 | INFO | Reading file: embeddings_000389.pkl.gz
20:47:35 | INFO | Reading file: embeddings_000390.pkl.gz
20:47:42 | INFO | Reading file: embeddings_000391.pkl.gz
20:47:50 | INFO | Reading file: embeddings_000392.pkl.gz
20:47:57 | INFO | Reading file: embeddings_000393.pkl.gz
20:48:04 | INFO | Reading file: embeddings_000394.pkl.gz
20:48:11 | INFO | Reading file: embeddings_000395.pkl.gz
20:48:18 | INFO | Reading file: embeddings_000396.pkl.gz
20:48:25 | INFO | Reading file: embeddings_000397.pkl.gz
20:48:32 | INFO | Reading file: embeddings_000398.pkl.gz
20:48:39 | INFO | Reading file: embeddings_000399.pkl.gz
20:48:46 | INFO | Reading file: embeddings_000400.pkl.gz
20:48:53 | INFO | Reading file: embeddings_000401.pkl.gz
20:49:00 | INFO | Reading file: embeddings_000402.pkl.gz
20:49:07 | INFO | Reading file: embeddings_000403.pkl.gz
20:49:14 | INFO | Reading file: embeddings_000404.pkl.gz
20:49:21 | INFO | Reading file: embeddings_000405.pkl.gz
20:49:28 | INFO | Reading file: embeddings_000406.pkl.gz
20:49:36 | INFO | Reading file: embeddings_000407.pkl.gz
20:49:43 | INFO | Reading file: embeddings_000408.pkl.gz
20:49:50 | INFO | Reading file: embeddings_000409.pkl.gz
20:49:57 | INFO | Reading file: embeddings_000410.pkl.gz
20:50:04 | INFO | Reading file: embeddings_000411.pkl.gz
20:50:11 | INFO | Reading file: embeddings_000412.pkl.gz
20:50:18 | INFO | Reading file: embeddings_000413.pkl.gz
20:50:25 | INFO | Reading file: embeddings_000414.pkl.gz
20:50:32 | INFO | Reading file: embeddings_000415.pkl.gz
20:50:38 | INFO | Reading file: embeddings_000416.pkl.gz
20:50:45 | INFO | Reading file: embeddings_000417.pkl.gz
20:50:52 | INFO | Reading file: embeddings_000418.pkl.gz
20:51:00 | INFO | Reading file: embeddings_000419.pkl.gz
20:51:07 | INFO | Reading file: embeddings_000420.pkl.gz
20:51:14 | INFO | Reading file: embeddings_000421.pkl.gz
20:51:21 | INFO | Reading file: embeddings_000422.pkl.gz
20:51:28 | INFO | Reading file: embeddings_000423.pkl.gz
20:51:35 | INFO | Reading file: embeddings_000424.pkl.gz
20:51:43 | INFO | Reading file: embeddings_000425.pkl.gz
20:51:50 | INFO | Reading file: embeddings_000426.pkl.gz
20:51:57 | INFO | Reading file: embeddings_000427.pkl.gz
20:52:04 | INFO | Reading file: embeddings_000428.pkl.gz
20:52:11 | INFO | Reading file: embeddings_000429.pkl.gz
20:52:18 | INFO | Reading file: embeddings_000430.pkl.gz
20:52:25 | INFO | Reading file: embeddings_000431.pkl.gz
20:52:33 | INFO | Reading file: embeddings_000432.pkl.gz
20:52:40 | INFO | Reading file: embeddings_000433.pkl.gz
20:52:47 | INFO | Reading file: embeddings_000434.pkl.gz
20:52:54 | INFO | Reading file: embeddings_000435.pkl.gz
20:53:02 | INFO | Reading file: embeddings_000436.pkl.gz
20:53:11 | INFO | Reading file: embeddings_000437.pkl.gz
20:53:18 | INFO | Reading file: embeddings_000438.pkl.gz
20:53:26 | INFO | Reading file: embeddings_000439.pkl.gz
20:53:34 | INFO | Reading file: embeddings_000440.pkl.gz
20:53:42 | INFO | Reading file: embeddings_000441.pkl.gz
20:53:49 | INFO | Reading file: embeddings_000442.pkl.gz
20:53:56 | INFO | Reading file: embeddings_000443.pkl.gz
20:54:04 | INFO | Reading file: embeddings_000444.pkl.gz
20:54:11 | INFO | Reading file: embeddings_000445.pkl.gz
20:54:18 | INFO | Reading file: embeddings_000446.pkl.gz
20:54:25 | INFO | Reading file: embeddings_000447.pkl.gz
20:54:32 | INFO | Reading file: embeddings_000448.pkl.gz
20:54:39 | INFO | Reading file: embeddings_000449.pkl.gz
20:54:46 | INFO | Reading file: embeddings_000450.pkl.gz
20:54:53 | INFO | Reading file: embeddings_000451.pkl.gz
20:55:00 | INFO | Reading file: embeddings_000452.pkl.gz
20:55:07 | INFO | Reading file: embeddings_000453.pkl.gz
20:55:14 | INFO | Reading file: embeddings_000454.pkl.gz
20:55:21 | INFO | Reading file: embeddings_000455.pkl.gz
20:55:28 | INFO | Reading file: embeddings_000456.pkl.gz
20:55:35 | INFO | Reading file: embeddings_000457.pkl.gz
20:55:42 | INFO | Reading file: embeddings_000458.pkl.gz
20:55:50 | INFO | Reading file: embeddings_000459.pkl.gz
20:55:57 | INFO | Reading file: embeddings_000460.pkl.gz
20:56:04 | INFO | Reading file: embeddings_000461.pkl.gz
20:56:11 | INFO | Reading file: embeddings_000462.pkl.gz
20:56:18 | INFO | Reading file: embeddings_000463.pkl.gz
20:56:25 | INFO | Reading file: embeddings_000464.pkl.gz
20:56:32 | INFO | Reading file: embeddings_000465.pkl.gz
20:56:39 | INFO | Reading file: embeddings_000466.pkl.gz
20:56:46 | INFO | Reading file: embeddings_000467.pkl.gz
20:56:53 | INFO | Reading file: embeddings_000468.pkl.gz
20:57:00 | INFO | Reading file: embeddings_000469.pkl.gz
20:57:07 | INFO | Reading file: embeddings_000470.pkl.gz
20:57:14 | INFO | Reading file: embeddings_000471.pkl.gz
20:57:21 | INFO | Reading file: embeddings_000472.pkl.gz
20:57:28 | INFO | Reading file: embeddings_000473.pkl.gz
20:57:35 | INFO | Reading file: embeddings_000474.pkl.gz
20:57:43 | INFO | Reading file: embeddings_000475.pkl.gz
20:57:50 | INFO | Reading file: embeddings_000476.pkl.gz
20:57:57 | INFO | Reading file: embeddings_000477.pkl.gz
20:58:04 | INFO | Reading file: embeddings_000478.pkl.gz
20:58:11 | INFO | Reading file: embeddings_000479.pkl.gz
20:58:18 | INFO | Reading file: embeddings_000480.pkl.gz
20:58:25 | INFO | Reading file: embeddings_000481.pkl.gz
20:58:32 | INFO | Reading file: embeddings_000482.pkl.gz
20:58:39 | INFO | Reading file: embeddings_000483.pkl.gz
20:58:46 | INFO | Reading file: embeddings_000484.pkl.gz
20:58:54 | INFO | Reading file: embeddings_000485.pkl.gz
20:59:02 | INFO | Reading file: embeddings_000486.pkl.gz
20:59:09 | INFO | Reading file: embeddings_000487.pkl.gz
20:59:17 | INFO | Reading file: embeddings_000488.pkl.gz
20:59:25 | INFO | Reading file: embeddings_000489.pkl.gz
20:59:32 | INFO | Reading file: embeddings_000490.pkl.gz
20:59:39 | INFO | Reading file: embeddings_000491.pkl.gz
20:59:46 | INFO | Reading file: embeddings_000492.pkl.gz
20:59:53 | INFO | Reading file: embeddings_000493.pkl.gz
21:00:00 | INFO | Reading file: embeddings_000494.pkl.gz
21:00:08 | INFO | Reading file: embeddings_000495.pkl.gz
21:00:15 | INFO | Reading file: embeddings_000496.pkl.gz
21:00:22 | INFO | Reading file: embeddings_000497.pkl.gz
21:00:29 | INFO | Reading file: embeddings_000498.pkl.gz
21:00:36 | INFO | Reading file: embeddings_000499.pkl.gz
21:00:43 | INFO | Reading file: embeddings_000500.pkl.gz
21:00:50 | INFO | Reading file: embeddings_000501.pkl.gz
21:00:57 | INFO | Reading file: embeddings_000502.pkl.gz
21:01:05 | INFO | Reading file: embeddings_000503.pkl.gz
21:01:12 | INFO | Reading file: embeddings_000504.pkl.gz
21:01:19 | INFO | Reading file: embeddings_000505.pkl.gz
21:01:26 | INFO | Reading file: embeddings_000506.pkl.gz
21:01:33 | INFO | Reading file: embeddings_000507.pkl.gz
21:01:40 | INFO | Reading file: embeddings_000508.pkl.gz
21:01:47 | INFO | Reading file: embeddings_000509.pkl.gz
21:01:54 | INFO | Reading file: embeddings_000510.pkl.gz
21:02:01 | INFO | Reading file: embeddings_000511.pkl.gz
21:02:09 | INFO | Reading file: embeddings_000512.pkl.gz
21:02:16 | INFO | Reading file: embeddings_000513.pkl.gz
21:02:23 | INFO | Reading file: embeddings_000514.pkl.gz
21:02:30 | INFO | Reading file: embeddings_000515.pkl.gz
21:02:37 | INFO | Reading file: embeddings_000516.pkl.gz
21:02:44 | INFO | Reading file: embeddings_000517.pkl.gz
21:02:51 | INFO | Reading file: embeddings_000518.pkl.gz
21:02:58 | INFO | Reading file: embeddings_000519.pkl.gz
21:03:05 | INFO | Reading file: embeddings_000520.pkl.gz
21:03:13 | INFO | Reading file: embeddings_000521.pkl.gz
21:03:20 | INFO | Reading file: embeddings_000522.pkl.gz
21:03:27 | INFO | Reading file: embeddings_000523.pkl.gz
21:03:34 | INFO | Reading file: embeddings_000524.pkl.gz
21:03:41 | INFO | Reading file: embeddings_000525.pkl.gz
21:03:48 | INFO | Reading file: embeddings_000526.pkl.gz
21:03:55 | INFO | Reading file: embeddings_000527.pkl.gz
21:04:02 | INFO | Reading file: embeddings_000528.pkl.gz
21:04:09 | INFO | Reading file: embeddings_000529.pkl.gz
21:04:16 | INFO | Reading file: embeddings_000530.pkl.gz
21:04:23 | INFO | Reading file: embeddings_000531.pkl.gz
21:04:31 | INFO | Reading file: embeddings_000532.pkl.gz
21:04:38 | INFO | Reading file: embeddings_000533.pkl.gz
21:04:46 | INFO | Reading file: embeddings_000534.pkl.gz
21:04:53 | INFO | Reading file: embeddings_000535.pkl.gz
21:05:01 | INFO | Reading file: embeddings_000536.pkl.gz
21:05:09 | INFO | Reading file: embeddings_000537.pkl.gz
21:05:16 | INFO | Reading file: embeddings_000538.pkl.gz
21:05:24 | INFO | Reading file: embeddings_000539.pkl.gz
21:05:31 | INFO | Reading file: embeddings_000540.pkl.gz
21:05:38 | INFO | Reading file: embeddings_000541.pkl.gz
21:05:45 | INFO | Reading file: embeddings_000542.pkl.gz
21:05:53 | INFO | Reading file: embeddings_000543.pkl.gz
21:06:00 | INFO | Reading file: embeddings_000544.pkl.gz
21:06:07 | INFO | Reading file: embeddings_000545.pkl.gz
21:06:15 | INFO | Reading file: embeddings_000546.pkl.gz
21:06:22 | INFO | Reading file: embeddings_000547.pkl.gz
21:06:29 | INFO | Reading file: embeddings_000548.pkl.gz
21:06:37 | INFO | Reading file: embeddings_000549.pkl.gz
21:06:44 | INFO | Reading file: embeddings_000550.pkl.gz
21:06:51 | INFO | Reading file: embeddings_000551.pkl.gz
21:06:58 | INFO | Reading file: embeddings_000552.pkl.gz
21:07:05 | INFO | Reading file: embeddings_000553.pkl.gz
21:07:12 | INFO | Reading file: embeddings_000554.pkl.gz
21:07:19 | INFO | Reading file: embeddings_000555.pkl.gz
21:07:26 | INFO | Reading file: embeddings_000556.pkl.gz
21:07:33 | INFO | Reading file: embeddings_000557.pkl.gz
21:07:41 | INFO | Reading file: embeddings_000558.pkl.gz
21:07:48 | INFO | Reading file: embeddings_000559.pkl.gz
21:07:55 | INFO | Reading file: embeddings_000560.pkl.gz
21:08:02 | INFO | Reading file: embeddings_000561.pkl.gz
21:08:09 | INFO | Reading file: embeddings_000562.pkl.gz
21:08:17 | INFO | Reading file: embeddings_000563.pkl.gz
21:08:24 | INFO | Reading file: embeddings_000564.pkl.gz
21:08:31 | INFO | Reading file: embeddings_000565.pkl.gz
21:08:38 | INFO | Reading file: embeddings_000566.pkl.gz
21:08:45 | INFO | Reading file: embeddings_000567.pkl.gz
21:08:52 | INFO | Reading file: embeddings_000568.pkl.gz
21:08:59 | INFO | Reading file: embeddings_000569.pkl.gz
21:09:07 | INFO | Reading file: embeddings_000570.pkl.gz
21:09:14 | INFO | Reading file: embeddings_000571.pkl.gz
21:09:21 | INFO | Reading file: embeddings_000572.pkl.gz
21:09:28 | INFO | Reading file: embeddings_000573.pkl.gz
21:09:35 | INFO | Reading file: embeddings_000574.pkl.gz
21:09:42 | INFO | Reading file: embeddings_000575.pkl.gz
21:09:49 | INFO | Reading file: embeddings_000576.pkl.gz
21:09:56 | INFO | Reading file: embeddings_000577.pkl.gz
21:10:03 | INFO | Reading file: embeddings_000578.pkl.gz
21:10:10 | INFO | Reading file: embeddings_000579.pkl.gz
21:10:17 | INFO | Reading file: embeddings_000580.pkl.gz
21:10:24 | INFO | Reading file: embeddings_000581.pkl.gz
21:10:32 | INFO | Reading file: embeddings_000582.pkl.gz
21:10:39 | INFO | Reading file: embeddings_000583.pkl.gz
21:10:46 | INFO | Reading file: embeddings_000584.pkl.gz
21:10:53 | INFO | Reading file: embeddings_000585.pkl.gz
21:11:00 | INFO | Reading file: embeddings_000586.pkl.gz
21:11:07 | INFO | Reading file: embeddings_000587.pkl.gz
21:11:14 | INFO | Reading file: embeddings_000588.pkl.gz
21:11:21 | INFO | Reading file: embeddings_000589.pkl.gz
21:11:28 | INFO | Reading file: embeddings_000590.pkl.gz
21:11:35 | INFO | Reading file: embeddings_000591.pkl.gz
21:11:43 | INFO | Reading file: embeddings_000592.pkl.gz
21:11:49 | INFO | Reading file: embeddings_000593.pkl.gz
21:11:57 | INFO | Reading file: embeddings_000594.pkl.gz
21:12:04 | INFO | Reading file: embeddings_000595.pkl.gz
21:12:11 | INFO | Reading file: embeddings_000596.pkl.gz
21:12:18 | INFO | Reading file: embeddings_000597.pkl.gz
21:12:25 | INFO | Reading file: embeddings_000598.pkl.gz
21:12:32 | INFO | Reading file: embeddings_000599.pkl.gz
21:12:40 | INFO | Reading file: embeddings_000600.pkl.gz
21:12:47 | INFO | Reading file: embeddings_000601.pkl.gz
21:12:54 | INFO | Reading file: embeddings_000602.pkl.gz
21:13:01 | INFO | Reading file: embeddings_000603.pkl.gz
21:13:08 | INFO | Reading file: embeddings_000604.pkl.gz
21:13:16 | INFO | Reading file: embeddings_000605.pkl.gz
21:13:23 | INFO | Reading file: embeddings_000606.pkl.gz
21:13:31 | INFO | Reading file: embeddings_000607.pkl.gz
21:13:38 | INFO | Reading file: embeddings_000608.pkl.gz
21:13:45 | INFO | Reading file: embeddings_000609.pkl.gz
21:13:52 | INFO | Reading file: embeddings_000610.pkl.gz
21:14:13 | INFO | Saved 82283 embeddings to data/model/surgery/semantic/pubmedbert_2025.current.pkl.gz
