rank,concept_a_id,concept_b_id,concept_a,concept_b,score,semantic_score,gnn_score
1,16625,62330,cox regression analysis,quality of life,0.992666,0.9908845,0.99979204
2,2475,47475,adverse event rates,neoadjuvant chemotherapy,0.99250084,0.991083,0.99817204
3,41197,62330,lung lobectomy,quality of life,0.9923594,0.9909231,0.99810433
4,47525,60744,neoadjuvant therapy,prognostic risk factors,0.9918549,0.99048305,0.99734205
5,17926,58118,deceased-donor liver transplantation,postoperative outcomes,0.9913087,0.99029833,0.99535
6,10406,23160,cardiac surgery,enhanced recovery pathways,0.9912164,0.98963964,0.99752337
7,580,62380,90-day mortality,quality-adjusted life years,0.99103147,0.9890644,0.9988997
8,59718,63562,preoperative pulmonary function,recurrence-free survival,0.9905589,0.98861545,0.9983328
9,49061,76197,nonroutine discharge,total hip arthroplasty,0.9904585,0.990515,0.99023235
10,27473,51940,gastrointestinal cancer,pancreatic adenocarcinoma,0.9901366,0.9884099,0.99704367
11,13335,73463,clinical outcomes,symptom trajectories,0.99010974,0.9900898,0.9901896
12,13335,16779,clinical outcomes,critical limb threatening ischemia,0.9898888,0.99182993,0.98212427
13,46763,73800,myocardial infarction,systemic immune inflammatory index,0.989825,0.98826456,0.99606663
14,3633,40495,anastomotic stricture,long-term survival,0.98969036,0.98726207,0.9994035
15,45187,65584,modified 5-factor frailty index,risk factors,0.9895376,0.9876731,0.99699557
16,695,72631,abdominal compartment syndrome,surgical outcomes,0.98892343,0.9866188,0.99814177
17,15313,74622,computed tomography,textbook outcome,0.988807,0.9867194,0.99715734
18,10628,30287,cardiovascular outcomes,hepatocellular carcinoma,0.98873305,0.9862548,0.99864584
19,58118,72449,postoperative outcomes,surgical feasibility,0.98843604,0.98627704,0.99707174
20,54551,58118,perioperative mortality rate,postoperative outcomes,0.9880569,0.98556477,0.99802506
21,57561,63544,postoperative complications,recurrence score,0.9880102,0.985768,0.99697876
22,32715,58118,ileosigmoid anastomosis,postoperative outcomes,0.987967,0.9863941,0.99425864
23,38224,72631,laparoscopic pelvic exenteration,surgical outcomes,0.9878026,0.98645675,0.99318576
24,59797,65584,preoperative spirometry,risk factors,0.9877996,0.986803,0.9917857
25,54299,60719,perihilar cholangiocarcinoma,prognostic markers,0.98779106,0.98544323,0.99718225
26,46612,72884,musculoskeletal pain,surgical site infection,0.9877777,0.98793006,0.9871683
27,20716,72631,dutch pancreatic cancer audit,surgical outcomes,0.98768485,0.9876995,0.9876259
28,60980,67688,propensity score matching,serum amyloid a,0.9876332,0.98540616,0.99654144
29,44333,73632,microvascular invasion,synchronous liver metastases,0.9875751,0.9854595,0.9960373
30,57561,81321,postoperative complications,vocal cord function,0.9875136,0.9902112,0.97672313
31,41505,59740,lymphovascular invasion,preoperative risk assessment,0.98745275,0.98465675,0.9986368
32,19766,57745,distal pancreatectomy,postoperative fever,0.98743683,0.98552656,0.99507785
33,59474,76226,preoperative hemoglobin levels,total knee arthroplasty,0.987321,0.98469245,0.997835
34,39853,60193,liver transplantation,primary hepatocellular carcinoma,0.9872175,0.98469085,0.997324
35,38317,73827,laparoscopic surgery,systemic inflammatory index,0.98714507,0.98483294,0.9963935
36,10203,58925,carcinoembryonic antigen,predictive efficacy,0.9870413,0.9851562,0.99458164
37,32888,72552,imaging techniques,surgical management,0.9868861,0.9865176,0.9883599
38,10406,62328,cardiac surgery,quality of discharge teaching,0.986686,0.98702765,0.9853194
39,5609,13335,arterial blood gas analysis,clinical outcomes,0.9866413,0.98499113,0.99324185
40,12567,54909,chronic kidney disease,peritoneal cancer index,0.9865868,0.9834099,0.99929464
41,14399,52709,colorectal cancer,pathological complete resection,0.98650646,0.98553014,0.9904117
42,22776,72714,endoscopic treatment,surgical procedures,0.98647964,0.9835767,0.9980913
43,60815,62901,progression-free survival,randomized control trials,0.9864396,0.9899324,0.9724683
44,20286,65584,drain fluid amylase concentration,risk factors,0.9863381,0.98659724,0.9853013
45,15670,60815,contact x-ray brachytherapy boost,progression-free survival,0.9863326,0.98524845,0.99066913
46,68691,76197,simplified frailty index,total hip arthroplasty,0.9862815,0.9887527,0.9763965
47,29829,76197,hemodynamic instability,total hip arthroplasty,0.98626995,0.98343605,0.99760556
48,58247,72388,postoperative recovery,surgical difficulty,0.9862334,0.98311114,0.9987224
49,5554,54084,area under the curve,perforated appendicitis,0.98607093,0.98371476,0.9954957
50,29498,58049,healthcare utilization,postoperative mortality,0.985986,0.98273945,0.99897194
51,1492,58909,acute ischaemic stroke,predictive accuracy,0.98595697,0.9875444,0.979607
52,16631,70972,cox regression models,stereotactic body radiation therapy,0.9859567,0.9842784,0.99267006
53,5555,29223,area under the receiver operating characteristic,hazard ratio,0.9858484,0.9833171,0.99597377
54,42192,63562,malignant gastric outlet obstruction,recurrence-free survival,0.98581487,0.9830426,0.99690384
55,13343,47475,clinical pathways,neoadjuvant chemotherapy,0.9857046,0.9847685,0.9894489
56,52796,62330,pathological staging,quality of life,0.9856417,0.9825668,0.9979413
57,43109,50412,median survival,open surgery,0.9854925,0.9819494,0.999665
58,973,23636,absolute neutrophil count,esophageal cancer,0.9854414,0.9844877,0.9892559
59,38317,67453,laparoscopic surgery,sentinel basin dissection,0.9854004,0.9874466,0.97721535
60,39178,76800,length of stay,transcatheter arterial embolization,0.9853787,0.98252755,0.99678314
61,28251,43681,glucagon-like peptide-1 receptor agonists,metabolic syndrome,0.9852374,0.98230207,0.9969789
62,34458,76556,inflammatory markers,traditional chinese medicine,0.9852096,0.98299754,0.99405754
63,31710,57561,hospital-level differences,postoperative complications,0.98520756,0.98252803,0.99592566
64,2398,65834,advanced stage,risk stratification,0.98519945,0.98245287,0.99618596
65,3633,76299,anastomotic stricture,total parenteral nutrition,0.9851535,0.98234826,0.9963744
66,40168,54572,locally advanced gastric adenocarcinoma,perioperative outcomes,0.9851364,0.9829169,0.99401456
67,15953,63562,conventional management,recurrence-free survival,0.9851225,0.98685944,0.9781748
68,6575,73026,back pain,surgical treatment,0.9850352,0.98331857,0.99190134
69,19614,52710,disease-free survival rates,pathological complete response,0.9850162,0.9816228,0.9985897
70,36804,60980,intravenous sedation,propensity score matching,0.98497176,0.98407215,0.98857003
71,20292,53554,drain insertion,pediatric patients,0.98487234,0.9896082,0.96592885
72,1500,6822,acute kidney injury,bare metal stent,0.9848092,0.9819468,0.99625885
73,31657,48998,hospital stay,noninvasive positive pressure ventilation,0.9847865,0.987356,0.97450846
74,15627,57561,conservative surgical treatment,postoperative complications,0.98471963,0.9814408,0.997835
75,14399,35761,colorectal cancer,intestinal-type histology,0.98461616,0.9838651,0.9876204
76,2301,58118,advanced epithelial ovarian cancer,postoperative outcomes,0.9845927,0.9809625,0.99911326
77,3057,10430,all-cause mortality,cardiac surgery-associated acute kidney injury,0.9845834,0.98114794,0.99832505
78,1406,51940,acute decompensation,pancreatic adenocarcinoma,0.9843323,0.98599905,0.9776654
79,27085,62959,gastric cancer,rapid recovery protocol,0.9842858,0.98166174,0.9947818
80,33870,57605,independent predictors,postoperative day,0.98420537,0.9808148,0.99776745
81,4147,54572,anion gap,perioperative outcomes,0.98416555,0.98542005,0.9791477
82,41339,59602,lymph node metastasis,preoperative neutrophil/lymphocyte ratio,0.98411685,0.9883881,0.9670318
83,16807,48748,crohn's disease,non-operative treatment,0.9840866,0.98349285,0.98646134
84,16727,58049,creatinine level,postoperative mortality,0.9840855,0.9807668,0.9973604
85,1500,31613,acute kidney injury,hospital operative volume,0.9840146,0.9819142,0.9924159
86,2477,38580,adverse events,laser-assisted balloon angioplasty,0.983971,0.9866614,0.97320956
87,60501,75427,procedural complications,thrombus formation,0.9839707,0.9854081,0.9782209
88,6791,50679,banded sleeve gastrectomy,operative time,0.983955,0.9808801,0.9962548
89,28506,47474,grade 3-4 toxicity,neoadjuvant chemoradiotherapy,0.9838913,0.9875665,0.96919066
90,1554,60524,acute myocardial infarction,procedural outcomes,0.98388535,0.98117024,0.99474585
91,50412,60906,open surgery,prolonged hospitalization,0.9837899,0.98005843,0.99871564
92,338,63331,30-day postoperative complication,rectal cancer,0.983718,0.9822635,0.9895356
93,3057,46556,all-cause mortality,muscle mass loss,0.98369473,0.98033375,0.9971385
94,34777,79407,inpatient length of stay,unplanned reoperation,0.98367786,0.98769635,0.96760374
95,57561,81576,postoperative complications,web-based intervention,0.9836143,0.98036397,0.9966156
96,2134,73093,adjuvant therapy,surgical wait time,0.9835515,0.9848108,0.9785144
97,317,59489,30-day mortality,preoperative identification,0.9835434,0.9797569,0.9986891
98,14399,16994,colorectal cancer,ct-based radiomics,0.98353714,0.98173887,0.9907301
99,24550,62717,extrahepatic bile duct cancer,radiofrequency ablation,0.9835242,0.98120433,0.9928034
100,15351,65087,computed tomography scans,retrospective analysis,0.9835119,0.9832039,0.98474425
101,41319,58017,lymph node dissection,postoperative management,0.9834756,0.9814792,0.9914613
102,13335,42578,clinical outcomes,maternal outcomes,0.9834361,0.98433995,0.9798206
103,23934,62330,eus imaging,quality of life,0.9833711,0.9852291,0.97593904
104,35216,47475,interleukin 6,neoadjuvant chemotherapy,0.9832742,0.97954583,0.9981876
105,34389,53952,inflammatory burden,percutaneous coronary intervention,0.98325104,0.9846817,0.97752804
106,16625,59269,cox regression analysis,preoperative carcinoembryonic antigen,0.98324716,0.9798558,0.9968124
107,15148,54773,complication rates,peripheral morbidity,0.9832449,0.98235816,0.98679185
108,51666,65584,pack-years of smoking,risk factors,0.9832096,0.9804986,0.99405354
109,54879,58981,periprosthetic joint infection,predictive risk factors,0.98300266,0.9840333,0.97888035
110,58188,60926,postoperative pneumonia,prolonged oxygen therapy,0.9829803,0.98397,0.97902143
111,3596,40448,anastomotic leak,long-term patency,0.9829444,0.9798663,0.99525696
112,68996,69204,sirs duration,sleeve gastrectomy,0.9828837,0.97989196,0.9948508
113,8524,9630,blood transfusion,c-reactive protein level,0.98288274,0.9794377,0.99666256
114,35722,49539,intestinal resection,nutritional status,0.982867,0.9793187,0.99706036
115,39241,50679,lesion diameter,operative time,0.98282164,0.9801058,0.9936848
116,9127,53952,braga score,percutaneous coronary intervention,0.9827263,0.98148245,0.9877015
117,34000,39715,indocyanine green,liver function,0.9826422,0.98062,0.9907307
118,29528,80024,heart failure,valve repair,0.98263055,0.9812072,0.98832405
119,57439,64612,postoperative bleeding,resection rate,0.9825546,0.97952646,0.9946672
120,22786,40050,endoscopic ultrasound,local recurrence-free survival,0.9825468,0.9797212,0.9938492
121,13208,69543,clinical decision-making,socioeconomic status,0.9825157,0.97898406,0.9966421
122,45991,72884,multi-incision laparoscopic cholecystectomy,surgical site infection,0.982483,0.98149407,0.98643875
123,33489,39160,in-hospital length of stay,length of hospital stay,0.98242664,0.9790412,0.9959681
124,41339,79231,lymph node metastasis,undifferentiated histological type,0.9824014,0.9827576,0.9809761
125,13222,41931,clinical effectiveness,major complications,0.98236406,0.9789175,0.9961505
126,62330,72956,quality of life,surgical success,0.98235565,0.9788952,0.99619734
127,66149,76226,robotic surgical approach,total knee arthroplasty,0.98230094,0.9799508,0.9917014
128,21098,63562,early postoperative stage,recurrence-free survival,0.9822557,0.9817888,0.98412293
129,8447,49381,blood loss,numeric pain rating scale,0.98221415,0.9803854,0.98952895
130,22739,69039,endoscopic submucosal dissection,skeletal mass index,0.9821995,0.98529017,0.96983665
131,9624,80165,c-reactive protein,vascular adhesion protein-1,0.98218554,0.9835016,0.97692126
132,47881,62330,neurological assessment,quality of life,0.98213035,0.98684466,0.963273
133,9246,57561,brca2 mutation,postoperative complications,0.9820612,0.98221934,0.9814286
134,54345,73203,perineural invasion,survival after recurrence,0.9820408,0.9791709,0.9935202
135,30333,56785,hepatopancreatic surgery,post-hepatectomy liver failure,0.982025,0.98818153,0.9573991
136,31657,53715,hospital stay,pelvic mri,0.9820025,0.9800116,0.9899659
137,15993,47475,conventionally fractionated radiotherapy,neoadjuvant chemotherapy,0.9819973,0.9832444,0.9770089
138,16552,52891,covid-19 history,patient characteristics,0.98198664,0.9839649,0.9740733
139,9624,39103,c-reactive protein,left-sided colectomy,0.9819346,0.97814274,0.99710184
140,29906,78381,hemorrhage complications,tumor size,0.9818651,0.9811265,0.9848194
141,356,51970,30-day readmission rate,pancreatic cancer resection,0.98186445,0.9798038,0.99010694
142,800,72370,abdominal surgery,surgical decision-making,0.981854,0.9801664,0.9886044
143,6866,44785,bariatric surgery,minor complication rate,0.98182625,0.978834,0.9937954
144,14541,24248,colorectal surgery,explainable artificial intelligence,0.98182607,0.9919694,0.9412526
145,8447,57943,blood loss,postoperative intracranial hemorrhage,0.98180944,0.983293,0.97587526
146,3031,58041,alimentary tract reconstruction,postoperative morbidity,0.9817864,0.9797417,0.9899649
147,19611,73166,disease-free survival,surveillance frequency,0.98168814,0.98136526,0.98297954
148,21595,60640,elderly patients,prognosis after resection,0.9816713,0.9810894,0.98399884
149,36364,38317,intraoperative fluid volume,laparoscopic surgery,0.9816704,0.9786428,0.9937803
150,8733,76357,body weight loss,total weight loss percentage,0.98162854,0.98627174,0.9630557
151,63563,73209,recurrence-free survival rate,survival analysis,0.98151433,0.97754693,0.9973839
152,22611,48292,endoscopic management,nissen fundoplication,0.9814649,0.9864609,0.9614806
153,38450,65584,large hemispheric infarction,risk factors,0.98142684,0.9832707,0.97405124
154,23564,61928,erector spinae plane block,pulmonary complications,0.9812032,0.9775475,0.99582577
155,43625,45494,metabolic dysfunction,morbid obesity,0.9811828,0.99137306,0.94042164
156,1522,63193,acute limb ischemia,receiver operating characteristic analysis,0.98118114,0.9805731,0.98361325
157,57561,72246,postoperative complications,surgical appendectomy,0.98112214,0.97767514,0.99490994
158,15148,61847,complication rates,pulmonary arterial hypertension,0.98110425,0.9786258,0.99101806
159,12461,58974,chronic coronary syndrome,predictive performance,0.98109895,0.97713,0.9969747
160,57440,78381,postoperative bleeding complication,tumor size,0.9810822,0.9785765,0.991105
161,10160,58118,carbohydrate antigen 19.9,postoperative outcomes,0.9810639,0.9782601,0.99227893
162,12507,21595,chronic health conditions,elderly patients,0.98096126,0.9813712,0.97932124
163,580,61038,90-day mortality,prophylactic antibiotics,0.9809163,0.97684836,0.99718815
164,8700,69415,body mass index,smoking cessation programs,0.9809068,0.9797515,0.98552763
165,58118,78530,postoperative outcomes,tumor-node-metastasis stages,0.98088574,0.97791255,0.9927785
166,58842,72884,prealbumin level,surgical site infection,0.9808182,0.97714406,0.9955147
167,317,22142,30-day mortality,emergent admissions,0.9807578,0.9767308,0.9968657
168,265,29223,30-d readmission,hazard ratio,0.9807312,0.9788309,0.98833233
169,39853,46578,liver transplantation,muscle volume loss,0.980672,0.9798078,0.9841287
170,27085,81822,gastric cancer,whole exome sequencing,0.9806288,0.986942,0.9553761
171,51970,72994,pancreatic cancer resection,surgical techniques,0.980563,0.98226583,0.9737515
172,580,10530,90-day mortality,cardiopulmonary comorbidities,0.9804641,0.98267996,0.97160083
173,33533,76952,in-stent restenosis,transfemoral access,0.98045975,0.9793829,0.984767
174,29489,34217,healthcare resource utilization,infectious complications,0.98040164,0.9761488,0.9974131
175,66266,72884,rockwood clinical frailty scale,surgical site infection,0.98038846,0.9778165,0.99067616
176,37483,72631,junior surgeon,surgical outcomes,0.9803593,0.97692686,0.994089
177,17112,73203,cumulative incidence,survival after recurrence,0.9803351,0.9773741,0.9921793
178,68729,78381,simultaneous resection,tumor size,0.9803194,0.9755913,0.99923146
179,40658,76197,low platelet count,total hip arthroplasty,0.9802455,0.97785985,0.98978794
180,28625,58118,graft migration,postoperative outcomes,0.9802313,0.98195064,0.97335356
181,355,50456,30-day readmission,open tibial shaft fractures,0.980164,0.98217344,0.9721262
182,491,40442,5-year mortality rates,long-term outcomes,0.98010796,0.98116255,0.97588944
183,18083,80677,deep vein thrombosis,venovenous extracorporeal membrane oxygenation,0.9800651,0.9814185,0.9746517
184,30200,64089,hepatic vein tumor thrombus,relapse-free survival,0.9800573,0.98243433,0.97054887
185,542,60815,7t mri,progression-free survival,0.9800312,0.9848567,0.960729
186,11424,49701,cell-free dna,observational study,0.9799597,0.9829726,0.96790814
187,46538,65584,muscle flap coverage,risk factors,0.9799402,0.97966605,0.98103654
188,21262,73812,eastern cooperative oncology group performance status,systemic inflammation,0.97993034,0.97583777,0.9963006
189,30577,62330,high sacrectomy,quality of life,0.97992814,0.97984743,0.9802509
190,21704,27085,elective laparoscopic surgery,gastric cancer,0.97990704,0.9758245,0.9962369
191,36390,73090,intraoperative hemorrhage,surgical volume,0.97985125,0.9767734,0.9921624
192,25621,39160,financial toxicity,length of hospital stay,0.9798466,0.975044,0.9990571
193,48104,59819,neutrophil-to-lymphocyte ratio,preoperative symptoms,0.9797967,0.97530156,0.9977773
194,23355,53952,epicardial clipping,percutaneous coronary intervention,0.9797869,0.9836928,0.9641628
195,6866,55925,bariatric surgery,platelet level,0.9797508,0.9772683,0.9896808
196,55960,78416,platelet-lymphocyte ratio,tumor staging,0.97966725,0.9760719,0.9940487
197,41339,70357,lymph node metastasis,stage ib lung adenocarcinoma,0.9796174,0.9769657,0.9902242
198,30953,43088,high-volume hospitals,median overall survival,0.97958887,0.97513366,0.9974094
199,14485,81534,colorectal liver metastasis,watch-and-wait management,0.97948945,0.98169726,0.9706579
200,16757,72519,critical care management,surgical intervention,0.9794826,0.98164326,0.97083974
201,53545,63562,pediatric osteosarcoma,recurrence-free survival,0.97945476,0.9815083,0.97124046
202,31008,81201,hip disability and osteoarthritis outcome score,visual analog scale,0.9794424,0.9871569,0.9485843
203,53036,61945,patient prognosis,pulmonary embolism,0.9794407,0.97482455,0.99790525
204,34000,77616,indocyanine green,treatment options,0.97942936,0.9768415,0.9897808
205,41590,57240,machine learning models,posterior spinal fusion,0.9793726,0.9752935,0.995689
206,39972,73209,local advanced rectal cancer,survival analysis,0.979275,0.9777949,0.9851954
207,39178,75129,length of stay,thoracoscopic left upper lobectomy,0.9791639,0.97482103,0.99653494
208,45047,60980,mixed-effects logistic regression model,propensity score matching,0.9791549,0.97960544,0.97735256
209,2119,76276,adjuvant radiation,total neoadjuvant therapy,0.97915274,0.97795403,0.9839475
210,39806,81475,liver resection,waiting time for surgery,0.9791223,0.975657,0.9929831
211,21595,65051,elderly patients,retromuscular repair,0.97905886,0.97675043,0.9882924
212,10412,30287,cardiac surgery history,hepatocellular carcinoma,0.9789803,0.9800305,0.97477925
213,50679,74956,operative time,thoracic duct resection,0.97893095,0.9742011,0.9978503
214,2477,40451,adverse events,long-term patient outcomes,0.97888887,0.97947377,0.9765489
215,45233,45238,modified five-item frailty index,modified frailty index,0.97888327,0.97854316,0.9802438
216,4545,48785,anti-pd-1 therapy,non-small-cell lung cancer,0.9788769,0.9805155,0.9723226
217,9624,46566,c-reactive protein,muscle quantity,0.9788705,0.97681195,0.98710465
218,23928,46439,euroscore ii,multivariable models,0.9788312,0.9774459,0.98437226
219,8447,41472,blood loss,lymphocyte-monocyte ratio,0.97882575,0.97388273,0.9985977
220,44711,66229,minimally invasive surgery,robotic-assisted radical prostatectomy,0.97882557,0.9742483,0.99713457
221,59442,63331,preoperative functional capacity,rectal cancer,0.9788066,0.97458446,0.99569523
222,58049,76092,postoperative mortality,total aortic arch repair,0.97880113,0.9853227,0.95271456
223,21125,81606,early refeeding,weight loss,0.9787841,0.9788382,0.97856754
224,14399,42912,colorectal cancer,mechanical characteristics,0.9787563,0.9796657,0.9751185
225,24319,63536,extended surgery,recurrence rates,0.9787093,0.9772076,0.9847158
226,4224,53554,anorectal malformation,pediatric patients,0.9786762,0.9794012,0.97577614
227,29633,65834,heavy smoking,risk stratification,0.97856885,0.9752812,0.99171925
228,317,49052,30-day mortality,nonperforated appendicitis,0.97854817,0.9784395,0.9789828
229,26417,58118,frailty risk score,postoperative outcomes,0.9785091,0.97633845,0.9871917
230,37520,68324,kaplan-meier analysis,shared decision-making,0.97850657,0.9744872,0.9945838
231,30003,39806,hepatic adenoma,liver resection,0.9784926,0.98081976,0.969184
232,36261,67608,intraoperative bleeding,seroma rates,0.9784886,0.9782602,0.97940207
233,10532,57520,cardiopulmonary complications,postoperative chemotherapy,0.97838163,0.9747053,0.993087
234,39495,62330,linear staplers,quality of life,0.9783698,0.9759907,0.98788595
235,57561,60864,postoperative complications,proliferation index,0.9783684,0.97506887,0.9915665
236,32267,58041,hypoglycemic events,postoperative morbidity,0.97833717,0.97397894,0.99577004
237,6866,53094,bariatric surgery,patient self-management,0.9783151,0.9773167,0.9823086
238,8936,78381,borderline resectable cancer,tumor size,0.9782013,0.97956216,0.9727578
239,9640,53554,c-reactive protein-to-albumin ratio,pediatric patients,0.97817713,0.9775264,0.9807798
240,2082,46252,adjuvant chemotherapy,multimodal strategies,0.978149,0.9816048,0.9643257
241,41103,58255,lung cancer,postoperative recovery time,0.978031,0.9737438,0.9951798
242,40262,72956,logistic regression,surgical success,0.9778828,0.97576797,0.986342
243,30937,52891,high-sensitivity troponin t,patient characteristics,0.97787243,0.9749367,0.9896152
244,17648,34776,cytoreductive surgery,inpatient hospitalizations,0.977792,0.9779834,0.97702664
245,23159,58171,enhanced recovery pathway,postoperative period,0.97777766,0.9760567,0.9846615
246,47419,72552,negative resection margin,surgical management,0.9777758,0.9737279,0.9939673
247,31657,57973,hospital stay,postoperative length of hospital stay,0.97775686,0.97233826,0.9994312
248,52630,58974,pathologic complete response,predictive performance,0.9776901,0.97227263,0.99935967
249,46967,72334,naples prognostic score,surgical complications,0.97767985,0.9722454,0.99941754
250,16616,45643,cox proportional hazards regression,mortality outcomes,0.9776507,0.9755774,0.9859437
251,7853,73838,bioelectrical impedance analysis,systemic inflammatory response syndrome,0.97764647,0.97367775,0.99352103
252,58918,63196,predictive capacity,receiver operating characteristic curves,0.97763747,0.98338723,0.95463836
253,33898,47951,independent risk factor,neuron-specific enolase,0.97763574,0.974196,0.9913946
254,10026,78921,cancer-specific survival,uicc stage ii,0.9775914,0.97881806,0.9726847
255,31637,65216,hospital readmissions,revision rates,0.9775558,0.9765143,0.98172194
256,3907,72519,aneurysm morphology,surgical intervention,0.9775089,0.98518544,0.94680274
257,21595,60717,elderly patients,prognostic information,0.977457,0.97290605,0.9956607
258,15634,73771,consolidation chemotherapy,systemic chemotherapy,0.9774347,0.98240477,0.9575542
259,58118,82112,postoperative outcomes,xgb model,0.9773663,0.97293156,0.99510527
260,120,72782,18f-fdg pet/ct imaging,surgical resection,0.9773588,0.9778698,0.9753145
261,6866,73023,bariatric surgery,surgical trauma,0.977332,0.9719918,0.9986928
262,50640,69535,operative mortality,socioeconomic disparities,0.97731984,0.97219634,0.99781346
263,888,50679,ablation techniques,operative time,0.97730505,0.9771763,0.97781986
264,42040,78472,major response,tumor volume,0.9772936,0.9844877,0.94851714
265,14145,45498,colon cancer resection,morbidity and mortality,0.9772657,0.97357255,0.99203837
266,18273,34893,delayed graft function,insulin resistance,0.9772313,0.97757393,0.97586083
267,39853,73861,liver transplantation,systemic recurrence-free survival,0.97721934,0.9752079,0.98526496
268,3575,3587,anastomotic complications,anastomotic fistula,0.9771897,0.97502035,0.9858671
269,50054,60980,on-pump technique,propensity score matching,0.9770998,0.9746985,0.9867048
270,15659,50679,consultant surgeons,operative time,0.9770612,0.97746164,0.97545946
271,31733,64448,hospitalization costs,repeat surgery,0.97706044,0.97353995,0.9911423
272,25790,62686,five-year survival rates,radical surgery,0.9770599,0.9748971,0.98571116
273,39853,80413,liver transplantation,vascular thrombosis,0.97702914,0.97530353,0.9839315
274,666,62905,abdominal aortic aneurysm,randomized controlled trials,0.97701776,0.97213566,0.996546
275,38051,50619,laparoscopic complete mesocolic excision,operative duration,0.97700167,0.97790134,0.9734028
276,6976,18083,baseline characteristics,deep vein thrombosis,0.97699434,0.97172594,0.9980678
277,3601,60544,anastomotic leakage,procedural time,0.97698927,0.97345686,0.99111885
278,18971,27085,diagnostic utility,gastric cancer,0.9769231,0.97567785,0.98190385
279,281,65855,30-day complications,risk-adjusted cumulative sum,0.97691,0.9747741,0.9854535
280,27480,58295,gastrointestinal complications,postoperative respiratory failure,0.97680295,0.9723672,0.9945458
281,8447,65083,blood loss,retropubic radical prostatectomy,0.97677934,0.97623074,0.9789738
282,55904,69430,platelet count,smoking status,0.9767495,0.9712891,0.9985909
283,13571,65584,clinically relevant complications,risk factors,0.97673607,0.9726983,0.9928872
284,32216,58512,hyperthermic intraperitoneal chemotherapy,postoperative wound infection,0.97670436,0.9723049,0.99430215
285,3416,10406,anaesthesia duration,cardiac surgery,0.97662187,0.9720191,0.99503314
286,60258,60272,primary outcome,primary percutaneous coronary intervention,0.97661304,0.9726614,0.9924198
287,4321,58118,anterior communicating artery aneurysm,postoperative outcomes,0.9766064,0.9829843,0.9510949
288,18691,51344,diabetes mellitus,outpatient tka,0.97652173,0.9721238,0.99411327
289,23593,63080,erythrocyte sedimentation rate,readmission rates,0.97645724,0.9710798,0.9979668
290,18324,80649,delayed treatment,venous thromboembolism,0.97645295,0.97261566,0.9918018
291,6866,12751,bariatric surgery,chronic warfarin therapy,0.9764319,0.9750377,0.98200846
292,2082,46425,adjuvant chemotherapy,multivariable cox proportional hazards regression,0.9764272,0.9733689,0.9886606
293,39178,67107,length of stay,secondary patency rate,0.9763899,0.97212493,0.99344975
294,20272,63562,doxorubicin-eluting microspheres,recurrence-free survival,0.9763734,0.97359526,0.9874857
295,1500,50477,acute kidney injury,open wound,0.9763665,0.9727418,0.9908655
296,3109,14399,allogeneic red blood cells,colorectal cancer,0.976317,0.9723408,0.9922214
297,41847,76226,major adverse cardiovascular and cerebrovascular events,total knee arthroplasty,0.97626466,0.97153723,0.9951742
298,55960,58125,platelet-lymphocyte ratio,postoperative pain,0.97624505,0.97066575,0.9985623
299,21136,22123,early reoperation,emergency surgery,0.97623396,0.97199076,0.99320686
300,3601,62880,anastomotic leakage,random forest classifier,0.9762254,0.9810687,0.95685214
301,9624,58117,c-reactive protein,postoperative organ failure,0.9762243,0.9767075,0.97429115
302,63079,73900,readmission rate,systolic blood pressure,0.9762167,0.9713911,0.9955189
303,15165,49539,complications during hospitalization,nutritional status,0.9761307,0.9808559,0.95722985
304,30287,52723,hepatocellular carcinoma,pathological factors,0.9761099,0.97144455,0.9947714
305,12567,19076,chronic kidney disease,diastolic function,0.9760906,0.9742658,0.9833897
306,37101,58118,ischemia-modified albumin,postoperative outcomes,0.9760467,0.9739552,0.9844124
307,23801,47419,esophagogastric junction,negative resection margin,0.9760357,0.9886869,0.9254308
308,38437,64256,large bowel resection,renal failure,0.9759983,0.9744941,0.9820148
309,14541,49526,colorectal surgery,nutritional risk assessment,0.9758914,0.97531676,0.9781899
310,40235,77710,locoregional recurrence,treatment-emergent adverse events,0.97586656,0.9816159,0.9528689
311,41757,60958,magnetic resonance imaging,prone position,0.9758606,0.97208583,0.99095976
312,35871,78381,intra-hepatic recurrence,tumor size,0.9758377,0.9720643,0.99093115
313,3601,21645,anastomotic leakage,elective colorectal cancer resection,0.97581446,0.97424555,0.98208976
314,41505,58928,lymphovascular invasion,predictive factor,0.9757825,0.97039133,0.99734735
315,10406,45613,cardiac surgery,mortality data,0.9757724,0.9777721,0.96777344
316,3601,21104,anastomotic leakage,early readmission,0.9757483,0.97103655,0.9945951
317,42255,65110,malignant pleural effusion,retrospective review,0.97568965,0.9780251,0.9663476
318,38235,49882,laparoscopic proximal gastrectomy,odds ratio,0.9756856,0.9723736,0.9889333
319,54429,77044,perioperative blood transfusion,transfusion requirement,0.9756395,0.9717453,0.9912163
320,60739,80905,prognostic predictor,vessel invasion,0.97562736,0.9792837,0.96100205
321,18272,65104,delayed gastric emptying,retrospective investigation,0.97562253,0.9864849,0.9321731
322,3601,77527,anastomotic leakage,treatment completion rate,0.97561854,0.9703085,0.99685884
323,45924,48104,mucosal healing,neutrophil-to-lymphocyte ratio,0.9756064,0.9721881,0.98927945
324,34762,44711,inpatient cholecystectomy,minimally invasive surgery,0.97557384,0.97305363,0.98565453
325,37093,78222,ischemia time,tumor location,0.9755353,0.9711811,0.9929519
326,636,72631,aast classification,surgical outcomes,0.9754359,0.98133194,0.9518516
327,4571,6145,anti-thrombotic therapy,atrial fibrillation,0.9754249,0.9748615,0.9776784
328,1414,27991,acute diverticulitis,geriatric patients,0.9753162,0.9714022,0.9909723
329,65675,78381,risk factors for overall survival,tumor size,0.97528535,0.9822281,0.9475141
330,16198,59307,coronary artery disease,preoperative clinical parameters,0.97526276,0.975091,0.9759496
331,50301,64089,open hepatectomy,relapse-free survival,0.97526187,0.9697453,0.99732804
332,1382,21864,acute cholecystitis,electronic health record,0.9752567,0.97290176,0.9846762
333,29871,38029,hemoglobin changes,laparoscopic cholecystectomy,0.9752302,0.9746655,0.9774892
334,36964,72304,inverse probability weighting,surgical characteristics,0.9752127,0.97430634,0.9788377
335,57454,76226,postoperative blood tests,total knee arthroplasty,0.9751754,0.97871655,0.9610109
336,54916,65584,peritoneal carcinosis,risk factors,0.9751675,0.9707606,0.99279505
337,56655,72884,positive surgical margins,surgical site infection,0.97513366,0.96898234,0.999739
338,52053,74381,pancreatic fistula,technical complications,0.9751328,0.977417,0.96599615
339,39778,78123,liver metastasis,tumor distribution,0.97510445,0.9831261,0.9430179
340,50369,57558,open radical cystectomy,postoperative complication rates,0.9750878,0.97058153,0.99311286
341,40048,40050,local recurrence rates,local recurrence-free survival,0.9750809,0.97120947,0.99056655
342,1673,76226,acute stent thrombosis,total knee arthroplasty,0.97502005,0.9755756,0.9727974
343,13335,55452,clinical outcomes,physical function assessment,0.97497565,0.9737153,0.98001695
344,23636,31122,esophageal cancer,histologic subtypes,0.9749669,0.9701221,0.99434596
345,13493,81994,clinical success rates,wound healing,0.97494906,0.9767288,0.96783006
346,299,40442,30-day infection rate,long-term outcomes,0.9749322,0.97623265,0.96973026
347,52710,73183,pathological complete response,surveillance protocol,0.9749112,0.9749258,0.9748526
348,48781,74426,non-small cell lung cancer,technical success,0.9749005,0.9687846,0.9993641
349,46234,48781,multimodal imaging,non-small cell lung cancer,0.97485983,0.9744967,0.97631216
350,2477,36343,adverse events,intraoperative ercp,0.974803,0.97566867,0.97134036
351,65835,70263,risk stratification model,st-segment elevation myocardial infarction,0.9747854,0.9707774,0.9908172
352,62523,65584,racial and ethnic differences,risk factors,0.9747356,0.9716709,0.9869941
353,21244,49973,early-stage non-small cell lung cancer,older adults,0.9747217,0.96971816,0.994736
354,27991,74239,geriatric patients,target vessel revascularization,0.9746931,0.9699737,0.9935707
355,54458,73505,perioperative complications,symptomatic gallstone disease,0.9746799,0.9703283,0.99208623
356,33499,34347,in-hospital mortality,inflammation markers,0.97466576,0.96932596,0.9960247
357,14541,35483,colorectal surgery,intersphincteric resection,0.9745992,0.9692457,0.99601316
358,19611,40470,disease-free survival,long-term renal function,0.97459614,0.9726283,0.9824676
359,59008,63193,predictive variables,receiver operating characteristic analysis,0.97458357,0.9708774,0.98940825
360,54472,80649,perioperative deep vein thrombosis,venous thromboembolism,0.97458214,0.9880264,0.920805
361,38166,56471,laparoscopic left hepatectomy,portal hypertension,0.974572,0.9774485,0.96306586
362,580,39114,90-day mortality,left-sided diverticulitis,0.9745565,0.97773105,0.96185833
363,39178,45867,length of stay,mucinous cystadenoma,0.9744854,0.97470593,0.9736032
364,40364,80995,long-term complications,video-assisted thoracic surgery,0.974458,0.9689961,0.99630547
365,19611,81951,disease-free survival,worse prognosis,0.9744515,0.9711357,0.9877144
366,4646,54572,antibiotic duration,perioperative outcomes,0.97444874,0.97240674,0.98261654
367,4679,34381,antibiotic therapy,inflammatory biomarkers,0.97443277,0.97024596,0.99118
368,7360,73026,bilateral colorectal liver metastases,surgical treatment,0.9744208,0.97353566,0.9779611
369,35063,70258,intensive medical therapy,st-elevation myocardial infarction,0.9743888,0.977853,0.9605317
370,36268,65103,intraoperative blood loss,retrospective evaluation,0.9743806,0.96869665,0.9971163
371,30953,31635,high-volume hospitals,hospital readmission rates,0.9743577,0.97078776,0.9886374
372,12567,42623,chronic kidney disease,matrix metalloproteinases,0.9743413,0.9725477,0.9815153
373,317,74602,30-day mortality,testosterone replacement therapy,0.9743394,0.96893746,0.9959472
374,1495,72994,acute ischemic stroke,surgical techniques,0.97432816,0.9687007,0.996838
375,13913,80028,cognitive impairment,valve replacement,0.9743094,0.9724123,0.9818978
376,59541,75968,preoperative levels,tnm stage,0.9742756,0.98291636,0.93971264
377,355,59040,30-day readmission,predictors of discharge,0.97426665,0.9707644,0.98827565
378,17224,37822,curative surgery,kras mutation,0.9742661,0.96916896,0.99465454
379,46996,73240,narrow-margin hepatectomy,survival outcomes,0.9742569,0.9703527,0.9898735
380,11931,22179,charlson comorbidity index,emergent resection,0.9742545,0.9702266,0.9903661
381,14527,81927,colorectal resection,work relative value unit,0.9742106,0.98385394,0.9356374
382,36268,70668,intraoperative blood loss,stapling technique,0.9741804,0.972023,0.9828099
383,39171,72782,length of operation,surgical resection,0.9741771,0.96823156,0.99795926
384,1554,54599,acute myocardial infarction,perioperative pulmonary embolism,0.97417647,0.97530884,0.9696469
385,22435,69204,endometrial cancer surgery,sleeve gastrectomy,0.974162,0.97118235,0.98608035
386,10988,78945,catheter-related bloodstream infection,ulcerative colitis,0.97414494,0.97201604,0.9826605
387,27253,57561,gastric nodularity,postoperative complications,0.97414,0.9741599,0.9740603
388,53132,65096,patient-centered care,retrospective cohort study,0.9740974,0.9707691,0.98741025
389,6154,53554,atrial fibrillation recurrence,pediatric patients,0.9740871,0.9704039,0.9888199
390,67542,80457,septic shock,vasoactive-inotropic scores,0.9740677,0.990337,0.9089902
391,21262,33104,eastern cooperative oncology group performance status,immune-inflammation index,0.9740646,0.9854952,0.9283419
392,50509,50679,operating intervention,operative time,0.9740571,0.97547466,0.9683867
393,2517,41103,adverse prognosis,lung cancer,0.9740434,0.9783448,0.9568378
394,60507,78945,procedural duration,ulcerative colitis,0.97403586,0.9718875,0.9826292
395,13540,76798,clinical variables,transcatheter arterial chemoembolization,0.9740328,0.9699532,0.9903514
396,345,79408,30-day postoperative morbidity,unplanned reoperations,0.9740129,0.9741633,0.97341126
397,27330,63562,gastric tube cancer,recurrence-free survival,0.9740075,0.97138083,0.98451406
398,10435,39178,cardiac surgical cases,length of stay,0.9740066,0.96946734,0.9921634
399,46678,62330,mycobacterium avium complex,quality of life,0.9740014,0.97569364,0.96723235
400,5492,31657,appendicular stump closure,hospital stay,0.9739967,0.96885854,0.99454933
401,19117,78789,dietary counseling,type 2 diabetes,0.9739833,0.9748589,0.97048056
402,2059,12630,adjusted hazard ratios,chronic obstructive pulmonary disease,0.973983,0.9705865,0.98756915
403,51748,63331,pain evaluation,rectal cancer,0.97397995,0.9800924,0.94952995
404,5237,76785,aortic valve calcium score,transcatheter aortic valve implantation,0.9739431,0.98490113,0.9301111
405,39003,76789,left ventricle,transcatheter aortic valve replacement,0.973943,0.9735178,0.9756437
406,50390,54572,open resections,perioperative outcomes,0.97393155,0.9693075,0.99242765
407,39178,72178,length of stay,surgery under general anesthesia,0.97392166,0.9691956,0.99282587
408,15147,71810,complication rate,superficial infections,0.9739046,0.97040725,0.98789376
409,41576,45777,machine learning,mri tumour regression grade,0.97389245,0.98126906,0.9443857
410,2724,76226,age-related morbidity,total knee arthroplasty,0.9738605,0.9750217,0.96921545
411,13335,72402,clinical outcomes,surgical drain placement,0.97385234,0.97021705,0.98839337
412,37554,40080,karnofsky performance status,local tumor progression,0.97384864,0.96873975,0.9942841
413,47520,54572,neoadjuvant systemic chemotherapy,perioperative outcomes,0.97384024,0.96817195,0.9965134
414,8700,71241,body mass index,stricture recurrence rate,0.9738398,0.9765806,0.9628766
415,15321,41338,computed tomography body composition,lymph node metastases,0.97383666,0.9790906,0.95282096
416,46349,72631,multiple stones,surgical outcomes,0.9738365,0.9770621,0.9609338
417,13335,20326,clinical outcomes,drainage tube duration,0.97382337,0.97380334,0.97390354
418,247,47496,3-year progression-free survival,neoadjuvant immunochemotherapy,0.9738173,0.975465,0.9672263
419,57903,68001,postoperative infection,serum total protein,0.973802,0.974963,0.9691579
420,281,21790,30-day complications,elective total hip arthroplasty,0.9737851,0.97372425,0.97402835
421,14399,57306,colorectal cancer,postmenopausal women,0.9737633,0.96833,0.99549615
422,39621,53952,liquid chromatography-mass spectrometry,percutaneous coronary intervention,0.9737285,0.9753272,0.9673336
423,3601,9419,anastomotic leakage,bronchial stump reinforcement,0.9737009,0.9799298,0.94878536
424,3057,3239,all-cause mortality,ambulatory care,0.97367024,0.9734268,0.9746439
425,40263,52281,logistic regression analyses,papillary thyroid carcinoma,0.97365993,0.9790162,0.95223475
426,39806,40466,liver resection,long-term recurrence,0.97365594,0.9697845,0.9891418
427,2477,63655,adverse events,recurrent ischemia,0.97364014,0.97507554,0.9678984
428,44897,69204,mitochondrial metabolism,sleeve gastrectomy,0.973615,0.9757623,0.96502566
429,27480,49525,gastrointestinal complications,nutritional risk,0.9736084,0.9691038,0.9916266
430,23148,53184,enhanced recovery after surgery,patient-related risk factors,0.9735847,0.970456,0.9860994
431,1578,58523,acute pancreatitis,postpancreaticoduodenectomy hemorrhage,0.97354925,0.9882791,0.91462964
432,20291,56785,drain fluid volume,post-hepatectomy liver failure,0.9735472,0.9789185,0.9520619
433,3057,54428,all-cause mortality,perioperative blood product transfusion,0.97349584,0.9756615,0.9648333
434,8447,41043,blood loss,lumbar spine procedures,0.97349495,0.9687289,0.9925592
435,31657,48714,hospital stay,non-metastatic gastric cancer,0.97344625,0.9681603,0.99459016
436,54933,72631,peritoneal drain,surgical outcomes,0.97342426,0.96855766,0.9928906
437,23022,53105,endovascular revascularization,patient survival,0.97330785,0.96801156,0.9944931
438,1554,66691,acute myocardial infarction,same-day procedures,0.97328985,0.9704882,0.9844965
439,8357,57561,blood biochemistry,postoperative complications,0.97328144,0.9734812,0.9724826
440,10159,74795,carbohydrate antigen 19-9,therapeutic outcomes,0.9732418,0.9691705,0.98952687
441,6866,52936,bariatric surgery,patient disposition,0.9732249,0.97000855,0.98608994
442,65584,65987,risk factors,robot-assisted surgery,0.9732226,0.9666852,0.9993722
443,476,54345,5-year cancer-specific survival,perineural invasion,0.97320807,0.96748066,0.9961176
444,39405,54458,lightweight mesh,perioperative complications,0.97320575,0.97334,0.9726687
445,15504,56007,confusion assessment method,pleural effusion,0.973168,0.96843064,0.9921176
446,2254,50350,advanced age,open pancreaticoduodenectomy,0.9731561,0.96708095,0.9974567
447,38405,73004,laparoscopy-assisted surgery,surgical time,0.9731239,0.9732222,0.9727308
448,27085,67372,gastric cancer,semi-dry dot-blot method,0.97311395,0.97646105,0.9597253
449,6866,54656,bariatric surgery,perioperative vte,0.9730718,0.96878034,0.9902374
450,22725,72694,endoscopic sphincterotomy,surgical procedure,0.97304165,0.96990305,0.9855958
451,16187,21855,coronary artery bypass grafting,electromyographic activity,0.97303075,0.97132486,0.97985405
452,37550,63535,karnofsky index,recurrence rate,0.9729861,0.9709819,0.98100257
453,16198,40414,coronary artery disease,long-term kidney function,0.9729551,0.96939373,0.98720026
454,7697,64262,biliopancreatic limb,renal function,0.97288966,0.9715541,0.9782316
455,5474,72782,appendiceal stump,surgical resection,0.9728526,0.9728318,0.97293574
456,32216,67881,hyperthermic intraperitoneal chemotherapy,serum lactate dehydrogenase,0.972834,0.97598505,0.9602297
457,5822,66073,asa score,robotic low anterior resection,0.9728217,0.96852434,0.99001104
458,8700,53080,body mass index,patient satisfaction rate,0.9728057,0.9687373,0.9890792
459,46433,58065,multivariable logistic regression,postoperative nausea,0.9727999,0.966709,0.9971635
460,42291,79399,malnourished patients,unplanned readmission,0.9727838,0.9676682,0.993246
461,23495,45494,epithelial-to-mesenchymal transition,morbid obesity,0.97278285,0.97299767,0.9719234
462,13204,22087,clinical decision support,emergency laparotomy,0.9727476,0.9754794,0.9618204
463,47266,73921,near-infrared spectroscopy,systolic pulmonary artery pressure,0.9727098,0.9798615,0.94410264
464,5212,8593,aortic stenosis,blunt cardiac injury,0.97265285,0.98395073,0.9274614
465,2477,29288,adverse events,hcc recurrence rates,0.9726363,0.9725893,0.97282404
466,12476,29223,chronic disease,hazard ratio,0.97261274,0.9764381,0.957311
467,31657,36497,hospital stay,intraoperative rupture,0.97261024,0.9788648,0.94759184
468,6878,27085,bariatric surgery outcomes,gastric cancer,0.9725969,0.9663688,0.9975089
469,31657,58644,hospital stay,potassium supplementation,0.9725582,0.9689969,0.9868035
470,14660,27771,common bile duct exploration,general anesthesia,0.9725275,0.9670588,0.99440247
471,3414,60815,anaerobic threshold,progression-free survival,0.9725266,0.96633154,0.9973067
472,29882,73816,hemoglobin levels,systemic inflammation markers,0.97250354,0.97063714,0.9799692
473,13335,39771,clinical outcomes,liver metastasectomy,0.972466,0.9667941,0.9951533
474,26200,60980,fontan conversion surgery,propensity score matching,0.97246057,0.9733686,0.96882844
475,74824,78289,therapeutic targets,tumor necrosis factor-α,0.97243494,0.9732362,0.96923
476,15147,70589,complication rate,standardized technique,0.9724217,0.9698813,0.98258317
477,18272,79440,delayed gastric emptying,unresectable disease,0.9724045,0.96912795,0.9855106
478,5433,25076,apparent diffusion coefficient,feature selection,0.9723997,0.9737302,0.9670776
479,13335,21221,clinical outcomes,early-onset surgical site infection,0.9723673,0.97000283,0.98182493
480,29651,36129,helicobacter pylori eradication,intrahepatic cholangiocarcinoma,0.9723623,0.97260916,0.97137487
481,36242,78789,intraoperative anemia,type 2 diabetes,0.9723397,0.9820778,0.9333873
482,23063,54035,endovascular treatment,percutaneous stenting,0.9723284,0.9771992,0.9528451
483,14399,67273,colorectal cancer,selective nonoperative management,0.9722894,0.9729278,0.96973574
484,3601,45982,anastomotic leakage,multi-disciplinary team,0.97228724,0.9758144,0.9581786
485,38302,72630,laparoscopic sleeve gastrectomy,surgical outcome risk tool,0.9722691,0.97007096,0.98106176
486,9624,12715,c-reactive protein,chronic subdural hematomas,0.9722676,0.9809115,0.93769234
487,9624,48575,c-reactive protein,non-cystic fibrosis bronchiectasis,0.9722629,0.9698048,0.98209524
488,10607,59949,cardiovascular events,pressure ulcers,0.9721991,0.9720558,0.9727721
489,54963,74285,peritoneal metastases,targeted therapy,0.9721825,0.9669904,0.9929507
490,29648,58915,helicobacter pylori,predictive biomarkers,0.9721798,0.97756004,0.9506585
491,1573,57439,acute pain,postoperative bleeding,0.972175,0.96929854,0.9836807
492,22682,40821,endoscopic resection,low-volume hospitals,0.97212505,0.967119,0.99214935
493,12358,78789,cholinergic anti-inflammatory pathway,type 2 diabetes,0.9720746,0.97430193,0.9631654
494,53087,69204,patient scar assessment questionnaire,sleeve gastrectomy,0.97206813,0.9689811,0.9844162
495,13023,59531,clavien-dindo classification,preoperative laboratory tests,0.97206223,0.9683459,0.98692733
496,2956,25167,albumin levels,female gender,0.97205234,0.965313,0.9990097
497,17219,59173,curative resection,preoperative adjuvant chemotherapy,0.97204334,0.96689045,0.9926548
498,39677,41868,liver cirrhosis,major adverse liver outcomes,0.9720377,0.9839421,0.92441994
499,8524,72590,blood transfusion,surgical modality,0.97200584,0.9662448,0.9950499
500,41103,71884,lung cancer,superior sulcus tumors,0.97196394,0.96836084,0.98637635
501,4497,41639,anti-inflammatory cytokines,macrophage infiltration,0.97194076,0.9786491,0.9451073
502,2637,72884,age categories,surgical site infection,0.97189945,0.9666517,0.9928906
503,60491,67670,procalcitonin levels,serum albumin level,0.971849,0.96813893,0.9866894
504,7810,46433,biochemical parameters,multivariable logistic regression,0.97184557,0.9652946,0.9980494
505,328,10521,30-day overall morbidity,cardiopulmonary bypass,0.97180873,0.96823466,0.9861048
506,14446,67569,colorectal cancer surgery,serious adverse events,0.97180164,0.9664437,0.99323326
507,57554,64089,postoperative comorbidities,relapse-free survival,0.97179943,0.968493,0.9850251
508,29,46752,1-year mortality,myocardial dysfunction,0.9717929,0.97001284,0.978913
509,58125,61894,postoperative pain,pulmonary artery systolic pressure,0.9717504,0.96571,0.99591184
510,19471,72552,discharge destination,surgical management,0.97174746,0.96634823,0.99334407
511,47419,75976,negative resection margin,tnm staging system,0.9717396,0.9663911,0.99313337
512,56577,60815,positive circumferential resection margin,progression-free survival,0.97172266,0.9652227,0.9977223
513,35039,60725,intensive care unit readmission,prognostic nutritional index,0.97171247,0.9667158,0.991699
514,41812,67668,maintenance hemodialysis,serum albumin,0.97170275,0.97708863,0.950159
515,56538,69204,portal venous pressure,sleeve gastrectomy,0.97163796,0.9671281,0.9896774
516,2477,49386,adverse events,numeric rating scale pain scores,0.9715442,0.9717585,0.970687
517,37620,52630,khorana score,pathologic complete response,0.9714813,0.9670379,0.98925495
518,17956,53554,decisional conflict,pediatric patients,0.9714764,0.97735107,0.9479775
519,39019,57439,left ventricular assist device implantation,postoperative bleeding,0.97147626,0.96741796,0.9877094
520,770,13384,abdominal pain,clinical profile,0.97146606,0.9785095,0.94329244
521,770,60156,abdominal pain,primary endpoint,0.97141635,0.9660955,0.9926997
522,38007,58127,laparoscopic appendectomy,postoperative pain control,0.97140086,0.96735483,0.98758477
523,34383,65103,inflammatory bowel disease,retrospective evaluation,0.97134745,0.96582896,0.9934215
524,53973,73812,percutaneous endoscopic gastrostomy,systemic inflammation,0.971339,0.9697291,0.9777785
525,27990,80857,geriatric nutritional risk index,vertical sleeve gastrectomy,0.97133315,0.97191095,0.96902174
526,31005,37771,hip arthroplasty,knee injury and osteoarthritis outcome score,0.97131836,0.9735411,0.96242744
527,16317,62535,coronary revascularization,racial disparity,0.9713038,0.96654755,0.99032885
528,359,21107,30-day readmissions,early readmissions,0.971217,0.9740303,0.95996356
529,36397,66410,intraoperative hypotension,ruptured abdominal aortic aneurysm,0.9712111,0.96463645,0.9975096
530,13335,70048,clinical outcomes,spleen-preserving laparoscopic distal pancreatectomy,0.9712044,0.9676819,0.9852941
531,1535,15874,acute lung injury,control group,0.97119236,0.97167534,0.96926033
532,22024,23053,emergency cholecystectomy,endovascular therapy,0.9711803,0.9688919,0.98033386
533,14485,57388,colorectal liver metastasis,postoperative anemia,0.971164,0.96512437,0.9953223
534,19611,30345,disease-free survival,hepcidin levels,0.97115076,0.97684515,0.94837296
535,13058,31598,clavien-dindo graded complications,hospital length of stay,0.97114795,0.96489775,0.99614847
536,6866,78371,bariatric surgery,tumor samples,0.97113955,0.9652304,0.9947761
537,14095,29916,collateral circulation,hemorrhagic complications,0.9711372,0.97771525,0.9448251
538,39160,45646,length of hospital stay,mortality prediction models,0.97113127,0.9724963,0.9656713
539,51036,72631,organ function improvement,surgical outcomes,0.9711056,0.9739618,0.9596807
540,16001,54458,conversion operations,perioperative complications,0.97106576,0.9683413,0.98196363
541,29880,60677,hemoglobin level,prognostic biomarkers,0.97104955,0.96804374,0.9830729
542,16499,77616,cost-utility analysis,treatment options,0.97104466,0.97758806,0.9448709
543,19611,62661,disease-free survival,radical nephroureterectomy,0.9710375,0.9639834,0.9992537
544,44711,59015,minimally invasive surgery,predictor of recurrence,0.9710274,0.96666235,0.98848724
545,38732,73209,lauren's classification,survival analysis,0.9710237,0.98127055,0.9300361
546,55055,82023,permanent pacemaker implantation,wound infection,0.97101367,0.96422976,0.99814904
547,38317,50640,laparoscopic surgery,operative mortality,0.97096944,0.9638205,0.99956506
548,15021,63080,complex abdominal wall hernias,readmission rates,0.9709512,0.9701911,0.9739913
549,41338,71388,lymph node metastases,sub-lobar resection,0.9709077,0.96829796,0.98134655
550,5212,19004,aortic stenosis,dialysis requirement,0.97089934,0.97036856,0.9730224
551,14484,68422,colorectal liver metastases,short-term complications,0.9708893,0.96398145,0.99852055
552,53554,76948,pediatric patients,transesophageal echocardiogram,0.9708886,0.97408366,0.9581083
553,18855,69204,diagnostic delays,sleeve gastrectomy,0.97088486,0.96841943,0.9807463
554,371,58144,30-day serious complications,postoperative pancreatic fistula,0.97085947,0.965063,0.9940455
555,50555,66042,operating time,robotic esophagectomy,0.9707922,0.96484673,0.99457365
556,29498,61194,healthcare utilization,prostate cancer,0.97078466,0.97094834,0.9701301
557,38317,39396,laparoscopic surgery,light gradient boosting machine,0.9707712,0.96518254,0.9931257
558,21185,81982,early surgical site infection,wound dehiscence,0.9707545,0.97526735,0.952703
559,38302,72062,laparoscopic sleeve gastrectomy,surgeon's learning curve,0.97075206,0.9683857,0.98021746
560,44510,72893,military health system,surgical site infections,0.9707364,0.97311723,0.9612128
561,27446,40495,gastroesophageal junction tumors,long-term survival,0.9707293,0.9654938,0.99167097
562,41495,72782,lymphoid stroma,surgical resection,0.9707281,0.9753975,0.95205027
563,29457,68579,health-related quality of life,sigmoid volvulus,0.9707263,0.96411526,0.9971705
564,13191,37529,clinical data,kaplan-meier method,0.9707052,0.966777,0.9864179
565,16185,59583,coronary artery bypass graft,preoperative mortality risk,0.97070503,0.9778022,0.9423164
566,25176,50136,female patients,one anastomosis gastric bypass,0.97070354,0.96410644,0.9970919
567,24930,31657,fast-track surgery program,hospital stay,0.97069246,0.9644456,0.99567986
568,47475,56620,neoadjuvant chemotherapy,positive lymph node status,0.97067356,0.9647535,0.99435353
569,29528,54500,heart failure,perioperative glycemic control,0.97060597,0.96556526,0.9907685
570,18065,46763,deep sedation,myocardial infarction,0.9706018,0.9687543,0.97799164
571,10592,49105,cardiovascular disease,nontobacco nicotine dependence,0.9705993,0.96820426,0.98017913
572,770,72827,abdominal pain,surgical risk,0.9705858,0.9643827,0.9953981
573,46988,74426,narrow gastric conduit,technical success,0.97057843,0.97053796,0.9707402
574,35180,52900,interhospital transfer,patient comorbidities,0.97054136,0.97350454,0.9586886
575,19766,75229,distal pancreatectomy,three-dimensional simulation,0.9705405,0.98131883,0.927427
576,6145,18925,atrial fibrillation,diagnostic procedures,0.97053874,0.9668315,0.9853674
577,45652,77637,mortality rate,treatment planning,0.9705261,0.9654598,0.99079096
578,18691,72121,diabetes mellitus,surgery interval,0.9705074,0.9646376,0.99398625
579,32942,81606,immortal time bias,weight loss,0.97050667,0.9682505,0.97953093
580,43578,65834,mesorectal fat area,risk stratification,0.97048867,0.96608,0.988123
581,41947,65584,major general surgery,risk factors,0.97047955,0.9663032,0.9871846
582,41275,72334,lung-sparing resection,surgical complications,0.9704417,0.9692784,0.9750948
583,8447,63728,blood loss,recurrent tumors,0.97043645,0.97124285,0.9672108
584,10188,39178,carbon nanoparticle suspension injection,length of stay,0.970406,0.9637334,0.9970962
585,43656,71209,metabolic parameters,stress hyperglycemia ratio,0.97039676,0.97799426,0.94000655
586,1933,72519,adherence to surveillance,surgical intervention,0.97039217,0.9683594,0.97852314
587,4682,73775,antibiotic treatment,systemic complications,0.9703801,0.96734923,0.9825036
588,11209,78945,cd47 blockade,ulcerative colitis,0.9703763,0.9748116,0.95263505
589,57371,58171,postoperative analgesia,postoperative period,0.9703722,0.96478003,0.9927407
590,13491,66241,clinical success,robotic-assisted surgery,0.97031826,0.96469814,0.9927988
591,23748,55967,esophageal squamous cell cancer,platelet/lymphocyte ratio,0.9702052,0.96889794,0.97543406
592,16616,63082,cox proportional hazards regression,readmission risk,0.9701702,0.9633271,0.9975425
593,64815,75126,respiratory function,thoracoscopic esophagectomy,0.97015756,0.97710735,0.94235843
594,26523,51959,fresh frozen plasma,pancreatic cancer,0.9701446,0.9632841,0.9975867
595,51735,79399,pain assessment,unplanned readmission,0.97010833,0.967283,0.98140943
596,60694,66767,prognostic factor,sarcopenic obesity,0.9700849,0.96313864,0.99786997
597,54550,78102,perioperative mortality,tumor deposit,0.97005343,0.96419054,0.99350464
598,317,16063,30-day mortality,coordinated care,0.9700426,0.96850127,0.97620785
599,11824,18083,cervical disc arthroplasty,deep vein thrombosis,0.9700395,0.97035134,0.9687922
600,13224,39936,clinical efficacy,living-donor liver transplantation,0.9699567,0.9681318,0.9772563
601,60342,65221,primary total knee arthroplasty,revision surgery,0.9699281,0.96637726,0.9841314
602,497,50167,5-year overall survival,one-year survival,0.96989834,0.9631738,0.9967963
603,33499,72509,in-hospital mortality,surgical innovations,0.9698961,0.9667564,0.98245484
604,34064,42787,induction time,mean arterial pressure,0.9698584,0.9834796,0.9153735
605,10406,46078,cardiac surgery,multicentre randomized trial,0.96985483,0.96725297,0.98026204
606,39267,50679,less-invasive surgery,operative time,0.9698182,0.9689633,0.97323734
607,20247,81977,double-tract reconstruction,wound complications,0.969802,0.96488035,0.98948854
608,666,77026,abdominal aortic aneurysm,transfusion incidence,0.9697913,0.9700042,0.9689397
609,19555,60571,disease control rate,procedure time,0.9697387,0.96440977,0.9910546
610,1615,60491,acute pulmonary embolism,procalcitonin levels,0.9697331,0.9800317,0.9285388
611,31290,72782,histopathological complete response,surgical resection,0.96973014,0.9648647,0.98919183
612,48785,74284,non-small-cell lung cancer,targeted therapies,0.96973,0.9677576,0.9776195
613,12630,73860,chronic obstructive pulmonary disease,systemic recurrence rate,0.96970344,0.97003806,0.9683648
614,8467,81201,blood parameters,visual analog scale,0.9696961,0.9722401,0.95952
615,4906,78789,antithrombotic management,type 2 diabetes,0.9696484,0.9747712,0.94915724
616,52670,78343,pathologic regression,tumor regression grade,0.96961296,0.9824448,0.9182856
617,7539,29195,biliary atresia,hartmann's procedure,0.9696007,0.96698016,0.9800828
618,12756,57561,chronic wound infections,postoperative complications,0.96956384,0.97624105,0.94285476
619,2477,36046,adverse events,intracranial large vessel occlusions,0.96953326,0.9827428,0.9166949
620,18691,50359,diabetes mellitus,open preperitoneal repair,0.96949077,0.96652156,0.9813675
621,33533,77608,in-stent restenosis,treatment modalities,0.96947086,0.9635403,0.9931932
622,15117,42095,complicated diverticulitis,male gender,0.9694385,0.9659327,0.9834615
623,61945,63869,pulmonary embolism,refractory cardiogenic shock,0.9694325,0.9658558,0.98373914
624,15547,67759,congenital heart disease,serum creatine phosphokinase,0.96940476,0.9786966,0.93223745
625,52863,75975,patient age,tnm staging,0.9693301,0.96416515,0.98998964
626,14206,46452,colonic diverticulitis,multivariate analysis,0.96930444,0.97027963,0.9654035
627,70066,78945,splenic flexure colon cancer,ulcerative colitis,0.9692922,0.96479315,0.98728824
628,39806,68013,liver resection,serum tumor biomarkers,0.9692709,0.969812,0.9671066
629,49627,81606,obesity surgery journal,weight loss,0.9692384,0.9771532,0.9375793
630,40154,73859,locally advanced colon cancer,systemic recurrence,0.9691909,0.96512824,0.9854414
631,3302,12630,american society of anesthesiologists status,chronic obstructive pulmonary disease,0.9691423,0.96266854,0.9950374
632,12191,60302,child-pugh classification,primary sclerosing cholangitis,0.9690953,0.97679275,0.9383052
633,5783,14491,artificial intelligence,colorectal malignancies,0.9690716,0.97209066,0.9569956
634,20623,40442,duplex doppler ultrasonography,long-term outcomes,0.9690714,0.97257555,0.9550549
635,23558,78274,erectile dysfunction,tumor necrosis factor,0.9690361,0.9734219,0.9514929
636,2122,57557,adjuvant radiotherapy,postoperative complication rate,0.96903485,0.96243536,0.9954326
637,16807,67348,crohn's disease,self-rated health,0.96903026,0.97274303,0.9541793
638,22786,54642,endoscopic ultrasound,perioperative therapy,0.9689705,0.9681018,0.972445
639,890,56497,ablation therapy,portal vein embolization,0.96895206,0.9784501,0.93096
640,27439,53554,gastroesophageal cancer,pediatric patients,0.96894747,0.9625868,0.99438983
641,23165,45494,enhanced recovery protocol,morbid obesity,0.96887386,0.96234506,0.99498886
642,50646,51796,operative outcomes,pain relief,0.9688625,0.9639216,0.9886258
643,60980,63554,propensity score matching,recurrence-free follow-up,0.96880966,0.96627176,0.9789612
644,18207,50619,degenerative scoliosis,operative duration,0.9688043,0.97404987,0.94782203
645,40049,58041,local recurrence risk,postoperative morbidity,0.9687888,0.9638204,0.9886622
646,21372,52785,ecog performance status,pathological stage,0.9687854,0.9626157,0.99346405
647,62215,69204,pyloric intervention,sleeve gastrectomy,0.9687295,0.9704213,0.9619619
648,54775,57634,peripheral muscle strength,postoperative delirium,0.968727,0.97065,0.9610347
649,47475,48415,neoadjuvant chemotherapy,node positivity,0.9687143,0.96224463,0.99459285
650,10521,37138,cardiopulmonary bypass,ischemic events,0.96867955,0.96157897,0.9970816
651,355,16575,30-day readmission,covid-19 status,0.96864855,0.9706323,0.96071345
652,239,66656,3-year disease-free survival,salvage esophagectomy,0.9686456,0.9652164,0.98236245
653,32251,62330,hypogastric artery coverage,quality of life,0.9686378,0.9662891,0.97803247
654,44183,76197,microendoscopic discectomy,total hip arthroplasty,0.9686183,0.9828356,0.91174895
655,18965,68324,diagnostic tool,shared decision-making,0.9685835,0.97061586,0.9604541
656,48178,74608,new-onset atrial fibrillation,tetralogy of fallot,0.9685636,0.9833319,0.9094903
657,13560,68743,clinically driven target lesion revascularization,single antiplatelet therapy,0.9685591,0.9802381,0.921843
658,2477,17859,adverse events,de novo hepatocellular carcinoma,0.9685511,0.9664168,0.9770882
659,22700,31324,endoscopic retrograde cholangiopancreatography,histopathological results,0.96854115,0.97075933,0.95966834
660,16625,41318,cox regression analysis,lymph node detection,0.9685369,0.97019994,0.9618848
661,5810,18031,asa classification,deep learning model,0.9685166,0.9631053,0.9901614
662,580,50896,90-day mortality,oral cavity cancer,0.9684576,0.96336114,0.98884296
663,33499,70628,in-hospital mortality,staple line bleeding,0.9684423,0.9618043,0.99499434
664,35322,78381,internal carotid artery invasion,tumor size,0.9684295,0.9769552,0.9343265
665,5462,52030,appendiceal neoplasms,pancreatic ductal adenocarcinoma,0.9684159,0.96306473,0.9898207
666,23835,58931,estimated blood loss,predictive factors for complications,0.9684153,0.96555126,0.97987145
667,24506,45609,extracorporeal membrane oxygenation,mortality causes,0.9683837,0.9760335,0.9377846
668,672,46276,abdominal aortic aneurysms,multiorgan failure,0.96838,0.96343416,0.98816305
669,31082,58118,histologic complete resection,postoperative outcomes,0.968333,0.9743824,0.9441355
670,30287,72309,hepatocellular carcinoma,surgical clearance,0.9683319,0.962908,0.99002725
671,59708,72249,preoperative prothrombin time,surgical approach,0.96830946,0.96701235,0.9734978
672,43786,47475,metagenomic sequencing,neoadjuvant chemotherapy,0.96830213,0.9699547,0.96169186
673,21228,58930,early-stage colorectal cancer,predictive factors,0.9682891,0.9692606,0.96440303
674,14661,78381,common bile duct injuries,tumor size,0.9682745,0.9711421,0.9568037
675,5269,47778,aortic valve replacement,neurocognitive impairment,0.9682441,0.9802548,0.92020106
676,58118,78235,postoperative outcomes,tumor marker levels,0.9682374,0.9611545,0.9965689
677,27594,44711,gastrointestinal tract surgery,minimally invasive surgery,0.9681857,0.97239965,0.95133007
678,13062,70518,clavien-dindo iv complications,standard care,0.96818,0.9780105,0.9288579
679,8346,62330,blended diet,quality of life,0.9681541,0.98257506,0.9104703
680,33874,63331,independent predictors of death,rectal cancer,0.9681115,0.9668924,0.9729878
681,1564,76644,acute normovolemic hemodilution,tranexamic acid,0.96807915,0.98393875,0.90464056
682,31598,72051,hospital length of stay,surgeon specialization,0.96805316,0.96062064,0.99778324
683,31742,48104,hospitalization expenses,neutrophil-to-lymphocyte ratio,0.9680098,0.9603892,0.9984921
684,53419,57022,pediatric cardiac surgery,post-surgical complications,0.96795315,0.9627428,0.98879445
685,28957,68111,gut microbiota,severe complications,0.96777195,0.9722713,0.9497743
686,31608,60933,hospital mortality,prolonged postoperative stay,0.9677714,0.9730675,0.94658715
687,33849,55420,independent factors,physical activity,0.96776676,0.97458196,0.940506
688,57416,79399,postoperative atelectasis,unplanned readmission,0.96776426,0.96610814,0.97438884
689,41589,61796,machine learning model,ptnm staging,0.9677595,0.96229506,0.989617
690,20983,30158,early hepatocellular carcinoma,hepatic recurrence,0.9677538,0.978102,0.92636114
691,9481,70199,budd-chiari syndrome,squamous cell carcinoma,0.9677509,0.9663981,0.97316206
692,27085,68770,gastric cancer,single metastasis,0.96773213,0.9623846,0.98912245
693,31657,66525,hospital stay,sac growth,0.96770674,0.9695537,0.9603186
694,30961,45654,higher body mass index,mortality rates,0.96769106,0.9612857,0.9933123
695,68750,69204,single dose antibiotic,sleeve gastrectomy,0.9676586,0.9644353,0.9805519
696,13252,59883,clinical frailty scale,preoperative white blood cell count,0.9676241,0.9624833,0.9881875
697,12104,41255,chest imaging,lung transplantation,0.96760213,0.9922746,0.8689123
698,8524,38840,blood transfusion,left atrial appendage amputation,0.96759695,0.965331,0.97666055
699,62330,65459,quality of life,right ventricular systolic pressure,0.9675138,0.96148604,0.9916249
700,833,57634,abdominal wall hernia repair,postoperative delirium,0.96746606,0.9738833,0.9417971
701,34130,60725,infected pancreatic necrosis,prognostic nutritional index,0.96746075,0.9711141,0.95284724
702,10026,39749,cancer-specific survival,liver imaging reporting and data system,0.96744585,0.96163386,0.990694
703,17203,58902,curative liver resection,prediction models,0.9674405,0.9683431,0.96382993
704,14184,58125,colonic adenocarcinoma,postoperative pain,0.96743774,0.96104467,0.99301004
705,46626,76226,music therapy,total knee arthroplasty,0.96743244,0.96717995,0.96844214
706,49523,72249,nutritional recovery,surgical approach,0.9674171,0.96282655,0.9857795
707,46309,73240,multiple linear regression,survival outcomes,0.9674074,0.96459365,0.9786623
708,580,72186,90-day mortality,surgery-based treatment,0.9673996,0.9655439,0.9748223
709,19585,60722,disease recurrence,prognostic nomogram,0.96739596,0.95994294,0.99720806
710,37787,49882,knee surgery,odds ratio,0.96738595,0.9665353,0.97078866
711,3902,58049,aneurysm growth,postoperative mortality,0.9673605,0.97596735,0.9329332
712,9941,73746,cancer recurrence,systematic lymph node dissection,0.9673497,0.9619459,0.98896503
713,50679,67557,operative time,sequential organ failure assessment scores,0.9673244,0.9634367,0.9828749
714,3606,35017,anastomotic leaks,intensive care unit admission rates,0.9672066,0.97756463,0.92577434
715,13999,69543,colectomy rate,socioeconomic status,0.96720326,0.9720918,0.94764924
716,25782,78789,five-year outcomes,type 2 diabetes,0.9671278,0.9645228,0.97754776
717,57898,63562,postoperative incontinence,recurrence-free survival,0.9671142,0.96404135,0.9794056
718,26739,41931,functional preservation,major complications,0.96710855,0.96496725,0.9756738
719,47521,62495,neoadjuvant systemic therapy,r1 resection,0.9670706,0.9611902,0.99059194
720,60980,63185,propensity score matching,recanalization time,0.96706474,0.9701854,0.9545819
721,39178,56806,length of stay,post-lt complications,0.9670558,0.962614,0.98482287
722,3601,16475,anastomotic leakage,cost-benefit analysis,0.9670351,0.96305954,0.98293716
723,71474,78945,subcutaneous fat index,ulcerative colitis,0.96698415,0.9646916,0.9761545
724,10261,41255,cardiac computed tomography,lung transplantation,0.9669805,0.98031896,0.9136266
725,15148,66374,complication rates,roux-en-y hepaticojejunostomy,0.96697557,0.959646,0.9962936
726,13636,46463,clinicopathological factors,multivariate cox regression,0.9669753,0.9604341,0.99314004
727,40472,50679,long-term restenosis,operative time,0.96695626,0.9630097,0.98274213
728,3601,80251,anastomotic leakage,vascular erosion,0.96694946,0.98596305,0.89089495
729,2691,76789,age stratification,transcatheter aortic valve replacement,0.9669479,0.95982844,0.9954259
730,14541,38347,colorectal surgery,laparoscopic transanal total mesorectal excision,0.96693164,0.9660538,0.97044295
731,10188,78222,carbon nanoparticle suspension injection,tumor location,0.9669235,0.9627441,0.98364097
732,37695,78791,kidney stones,type 2 diabetes mellitus,0.9668889,0.9615085,0.9884105
733,64613,72027,resection rates,surgeon experience,0.96685284,0.962482,0.984336
734,42049,62660,major surgical complications,radical nephrectomy,0.9668222,0.9605709,0.9918276
735,18691,78815,diabetes mellitus,type b acute aortic syndrome,0.96681094,0.9663326,0.9687242
736,12927,69204,citation analysis,sleeve gastrectomy,0.96680015,0.9812951,0.90882033
737,27568,72893,gastrointestinal stromal tumors,surgical site infections,0.9667992,0.9588303,0.9986745
738,59396,78381,preoperative echocardiography,tumor size,0.9667661,0.96089363,0.990256
739,14195,38805,colonic cancer surgery,learning curve,0.96675783,0.96398675,0.9778422
740,10526,77820,cardiopulmonary bypass time,tricuspid valve regurgitation,0.9667221,0.9681342,0.9610734
741,37951,66369,ladd's procedure,roux-en-y gastric bypass,0.9667177,0.9650855,0.97324646
742,2270,78945,advanced chronic liver disease,ulcerative colitis,0.96671414,0.98464257,0.89500034
743,40358,72626,long-term clinical outcomes,surgical outcome,0.96668,0.9600242,0.99330306
744,39850,46452,liver transplant recipients,multivariate analysis,0.9666603,0.96094126,0.98953664
745,57370,60980,postoperative anal function,propensity score matching,0.96662027,0.96263903,0.9825449
746,41227,71534,lung resection,subjective global assessment,0.9665434,0.96044177,0.9909499
747,8661,23146,body composition,enhanced recovery after bariatric surgery,0.96647125,0.9652497,0.9713571
748,14399,36533,colorectal cancer,intraoperative use,0.96645486,0.96217364,0.9835796
749,4540,40186,anti-pd-1 antibodies,locally advanced pancreatic cancer,0.9664406,0.9737959,0.9370196
750,21018,73240,early morbidity,survival outcomes,0.9663718,0.9599857,0.9919159
751,9642,78297,c-reactive protein/albumin ratio,tumor node metastasis staging,0.96631926,0.9695357,0.95345354
752,22129,63535,emergency surgical intervention,recurrence rate,0.96625197,0.9623859,0.98171633
753,52891,61146,patient characteristics,prospective cohort studies,0.96624863,0.9760883,0.92688996
754,10716,62900,carotid artery stenting,randomized control trial,0.9662021,0.9660863,0.966665
755,12567,25965,chronic kidney disease,fluid therapy,0.96616745,0.9687821,0.9557085
756,4986,69459,aortic aneurysm repair,social determinants of health,0.9661345,0.9681451,0.9580921
757,13335,79754,clinical outcomes,urinary fistula,0.96611655,0.96501964,0.9705038
758,12687,66144,chronic renal disease,robotic surgery,0.9660884,0.9622203,0.98156077
759,75399,76789,thrombotic event,transcatheter aortic valve replacement,0.966076,0.9754414,0.9286144
760,28251,58065,glucagon-like peptide-1 receptor agonists,postoperative nausea,0.9660564,0.9588377,0.99493104
761,2504,59414,adverse outcomes,preoperative estimated glomerular filtration rate,0.96605027,0.9636825,0.9755214
762,22664,57439,endoscopic procedure,postoperative bleeding,0.96604687,0.9677017,0.95942765
763,22809,74427,endoscopic ultrasound-guided fine-needle aspiration biopsy,technical success rate,0.96595734,0.9740277,0.93367565
764,16187,43661,coronary artery bypass grafting,metabolic processes,0.9659459,0.96554095,0.96756583
765,2504,76593,adverse outcomes,training and test sets,0.96593165,0.9641819,0.9729303
766,40390,73183,long-term follow-up,surveillance protocol,0.9659253,0.9700382,0.9494736
767,19828,53558,distant metastasis,pediatric populations,0.96592,0.96405303,0.97338766
768,36299,40760,intraoperative complications,low-grade pseudomyxoma peritonei,0.96590436,0.966607,0.96309394
769,47525,59841,neoadjuvant therapy,preoperative total bilirubin,0.96590024,0.9689432,0.95372856
770,57605,73838,postoperative day,systemic inflammatory response syndrome,0.9658917,0.95804065,0.9972959
771,2427,58041,advanced tumor status,postoperative morbidity,0.9658867,0.962108,0.9810017
772,21069,80456,early postoperative complications,vasoactive-inotropic score,0.9658768,0.96488076,0.96986085
773,9609,73026,c-kit mutation,surgical treatment,0.96587247,0.96946824,0.95148915
774,26927,59001,gallbladder diameter,predictive value,0.9658712,0.98488843,0.88980216
775,4536,36129,anti-p53 antibodies,intrahepatic cholangiocarcinoma,0.9658592,0.97051424,0.94723874
776,15629,66440,conservative treatment,rural patients,0.9658451,0.96721387,0.96037006
777,9642,27098,c-reactive protein/albumin ratio,gastric cancer patients,0.9658433,0.9653437,0.96784157
778,41994,45125,major morbidity,model performance,0.96582824,0.9587238,0.99424595
779,33500,54879,in-hospital mortality rate,periprosthetic joint infection,0.9657939,0.95808554,0.9966271
780,12567,75582,chronic kidney disease,tight glucose control,0.96577907,0.96199983,0.9808961
781,42991,60215,mechanical ventilation,primary language,0.9657609,0.9833319,0.8954766
782,29884,81606,hemoglobin measurement,weight loss,0.9657548,0.96759707,0.95838577
783,25438,54572,fibrinogen degradation products,perioperative outcomes,0.96575415,0.96440005,0.9711702
784,34217,59610,infectious complications,preoperative nutrition status,0.96572703,0.9613917,0.9830684
785,15313,36461,computed tomography,intraoperative outcomes,0.9656503,0.9596254,0.98974985
786,67409,75975,sensitivity and specificity,tnm staging,0.9656477,0.96031195,0.98699075
787,12665,38908,chronic postsurgical pain,left hemicolectomy,0.96564066,0.97155917,0.9419665
788,19611,31713,disease-free survival,hospital-level variation,0.96562797,0.9573642,0.9986829
789,33902,52148,independent risk factors,pancreatic resections,0.9656198,0.9592901,0.99093854
790,3272,62881,american joint committee on cancer,random forest model,0.96558285,0.95881903,0.99263823
791,12630,26906,chronic obstructive pulmonary disease,gall bladder cancer,0.9655824,0.9623157,0.9786491
792,8524,34851,blood transfusion,instrumental variable methods,0.965578,0.9638825,0.97236
793,16185,64391,coronary artery bypass graft,reoperative cardiac surgery,0.9655721,0.9644395,0.9701026
794,36129,46148,intrahepatic cholangiocarcinoma,multidisciplinary surgical approach,0.9655404,0.9706917,0.94493526
795,9648,56007,c-vats lobectomy,pleural effusion,0.9655014,0.98766255,0.87685657
796,13530,49975,clinical tumor stage,older age,0.9654983,0.9630485,0.9752973
797,20262,46452,downstaging rate,multivariate analysis,0.96549344,0.96046793,0.9855951
798,15547,50147,congenital heart disease,one-stage procedure,0.9654896,0.9635246,0.9733497
799,29223,70579,hazard ratio,standardized mortality ratios,0.9654832,0.95998245,0.98748595
800,61313,70258,protective factors,st-elevation myocardial infarction,0.96544355,0.9703581,0.9457852
801,28170,38805,glissonian pedicle,learning curve,0.9654224,0.9747965,0.9279259
802,16258,73260,coronary ct angiography,survival rates,0.9654059,0.96149343,0.98105556
803,3601,27015,anastomotic leakage,gangrenous appendicitis,0.96537673,0.96243924,0.9771268
804,34217,79547,infectious complications,upper gastrointestinal cancer,0.9653293,0.9598138,0.9873912
805,28393,81994,glycosylated hemoglobin,wound healing,0.965322,0.96481943,0.9673323
806,13165,61960,clinical characteristics,pulmonary fibrosis,0.96529955,0.9803335,0.9051636
807,13008,72351,clavien dindo classification,surgical costs,0.9652397,0.96792495,0.9544986
808,313,44592,30-day morbidity,minimally invasive adrenalectomy,0.9651971,0.95986676,0.9865182
809,16187,25008,coronary artery bypass grafting,fatigue symptoms,0.965178,0.97255963,0.9356514
810,17781,40044,danish colorectal cancer group,local recurrence,0.965163,0.95937973,0.9882961
811,53036,76749,patient prognosis,transarterial embolization,0.96514475,0.9670924,0.9573541
812,17219,36424,curative resection,intraoperative lymph node dissection,0.9651132,0.96028906,0.9844098
813,14479,81215,colorectal laparoscopic surgery,visual analogue scale,0.9650699,0.9649532,0.9655366
814,19625,19728,disease-specific survival,distal esophagectomy,0.96504277,0.9625097,0.97517484
815,5822,42071,asa score,major vascular surgery,0.96503514,0.9582893,0.99201816
816,5447,54084,appendiceal diameter,perforated appendicitis,0.9650228,0.981294,0.899938
817,6145,58016,atrial fibrillation,postoperative malnutrition,0.9649152,0.96484274,0.9652052
818,18691,70175,diabetes mellitus,sporadic rectal cancer,0.96486205,0.95861,0.98987
819,16607,48461,cox proportional hazard models,nomogram development,0.964831,0.96009123,0.98379
820,6866,78754,bariatric surgery,two-year mortality,0.96481586,0.95706534,0.9958177
821,16185,35469,coronary artery bypass graft,interrupted time series design,0.96480983,0.9695832,0.94571626
822,3300,59550,american society of anesthesiologists score,preoperative lung function,0.9647842,0.95877564,0.98881835
823,21084,73836,early postoperative mortality,systemic inflammatory response index,0.9647075,0.9584665,0.98967147
824,38089,40266,laparoscopic gastrectomy,logistic regression modeling,0.9647066,0.9596506,0.98493075
825,2477,68276,adverse events,sex-specific differences,0.96466637,0.95761544,0.99287003
826,23500,53105,epithelioid histology,patient survival,0.96466243,0.96809936,0.95091456
827,37981,41576,laparoscopic abdominoperineal resection,machine learning,0.9646359,0.9585138,0.98912406
828,40464,76303,long-term quality of life,total pelvic exenteration,0.9645913,0.96594864,0.9591622
829,266,50321,30-day adverse events,open liver resection,0.9645829,0.9652414,0.9619489
830,13245,80274,clinical features,vascular injuries,0.96457267,0.9629712,0.9709783
831,38302,80286,laparoscopic sleeve gastrectomy,vascular lesion,0.9645308,0.9615073,0.97662467
832,2082,24253,adjuvant chemotherapy,explorative laparotomy,0.9645226,0.95758146,0.99228716
833,45484,69975,montreal cognitive assessment,spinal fusion surgery,0.9645211,0.9782528,0.9095943
834,10332,36034,cardiac magnetic resonance imaging,intracranial hemorrhage,0.964507,0.96274453,0.9715565
835,57910,71547,postoperative infectious complications,sublobar resection,0.96446174,0.95659095,0.9959447
836,158,33797,2-year survival,incomplete revascularization,0.96443033,0.96857285,0.9478602
837,33986,58957,individualized nomogram,predictive model,0.9644133,0.96014595,0.9814824
838,14779,52928,comorbidity prevalence,patient demographics,0.9643878,0.95895374,0.9861238
839,53417,72519,pediatric cardiac patients,surgical intervention,0.9643851,0.9650554,0.9617036
840,43189,63193,mediation analysis,receiver operating characteristic analysis,0.9643222,0.9745471,0.92342246
841,1398,71273,acute coronary syndrome,stroke prevention,0.9643067,0.958694,0.9867575
842,29528,39488,heart failure,linear regression model,0.96429205,0.9579634,0.9896067
843,29852,57634,hemodynamic therapy,postoperative delirium,0.9642887,0.98182195,0.8941557
844,29743,29829,hematopoietic stem cell transplantation,hemodynamic instability,0.9642849,0.97702706,0.9133164
845,9941,23882,cancer recurrence,ethnic disparities,0.96427816,0.95843273,0.98765975
846,41204,50103,lung metastasis,oncological outcomes,0.9642693,0.9560578,0.9971149
847,30267,56850,hepatobiliary malignancies,post-operative complications,0.964241,0.95776296,0.99015313
848,45609,54572,mortality causes,perioperative outcomes,0.9642376,0.9684522,0.9473789
849,40190,51959,locally advanced pelvic malignancies,pancreatic cancer,0.9642317,0.96130735,0.9759291
850,19674,49041,disseminated intravascular coagulation,nonoperative management,0.9642249,0.974282,0.92399615
851,8524,58570,blood transfusion,postprocedural bleeding,0.96422136,0.96014297,0.98053485
852,38936,50412,left lower lobectomy,open surgery,0.96421415,0.96899456,0.9450925
853,9624,45662,c-reactive protein,mortality risk model,0.964213,0.95861316,0.9866123
854,61945,79370,pulmonary embolism,unplanned admissions,0.96419966,0.95606816,0.9967257
855,58049,74221,postoperative mortality,target therapies,0.9641918,0.95962983,0.9824394
856,2477,50990,adverse events,oral surgery,0.9641785,0.9682842,0.9477555
857,13127,49987,clinical anastomotic leakage,older patients,0.9641775,0.95854795,0.9866954
858,45652,77449,mortality rate,trauma surgeons,0.96417135,0.97500867,0.92082196
859,22700,51580,endoscopic retrograde cholangiopancreatography,oxygenation index,0.9641712,0.9594112,0.9832109
860,33900,78789,independent risk factor for recurrence,type 2 diabetes,0.964143,0.96349305,0.9667427
861,3759,72406,anatomical pulmonary resections,surgical duration,0.96413845,0.9614183,0.9750191
862,22682,47114,endoscopic resection,national health insurance service,0.96413827,0.9763532,0.9152784
863,58965,75870,predictive models,tissue plasminogen activator,0.96411216,0.9628879,0.9690092
864,2477,34684,adverse events,initial nihss score,0.9641065,0.9655754,0.95823085
865,5932,67573,aspiration pneumonia,serious complications,0.9640682,0.96654004,0.9541807
866,14182,34381,colon surgery,inflammatory biomarkers,0.9640547,0.95922995,0.9833535
867,50383,60903,open repair,prolonged hospital length of stay,0.96405286,0.9611441,0.97568774
868,40746,48785,low-grade complications,non-small-cell lung cancer,0.9640507,0.9600533,0.9800401
869,1299,72782,actuarial survival,surgical resection,0.9640455,0.9570467,0.9920408
870,22739,44256,endoscopic submucosal dissection,microscopic invasion,0.96402735,0.9667184,0.9532629
871,14541,65762,colorectal surgery,risk of adverse outcomes,0.9640238,0.96113706,0.97557086
872,47512,76700,neoadjuvant radiotherapy,transanal mesorectal excision,0.9640031,0.97066563,0.93735266
873,37537,50566,kaplan-meier survival curves,operation duration,0.96399915,0.95781696,0.9887278
874,45288,54524,modified rankin scale,perioperative inflammation,0.9639642,0.96246964,0.9699424
875,53554,58298,pediatric patients,postoperative respiratory outcomes,0.96395284,0.96675986,0.95272475
876,11931,24289,charlson comorbidity index,extended left hemicolectomy,0.96395034,0.969086,0.9434077
877,47619,72519,neonatal septic shock,surgical intervention,0.96394205,0.97111773,0.93523914
878,21260,38268,eastern cooperative oncology group,laparoscopic resection,0.9639349,0.9592453,0.9826931
879,58221,66261,postoperative pulmonary embolism,roc curve,0.9639261,0.96303767,0.9674796
880,23636,77768,esophageal cancer,triangulating stapling technique,0.96391153,0.95931643,0.98229194
881,50380,78274,open reduction and internal fixation,tumor necrosis factor,0.96390164,0.9834578,0.88567716
882,13375,81773,clinical predictors,white blood cell counts,0.96388,0.9704005,0.937798
883,28215,38317,glomerular filtration rate,laparoscopic surgery,0.9638563,0.95519733,0.998492
884,17709,63952,d2 lymphadenectomy,regional lymph node recurrence,0.96382385,0.9779034,0.9075054
885,559,70012,90-day complication rate,spine surgery,0.96375185,0.9602595,0.97772115
886,15313,38352,computed tomography,laparoscopic transhiatal esophagectomy,0.9637442,0.96787953,0.9472029
887,2477,36043,adverse events,intracranial internal carotid artery occlusion,0.9637343,0.9710527,0.9344608
888,33499,77833,in-hospital mortality,trifecta outcomes,0.96368897,0.95699996,0.99044514
889,27638,41931,gastrostomy tube complications,major complications,0.9636335,0.96768457,0.9474288
890,504,49987,5-year relapse-free survival,older patients,0.9636328,0.9553302,0.9968431
891,6866,43549,bariatric surgery,mesh removal,0.9636195,0.9664003,0.95249605
892,50972,51959,oral nutritional supplements,pancreatic cancer,0.96361685,0.95724887,0.9890887
893,16187,53018,coronary artery bypass grafting,patient perception,0.96356463,0.96144724,0.97203416
894,52110,58118,pancreatic metastasis,postoperative outcomes,0.9635304,0.95555085,0.99544865
895,1382,64193,acute cholecystitis,renal abscess,0.9635189,0.97059083,0.93523115
896,58041,81634,postoperative morbidity,weight loss metrics,0.96341026,0.95601463,0.99299264
897,30944,72326,high-volume bariatric center,surgical complexity,0.963385,0.9644719,0.95903736
898,6145,56715,atrial fibrillation,post-cardiotomy cardiogenic shock,0.9633608,0.97541624,0.91513914
899,38755,40044,lead-time bias,local recurrence,0.9633447,0.9613387,0.9713685
900,23835,59545,estimated blood loss,preoperative liver function tests,0.96333134,0.9710069,0.9326292
901,10026,60294,cancer-specific survival,primary resistance,0.9633016,0.9685665,0.9422421
902,2731,81674,age-related risk factors,weight regain,0.96330047,0.9586554,0.98188066
903,48953,59880,nonhome discharge,preoperative weight loss,0.9632845,0.95520365,0.9956078
904,17279,65584,custom-made prosthesis,risk factors,0.96321934,0.9687752,0.9409957
905,34561,76226,infrainguinal bypass surgery,total knee arthroplasty,0.9632177,0.9560354,0.99194664
906,12509,64250,chronic heart failure,renal disease,0.96321034,0.96505105,0.9558473
907,51959,60691,pancreatic cancer,prognostic effects,0.96320236,0.9638927,0.9604409
908,40264,69866,logistic regression analysis,specimen weight,0.9631945,0.97119933,0.93117505
909,48953,58225,nonhome discharge,postoperative pulmonary infection,0.9631876,0.95762235,0.9854482
910,26727,65584,functional oral intake scale,risk factors,0.9631673,0.9682593,0.94279945
911,58118,80103,postoperative outcomes,varc-2 criteria,0.96313596,0.9553849,0.9941401
912,8700,60706,body mass index,prognostic groups,0.9630851,0.9544228,0.9977344
913,12567,44148,chronic kidney disease,microbiota composition,0.96308124,0.97642183,0.9097189
914,19706,27119,distal cholangiocarcinoma,gastric cancer-specific survival,0.9630594,0.97052234,0.9332074
915,24320,44333,extended surgical resection,microvascular invasion,0.96305716,0.9723689,0.9258101
916,33559,81982,incarcerated hernia,wound dehiscence,0.96303433,0.9671873,0.94642246
917,3419,21595,anaesthesia techniques,elderly patients,0.9630101,0.95786554,0.9835881
918,3641,57439,anastomotic ulcer,postoperative bleeding,0.96300787,0.95606214,0.9907907
919,22948,80326,endovascular aneurysm repair,vascular quality initiative registry,0.96297246,0.983615,0.8804024
920,57975,81207,postoperative length of stay,visual analog scale scores,0.9629525,0.9580473,0.98257315
921,57281,65584,posthemorrhagic anemia,risk factors,0.96293724,0.9543433,0.99731284
922,1398,40527,acute coronary syndrome,longer hospital stays,0.96292,0.9768112,0.9073551
923,1718,37910,acute type a aortic dissection,lactate dehydrogenase,0.96291983,0.95693356,0.98686475
924,39772,69422,liver metastases,smoking habits,0.96291685,0.9595012,0.9765793
925,15874,20311,control group,drainage duration,0.9629162,0.9645925,0.9562108
926,15547,20702,congenital heart disease,duration of prophylaxis,0.96284723,0.97173846,0.92728215
927,49506,54879,nutritional indices,periprosthetic joint infection,0.96283436,0.963108,0.96173966
928,66260,81143,roc analysis,visceral fat index,0.96282685,0.9713499,0.92873454
929,38317,55657,laparoscopic surgery,planned surgery,0.9628157,0.9749758,0.9141752
930,3575,57621,anastomotic complications,postoperative days,0.9628097,0.9566534,0.9874348
931,7069,73244,bclc staging,survival prediction,0.9627496,0.96292746,0.96203804
932,16625,66004,cox regression analysis,robotic abdominal surgery,0.9627459,0.95856345,0.9794755
933,22095,31608,emergency operation,hospital mortality,0.9627334,0.9552233,0.99277335
934,10592,67504,cardiovascular disease,sepsis-3 criteria,0.9627235,0.9636416,0.9590511
935,29528,33085,heart failure,immune system,0.9627222,0.981545,0.88743085
936,27567,58981,gastrointestinal stromal tumor,predictive risk factors,0.962717,0.9568909,0.98602134
937,12160,44711,chevron incision,minimally invasive surgery,0.9626936,0.9588543,0.9780505
938,56952,65584,post-operative year,risk factors,0.9626715,0.96914935,0.93676
939,3596,14464,anastomotic leak,colorectal disease,0.9626397,0.95393884,0.99744296
940,63331,77592,rectal cancer,treatment intensity,0.9626302,0.96068543,0.97040915
941,16273,55450,coronary heart disease,physical frailty,0.96262896,0.9749349,0.91340524
942,21374,77567,ecog status,treatment failure,0.9626092,0.96984327,0.9336727
943,2227,53139,adult patients,patient-controlled analgesia,0.9626007,0.9588982,0.9774106
944,19598,72249,disease specific survival,surgical approach,0.96254396,0.9550731,0.9924272
945,47474,47527,neoadjuvant chemoradiotherapy,neoadjuvant toripalimab,0.9625108,0.95554054,0.99039185
946,498,73633,5-year overall survival rate,synchronous liver metastasis,0.96249926,0.9600769,0.97218823
947,2477,76870,adverse events,transcervical thymectomy,0.96249706,0.9613885,0.966931
948,45155,80378,moderate to severe disability,vascular surgery,0.9624967,0.96627206,0.94739515
949,57374,62904,postoperative analgesic effect,randomized controlled trial,0.9624622,0.9730631,0.92005855
950,9624,73720,c-reactive protein,syntax trial,0.9624469,0.9544344,0.994497
951,42197,58041,malignant hepatic lesions,postoperative morbidity,0.9624428,0.9618351,0.9648737
952,2310,73860,advanced gastric cancer,systemic recurrence rate,0.96241033,0.9600029,0.9720399
953,45494,65238,morbid obesity,revisional gastric bypass,0.96237445,0.96875226,0.9368631
954,46597,47525,muscularis propria,neoadjuvant therapy,0.96237355,0.95491594,0.99220383
955,41977,68431,major limb amputation,short-term mortality,0.9623304,0.9580989,0.9792564
956,32216,56998,hyperthermic intraperitoneal chemotherapy,post-resection outcomes,0.9623055,0.9580761,0.9792229
957,1739,58470,acute venous thromboembolism,postoperative venous thromboembolism,0.962281,0.9765796,0.90508634
958,18272,50360,delayed gastric emptying,open procedure,0.96226937,0.9554342,0.98960984
959,580,68415,90-day mortality,short-term adverse events,0.9622656,0.95833826,0.97797465
960,22567,47425,endoscopic full-thickness resection,negative surgical margins,0.9622656,0.96115214,0.9667194
961,51890,78289,pan-immune-inflammation value,tumor necrosis factor-α,0.9622284,0.97581965,0.9078633
962,39663,40442,liver biopsy findings,long-term outcomes,0.96221524,0.9771211,0.9025917
963,42759,78328,mckeown minimally invasive esophagectomy,tumor recurrence,0.96216667,0.9560512,0.98662853
964,13301,72626,clinical manifestations,surgical outcome,0.9621601,0.97673017,0.90387964
965,33846,76227,independent ambulation,total knee replacement,0.96214,0.9674607,0.94085723
966,65185,76227,reverse shoulder arthroplasty,total knee replacement,0.9621324,0.9582235,0.97776765
967,14399,81614,colorectal cancer,weight loss correlation,0.9620922,0.9547219,0.9915734
968,40529,54458,longer procedure duration,perioperative complications,0.96206146,0.95891196,0.9746593
969,949,78945,abscess diameter,ulcerative colitis,0.9620416,0.9672793,0.94109094
970,42247,52053,malignant pathology,pancreatic fistula,0.96200323,0.9554864,0.9880703
971,774,46452,abdominal pain scores,multivariate analysis,0.961997,0.95611733,0.9855155
972,41794,66562,main pancreatic duct,safety and feasibility,0.9619861,0.9641985,0.9531363
973,42991,69939,mechanical ventilation,spinal analgesia,0.96194416,0.96645564,0.94389814
974,20309,66369,drainage complications,roux-en-y gastric bypass,0.96192884,0.959179,0.9729279
975,32888,58974,imaging techniques,predictive performance,0.961921,0.95625705,0.9845766
976,13335,29659,clinical outcomes,helicobacter pylori status,0.96185976,0.969002,0.9332908
977,317,14634,30-day mortality,combined therapy,0.96185195,0.95408475,0.9929206
978,22700,56488,endoscopic retrograde cholangiopancreatography,portal vein,0.96183455,0.96334094,0.955809
979,24370,69301,external beam radiation,small cell lung cancer,0.9617911,0.97559696,0.9065675
980,45124,58901,model of end-stage liver disease score,prediction model,0.96178275,0.9653167,0.9476467
981,5801,72694,artificial urinary sphincter,surgical procedure,0.9617826,0.97147155,0.9230264
982,23053,31671,endovascular therapy,hospital surgical volume,0.9617701,0.95550776,0.9868195
983,19849,58041,distant relapse-free survival,postoperative morbidity,0.96173984,0.953452,0.9948913
984,38029,77079,laparoscopic cholecystectomy,transhepatic approach,0.9617312,0.96017796,0.96794385
985,49505,49975,nutritional indicators,older age,0.9617294,0.9540855,0.9923051
986,2477,21969,adverse events,embolic agents,0.96172774,0.96829164,0.9354721
987,10406,18970,cardiac surgery,diagnostic upper gastrointestinal endoscopy,0.9617091,0.9797829,0.88941383
988,33825,57908,incremental cost-effectiveness ratio,postoperative infections,0.96169484,0.9534018,0.9948666
989,33888,59173,independent prognostic factor,preoperative adjuvant chemotherapy,0.9616535,0.97353,0.9141472
990,34000,34026,indocyanine green,indocyanine green test,0.9616227,0.9886432,0.85354066
991,38436,45656,large bowel obstruction,mortality risk,0.9615878,0.9532621,0.9948906
992,44428,72994,middle pancreatectomy,surgical techniques,0.96151936,0.96948236,0.92966723
993,56351,73209,poor survival prognosis,survival analysis,0.9615176,0.95918304,0.9708557
994,10047,58118,candida spp.,postoperative outcomes,0.9614832,0.95916533,0.9707545
995,36039,49761,intracranial infection,obstructive sleep apnea,0.96148074,0.97192526,0.91970265
996,47460,65096,neo-adjuvant treatment,retrospective cohort study,0.9614545,0.9543054,0.99005055
997,49698,58144,observational follow-up,postoperative pancreatic fistula,0.96142775,0.9807397,0.8841798
998,31761,65279,hospitalization time,rib fractures,0.96138376,0.9676581,0.93628645
999,33058,62922,immune response,randomized trial,0.96134645,0.9587789,0.97161645
1000,59253,72249,preoperative bowel preparation,surgical approach,0.96129996,0.9536948,0.99172044
1001,16273,35504,coronary heart disease,interstitial pneumonia,0.96126467,0.9572698,0.977244
1002,16185,28326,coronary artery bypass graft,glutathione peroxidase 4,0.9612417,0.9643182,0.94893575
1003,2709,59008,age-adjusted charlson comorbidity index,predictive variables,0.9612336,0.96502954,0.94605
1004,12027,72406,chemotherapy cycles,surgical duration,0.96122587,0.9557272,0.98322034
1005,56544,76294,portal-superior mesenteric vein resection,total pancreatectomy,0.96120095,0.97592396,0.9023089
1006,8672,70258,body composition profiles,st-elevation myocardial infarction,0.961135,0.9683856,0.9321327
1007,2716,50619,age-related complications,operative duration,0.9611334,0.9537201,0.9907866
1008,31598,71656,hospital length of stay,subtotal thyroidectomy,0.96113104,0.9709872,0.92170614
1009,34906,56785,insulin therapy,post-hepatectomy liver failure,0.9610982,0.9562966,0.9803044
1010,40364,68111,long-term complications,severe complications,0.9610699,0.9528386,0.993995
1011,9162,13518,brain metastasis,clinical trial,0.96104705,0.953655,0.990615
1012,66055,72249,robotic hernia repair,surgical approach,0.9610338,0.9627871,0.95402074
1013,697,58957,abdominal complications,predictive model,0.96101344,0.95290136,0.9934616
1014,16625,52827,cox regression analysis,pathological variables,0.96100795,0.9745962,0.90665483
1015,33963,58974,indirect bilirubin,predictive performance,0.96099937,0.9699649,0.92513716
1016,51031,80275,organ dysfunction,vascular injury,0.96098125,0.9597773,0.96579707
1017,32108,72519,hydration status,surgical intervention,0.9609675,0.9567595,0.97779936
1018,29587,54458,heart valve replacement surgery,perioperative complications,0.9609603,0.95687574,0.97729856
1019,1639,7783,acute respiratory distress syndrome,biochemical data,0.96092075,0.96504587,0.94442004
1020,18691,69897,diabetes mellitus,sphincter function,0.96091586,0.9637822,0.9494505
1021,2829,42993,airway complications,mechanical ventilation duration,0.9608808,0.9691533,0.92779094
1022,48161,72782,new york heart association class iii-iv,surgical resection,0.96087843,0.95373744,0.98944247
1023,58247,78703,postoperative recovery,two-dimensional imaging,0.9608721,0.9664537,0.9385458
1024,10592,42460,cardiovascular disease,marijuana use,0.96087015,0.9550074,0.9843211
1025,53997,72249,percutaneous interventions,surgical approach,0.96087,0.95267224,0.9936608
1026,12635,49972,chronic opioid use,older adult patients,0.9608544,0.96197736,0.9563624
1027,29476,33479,healthcare expenditures,in-hospital costs,0.9608538,0.96834725,0.93087995
1028,46452,65641,multivariate analysis,risk factors for falls,0.96084154,0.95965827,0.9655748
1029,41931,54188,major complications,peri-operative variables,0.9608381,0.9579796,0.97227174
1030,17264,68173,current smoking status,severe obesity,0.96083,0.9605753,0.96184874
1031,27448,54075,gastroesophageal reflux disease,percutaneous treatment,0.9608171,0.95504,0.98392546
1032,34115,49882,infarct-related artery patency,odds ratio,0.9607994,0.9700786,0.92368245
1033,23150,31733,enhanced recovery after surgery guidelines,hospitalization costs,0.9607876,0.9572652,0.97487724
1034,44377,60249,mid-term outcomes,primary mitral regurgitation,0.9607869,0.9735281,0.909822
1035,44044,73209,mica expression,survival analysis,0.9607862,0.9575247,0.9738324
1036,58218,62361,postoperative pulmonary complications,quality of recovery-15,0.9607806,0.9524326,0.9941725
1037,69112,72631,skin closure methods,surgical outcomes,0.960709,0.9581015,0.9711387
1038,52945,61707,patient engagement,psychological resilience,0.9606012,0.97322446,0.9101081
1039,32457,53554,icu setting,pediatric patients,0.9605788,0.974274,0.9057982
1040,21076,40264,early postoperative feeding,logistic regression analysis,0.9605631,0.960625,0.96031547
1041,31657,65608,hospital stay,risk factors for cdi,0.96053517,0.9529241,0.9909792
1042,62901,76785,randomized control trials,transcatheter aortic valve implantation,0.96052593,0.96497214,0.94274104
1043,19766,69862,distal pancreatectomy,specimen retrieval bag,0.96052575,0.9599405,0.9628669
1044,36137,39160,intrahepatic glissonian approach,length of hospital stay,0.9604782,0.9546234,0.98389727
1045,69477,75033,social participation,thoracic surgery,0.96044624,0.9607556,0.959209
1046,3601,40354,anastomotic leakage,long-term changes,0.96044445,0.9569905,0.97426015
1047,33856,78084,independent predictive factors,tumor characteristics,0.9604278,0.9545982,0.9837463
1048,6604,72714,bacterial colonization,surgical procedures,0.9604263,0.9648585,0.9426974
1049,1722,41931,acute type b aortic dissections,major complications,0.9603882,0.9673935,0.93236685
1050,53706,62686,pelvic lymph node dissection,radical surgery,0.9603335,0.9529002,0.99006677
1051,58166,64256,postoperative patient outcomes,renal failure,0.9603061,0.95516896,0.9808545
1052,326,79748,30-day outcomes,urinary diversion,0.96029043,0.9524899,0.99149245
1053,1398,59846,acute coronary syndrome,preoperative transfusions,0.9602637,0.96131337,0.9560649
1054,33660,81674,incidence of postoperative ileus,weight regain,0.9602561,0.96806854,0.92900616
1055,47472,60258,neoadjuvant chemoradiation,primary outcome,0.96024656,0.9520305,0.9931108
1056,16625,19208,cox regression analysis,differentiation degree,0.96019167,0.957211,0.97211415
1057,3057,28450,all-cause mortality,gore excluder conformable aaa endoprosthesis,0.960156,0.97105914,0.91654366
1058,39677,58135,liver cirrhosis,postoperative pain scores,0.96015453,0.95121694,0.9959046
1059,19625,43343,disease-specific survival,medium-volume centers,0.96014875,0.95533353,0.9794095
1060,10459,55966,cardiac transplantation,platelet-to-lymphocyte ratio,0.96013564,0.952736,0.9897339
1061,18691,39093,diabetes mellitus,left ventricular unloading,0.9600866,0.9670845,0.9320947
1062,2477,51662,adverse events,pacemaker requirement,0.96008575,0.95751184,0.970381
1063,43906,58388,metastatic lymph nodes,postoperative surveillance,0.96008545,0.954224,0.9835312
1064,49761,54584,obstructive sleep apnea,perioperative period,0.9600738,0.9516514,0.9937636
1065,36113,58144,intragastric balloon,postoperative pancreatic fistula,0.96006846,0.9511727,0.99565154
1066,13340,59945,clinical parameters,pressure ulcer,0.9600669,0.9677151,0.92947423
1067,13641,51640,clinicopathological parameters,p53 expression,0.9600394,0.9720543,0.9119795
1068,5212,65529,aortic stenosis,risk adjustment models,0.9599954,0.9668092,0.93274003
1069,33902,44375,independent risk factors,mid-term oncological outcomes,0.95994925,0.9591419,0.9631785
1070,8310,79392,bleeding events,unplanned intubation,0.9599356,0.95402324,0.9835851
1071,15629,29489,conservative treatment,healthcare resource utilization,0.9599176,0.95401984,0.9835084
1072,21868,75968,electronic medical record,tnm stage,0.95990986,0.9531961,0.9867648
1073,8310,49528,bleeding events,nutritional risk index,0.95990765,0.9548853,0.97999704
1074,26248,46452,foot ulcer,multivariate analysis,0.9599004,0.96046126,0.9576569
1075,54167,64262,peri-operative blood transfusion,renal function,0.9598752,0.976713,0.8925242
1076,41588,45656,machine learning methods,mortality risk,0.9598671,0.95119643,0.9945497
1077,48104,65675,neutrophil-to-lymphocyte ratio,risk factors for overall survival,0.95983195,0.9745871,0.9008112
1078,24257,67556,exploratory laparotomy,sequential organ failure assessment score,0.95982164,0.96204144,0.9509424
1079,22301,59801,end-stage renal disease,preoperative statin therapy,0.9598044,0.9663704,0.9335406
1080,14527,64623,colorectal resection,resection time,0.9598036,0.9655456,0.9368355
1081,40411,41836,long-term incidence,major adverse cardiac events,0.95977426,0.95451164,0.98082435
1082,19611,67129,disease-free survival,secondary sclerosing cholangitis,0.95976955,0.96656257,0.93259746
1083,50302,57634,open hepatic resection,postoperative delirium,0.9597607,0.96387315,0.94331086
1084,49781,65584,occlusion duration,risk factors,0.95974845,0.98081434,0.87548494
1085,23025,72631,endovascular salvage,surgical outcomes,0.9597418,0.9678593,0.9272714
1086,15626,49898,conservative surgery,oesophageal cancer,0.95972437,0.95575225,0.9756127
1087,22106,70258,emergency procedures,st-elevation myocardial infarction,0.9596982,0.9552966,0.9773046
1088,44369,49882,mid-term clinical outcomes,odds ratio,0.9596737,0.9589719,0.9624808
1089,50679,78318,operative time,tumor progression risk,0.9596509,0.95120484,0.9934349
1090,49528,81175,nutritional risk index,visceral-to-subcutaneous fat ratio,0.95964336,0.9696404,0.91965526
1091,19611,50384,disease-free survival,open repair outcomes,0.9596311,0.9504246,0.99645716
1092,8712,69423,body mass index reduction,smoking history,0.9596238,0.9562991,0.9729224
1093,56640,69531,positive predictive value,socioeconomic deprivation,0.95962363,0.9628934,0.9465444
1094,8700,80539,body mass index,vena cava filters,0.959604,0.95161325,0.9915671
1095,7607,73989,biliary obstruction,t stage,0.9595727,0.95164955,0.991265
1096,39178,78295,length of stay,tumor node metastasis classification,0.9595593,0.95011616,0.997332
1097,19755,80603,distal margin,venous invasion,0.9595556,0.9578877,0.96622735
1098,5269,17360,aortic valve replacement,cyanotic heart disease,0.95954096,0.9698318,0.9183772
1099,5792,77617,artificial neural network,treatment outcome,0.95953196,0.9736139,0.90320414
1100,13636,60133,clinicopathological factors,primary colorectal cancer,0.9594707,0.96660846,0.9309195
1101,65834,73572,risk stratification,symptomatic stroke,0.9594598,0.9704882,0.9153461
1102,44297,54572,microsurgical reconstruction,perioperative outcomes,0.9594544,0.96588933,0.9337149
1103,16616,48711,cox proportional hazards regression,non-metastatic colorectal cancer,0.95942724,0.95072466,0.9942374
1104,3601,16350,anastomotic leakage,coronavirus disease,0.95942295,0.9797237,0.8782197
1105,1398,63035,acute coronary syndrome,re-percutaneous coronary intervention,0.95941067,0.97155815,0.91082054
1106,27448,31741,gastroesophageal reflux disease,hospitalization expense,0.9594086,0.9659296,0.93332434
1107,54458,54797,perioperative complications,peripheral pulmonary lesion,0.959378,0.9530023,0.98488104
1108,40161,78273,locally advanced esophageal cancer,tumor necrosis,0.9593609,0.95268786,0.986053
1109,28434,42787,good functional outcome,mean arterial pressure,0.9593399,0.9603492,0.95530266
1110,34422,63195,inflammatory cytokines,receiver operating characteristic curve analysis,0.9593345,0.9799523,0.8768634
1111,17232,52891,curative treatments,patient characteristics,0.9593313,0.9634319,0.9429286
1112,16807,50418,crohn's disease,open surgical approaches,0.959329,0.9621061,0.9482204
1113,41931,66561,major complications,safety and efficiency,0.9593271,0.97163725,0.91008615
1114,37155,65584,ischemic outcomes,risk factors,0.9593261,0.9516098,0.9901911
1115,57983,63535,postoperative liver failure,recurrence rate,0.95932317,0.9507056,0.99379337
1116,21867,58144,electronic health records,postoperative pancreatic fistula,0.95929766,0.95047766,0.9945775
1117,34458,42915,inflammatory markers,mechanical circulatory support device,0.95928234,0.97383004,0.90109146
1118,22786,77599,endoscopic ultrasound,treatment interventions,0.9592713,0.96938264,0.9188259
1119,18072,57605,deep sternal wound infection,postoperative day,0.95924884,0.9500145,0.9961861
1120,1500,47671,acute kidney injury,neostigmine administration,0.95923406,0.96121323,0.95131713
1121,72893,79377,surgical site infections,unplanned extubation,0.9592184,0.9731093,0.90365475
1122,18915,55930,diagnostic performance,platelet microparticles,0.9591603,0.9699598,0.9159625
1123,6866,74813,bariatric surgery,therapeutic responses,0.9591548,0.9578019,0.96456635
1124,13373,58909,clinical predictive model,predictive accuracy,0.95914525,0.9588491,0.96032983
1125,27142,50412,gastric dilatation,open surgery,0.9591433,0.9649362,0.93597126
1126,345,33477,30-day postoperative morbidity,in-hospital complications,0.9591266,0.95387536,0.9801313
1127,1714,53554,acute treatment,pediatric patients,0.9591232,0.9735119,0.9015685
1128,41393,78343,lymph nodes resected,tumor regression grade,0.95910954,0.95386213,0.980099
1129,8700,27944,body mass index,geographic variations,0.9590896,0.9522348,0.98650867
1130,41274,42991,lung-protective ventilation strategy,mechanical ventilation,0.9590813,0.9743111,0.89816165
1131,2477,40913,adverse events,lower extremity vascular injury,0.9590695,0.96176153,0.9483011
1132,51959,60799,pancreatic cancer,programmed death-1 inhibitor,0.95904404,0.9537041,0.98040366
1133,3853,41103,anesthesia recovery,lung cancer,0.9590226,0.95574474,0.9721338
1134,55849,78285,plasma samples,tumor necrosis factor-alpha,0.9590206,0.95588195,0.971575
1135,15313,21586,computed tomography,elderly hepatocellular carcinoma,0.9589528,0.9693797,0.917245
1136,21692,53825,elective laparoscopic cholecystectomy,peptic ulcer disease,0.95894593,0.9728051,0.90350926
1137,1639,53473,acute respiratory distress syndrome,pediatric health information system,0.9589454,0.96522063,0.9338443
1138,58188,70327,postoperative pneumonia,stage i nsclc,0.9588896,0.95361763,0.9799774
1139,47896,55904,neurological deterioration,platelet count,0.95887554,0.9613786,0.9488634
1140,2477,31015,adverse events,hip fracture outcomes,0.9588691,0.95577043,0.97126365
1141,33902,68336,independent risk factors,shear wave elastography,0.9588656,0.965756,0.9313038
1142,40152,56340,locally advanced cervical cancer,poor prognosis,0.9588277,0.95784134,0.96277297
1143,27771,54617,general anesthesia,perioperative sepsis,0.9588185,0.9676388,0.9235374
1144,13065,58382,clavien-dindo score,postoperative surgical complications,0.9587925,0.9506558,0.991339
1145,16728,68260,creatinine levels,sex differences,0.958783,0.9513752,0.9884139
1146,14399,43752,colorectal cancer,metachronous esophageal cancer,0.9587786,0.96421546,0.9370313
1147,1500,60151,acute kidney injury,primary efficacy end point,0.95876634,0.9592623,0.9567824
1148,26728,73216,functional outcome,survival benefits,0.95874536,0.95527273,0.97263575
1149,32935,33499,immediate surgery,in-hospital mortality,0.95866364,0.9505365,0.99117213
1150,32687,73258,ileoanal anastomosis,survival rate,0.9586569,0.954192,0.9765164
1151,18242,31633,delayed bleeding,hospital readmission,0.95863104,0.95351756,0.97908485
1152,8437,39666,blood group o,liver cancer,0.9586193,0.97286856,0.90162206
1153,23148,29444,enhanced recovery after surgery,health status improvement,0.9585998,0.96860707,0.9185707
1154,58118,69903,postoperative outcomes,sphincter preservation rate,0.95859575,0.9490008,0.99697566
1155,31657,79141,hospital stay,umbilical surgical site infection,0.9585712,0.95635253,0.96744555
1156,14446,35663,colorectal cancer surgery,intestinal function,0.9585675,0.96657807,0.9265253
1157,52952,53030,patient factors,patient preferences,0.9585577,0.952736,0.9818444
1158,33005,38302,immune dysfunction,laparoscopic sleeve gastrectomy,0.95852804,0.95256484,0.98238087
1159,60840,63535,proinflammatory cytokines,recurrence rate,0.95849824,0.9546715,0.9738053
1160,3252,63194,ambulatory surgery,receiver operating characteristic curve,0.9584872,0.9502529,0.9914243
1161,15259,58217,comprehensive geriatric assessment,postoperative pulmonary complication,0.95848423,0.9537871,0.9772727
1162,19488,46151,discharge readiness,multidisciplinary team,0.9584708,0.95612603,0.96784973
1163,13491,35705,clinical success,intestinal necrosis,0.95847017,0.95890355,0.95673645
1164,32206,63562,hypertensive intracerebral hemorrhage,recurrence-free survival,0.9584696,0.9565115,0.9663023
1165,12728,16214,chronic total occlusion,coronary artery occlusion,0.95846653,0.9727842,0.90119576
1166,2477,64087,adverse events,relapse risk,0.9584397,0.9589853,0.9562572
1167,29615,63331,heat shock protein 90,rectal cancer,0.9584343,0.97178966,0.9050127
1168,19472,60917,discharge disposition,prolonged length of hospital stay,0.9584339,0.95311046,0.97972775
1169,1495,65758,acute ischemic stroke,risk models,0.9583929,0.9623448,0.94258505
1170,33170,60677,immunohistochemical expression,prognostic biomarkers,0.9583723,0.9775981,0.8814692
1171,551,47525,8th edition tnm staging system,neoadjuvant therapy,0.9583707,0.9527293,0.9809363
1172,46135,81161,multidisciplinary management,visceral pleural invasion,0.9583546,0.95411265,0.97532237
1173,22682,33671,endoscopic resection,incidence of severe complications,0.9582965,0.95914465,0.95490354
1174,8447,58910,blood loss,predictive algorithm,0.958279,0.9603328,0.95006377
1175,22961,49882,endovascular approaches,odds ratio,0.9582634,0.9550632,0.97106385
1176,13829,34383,coagulation parameters,inflammatory bowel disease,0.95825505,0.95084095,0.98791146
1177,10521,35074,cardiopulmonary bypass,intention-to-treat analysis,0.9582508,0.9493786,0.9937397
1178,12479,58232,chronic diseases,postoperative quality of life,0.95820135,0.9519087,0.9833718
1179,6635,71644,bacterial infections,subtotal colectomy,0.95817316,0.96244156,0.9410996
1180,36664,58257,intratumoral hemorrhage,postoperative recurrence,0.9581504,0.95603013,0.9666313
1181,41867,58232,major adverse limb events,postoperative quality of life,0.9581257,0.94881874,0.9953536
1182,1615,57351,acute pulmonary embolism,postoperative adverse events,0.95812166,0.95337725,0.97709924
1183,59690,68014,preoperative predictive model,serum tumor markers,0.9581175,0.96915543,0.91396576
1184,7697,72198,biliopancreatic limb,surgery-related complications,0.9580989,0.96106285,0.946243
1185,40160,75975,locally advanced esophageal adenocarcinoma,tnm staging,0.95809543,0.9553785,0.9689633
1186,12588,44724,chronic limb-threatening ischemia,minimally invasive technique,0.9580499,0.9488193,0.99497235
1187,16217,48805,coronary artery revascularization,non-st-elevation myocardial infarction,0.9580146,0.9699448,0.9102938
1188,13448,31306,clinical significance,histopathological features,0.95793205,0.97162205,0.9031718
1189,19280,76226,diffusion capacity of the lungs,total knee arthroplasty,0.9579251,0.95435077,0.9722225
1190,36705,58570,intravascular ultrasound,postprocedural bleeding,0.9579034,0.969061,0.9132727
1191,41576,43947,machine learning,metastatic spinal disease,0.9578946,0.9584137,0.95581824
1192,13058,40599,clavien-dindo graded complications,low anterior resection,0.95787793,0.95054895,0.9871939
1193,31158,58965,histological differentiation,predictive models,0.9578755,0.9529304,0.97765577
1194,59288,80282,preoperative characteristics,vascular invasion,0.9578646,0.94802034,0.9972414
1195,18691,57065,diabetes mellitus,post-transplant infections,0.9578621,0.9665122,0.9232617
1196,61603,70012,pseudomonas aeruginosa,spine surgery,0.95785695,0.9560711,0.96500033
1197,41931,77023,major complications,transfusion events,0.95783603,0.9677871,0.9180316
1198,48472,66593,nomogram prediction model,safety outcomes,0.95782024,0.9490312,0.9929763
1199,44047,49882,michigan bariatric surgery collaborative,odds ratio,0.9578018,0.9655149,0.92694944
1200,42844,47528,mean overall survival,neoadjuvant treatment,0.9577945,0.9594708,0.95108926
1201,3164,74795,alpha-fetoprotein levels,therapeutic outcomes,0.9577794,0.97081155,0.90565085
1202,48716,52710,non-metastatic obstructive colorectal cancer,pathological complete response,0.9577651,0.9488901,0.9932653
1203,41338,58293,lymph node metastases,postoperative respiratory complications,0.95775694,0.9486226,0.99429435
1204,35436,50383,international survey,open repair,0.9577546,0.959365,0.95131296
1205,3057,10436,all-cause mortality,cardiac surgical centers,0.9577535,0.95552593,0.9666636
1206,54458,80653,perioperative complications,venous thromboembolism incidence,0.9577276,0.9594788,0.95072275
1207,49539,66229,nutritional status,robotic-assisted radical prostatectomy,0.95770526,0.94881564,0.99326384
1208,12024,76798,chemotherapy compliance,transcatheter arterial chemoembolization,0.9576918,0.96833235,0.9151293
1209,60980,68880,propensity score matching,single-port access,0.9576476,0.96133596,0.94289416
1210,37964,79333,landmark analysis,univariate analysis,0.95763344,0.96398365,0.9322324
1211,19726,41339,distal esophageal cancer,lymph node metastasis,0.95761514,0.9573427,0.95870495
1212,5134,16317,aortic insufficiency,coronary revascularization,0.95759237,0.95232993,0.9786421
1213,54550,54571,perioperative mortality,perioperative outcome,0.95753974,0.9475953,0.9973174
1214,12193,45498,child-pugh grade a,morbidity and mortality,0.9575123,0.95664245,0.96099156
1215,9037,54541,bowel obstruction,perioperative malnutrition,0.95750576,0.9625401,0.9373683
1216,58118,69630,postoperative outcomes,solid components,0.9574995,0.9578314,0.95617193
1217,62686,73199,radical surgery,survival advantage,0.95747817,0.94782215,0.9961021
1218,2198,72406,adrenal insufficiency,surgical duration,0.95744705,0.9648197,0.9279564
1219,23624,46136,esophageal adenocarcinoma,multidisciplinary meeting,0.9574437,0.966284,0.92208254
1220,30048,46452,hepatic cirrhosis,multivariate analysis,0.9574225,0.9502819,0.9859848
1221,43067,76322,median follow-up,total psoas muscle area,0.9574102,0.9536371,0.97250235
1222,363,59001,30-day reoperation,predictive value,0.9573965,0.9505915,0.98461664
1223,26988,39853,gallstone surgery,liver transplantation,0.95739126,0.95297444,0.9750582
1224,43087,79317,median operative time,uniport video-assisted thoracoscopic surgery,0.95738065,0.95863485,0.9523639
1225,72519,77727,surgical intervention,treatment-related outcomes,0.9573792,0.95287114,0.9754116
1226,7590,34217,biliary injury,infectious complications,0.9573455,0.9497416,0.987761
1227,22986,73046,endovascular intervention,surgical treatment options,0.9573324,0.96157146,0.940376
1228,9921,19611,cancer immunotherapy,disease-free survival,0.95733106,0.96005005,0.94645494
1229,8318,46486,bleeding outcomes,multivessel coronary artery disease,0.9573041,0.96984416,0.9071439
1230,22120,64320,emergency status,renal replacement therapy,0.9572998,0.95299065,0.97453666
1231,8310,40448,bleeding events,long-term patency,0.9572994,0.96244866,0.9367024
1232,3299,20296,american society of anesthesiologists physical status,drain placement,0.9572916,0.9499456,0.9866752
1233,7797,65834,biochemical leak,risk stratification,0.95727205,0.9490916,0.98999363
1234,54458,78407,perioperative complications,tumor spread through air space,0.95726305,0.9498625,0.9868651
1235,13024,74426,clavien-dindo classification complications,technical success,0.9572536,0.9533404,0.97290605
1236,5901,55420,asian patients,physical activity,0.95718175,0.9505592,0.98367184
1237,37913,78355,lactate dehydrogenase levels,tumor resection,0.95717406,0.9695049,0.90785056
1238,3860,55607,anesthesia time,pittsburgh sleep quality index,0.9571624,0.96323097,0.9328881
1239,13637,39329,clinicopathological features,li-rads classification,0.95715725,0.9685647,0.9115276
1240,14399,61073,colorectal cancer,prophylactic mesh placement,0.95714206,0.9487135,0.9908562
1241,1500,15777,acute kidney injury,contralateral internal carotid artery occlusion,0.95714086,0.9772474,0.87671465
1242,22433,59671,endometrial cancer,preoperative platelet count,0.95710963,0.9503089,0.98431236
1243,34161,45453,infection markers,monocyte-to-lymphocyte ratio,0.9571087,0.9873236,0.83624905
1244,50570,81984,operation time,wound disruption,0.9570844,0.94680786,0.9981906
1245,17505,73968,cytokine expression,t cells,0.95708007,0.9812893,0.86024284
1246,16273,81458,coronary heart disease,waist-to-hip ratio,0.9570745,0.954404,0.9677564
1247,19585,27694,disease recurrence,gender disparities,0.95706606,0.9501049,0.98491067
1248,1390,57558,acute complicated diverticulitis,postoperative complication rates,0.95706207,0.9656743,0.922613
1249,16247,18801,coronary calcium score,diagnostic accuracy,0.9570613,0.9764796,0.8793882
1250,28836,61928,ground glass opacity,pulmonary complications,0.9570532,0.9506614,0.98262006
1251,15935,52053,conventional imaging,pancreatic fistula,0.9570507,0.9809693,0.8613762
1252,38009,78138,laparoscopic approach,tumor enucleation,0.9570392,0.951799,0.97799975
1253,60818,78055,progressive disease,tumor burden,0.9570082,0.95652884,0.9589255
1254,63535,64801,recurrence rate,respiratory complications,0.95699155,0.94667196,0.9982698
1255,10339,45655,cardiac mortality,mortality reduction,0.9569704,0.9531826,0.97212166
1256,58512,72930,postoperative wound infection,surgical stabilization of rib fractures,0.9569609,0.9547942,0.9656276
1257,2082,67774,adjuvant chemotherapy,serum cyfra 21-1,0.9569179,0.97298884,0.892634
1258,55198,72782,personalized total neoadjuvant therapy,surgical resection,0.95688075,0.9475334,0.99426985
1259,23835,65095,estimated blood loss,retrospective cohort review,0.9568764,0.953238,0.97143
1260,57634,57712,postoperative delirium,postoperative epidural analgesia,0.9568707,0.9646995,0.92555505
1261,22732,72370,endoscopic stenting,surgical decision-making,0.9568461,0.9526324,0.97370094
1262,30936,55966,high-sensitivity troponin i,platelet-to-lymphocyte ratio,0.9568378,0.96976167,0.9051422
1263,18691,68341,diabetes mellitus,sheath size,0.9567729,0.96315557,0.93124247
1264,45656,80778,mortality risk,ventricular septal defect,0.95676804,0.9470715,0.99555415
1265,24111,79790,exenterative surgery,urinary tract infection,0.95676273,0.95559037,0.96145207
1266,10339,29568,cardiac mortality,heart team,0.95674706,0.9749016,0.8841288
1267,46166,81155,multidisciplinary treatment,visceral obesity,0.95674396,0.94841355,0.9900657
1268,2797,72411,air leak,surgical efficiency,0.95670664,0.9559152,0.95987236
1269,74395,76188,technical failure,total gastrectomy,0.95667136,0.95009613,0.9829722
1270,1111,58247,acetabular fractures,postoperative recovery,0.9566704,0.9470945,0.9949739
1271,8304,76334,bleeding disorders,total shoulder arthroplasty,0.956652,0.9520769,0.97495234
1272,52947,73209,patient enrollment,survival analysis,0.9566195,0.9697222,0.9042086
1273,46135,51864,multidisciplinary management,palliative resection,0.95658964,0.969383,0.90541595
1274,41375,76192,lymph node yield,total harvested lymph nodes,0.9565861,0.95864284,0.948359
1275,11852,69204,cervical lymph node,sleeve gastrectomy,0.95653814,0.95103014,0.97856987
1276,12630,51741,chronic obstructive pulmonary disease,pain catastrophizing scale,0.95653653,0.95342016,0.9690018
1277,22786,74101,endoscopic ultrasound,t3 stage,0.95652723,0.95408964,0.9662773
1278,13906,58283,cognitive function,postoperative renal function,0.95651436,0.9569623,0.9547223
1279,15536,65811,congenital diaphragmatic hernia,risk prediction model,0.9565028,0.94901377,0.986459
1280,43685,49575,metabolic syndrome resolution,obese patients,0.95650095,0.9652473,0.92151546
1281,39921,59007,living donor liver transplantation,predictive values,0.95649457,0.9529925,0.9705028
1282,46552,65834,muscle mass assessment,risk stratification,0.9564876,0.95369166,0.9676713
1283,13540,37521,clinical variables,kaplan-meier curve,0.956459,0.9582061,0.9494703
1284,30953,79369,high-volume hospitals,unplanned admission,0.95645434,0.9644386,0.9245172
1285,60792,76747,programmed death ligand 1,transarterial chemoembolization,0.95644903,0.9555205,0.9601631
1286,55634,65584,placenta previa totalis,risk factors,0.95644355,0.9664284,0.9165039
1287,38268,65967,laparoscopic resection,robot-assisted pancreaticoduodenectomy,0.9564394,0.9475905,0.9918351
1288,24818,51959,false negative findings,pancreatic cancer,0.95638597,0.96889216,0.90636104
1289,32503,60918,idiopathic normal pressure hydrocephalus,prolonged length of stay,0.95638454,0.9662574,0.916893
1290,10607,39081,cardiovascular events,left ventricular reverse remodeling,0.95635563,0.96313417,0.9292414
1291,2477,15305,adverse events,computed tomographic images,0.95634484,0.95434505,0.96434385
1292,29223,57850,hazard ratio,postoperative hospitalization duration,0.9563414,0.9476693,0.99102926
1293,6635,77555,bacterial infections,treatment effectiveness,0.9563236,0.9600713,0.94133276
1294,1159,57634,acid-base balance,postoperative delirium,0.95631766,0.9775729,0.8712966
1295,51802,75160,pain scale,thoracoscopic surgery,0.9563104,0.97897846,0.8656381
1296,10406,46742,cardiac surgery,myocardial blush grade,0.9562773,0.95203406,0.9732502
1297,44617,54482,minimally invasive distal pancreatectomy,perioperative factors,0.95626754,0.94730675,0.99211067
1298,23636,47458,esophageal cancer,neo-adjuvant radiotherapy,0.95622694,0.97316676,0.88846785
1299,35706,58976,intestinal obstruction,predictive power,0.9561939,0.9473988,0.99137443
1300,23798,69423,esophagogastric cancer,smoking history,0.95614076,0.9498067,0.98147684
1301,19625,44622,disease-specific survival,minimally invasive enucleation,0.9561397,0.9571443,0.9521209
1302,4162,44596,ankle-brachial index,minimally invasive approach,0.95611304,0.94751674,0.990498
1303,2604,39428,age >65 years,limb salvage,0.9560885,0.9598268,0.941135
1304,58966,59345,predictive nomogram,preoperative creatinine,0.95606285,0.9463558,0.9948908
1305,8534,59845,blood transfusion requirements,preoperative transfusion,0.9560527,0.962974,0.9283674
1306,11524,80995,central lymph node metastasis,video-assisted thoracic surgery,0.95601165,0.9599646,0.94019973
1307,57824,73803,postoperative hemoglobin levels,systemic immune-inflammation index,0.9560054,0.9479384,0.9882732
1308,26696,67569,functional independence measure,serious adverse events,0.95595276,0.95041186,0.9781164
1309,26599,52891,full-thickness burns,patient characteristics,0.95594054,0.96179104,0.93253857
1310,34297,51959,inferior vena cava tumor thrombus,pancreatic cancer,0.9559308,0.94742906,0.9899378
1311,27084,79857,gastric bypass surgery,usual care,0.95592743,0.96306473,0.9273783
1312,32905,41255,immature platelets,lung transplantation,0.9559257,0.9705923,0.8972591
1313,21787,73004,elective thoracic surgery,surgical time,0.955853,0.94729525,0.9900838
1314,38944,41859,left main coronary artery,major adverse clinical events,0.95584494,0.9690757,0.90292186
1315,598,75513,90-day readmission,thyroid lobectomy,0.9558196,0.94980085,0.9798947
1316,285,50646,30-day death,operative outcomes,0.9558031,0.9514283,0.9733021
1317,16198,32931,coronary artery disease,immediate reconstruction,0.9558028,0.9478955,0.9874315
1318,27084,37761,gastric bypass surgery,knee arthroplasty,0.95578593,0.9473472,0.98954076
1319,35042,54501,intensive care unit stay,perioperative hemodynamic instability,0.9557668,0.9708779,0.8953223
1320,6866,9500,bariatric surgery,bulldog clamp,0.95576096,0.9542155,0.9619425
1321,42978,75033,mechanical thrombectomy,thoracic surgery,0.955758,0.94570214,0.99598145
1322,19766,65828,distal pancreatectomy,risk score system,0.9556871,0.9489221,0.9827471
1323,3306,72058,american society of anesthesiology classification,surgeon volume,0.9556602,0.95013714,0.9777526
1324,56471,65347,portal hypertension,right hemi-hepatectomy,0.95565665,0.96915317,0.90167046
1325,26643,58118,functional assessment of cancer therapy,postoperative outcomes,0.9556498,0.946707,0.9914206
1326,30670,53952,high-dose vitamin d,percutaneous coronary intervention,0.9556292,0.9500739,0.9778505
1327,22739,68891,endoscopic submucosal dissection,single-port laparoscopy,0.9556176,0.9481868,0.9853408
1328,55911,72770,platelet distribution width,surgical repair,0.95560926,0.95821077,0.94520324
1329,46370,48785,multiplex immunofluorescence staining,non-small-cell lung cancer,0.9556015,0.95670843,0.9511739
1330,9274,73803,breast cancer prognosis,systemic immune-inflammation index,0.95560145,0.981157,0.853379
1331,36143,78055,intrahepatic metastasis,tumor burden,0.9555837,0.9497156,0.97905606
1332,63537,74625,recurrence risk,textbook outcomes,0.9555775,0.94493103,0.99816304
1333,43906,62679,metastatic lymph nodes,radical resection rate,0.95554054,0.95238686,0.9681551
1334,33066,48781,immune response markers,non-small cell lung cancer,0.95551753,0.9740225,0.8814977
1335,33751,81984,incisional negative pressure wound therapy,wound disruption,0.95550865,0.9663409,0.9121796
1336,63716,74608,recurrent stroke,tetralogy of fallot,0.9554943,0.96905565,0.90124875
1337,12567,39016,chronic kidney disease,left ventricular aneurysm repair,0.9554911,0.9513208,0.9721724
1338,36483,78317,intraoperative radiation therapy,tumor progression,0.9554911,0.95406014,0.9612149
1339,35994,62475,intracorporeal suturing,r0 resection,0.9554907,0.95141673,0.9717866
1340,62817,72631,radiologist interpretation,surgical outcomes,0.95546085,0.9579348,0.945565
1341,17219,68565,curative resection,sigmoid colectomy,0.9554002,0.94519347,0.9962274
1342,7783,69053,biochemical data,skeletal muscle index,0.9553659,0.95272195,0.9659415
1343,16009,43679,conversion rates,metabolic surgery,0.95535135,0.9492466,0.97977054
1344,40133,59295,localized pancreatic ductal adenocarcinoma,preoperative chemotherapy,0.9553302,0.94952637,0.9785454
1345,16672,51766,cranial nerve injury,pain management,0.9553103,0.95371866,0.9616767
1346,66441,81606,rural population,weight loss,0.95529056,0.9548283,0.9571395
1347,56705,74426,post-bariatric surgery leaks,technical success,0.95528805,0.96350634,0.9224149
1348,57844,76747,postoperative hospital stay,transarterial chemoembolization,0.9552853,0.94427353,0.99933237
1349,58382,78057,postoperative surgical complications,tumor burden score,0.95527077,0.94725287,0.9873422
1350,8310,55283,bleeding events,pharmacologic prophylaxis,0.9552517,0.97498626,0.87631357
1351,62464,76188,r0 esophagectomy,total gastrectomy,0.9552498,0.9492368,0.9793016
1352,4686,39850,antibiotic use,liver transplant recipients,0.95521986,0.9604799,0.9341797
1353,45498,64939,morbidity and mortality,restrictive transfusion,0.9551977,0.954957,0.95616025
1354,33889,79619,independent prognostic factors,urban patients,0.95519525,0.9524064,0.9663503
1355,51808,65927,pain scores,robot-assisted approach,0.95519435,0.9572318,0.94704455
1356,2082,19935,adjuvant chemotherapy,dna mismatch repair proteins,0.95518225,0.95289487,0.9643315
1357,5273,57903,aortic valve stenosis,postoperative infection,0.9551648,0.94571036,0.9929825
1358,18554,78355,desmoplastic reaction,tumor resection,0.9551645,0.98474956,0.83682406
1359,10521,80482,cardiopulmonary bypass,vasovagal reactions,0.95516074,0.9770444,0.8676259
1360,13245,61925,clinical features,pulmonary complication,0.955152,0.95857435,0.9414625
1361,12714,13340,chronic subdural hematoma,clinical parameters,0.9551064,0.9523741,0.9660354
1362,10607,43625,cardiovascular events,metabolic dysfunction,0.95509243,0.9715658,0.88919914
1363,58066,80468,postoperative nausea and vomiting,vasopressor administration,0.95506734,0.96512926,0.9148194
1364,41576,63737,machine learning,recurrent-free survival,0.95503306,0.95691,0.94752526
1365,22682,76770,endoscopic resection,transbronchial microwave ablation,0.9549968,0.9654484,0.91319066
1366,43423,51756,mental component summary,pain intensity,0.9549845,0.9574031,0.94531
1367,15453,47496,conditional disease-specific survival,neoadjuvant immunochemotherapy,0.95498145,0.9578359,0.94356364
1368,10834,72242,case-control analysis,surgical aortic valve replacement,0.95498013,0.9710335,0.8907665
1369,20847,36299,e. coli,intraoperative complications,0.9549781,0.96529084,0.91372705
1370,41134,43427,lung cancer surgery,mental distress,0.95494974,0.96617836,0.9100352
1371,46936,58041,nafld activity score,postoperative morbidity,0.9549299,0.9464054,0.9890276
1372,51842,66595,palliative care,safety profile,0.95490915,0.9483856,0.9810033
1373,29831,33499,hemodynamic management,in-hospital mortality,0.95489645,0.9532519,0.9614745
1374,18801,59319,diagnostic accuracy,preoperative comorbidities,0.9548766,0.946758,0.987351
1375,44567,57418,minimal invasive procedure,postoperative atrial fibrillation,0.9548462,0.9571191,0.94575465
1376,32224,39058,hypertrophic cardiomyopathy,left ventricular mass index,0.9548431,0.97940093,0.85661167
1377,31511,72884,hormonally active tumors,surgical site infection,0.95482725,0.94537455,0.99263775
1378,22953,61940,endovascular aortic aneurysm repair,pulmonary dysfunction,0.9548266,0.95201546,0.966071
1379,50412,69497,open surgery,society of thoracic surgeons risk,0.9548179,0.948556,0.9798656
1380,62482,62495,r0 resections,r1 resection,0.9548122,0.94534737,0.9926716
1381,12567,57811,chronic kidney disease,postoperative heart block,0.9547867,0.9554271,0.9522251
1382,41238,72519,lung squamous cell cancer,surgical intervention,0.9547752,0.9532738,0.9607809
1383,13401,16807,clinical reflux,crohn's disease,0.9547751,0.9580846,0.94153714
1384,40495,45285,long-term survival,modified radiation lobectomy,0.95475364,0.94512326,0.99327517
1385,25620,81010,financial sustainability,video-assisted thoracoscopic surgery,0.9546809,0.9487871,0.97825605
1386,1578,35082,acute pancreatitis,inter-observer agreement,0.9546759,0.9608572,0.9299509
1387,2310,64631,advanced gastric cancer,resectional surgery,0.9546739,0.95246524,0.9635083
1388,43656,81266,metabolic parameters,vitamin b12 deficiency,0.95467186,0.95356214,0.9591106
1389,43874,62495,metastatic disease,r1 resection,0.95460796,0.94361883,0.9985644
1390,48104,62837,neutrophil-to-lymphocyte ratio,radiomics score,0.9545796,0.9438252,0.9975973
1391,15313,65594,computed tomography,risk factors for anastomotic leak,0.9545527,0.95531654,0.95149726
1392,58349,78410,postoperative skeletal muscle loss,tumor stage,0.95452607,0.9512397,0.9676714
1393,29436,76346,health related quality of life,total thyroidectomy,0.9545164,0.9535035,0.95856804
1394,30936,82023,high-sensitivity troponin i,wound infection,0.95451045,0.9558385,0.9491981
1395,59435,72893,preoperative fibrinogen,surgical site infections,0.9544995,0.95291966,0.96081865
1396,16009,58243,conversion rates,postoperative readmission rate,0.9544301,0.9734963,0.878165
1397,16273,56331,coronary heart disease,poor nutritional status,0.95441496,0.96022826,0.9311615
1398,3579,40264,anastomotic dehiscence,logistic regression analysis,0.9544015,0.94363505,0.9974673
1399,30833,37171,high-risk comorbidities,ischemic stroke,0.9543989,0.9540398,0.95583504
1400,57581,57873,postoperative course,postoperative hypotension,0.95439506,0.9563701,0.94649476
1401,7372,72249,bilateral internal thoracic artery grafting,surgical approach,0.95438457,0.94378424,0.9967859
1402,19740,67809,distal gastrectomy,serum glucose,0.9543729,0.9577438,0.94088924
1403,9496,81010,bulky lymph nodes,video-assisted thoracoscopic surgery,0.95436096,0.9610377,0.92765397
1404,20695,32917,duration of mechanical ventilation,immediate extubation,0.9543377,0.9782949,0.858509
1405,3375,65087,ampullary tumors,retrospective analysis,0.9543167,0.9599083,0.9319502
1406,41366,48107,lymph node staging,neutrophil/lymphocyte ratio,0.9543121,0.94763595,0.9810166
1407,7649,78238,biliary surgery,tumor markers,0.9543119,0.96060663,0.92913294
1408,71609,80649,subpleural lung cancer,venous thromboembolism,0.95430684,0.9579699,0.9396545
1409,14399,24491,colorectal cancer,extracolonic malignancy,0.9543062,0.9529638,0.9596756
1410,19582,59367,disease progression,preoperative deep vein thrombosis,0.9542969,0.9537232,0.9565917
1411,37114,70896,ischemic cardiomyopathy,stent thrombosis,0.95427406,0.9453382,0.99001724
1412,50505,60571,operating duration,procedure time,0.9542632,0.9549351,0.95157546
1413,63618,72694,recurrent disease,surgical procedure,0.9542584,0.9465973,0.9849027
1414,14527,52720,colorectal resection,pathological evaluation,0.95422274,0.9511822,0.96638495
1415,65753,68321,risk marker,shapley additive explanations,0.95420927,0.97176015,0.8840057
1416,15116,50238,complicated diverticular disease,open approach,0.9541973,0.96210283,0.92257506
1417,10738,29751,carotid endarterectomy,hematoxylin and eosin staining,0.9541812,0.9490607,0.974663
1418,32867,73838,imaging features,systemic inflammatory response syndrome,0.95418054,0.9453265,0.98959655
1419,18083,77645,deep vein thrombosis,treatment process,0.9541253,0.95315427,0.9580093
1420,13047,38277,clavien-dindo grade ii complications,laparoscopic right hemicolectomy,0.95412016,0.96067506,0.92790025
1421,56659,72552,positive urine culture,surgical management,0.9541048,0.9490182,0.97445107
1422,50680,75160,operative time comparison,thoracoscopic surgery,0.95404917,0.9539371,0.9544975
1423,36261,49264,intraoperative bleeding,nrs pain scores,0.9540328,0.9527323,0.9592346
1424,23159,72198,enhanced recovery pathway,surgery-related complications,0.953954,0.94474435,0.9907925
1425,15123,63535,complicated parapneumonic effusion,recurrence rate,0.95394945,0.95598304,0.94581497
1426,74231,74426,target vessel myocardial infarction,technical success,0.95392835,0.9446939,0.99086624
1427,12479,73814,chronic diseases,systemic inflammation index,0.9539107,0.9592413,0.93258816
1428,13623,41338,clinicopathologic data,lymph node metastases,0.9539047,0.9496702,0.9708425
1429,3647,53554,anatomic changes,pediatric patients,0.9538923,0.9734625,0.8756112
1430,2797,26921,air leak,gallbladder cancer,0.95387286,0.94505215,0.9891557
1431,12630,60055,chronic obstructive pulmonary disease,previous upper abdominal surgery,0.9538622,0.9466419,0.982743
1432,33498,75077,in-hospital morbidity,thoracoabdominal aortic aneurysms,0.95385087,0.97270954,0.87841606
1433,15306,63331,computed tomographic imaging,rectal cancer,0.95383406,0.95447385,0.95127505
1434,10563,61936,cardiothoracic surgery,pulmonary disease,0.9537715,0.94848615,0.9749126
1435,2139,73750,adjuvant treatment,systematic nodal dissection,0.9537667,0.953684,0.95409757
1436,57022,58257,post-surgical complications,postoperative recurrence,0.9537587,0.94324946,0.9957956
1437,27473,34948,gastrointestinal cancer,insurance coverage,0.9537562,0.9476521,0.97817266
1438,3596,34938,anastomotic leak,insulin-treated type 2 diabetes,0.9537463,0.94413614,0.9921869
1439,20266,41091,downstaging therapy,lung adenocarcinoma,0.9537394,0.95480245,0.94948703
1440,5268,42787,aortic valve repair,mean arterial pressure,0.95373756,0.9461663,0.9840226
1441,8733,81282,body weight loss,vitamin d levels,0.95370966,0.95565134,0.94594306
1442,17224,63922,curative surgery,regional anesthesia,0.9537034,0.94266456,0.9978587
1443,41338,45037,lymph node metastases,mixed neuroendocrine-non-neuroendocrine neoplasm,0.95370317,0.96691984,0.9008363
1444,20043,58041,donor-site morbidity,postoperative morbidity,0.95369744,0.948386,0.97494316
1445,49486,54458,nutritional data,perioperative complications,0.9536761,0.9470723,0.98009115
1446,35837,68431,intra-aortic balloon pump,short-term mortality,0.953672,0.94354886,0.9941644
1447,20717,62475,dutch pancreatic cancer group,r0 resection,0.95362866,0.9545608,0.94989973
1448,7508,60694,bile leakage,prognostic factor,0.9535853,0.9422132,0.99907386
1449,49378,73258,number of retrieved lymph nodes,survival rate,0.9535559,0.946186,0.9830353
1450,18915,59864,diagnostic performance,preoperative urine culture,0.9535549,0.94694316,0.98000187
1451,580,62339,90-day mortality,quality of life improvements,0.95353335,0.9458583,0.98423356
1452,33968,42991,indirect costs,mechanical ventilation,0.9535281,0.9457704,0.984559
1453,31654,39853,hospital service areas,liver transplantation,0.95350283,0.9487862,0.9723694
1454,31617,41931,hospital performance,major complications,0.953496,0.943725,0.99257976
1455,10536,60718,cardiopulmonary exercise test,prognostic marker,0.95348734,0.9491977,0.9706458
1456,15547,53918,congenital heart disease,percutaneous approaches,0.9534858,0.9707929,0.88425726
1457,8300,14541,bleeding control,colorectal surgery,0.95347303,0.94562286,0.9848738
1458,62330,66525,quality of life,sac growth,0.95344454,0.9518813,0.95969737
1459,17171,62380,cumulative volume,quality-adjusted life years,0.9533788,0.98309153,0.83452785
1460,8727,62346,body weight,quality of life outcomes,0.95336854,0.952531,0.95671856
1461,38007,60931,laparoscopic appendectomy,prolonged postoperative length of stay,0.9533367,0.95637685,0.94117606
1462,59242,64252,preoperative blood pressure,renal dysfunction,0.95326537,0.9719133,0.8786738
1463,29600,53554,heartmate 3,pediatric patients,0.95326257,0.9466447,0.97973365
1464,53211,58041,patient-specific factors,postoperative morbidity,0.95325506,0.9433321,0.99294704
1465,48785,52627,non-small-cell lung cancer,pathologic complete regression,0.95325077,0.94808716,0.9739051
1466,26017,51959,fluorine 18 fluorodeoxyglucose,pancreatic cancer,0.9532345,0.9587393,0.93121517
1467,58892,62904,predicting anastomotic leakage,randomized controlled trial,0.95323116,0.9526802,0.95543504
1468,47475,64429,neoadjuvant chemotherapy,repeat laparoscopic liver resection,0.9532211,0.94333154,0.9927791
1469,19187,23014,differentially expressed proteins,endovascular repair,0.95321834,0.94481575,0.9868283
1470,3598,73814,anastomotic leak rate,systemic inflammation index,0.9532095,0.95307976,0.95372844
1471,24398,60665,external validation,prognosis prediction,0.9531566,0.94626915,0.98070633
1472,13165,43948,clinical characteristics,metastatic spinal tumor frailty index,0.9531517,0.94985884,0.96632284
1473,13241,28569,clinical factors,gradient boosting machine,0.9531374,0.95405394,0.94947124
1474,46495,72526,multivisceral resection,surgical interventions,0.9531346,0.952047,0.9574847
1475,2477,18909,adverse events,diagnostic outcomes,0.9530918,0.96554583,0.90327567
1476,36542,69204,intraoperative vital signs,sleeve gastrectomy,0.95308954,0.9557193,0.9425705
1477,12144,15313,chest wall injury,computed tomography,0.9530883,0.9470439,0.9772658
1478,36888,48056,invasive breast cancer,neutrophil count,0.9530776,0.9579435,0.93361396
1479,12477,64801,chronic disease burden,respiratory complications,0.9530753,0.95773804,0.934424
1480,16185,61706,coronary artery bypass graft,psychological reactions,0.95306295,0.9603569,0.9238871
1481,29489,44675,healthcare resource utilization,minimally invasive pancreatoduodenectomy,0.9530515,0.9472895,0.9760994
1482,18691,69593,diabetes mellitus,soft tissue complications,0.9530451,0.97600687,0.86119807
1483,18691,26488,diabetes mellitus,freedom from death,0.95303094,0.9488035,0.9699407
1484,290,35289,30-day follow-up,intermittent claudication,0.952995,0.9509964,0.9609893
1485,68970,69204,sinus tachycardia,sleeve gastrectomy,0.95298254,0.95978004,0.9257925
1486,8724,21505,body surface area,efficacy and safety,0.95297575,0.97774667,0.85389185
1487,12510,54421,chronic hemodialysis,perioperative bleeding,0.95296377,0.95720077,0.9360159
1488,31533,60906,hospital admission,prolonged hospitalization,0.9529575,0.9473183,0.97551423
1489,1546,54646,acute mesenteric ischemia,perioperative transfusion,0.95293045,0.9491263,0.96814674
1490,33499,53986,in-hospital mortality,percutaneous femoral access,0.95290965,0.9474845,0.97461003
1491,1403,24506,acute debakey type i aortic dissection,extracorporeal membrane oxygenation,0.95289874,0.9594901,0.926533
1492,31433,72782,holmium laser,surgical resection,0.95289725,0.94912845,0.96797234
1493,14960,49701,complete revascularization,observational study,0.95289564,0.94780225,0.97326916
1494,39058,59325,left ventricular mass index,preoperative computed tomography,0.9528814,0.95870626,0.9295819
1495,17862,41576,de novo lesions,machine learning,0.9528607,0.961179,0.91958743
1496,30783,81606,high-quality care,weight loss,0.9528508,0.94715,0.97565395
1497,13491,54178,clinical success,peri-operative morbidity,0.95283943,0.9512658,0.95913386
1498,28360,57634,glycemic markers,postoperative delirium,0.95283127,0.94487,0.98467606
1499,10530,58188,cardiopulmonary comorbidities,postoperative pneumonia,0.9528307,0.9633134,0.91089946
1500,10811,29528,case complexity,heart failure,0.9528306,0.9519209,0.9564691
1501,21864,33902,electronic health record,independent risk factors,0.95281345,0.9428399,0.99270767
1502,43679,59281,metabolic surgery,preoperative care,0.95281,0.94940203,0.96644163
1503,1573,66562,acute pain,safety and feasibility,0.95279986,0.9605448,0.9218198
1504,25523,39160,fibrosis stages,length of hospital stay,0.952795,0.9665532,0.8977622
1505,13707,58041,clostridium difficile colitis,postoperative morbidity,0.9527844,0.9425416,0.9937558
1506,17564,73812,cytokine-induced killer cell therapy,systemic inflammation,0.95277476,0.966171,0.8991898
1507,30915,77324,high-risk surgical patients,transthoracic echocardiography,0.9527127,0.96855307,0.8893513
1508,25344,50555,fenestrating technique,operating time,0.9527072,0.95324636,0.95055026
1509,34458,81261,inflammatory markers,vitamin and mineral supplementation,0.95269907,0.95885104,0.9280912
1510,25789,81520,five-year survival rate,warm ischemia time,0.9526912,0.94428,0.986336
1511,800,20295,abdominal surgery,drain output volume,0.952654,0.970339,0.88191396
1512,1603,70609,acute postoperative pain,staphylococcus aureus,0.9526268,0.9491776,0.9664234
1513,20933,58955,early diagnosis,predictive markers,0.9526052,0.9589134,0.92737216
1514,598,23152,90-day readmission,enhanced recovery after surgery program,0.95259446,0.9444868,0.9850252
1515,12689,72211,chronic renal failure,surgical access,0.952584,0.9497416,0.96395385
1516,48104,52736,neutrophil-to-lymphocyte ratio,pathological invasion,0.9525627,0.94307745,0.9905037
1517,8724,80764,body surface area,ventricular function,0.95255804,0.98035413,0.84137356
1518,26403,78113,frailty assessment,tumor diameter,0.95254207,0.9422273,0.99380094
1519,14412,77526,colorectal cancer liver metastases,treatment completion,0.95249546,0.949406,0.96485317
1520,71539,78789,subjective sleep quality,type 2 diabetes,0.95249164,0.9718042,0.8752415
1521,21613,39160,elective aneurysm repair,length of hospital stay,0.95247364,0.94690794,0.97473663
1522,15313,39549,computed tomography,lipid volume,0.9524258,0.9675434,0.8919551
1523,1513,18691,acute large vessel occlusive stroke,diabetes mellitus,0.95235044,0.9497656,0.9626894
1524,10580,53557,cardiovascular causes,pediatric population,0.9523348,0.9536558,0.94705105
1525,46433,73523,multivariable logistic regression,symptomatic improvement,0.9523329,0.9441808,0.9849413
1526,58171,60889,postoperative period,prolonged air leaks,0.9522909,0.97020537,0.8806328
1527,16317,61022,coronary revascularization,propensity-score matched analysis,0.95228976,0.9496513,0.9628435
1528,5212,53327,aortic stenosis,peak flow rate,0.9522829,0.953315,0.94815445
1529,11804,60725,cervical anastomotic leak,prognostic nutritional index,0.95227325,0.94283366,0.9900315
1530,44231,45126,microsatellite instability,model validation,0.95227224,0.94925916,0.9643244
1531,52887,69535,patient care,socioeconomic disparities,0.95226896,0.9602919,0.9201769
1532,18441,41319,dentate line,lymph node dissection,0.9522439,0.9542811,0.9440953
1533,42513,47475,massive hemorrhage,neoadjuvant chemotherapy,0.95223653,0.9418224,0.9938929
1534,36401,58965,intraoperative hypoxemia,predictive models,0.9522317,0.9766615,0.85451245
1535,47405,64596,negative predictive value,resection margin,0.9522103,0.94862753,0.9665414
1536,47816,52124,neuroendocrine tumors,pancreatic neuroendocrine carcinoma,0.9521915,0.9725585,0.87072337
1537,3056,58522,all-cause morbidity,postpancreatectomy hemorrhage,0.9521911,0.95443505,0.9432153
1538,2504,21379,adverse outcomes,economic burden,0.9521891,0.9424841,0.99100924
1539,57658,72782,postoperative distress,surgical resection,0.9521689,0.952705,0.9500242
1540,32868,65824,imaging findings,risk score,0.9521633,0.95507306,0.9405241
1541,21655,41851,elective coronary artery bypass graft,major adverse cardiovascular events,0.95216256,0.94716775,0.9721415
1542,19891,61147,diverting stoma,prospective cohort study,0.95213455,0.9433635,0.9872186
1543,13375,34422,clinical predictors,inflammatory cytokines,0.9521153,0.96579146,0.8974106
1544,5797,68437,artificial pancreas,short-term outcomes,0.95210737,0.9497015,0.96173066
1545,44711,60808,minimally invasive surgery,progression free survival,0.95208514,0.9404775,0.9985159
1546,15317,68456,computed tomography angiography,short-term survival,0.9520799,0.94818825,0.96764654
1547,51930,62530,pancreatectomy clinical pathways,racial disparities,0.9520778,0.9526941,0.9496126
1548,30468,76252,high body mass index,total lymphocyte count,0.9520613,0.947993,0.9683344
1549,45214,65532,modified clavien-dindo classification,risk analysis index,0.9520199,0.9473593,0.97066194
1550,44640,58257,minimally invasive ivor lewis esophagectomy,postoperative recurrence,0.95201546,0.9449659,0.9802136
1551,1500,75422,acute kidney injury,thrombus density,0.9520133,0.97910106,0.8436623
1552,666,1205,abdominal aortic aneurysm,acs nsqip risk calculator,0.9520116,0.94936574,0.9625951
1553,52987,62832,patient management,radiomics features,0.9520116,0.9422298,0.99113864
1554,44617,56847,minimally invasive distal pancreatectomy,post-operative complication,0.9519963,0.94894713,0.96419287
1555,32992,46461,immune checkpoint inhibitors,multivariate cox proportional hazards model,0.95198494,0.96023685,0.91897714
1556,17230,66600,curative treatment,safety-net hospital,0.951964,0.9494538,0.96200484
1557,49987,56362,older patients,poorly differentiated adenocarcinoma,0.95193595,0.9435665,0.9854138
1558,44711,68247,minimally invasive surgery,severity of ponv,0.9519237,0.9497842,0.9604816
1559,29545,50646,heart failure with reduced ejection fraction,operative outcomes,0.95192194,0.95782804,0.9282974
1560,34753,56471,inotropic support,portal hypertension,0.95190865,0.9413279,0.99423146
1561,16625,48797,cox regression analysis,non-st elevation acute myocardial infarction,0.9519039,0.9559735,0.93562543
1562,23004,58125,endovascular procedure,postoperative pain,0.95188373,0.9432398,0.98645914
1563,2749,65811,aggregate index of systemic inflammation,risk prediction model,0.9518411,0.946483,0.97327334
1564,20764,23056,dynamic nomogram,endovascular thrombectomy,0.95182526,0.94941944,0.9614484
1565,54448,62838,perioperative chemotherapy,radiomics signature,0.95179,0.9426238,0.9884544
1566,26306,81606,former smoker,weight loss,0.9517864,0.9597695,0.91985387
1567,37929,39178,lactic acid concentration,length of stay,0.9517752,0.9420689,0.9906001
1568,54951,58965,peritoneal lavage,predictive models,0.9517583,0.9465518,0.97258437
1569,346,41315,30-day postoperative mortality,lymph node count,0.95174676,0.94144183,0.9929662
1570,1382,37863,acute cholecystitis,l3 skeletal muscle index,0.95172185,0.9435114,0.9845634
1571,34063,64561,induction therapy,resectable non-small-cell lung cancer,0.95172113,0.9736178,0.8641345
1572,7471,53558,bile duct injury,pediatric populations,0.95171285,0.9585494,0.92436665
1573,13893,29223,cognitive decline,hazard ratio,0.9517122,0.94052356,0.9964665
1574,40425,50344,long-term mortality,open operation,0.95169014,0.94252264,0.9883599
1575,4024,73260,angiographic complications,survival rates,0.9516333,0.94938445,0.96062833
1576,6926,29240,barrett's esophagus,hba1c levels,0.9515764,0.94483393,0.9785461
1577,37884,58049,laboratory markers,postoperative mortality,0.95155674,0.9446069,0.9793562
1578,54572,65872,perioperative outcomes,risk-adjusted payments,0.9515556,0.9469493,0.96998066
1579,17230,66593,curative treatment,safety outcomes,0.9515447,0.9406742,0.99502677
1580,48613,52128,non-functioning pancreatic neuroendocrine tumours,pancreatic neuroendocrine tumors,0.9515312,0.9873237,0.80836076
1581,25575,50412,figo stage iv disease,open surgery,0.9515248,0.9450066,0.97759753
1582,10696,16623,carotid artery disease,cox regression,0.95148534,0.94174165,0.9904598
1583,14483,52724,colorectal lesions,pathological features,0.9514553,0.96300983,0.90523726
1584,43282,72884,medically refractory epilepsy,surgical site infection,0.95141995,0.94573224,0.974171
1585,10661,53079,care bundles,patient satisfaction,0.9514126,0.97396606,0.8611989
1586,19585,66889,disease recurrence,sclerosing epithelioid fibrosarcoma,0.95139086,0.95413357,0.94041985
1587,60258,66602,primary outcome,safety-net hospitals,0.95139045,0.9592755,0.9198501
1588,63340,72254,rectal cancer resection,surgical approaches,0.95137584,0.9546235,0.9383852
1589,51525,62351,oxidative stress,quality of life score,0.95136213,0.9559835,0.93287647
1590,8700,16531,body mass index,covered sems,0.95134616,0.9442139,0.9798749
1591,770,75250,abdominal pain,three-stage ileal pouch-anal anastomosis,0.9513065,0.95860964,0.92209387
1592,4915,66191,antithrombotic therapy,robotic-assisted coronary artery bypass grafting,0.9512678,0.9538808,0.9408157
1593,34893,57865,insulin resistance,postoperative hypertension,0.95124507,0.956715,0.9293653
1594,35289,50877,intermittent claudication,oral anticoagulation,0.95124155,0.94703853,0.9680535
1595,54846,72242,periprocedural death,surgical aortic valve replacement,0.95124155,0.9579017,0.9246009
1596,34445,38302,inflammatory indexes,laparoscopic sleeve gastrectomy,0.9512293,0.94172484,0.989247
1597,22079,72249,emergency hernia repair,surgical approach,0.95120704,0.94378334,0.98090154
1598,41319,75761,lymph node dissection,timing of recurrence,0.951167,0.95335776,0.942404
1599,35685,72770,intestinal leakage,surgical repair,0.9511637,0.9658105,0.8925765
1600,10592,62748,cardiovascular disease,radiographic recurrence,0.9511422,0.9538641,0.94025457
1601,1492,49041,acute ischaemic stroke,nonoperative management,0.95112926,0.94456613,0.9773818
1602,48473,62495,nomogram prediction models,r1 resection,0.9511207,0.9578558,0.9241802
1603,12461,73453,chronic coronary syndrome,symptom relief,0.9511103,0.9475316,0.96542513
1604,16187,31759,coronary artery bypass grafting,hospitalization status,0.9511088,0.952849,0.9441481
1605,13708,65720,clostridium difficile infection,risk factors for ssi,0.9511019,0.94942904,0.9577931
1606,17648,26642,cytoreductive surgery,functional assessment,0.9510955,0.95452595,0.9373737
1607,33889,39981,independent prognostic factors,local and distant recurrence,0.9510928,0.9591337,0.9189289
1608,31567,64826,hospital discharge,respiratory insufficiency,0.95109135,0.9438815,0.97993064
1609,23014,45126,endovascular repair,model validation,0.95108354,0.94721574,0.9665545
1610,39160,65260,length of hospital stay,rheumatic mitral stenosis,0.95107365,0.9484887,0.9614132
1611,3746,64596,anatomical lung resections,resection margin,0.9510688,0.9442461,0.9783595
1612,2345,41375,advanced lower rectal cancer,lymph node yield,0.9509978,0.9477492,0.9639922
1613,58957,59061,predictive model,predictors of no-reflow,0.9509959,0.946303,0.9697674
1614,19625,27426,disease-specific survival,gastroenteropancreatic nets,0.95094705,0.95423955,0.9377769
1615,35787,70241,intra-abdominal abscess,ssi risk factors,0.9509392,0.9566412,0.92813116
1616,44786,72649,minor complications,surgical patients,0.95092887,0.9395319,0.9965166
1617,12453,70258,chronic comorbidities,st-elevation myocardial infarction,0.9509091,0.971771,0.8674613
1618,44617,47399,minimally invasive distal pancreatectomy,negative margin rate,0.9509,0.9626817,0.9037733
1619,26983,63080,gallstone incidence,readmission rates,0.9508781,0.94801354,0.962336
1620,8447,77436,blood loss,trauma intensive care unit,0.95084727,0.96869266,0.8794655
1621,2956,41859,albumin levels,major adverse clinical events,0.95079976,0.9425847,0.98365986
1622,13386,63744,clinical prognosis,red blood cell count,0.9507553,0.9613793,0.90825915
1623,2961,60769,albumin to globulin ratio,prognostic value,0.9507438,0.94665116,0.9671144
1624,14768,36299,comorbidity effects,intraoperative complications,0.9507276,0.9530862,0.94129276
1625,16768,64256,critical congenital heart disease,renal failure,0.9507204,0.9528109,0.9423586
1626,42991,80200,mechanical ventilation,vascular complication,0.95067996,0.9427109,0.98255634
1627,9781,16187,calcified plaques,coronary artery bypass grafting,0.9506564,0.94950265,0.9552714
1628,7853,39353,bioelectrical impedance analysis,life expectancy,0.9506511,0.946587,0.9669074
1629,31567,49947,hospital discharge,off-pump coronary artery bypass,0.9506496,0.94189304,0.9856757
1630,23063,78218,endovascular treatment,tumor lesion glycolysis,0.95064557,0.95879185,0.9180603
1631,5783,16626,artificial intelligence,cox regression hazard model,0.9506445,0.955696,0.9304383
1632,62686,82193,radical surgery,yptnm staging system,0.9506031,0.9452499,0.9720159
1633,770,39389,abdominal pain,ligasure vessel sealing system,0.95059943,0.9578654,0.9215356
1634,28672,41863,graft thrombosis,major adverse events,0.95056283,0.9412294,0.98789656
1635,59491,68074,preoperative imaging,severe adverse events,0.95052475,0.9462395,0.967666
1636,46470,64268,multivariate logistic regression,renal function deterioration,0.9505153,0.9443785,0.9750621
1637,40194,43115,locally advanced rectal cancer,median survival times,0.950505,0.9433745,0.9790268
1638,17908,78113,debulking surgery,tumor diameter,0.95049214,0.942365,0.9830005
1639,3014,78945,aldh1 expression,ulcerative colitis,0.95048225,0.95421404,0.9355552
1640,9624,72389,c-reactive protein,surgical difficulty assessment,0.95047873,0.94235766,0.9829627
1641,23056,82040,endovascular thrombectomy,wound ischemia foot infection stages,0.95043224,0.9541235,0.93566716
1642,10159,79227,carbohydrate antigen 19-9,undifferentiated embryonal sarcoma,0.95042455,0.96156937,0.90584505
1643,21738,40264,elective orthopaedic surgery,logistic regression analysis,0.95042336,0.95581955,0.9288386
1644,52904,60272,patient compliance,primary percutaneous coronary intervention,0.950422,0.9451346,0.97157156
1645,48469,60691,nomogram model,prognostic effects,0.9504121,0.9513386,0.94670594
1646,7060,63194,bclc classification,receiver operating characteristic curve,0.9504088,0.9459506,0.9682415
1647,1500,14577,acute kidney injury,combat-related injury,0.9503436,0.9691124,0.8752684
1648,62468,75968,r0 margin,tnm stage,0.95034254,0.9418056,0.9844901
1649,29457,62387,health-related quality of life,quality-of-life assessments,0.95033735,0.9825241,0.8215904
1650,46550,51425,muscle loss,overall mortality,0.9503118,0.94204897,0.9833629
1651,22986,72828,endovascular intervention,surgical risk assessment,0.95030415,0.9568372,0.9241719
1652,41227,51056,lung resection,organ space infection,0.9502932,0.9393917,0.993899
1653,12567,70143,chronic kidney disease,spontaneous isolated superior mesenteric artery dissection,0.9502912,0.9619595,0.90361804
1654,1554,43119,acute myocardial infarction,median time to surgery,0.95028263,0.97384405,0.85603684
1655,56471,63696,portal hypertension,recurrent primary sclerosing cholangitis,0.95026135,0.98690414,0.80369025
1656,580,61707,90-day mortality,psychological resilience,0.95025194,0.9422905,0.9820978
1657,10273,50841,cardiac death,optimal medical treatment,0.9502427,0.9551078,0.93078214
1658,3266,22301,american college of surgeons,end-stage renal disease,0.95018876,0.9404734,0.9890504
1659,2925,48785,alanine aminotransferase,non-small-cell lung cancer,0.9501636,0.93907905,0.9945016
1660,15948,64380,conventional laparoscopic sleeve gastrectomy,reoperation rate,0.9501615,0.94327474,0.97770864
1661,20695,79811,duration of mechanical ventilation,urine output,0.95016044,0.9507093,0.947965
1662,45303,73026,modified rutgeerts score,surgical treatment,0.9501323,0.9497941,0.9514849
1663,27771,42508,general anesthesia,massive bleeding,0.95010406,0.9411595,0.98588216
1664,32224,63537,hypertrophic cardiomyopathy,recurrence risk,0.9500768,0.9428822,0.9788551
1665,12943,33902,ckd stage,independent risk factors,0.95003486,0.9439008,0.97457063
1666,18691,54328,diabetes mellitus,perineal sepsis,0.95003307,0.95541996,0.92848545
1667,4162,50761,ankle-brachial index,opioid use,0.95000273,0.9407991,0.98681706
1668,50380,81276,open reduction and internal fixation,vitamin d,0.9500008,0.95848304,0.91607183
1669,6145,80482,atrial fibrillation,vasovagal reactions,0.9500001,0.9839086,0.81436604
1670,31598,75613,hospital length of stay,time savings,0.9499802,0.9651245,0.889403
1671,626,68260,aaa repair,sex differences,0.9499756,0.953165,0.9372182
1672,72319,76789,surgical cohort,transcatheter aortic valve replacement,0.9499732,0.9482154,0.9570044
1673,52720,76226,pathological evaluation,total knee arthroplasty,0.9499674,0.94036937,0.98835933
1674,40383,71354,long-term efficacy,structural valve deterioration,0.9499649,0.9492581,0.9527918
1675,57993,60676,postoperative locoregional recurrence,prognostic biomarker,0.9499611,0.96712756,0.8812951
1676,31657,55995,hospital stay,pleural biopsy,0.9499397,0.9515725,0.9434085
1677,62525,65834,racial and ethnic groups,risk stratification,0.9499278,0.9482878,0.9564881
1678,10925,70609,catheter failure,staphylococcus aureus,0.94992644,0.97571295,0.84678024
1679,45629,76789,mortality improvement,transcatheter aortic valve replacement,0.94987315,0.9643943,0.89178854
1680,28061,43485,giant cell arteritis,mesenchymal stem cells,0.94986796,0.9557571,0.9263114
1681,14949,52688,complete resection,pathologic t stage,0.9498472,0.94224834,0.9802428
1682,49987,62257,older patients,quadratus lumborum block,0.9498444,0.9428578,0.9777909
1683,13470,69053,clinical stage ii,skeletal muscle index,0.9498373,0.96002144,0.9091008
1684,770,70646,abdominal pain,stapled closure,0.94983166,0.96355516,0.8949375
1685,44234,58909,microsatellite instability-high,predictive accuracy,0.94982666,0.9407719,0.98604554
1686,54345,70500,perineural invasion,staging investigations,0.949824,0.95604813,0.9249273
1687,8359,47405,blood biomarkers,negative predictive value,0.94981766,0.9506346,0.9465499
1688,58976,81143,predictive power,visceral fat index,0.94981617,0.9546279,0.93056905
1689,42065,49987,major vascular events,older patients,0.9497937,0.9591803,0.9122472
1690,326,50433,30-day outcomes,open surgical revascularization,0.9497769,0.9422259,0.97998077
1691,5824,59367,asa status,preoperative deep vein thrombosis,0.9497702,0.9659136,0.8851967
1692,6951,49475,barthel index,nutritional assessment,0.94968903,0.94063836,0.9858914
1693,44339,72431,microvascular reconstruction,surgical experience,0.94965196,0.9523276,0.9389492
1694,11772,47525,cerebrospinal fluid leak,neoadjuvant therapy,0.9496492,0.9375613,0.9980009
1695,38268,62320,laparoscopic resection,quality metrics,0.94964594,0.9417113,0.9813845
1696,46763,48362,myocardial infarction,no-touch saphenous vein graft,0.94959295,0.9580573,0.9157357
1697,14307,14483,colonoscopy findings,colorectal lesions,0.9495826,0.984711,0.80906904
1698,60980,78490,propensity score matching,tumor-associated antigens,0.9495822,0.95185214,0.9405025
1699,34495,51959,inflammatory response modulation,pancreatic cancer,0.94954795,0.9694593,0.8699024
1700,9624,40382,c-reactive protein,long-term effects of surgery,0.94953084,0.9661665,0.88298833
1701,42991,57741,mechanical ventilation,postoperative feeding,0.9495292,0.94683737,0.9602965
1702,46163,64381,multidisciplinary teams,reoperation rates,0.9495129,0.9411241,0.9830679
1703,40264,78414,logistic regression analysis,tumor stage prediction,0.9495049,0.9629195,0.89584637
1704,40265,81806,logistic regression model,who classification,0.94949186,0.94655704,0.9612309
1705,15837,60676,contrast-enhanced chest ct,prognostic biomarker,0.94948614,0.95879775,0.9122396
1706,5822,75728,asa score,timeliness of care,0.9494836,0.958887,0.91187006
1707,16628,42708,cox regression model,maximum standard uptake value,0.94944894,0.9455128,0.9651935
1708,1288,58036,activities of daily living,postoperative mobilization,0.94944274,0.9432989,0.9740182
1709,48470,55967,nomogram models,platelet/lymphocyte ratio,0.94942075,0.94388723,0.9715549
1710,26256,78104,forced expiratory volume,tumor depth,0.9494183,0.94084597,0.9837076
1711,10563,72276,cardiothoracic surgery,surgical bleeding,0.94941103,0.9458859,0.96351135
1712,17648,39832,cytoreductive surgery,liver surgeons,0.9494108,0.9439449,0.9712743
1713,12450,18980,chronic cholecystitis,diagnostic yield,0.9493965,0.9765425,0.84081256
1714,28408,67879,goal-directed therapy,serum lactate,0.94937015,0.96082056,0.9035685
1715,38149,68437,laparoscopic intervention,short-term outcomes,0.94936913,0.9580156,0.9147831
1716,22682,78979,endoscopic resection,ultrasonic device,0.9493587,0.95566595,0.9241296
1717,45290,52891,modified rankin scale scores,patient characteristics,0.9493146,0.9789467,0.83078605
1718,574,76222,90-day major morbidity,total joint arthroplasty,0.94931155,0.94930226,0.94934887
1719,13401,34383,clinical reflux,inflammatory bowel disease,0.9493023,0.9539152,0.9308508
1720,15446,47494,concurrent chemoradiotherapy,neoadjuvant immune checkpoint inhibitor,0.9492898,0.97337013,0.8529682
1721,319,4659,30-day mortality rate,antibiotic prophylaxis,0.9492606,0.93730897,0.9970669
1722,23636,45226,esophageal cancer,modified endoscopic mucosal resection,0.94925797,0.94684035,0.9589284
1723,13047,16563,clavien-dindo grade ii complications,covid-19 pandemic,0.94925654,0.9410952,0.9819017
1724,31598,69880,hospital length of stay,speech function,0.9492547,0.9395575,0.9880434
1725,29223,76182,hazard ratio,total fat area,0.94925153,0.95227474,0.9371588
1726,46999,50555,nasa task load index,operating time,0.9492136,0.97058195,0.86374015
1727,15349,79704,computed tomography scan,urgent repair,0.9492037,0.9521019,0.9376112
1728,2369,72880,advanced ovarian cancer,surgical site complications,0.949185,0.94227743,0.9768152
1729,10406,61026,cardiac surgery,propensity-score model,0.9491781,0.9407067,0.9830639
1730,40569,58382,loop ileostomy,postoperative surgical complications,0.9491707,0.9426835,0.9751194
1731,25185,58984,female sex,predictive risk score,0.9491697,0.9399506,0.98604614
1732,35,68419,1-year outcomes,short-term clinical outcomes,0.94915557,0.95044947,0.94398004
1733,19766,78406,distal pancreatectomy,tumor spread,0.9491223,0.96517265,0.88492084
1734,33343,46488,impaired renal function,multivessel disease,0.9491113,0.94518363,0.96482176
1735,239,54200,3-year disease-free survival,periampullary cancer,0.9490627,0.93865806,0.99068135
1736,16926,75160,ct,thoracoscopic surgery,0.94901204,0.9537872,0.9299113
1737,7914,34383,biological mesh,inflammatory bowel disease,0.9490115,0.94410735,0.968628
1738,1500,69970,acute kidney injury,spinal fluid drainage,0.9490065,0.98181826,0.8177594
1739,33977,69204,individual surgeon performance,sleeve gastrectomy,0.94898325,0.9483609,0.9514724
1740,24297,62636,extended lymph node dissection,radical cystectomy,0.9489778,0.93853164,0.9907623
1741,39160,75862,length of hospital stay,tissue necrosis,0.9489292,0.94010967,0.98420703
1742,2348,43936,advanced lung cancer inflammation index,metastatic recurrence,0.94892746,0.94789916,0.9530406
1743,13796,30287,co2 laser treatment,hepatocellular carcinoma,0.94892746,0.97119045,0.8598753
1744,18918,39428,diagnostic potential,limb salvage,0.9489234,0.9532259,0.9317132
1745,10521,79276,cardiopulmonary bypass,unifocalisation surgery,0.94890493,0.9621901,0.89576423
1746,31573,45494,hospital discharge time,morbid obesity,0.948904,0.9525348,0.93438065
1747,23063,55915,endovascular treatment,platelet factor 4,0.9488969,0.9591738,0.9077891
1748,41213,63537,lung oligometastasis,recurrence risk,0.9488784,0.95370066,0.92958915
1749,10203,79356,carcinoembryonic antigen,university of california san francisco criteria,0.9488742,0.93942827,0.9866577
1750,2493,70258,adverse limb events,st-elevation myocardial infarction,0.94886416,0.94600976,0.96028167
1751,57951,78381,postoperative irradiation,tumor size,0.94882655,0.9402067,0.9833059
1752,31779,41931,hostile anatomy,major complications,0.9487879,0.97549635,0.84195405
1753,52863,75154,patient age,thoracoscopic repair,0.94876593,0.9405315,0.9817037
1754,29492,80378,healthcare services,vascular surgery,0.9487525,0.95957756,0.9054522
1755,57882,64907,postoperative ileus,restoration of bowel continuity,0.9487407,0.94460624,0.9652785
1756,12630,34283,chronic obstructive pulmonary disease,inferior vena cava involvement,0.94870955,0.94826645,0.9504818
1757,17718,48472,d3 lymph node dissection,nomogram prediction model,0.94868207,0.9381058,0.99098724
1758,54421,66017,perioperative bleeding,robotic assisted minimally invasive esophagectomy,0.94861424,0.9440081,0.9670387
1759,31657,53187,hospital stay,patient-reported bowel function,0.94860744,0.9386372,0.9884884
1760,42014,76241,major pathologic response,total lesion glycolysis,0.9485976,0.9409654,0.97912633
1761,15255,36286,comprehensive complication index,intraoperative characteristics,0.94858754,0.9440418,0.9667702
1762,13637,63962,clinicopathological features,regional nodal metastasis,0.9485835,0.9770747,0.83461845
1763,4729,58125,anticoagulant activity,postoperative pain,0.9485739,0.9499602,0.9430287
1764,24562,72626,extrahepatic metastases,surgical outcome,0.94856757,0.9400822,0.9825089
1765,13386,70266,clinical prognosis,st-segment-elevation myocardial infarction,0.94855183,0.9542372,0.9258104
1766,2254,67604,advanced age,seroma occurrence,0.9485391,0.9458108,0.95945215
1767,30014,79436,hepatic arterial infusion chemotherapy,unresectable colorectal cancer,0.9485382,0.97134227,0.85732204
1768,15148,24373,complication rates,external biliary drainage,0.948502,0.9571741,0.9138133
1769,11931,71806,charlson comorbidity index,superficial incisional infection,0.94847786,0.93962485,0.98388994
1770,13641,77540,clinicopathological parameters,treatment decision,0.9484674,0.971704,0.8555207
1771,15147,76844,complication rate,transcatheter therapy,0.94845426,0.9626825,0.89154124
1772,10540,58976,cardiopulmonary fitness,predictive power,0.94844425,0.9616354,0.8956795
1773,21562,46057,ejection fraction,multicenter prospective study,0.9483888,0.94600844,0.95790994
1774,12630,43355,chronic obstructive pulmonary disease,mehran score,0.94838554,0.94409865,0.9655329
1775,62357,81010,quality of recovery questionnaire,video-assisted thoracoscopic surgery,0.94837856,0.97322625,0.84898776
1776,12337,67668,cholesterol concentration,serum albumin,0.9483744,0.95597553,0.91796976
1777,53515,73258,pediatric liver tumors,survival rate,0.9483727,0.9450039,0.9618477
1778,15834,40495,contrast volume,long-term survival,0.9483363,0.93612576,0.99717844
1779,38213,41930,laparoscopic pancreatoduodenectomy,major complication rates,0.9482588,0.9416163,0.97482896
1780,25087,48469,fecal calprotectin,nomogram model,0.9482185,0.9427557,0.9700697
1781,13535,36291,clinical utility,intraoperative cholangiography,0.94821227,0.9481159,0.9485977
1782,44654,58188,minimally invasive lung surgery,postoperative pneumonia,0.9482023,0.96755457,0.8707931
1783,6808,20456,barc classification,dual antiplatelet therapy,0.94817877,0.97287714,0.8493852
1784,52639,57561,pathologic examination,postoperative complications,0.94815326,0.9357775,0.9976562
1785,10024,78055,cancer-specific mortality,tumor burden,0.9481164,0.9422325,0.9716518
1786,18691,21922,diabetes mellitus,elevated lactate dehydrogenase,0.94808567,0.9547593,0.92139107
1787,22638,27051,endoscopic obstruction,gastric adenocarcinoma,0.94805,0.9390068,0.9842228
1788,77478,81215,traumatic spinal cord injury,visual analogue scale,0.94804513,0.9609645,0.8963676
1789,8252,77358,bladder cancer,transvaginal natural orifice transluminal endoscopic surgery,0.9480341,0.9462871,0.9550219
1790,27085,55515,gastric cancer,physiological adaptation,0.94802827,0.96255916,0.8899045
1791,2082,14559,adjuvant chemotherapy,colostomy impact score,0.94802177,0.94255006,0.9699084
1792,19831,53554,distant metastasis rate,pediatric patients,0.9480007,0.9405314,0.97787786
1793,54245,62330,periappendiceal fat stranding,quality of life,0.9479843,0.9576526,0.90931076
1794,31017,41889,hip fracture repair,major bleeding,0.94797647,0.9438981,0.96428984
1795,41091,48459,lung adenocarcinoma,nomogram calculator,0.94795966,0.9444454,0.96201694
1796,8252,70200,bladder cancer,squamous cell carcinoma antigen,0.9479357,0.93962526,0.98117745
1797,65106,81606,retrospective multicenter study,weight loss,0.94791484,0.94206315,0.97132146
1798,18691,39793,diabetes mellitus,liver perfusion,0.947901,0.95051205,0.9374569
1799,31732,39732,hospitalization cost,liver function tests,0.9478985,0.95584863,0.9160981
1800,37537,80550,kaplan-meier survival curves,veno-venous extracorporeal membrane oxygenation,0.94786876,0.9600429,0.8991721
1801,14820,60700,competing risk models,prognostic factors,0.94784653,0.94116527,0.97457135
1802,556,25176,90-day all-cause mortality,female patients,0.94784325,0.94689935,0.9516189
1803,60700,64670,prognostic factors,residual carcinoma,0.947839,0.9470623,0.95094573
1804,6772,53952,balloon-guide catheter,percutaneous coronary intervention,0.9477931,0.9896965,0.78017944
1805,32429,56089,icu admission,pneumonia rates,0.94778633,0.9572841,0.9097953
1806,66,69301,10-year overall survival rate,small cell lung cancer,0.94777644,0.9819083,0.8112487
1807,9204,22700,branch-duct intraductal papillary mucinous neoplasms,endoscopic retrograde cholangiopancreatography,0.9477663,0.97016394,0.8581759
1808,69053,78275,skeletal muscle index,tumor necrosis factor alpha,0.94776016,0.94483024,0.95947987
1809,18663,62717,dexmedetomidine infusion,radiofrequency ablation,0.94774956,0.93723005,0.9898274
1810,16444,72770,cost containment,surgical repair,0.9477452,0.97198236,0.85079646
1811,46638,53952,mutation detection,percutaneous coronary intervention,0.94774383,0.9451381,0.9581667
1812,21371,76747,ecog performance score,transarterial chemoembolization,0.94774175,0.97144544,0.85292685
1813,19828,60791,distant metastasis,programmed death 1,0.94771063,0.9696203,0.86007196
1814,8524,28648,blood transfusion,graft rejection,0.94768125,0.9754995,0.8364082
1815,54695,81439,peripheral artery disease,vulnerable plaque,0.9476724,0.9746142,0.83990514
1816,30006,43067,hepatic alveolar echinococcosis,median follow-up,0.94766665,0.9444074,0.96070343
1817,489,70945,5-year mortality,stented elephant trunk implantation,0.9476518,0.9616462,0.8916741
1818,29866,68082,hemoglobin a1c,severe aortic stenosis,0.9476415,0.93527293,0.9971155
1819,52173,56627,pancreatic surgery,positive margins,0.9476344,0.93592346,0.9944781
1820,17200,55904,curative intent treatment,platelet count,0.94762635,0.93722147,0.9892457
1821,34383,60055,inflammatory bowel disease,previous upper abdominal surgery,0.94761187,0.9409962,0.9740742
1822,38009,70972,laparoscopic approach,stereotactic body radiation therapy,0.94756114,0.9351027,0.99739504
1823,51940,73212,pancreatic adenocarcinoma,survival associations,0.94754714,0.9478809,0.9462119
1824,34239,79217,infective endocarditis,underweight patients,0.94754606,0.9488488,0.942335
1825,21234,57882,early-stage esophageal cancer,postoperative ileus,0.9475136,0.9401893,0.9768108
1826,38491,75736,large vessel occlusion,timely treatment,0.9475059,0.957971,0.90564555
1827,7728,44333,bilobar liver metastasis,microvascular invasion,0.9474949,0.947246,0.94849044
1828,5985,72519,ast to platelet ratio index,surgical intervention,0.94749105,0.9669015,0.86984944
1829,5824,35011,asa status,intensive care stay,0.9474886,0.96146655,0.8915767
1830,41422,69421,lymphatic invasion,smoking habit,0.94747216,0.9408853,0.97381955
1831,489,1641,5-year mortality,acute respiratory failure,0.947446,0.935824,0.993934
1832,40044,75529,local recurrence,thyroid volume,0.9474171,0.9608766,0.893579
1833,4579,69204,anti-tnf exposure,sleeve gastrectomy,0.9474001,0.9537898,0.92184126
1834,1106,58957,acellular mucin,predictive model,0.9473978,0.9490261,0.94088477
1835,17273,26732,cushing's syndrome,functional outcomes,0.9473775,0.9399485,0.97709346
1836,44717,54695,minimally invasive surgical procedure,peripheral artery disease,0.947373,0.9649953,0.8768836
1837,17219,78365,curative resection,tumor response rate,0.94736207,0.9377693,0.9857328
1838,23540,57973,eras protocol,postoperative length of hospital stay,0.9473599,0.93649596,0.9908159
1839,31733,63152,hospitalization costs,real-world practice,0.9473288,0.9408084,0.9734101
1840,8724,45447,body surface area,monocyte to high-density lipoprotein ratio,0.94731426,0.9620686,0.88829654
1841,58171,61622,postoperative period,psoas muscle area index,0.947312,0.95572394,0.91366404
1842,27099,57439,gastric cancer perforation,postoperative bleeding,0.9473105,0.9409971,0.9725638
1843,16438,41976,cost analysis,major lars,0.94730836,0.9432726,0.9634513
1844,38211,50646,laparoscopic pancreatic surgery,operative outcomes,0.94729674,0.9590591,0.9002469
1845,45652,65095,mortality rate,retrospective cohort review,0.9472727,0.94475925,0.95732653
1846,6145,64962,atrial fibrillation,retention index,0.9472677,0.9576133,0.9058853
1847,15255,73773,comprehensive complication index,systemic coagulation-inflammation index,0.9472229,0.9487435,0.94114023
1848,7505,8529,bile leak,blood transfusion rate,0.94720286,0.93727106,0.98693
1849,45431,78084,monocyte count,tumor characteristics,0.94719684,0.9397055,0.97716194
1850,55557,81606,pico device,weight loss,0.94719046,0.9411321,0.97142357
1851,23593,57930,erythrocyte sedimentation rate,postoperative intensive care unit stay,0.94718504,0.9556483,0.91333175
1852,27085,43953,gastric cancer,metastatic spread,0.9471843,0.9527481,0.9249291
1853,18793,73026,diagnosis stage,surgical treatment,0.9471521,0.94590384,0.9521449
1854,16623,55111,cox regression,persistent aki,0.9471402,0.95062816,0.9331883
1855,36268,60682,intraoperative blood loss,prognostic comparison,0.9471338,0.93974644,0.9766831
1856,32630,46452,il-6 serum levels,multivariate analysis,0.9471295,0.9501179,0.93517566
1857,22336,65110,endobronchial ultrasound,retrospective review,0.94712913,0.9474418,0.9458782
1858,28621,59319,graft loss,preoperative comorbidities,0.9471232,0.9649039,0.8760004
1859,44711,57102,minimally invasive surgery,post-treatment surveillance,0.9470931,0.93735033,0.9860642
1860,3603,33733,anastomotic leakage rate,incision length,0.94708246,0.94230855,0.9661782
1861,23540,66120,eras protocol,robotic resection,0.9470736,0.9363126,0.9901176
1862,72046,72631,surgeon procedure volume,surgical outcomes,0.9470524,0.93602633,0.9911567
1863,31733,68882,hospitalization costs,single-port cholecystectomy,0.9470367,0.9384853,0.98124206
1864,26844,41505,future liver remnant,lymphovascular invasion,0.9469911,0.93629223,0.98978627
1865,18272,22948,delayed gastric emptying,endovascular aneurysm repair,0.94695807,0.93396556,0.9989279
1866,2477,8945,adverse events,borderline resectable tumors,0.9469172,0.93975234,0.9755763
1867,29490,50646,healthcare resources,operative outcomes,0.94691694,0.95215225,0.92597556
1868,4561,6145,anti-reflux surgery,atrial fibrillation,0.94689554,0.9365797,0.9881589
1869,6866,17620,bariatric surgery,cytomegalovirus prophylaxis,0.94685924,0.9607968,0.8911092
1870,59720,72884,preoperative pulmonary function tests,surgical site infection,0.94683325,0.9429546,0.9623478
1871,23559,36705,erectile function,intravascular ultrasound,0.94681144,0.95557785,0.9117457
1872,29457,39419,health-related quality of life,limb loss,0.94680846,0.93915653,0.977416
1873,21181,34383,early surgical intervention,inflammatory bowel disease,0.9467832,0.9387958,0.97873276
1874,10406,13223,cardiac surgery,clinical effects,0.94678175,0.94497144,0.954023
1875,32216,72743,hyperthermic intraperitoneal chemotherapy,surgical re-intervention,0.9467806,0.93711025,0.98546207
1876,27576,54608,gastrointestinal surgery,perioperative risk,0.94676834,0.93627214,0.9887532
1877,19788,48571,distal resection margin,non-curative resection,0.9467331,0.94375163,0.95865905
1878,47512,78145,neoadjuvant radiotherapy,tumor extension,0.9467235,0.9418441,0.9662411
1879,5858,64603,ascending colon cancer,resection margins,0.94672084,0.9584585,0.8997702
1880,16032,72431,conversion to open procedures,surgical experience,0.94670564,0.98885393,0.7781124
1881,800,76671,abdominal surgery,transabdominal approach,0.9467055,0.94228476,0.9643886
1882,1535,64336,acute lung injury,renal transplant recipients,0.9466478,0.96138984,0.8876797
1883,5793,23624,artificial neural network model,esophageal adenocarcinoma,0.9466078,0.96320474,0.8802201
1884,2467,33410,adverse effects,improved survival,0.946592,0.951933,0.92522776
1885,357,57974,30-day readmission rates,postoperative length of hospitalization,0.94656193,0.9590082,0.89677644
1886,1228,72714,activated coagulation time,surgical procedures,0.9465443,0.97108644,0.84837556
1887,15148,50612,complication rates,operative death,0.9465267,0.9345312,0.99450845
1888,45241,50383,modified frailty index-11,open repair,0.94649005,0.94288456,0.9609117
1889,31689,39806,hospital volume thresholds,liver resection,0.9464607,0.9381418,0.979736
1890,62836,72626,radiomics nomogram,surgical outcome,0.94645846,0.9377932,0.9811194
1891,5201,26732,aortic root reconstruction,functional outcomes,0.9463756,0.9459455,0.948096
1892,40012,78113,local excision,tumor diameter,0.94637257,0.9334533,0.9980494
1893,27261,64801,gastric perforation,respiratory complications,0.94634885,0.9358587,0.98830926
1894,10579,27771,cardiovascular biomarkers,general anesthesia,0.9463394,0.9418698,0.96421766
1895,16807,78356,crohn's disease,tumor resection rate,0.9463382,0.9469318,0.9439638
1896,35420,44797,international normalized ratio,minor morbidity,0.94630796,0.9457414,0.9485739
1897,33499,47283,in-hospital mortality,neck infection,0.94630605,0.9416199,0.96505064
1898,41339,64650,lymph node metastasis,resident surgeon,0.9462953,0.93652886,0.9853609
1899,12868,15148,circulatory arrest,complication rates,0.9462778,0.9354685,0.98951495
1900,28355,72753,glycemic control,surgical recurrence,0.9462562,0.94563746,0.9487312
1901,51862,62717,palliative radiation therapy,radiofrequency ablation,0.9462453,0.9504567,0.92939955
1902,52030,70425,pancreatic ductal adenocarcinoma,stage iiia,0.94622195,0.93903214,0.97498125
1903,31576,77041,hospital duration of stay,transfusion rates,0.94621074,0.9376397,0.98049486
1904,60361,78355,primary tumor size,tumor resection,0.9461999,0.9554088,0.90936416
1905,53290,78130,pd-l1 expression,tumor downstaging,0.946192,0.9401285,0.9704462
1906,35015,77551,intensive care unit admission,treatment duration,0.94618285,0.94100785,0.9668825
1907,44651,53554,minimally invasive lung cancer surgery,pediatric patients,0.94616985,0.94337475,0.9573502
1908,50761,73271,opioid use,survival to discharge,0.94615906,0.94332457,0.95749706
1909,480,78410,5-year cumulative survival rate,tumor stage,0.94613385,0.95420456,0.913851
1910,4541,27771,anti-pd-1 antibody,general anesthesia,0.94610196,0.9351907,0.98974705
1911,34381,51073,inflammatory biomarkers,organ-space surgical site infection,0.9460941,0.9426787,0.9597558
1912,44596,79406,minimally invasive approach,unplanned reintubation,0.9460855,0.9385548,0.9762081
1913,11931,26103,charlson comorbidity index,foley catheter insertion,0.94607556,0.93765545,0.9797559
1914,13491,36083,clinical success,intractable gastroesophageal reflux disease,0.9460553,0.9678448,0.85889715
1915,5822,61653,asa score,psychiatric illness,0.9460436,0.9429457,0.9584352
1916,40442,77988,long-term outcomes,tuberculous constrictive pericarditis,0.946017,0.9378348,0.9787459
1917,21137,57975,early reoperations,postoperative length of stay,0.9460128,0.949815,0.93080395
1918,69,76747,10-year survival rates,transarterial chemoembolization,0.94595706,0.9568046,0.902567
1919,47581,72714,neonatal congenital diaphragmatic hernia,surgical procedures,0.94595075,0.97309476,0.8373746
1920,53199,71071,patient-reported outcomes,stoma diameter,0.94593066,0.94496083,0.9498098
1921,53090,71223,patient selection,stress urinary incontinence,0.9459162,0.93691057,0.9819385
1922,10613,72770,cardiovascular hospitalization,surgical repair,0.9458964,0.942733,0.95854986
1923,13416,39935,clinical response,living-donor liver transplant,0.94588107,0.9621774,0.8806955
1924,10586,13906,cardiovascular complications,cognitive function,0.94586796,0.93631,0.98409975
1925,46136,61608,multidisciplinary meeting,pseudomyxoma peritonei,0.9458508,0.977818,0.81798196
1926,29916,56984,hemorrhagic complications,post-procedure complications,0.94584626,0.9779367,0.8174845
1927,41889,61267,major bleeding,prosthetic joint infection,0.94582903,0.93534106,0.9877809
1928,60725,67081,prognostic nutritional index,secondary hyperparathyroidism,0.94582665,0.9366227,0.9826423
1929,20558,38285,duodenal exclusion,laparoscopic roux-en-y gastric bypass,0.9458039,0.95787317,0.89752674
1930,13382,74207,clinical procedural success,target lesion revascularization,0.9458016,0.96982163,0.84972143
1931,10919,53966,catheter drainage,percutaneous drainage,0.9457927,0.9855149,0.7869039
1932,1398,15797,acute coronary syndrome,contrast dose,0.94578505,0.96505284,0.8687138
1933,14541,50845,colorectal surgery,optimal surgery,0.94577,0.94098306,0.96491784
1934,8008,54695,biomarkers for diagnosis,peripheral artery disease,0.94574875,0.94572467,0.94584495
1935,56425,63144,population-based study,real-world data,0.94570297,0.938198,0.9757229
1936,8524,73285,blood transfusion,suspected infection,0.9456643,0.9508582,0.9248884
1937,36136,57439,intrahepatic duct stones,postoperative bleeding,0.94565856,0.9379805,0.97637093
1938,16185,58888,coronary artery bypass graft,predicted risk,0.9456557,0.94609433,0.94390124
1939,50769,62359,opioid-free anesthesia,quality of recovery score,0.94565517,0.95687485,0.90077627
1940,19769,80344,distal pancreatic ductal adenocarcinoma,vascular resection,0.9456507,0.9470362,0.9401086
1941,33533,70909,in-stent restenosis,stent use,0.9456396,0.98583335,0.78486484
1942,9631,80662,c-reactive protein levels,venous thrombosis,0.94563854,0.9398155,0.96893054
1943,8038,47475,biomechanical deformable image registration,neoadjuvant chemotherapy,0.94562495,0.9441811,0.95140046
1944,13069,62636,clavien-dindo severity classification,radical cystectomy,0.945604,0.9427714,0.9569346
1945,62865,81674,raman spectroscopy,weight regain,0.9456036,0.95986253,0.888568
1946,13327,73837,clinical outcome,systemic inflammatory response markers,0.9455979,0.9488769,0.9324817
1947,43679,57112,metabolic surgery,postanesthesia care unit,0.9455649,0.93677,0.9807444
1948,11412,22467,cell viability,endoplasmic reticulum stress,0.9455418,0.95812374,0.89521396
1949,4737,72594,anticoagulant therapy,surgical morbidity,0.945536,0.9341613,0.9910348
1950,34422,80215,inflammatory cytokines,vascular density,0.945525,0.9561942,0.9028479
1951,59850,78381,preoperative tricuspid regurgitation,tumor size,0.9455093,0.94384795,0.95215476
1952,18897,41931,diagnostic laryngoscopy,major complications,0.94550216,0.94161725,0.96104157
1953,49732,72714,obstructing rectal cancer,surgical procedures,0.94542116,0.9490159,0.9310422
1954,5554,79249,area under the curve,unexpected gallbladder cancer,0.94541705,0.9604998,0.88508564
1955,64543,65096,resectable colon cancer,retrospective cohort study,0.9453797,0.9392454,0.9699165
1956,580,25189,90-day mortality,female sex outcomes,0.94535756,0.93920404,0.96997166
1957,2082,38030,adjuvant chemotherapy,laparoscopic cholecystectomy timing,0.94530046,0.9341275,0.9899923
1958,14007,57439,colectomy with primary anastomosis,postoperative bleeding,0.94527775,0.9346893,0.98763174
1959,5783,54631,artificial intelligence,perioperative stroke risk,0.9452653,0.94506216,0.9460776
1960,8932,80378,borderline personality disorder,vascular surgery,0.94526285,0.94442874,0.9485992
1961,33898,63481,independent risk factor,recurrence beyond milan criteria,0.9452572,0.9571622,0.897637
1962,67,50609,10-year survival,operative cost,0.94525534,0.94978666,0.92713004
1963,36261,63327,intraoperative bleeding,rectal anterior resection,0.94521135,0.9628615,0.87461084
1964,1578,25035,acute pancreatitis,favorable functional outcome,0.9452112,0.9450003,0.94605476
1965,39554,64262,lipid-lowering drugs,renal function,0.94519013,0.9383085,0.97271675
1966,5822,80933,asa score,vestibular schwannoma resection,0.9451858,0.9543293,0.90861166
1967,2804,23842,air leakage,estimated glomerular filtration rate,0.94518185,0.93472373,0.9870143
1968,14981,61928,complete tumor removal,pulmonary complications,0.9451107,0.9394835,0.96761906
1969,24330,29223,extended-duration thromboprophylaxis,hazard ratio,0.9451041,0.94893724,0.9297717
1970,13340,40537,clinical parameters,longitudinal changes,0.94509363,0.9496183,0.92699504
1971,10406,52569,cardiac surgery,patch material,0.9450917,0.9399684,0.9655848
1972,15255,54479,comprehensive complication index,perioperative evaluation,0.9450807,0.94686997,0.93792343
1973,23553,66558,ercp procedures,safety and efficacy,0.94506156,0.9739769,0.8294
1974,26876,27085,gadobenate dimeglumine,gastric cancer,0.945054,0.9463596,0.93983173
1975,22073,58902,emergency gastrointestinal surgery,prediction models,0.9450484,0.95193356,0.91750765
1976,43719,60815,metabolomic changes,progression-free survival,0.9450397,0.95990086,0.8855951
1977,2134,41808,adjuvant therapy,maintenance chemotherapy,0.9450019,0.97770154,0.8142034
1978,14177,47528,colon preservation,neoadjuvant treatment,0.94498044,0.9407998,0.96170306
1979,16185,73764,coronary artery bypass graft,systemic arterial hypertension,0.9449719,0.9351925,0.9840894
1980,9414,43109,bronchial sleeve resection,median survival,0.9449568,0.93902826,0.9686707
1981,45974,78789,multi-arterial cabg,type 2 diabetes,0.9449564,0.957477,0.89487404
1982,511,21505,5-year survival rates,efficacy and safety,0.94491744,0.95173913,0.9176304
1983,2913,29648,akkermansia muciniphila,helicobacter pylori,0.94490194,0.9812261,0.79960513
1984,15804,77100,contrast enhancement,transient ischemic attack,0.9448836,0.9514135,0.91876376
1985,55990,58041,pleural abrasion,postoperative morbidity,0.9448239,0.93632025,0.9788385
1986,66561,78945,safety and efficiency,ulcerative colitis,0.9448189,0.94822234,0.93120503
1987,28215,78057,glomerular filtration rate,tumor burden score,0.9448142,0.9340553,0.98784953
1988,18262,69423,delayed discharge,smoking history,0.9447975,0.93742996,0.97426784
1989,22948,44496,endovascular aneurysm repair,mild hypothermia,0.9447879,0.97221076,0.8350964
1990,12567,52145,chronic kidney disease,pancreatic remnant volume,0.9447184,0.93761617,0.97312737
1991,9631,26927,c-reactive protein levels,gallbladder diameter,0.9446938,0.976857,0.81604093
1992,44885,60443,mitochondrial dna,pro-inflammatory cytokines,0.9446913,0.96588004,0.859936
1993,39677,66900,liver cirrhosis,scoring system,0.94465107,0.9321217,0.9947685
1994,38317,65674,laparoscopic surgery,risk factors for outcomes,0.9446447,0.94804454,0.9310452
1995,11025,22041,causes of death,emergency department,0.94463754,0.94524395,0.94221175
1996,20599,76388,duodenal switch,totally robotic roux-en-y gastric bypass,0.9446223,0.9620333,0.8749784
1997,25087,60694,fecal calprotectin,prognostic factor,0.9446109,0.9358982,0.97946155
1998,63419,72388,rectal surgery,surgical difficulty,0.94460166,0.9405311,0.96088374
1999,41456,67671,lymphocyte index,serum albumin levels,0.94457287,0.93928725,0.96571535
2000,15553,58982,congenital heart surgery,predictive risk model,0.9445551,0.9656543,0.8601582
2001,10532,57590,cardiopulmonary complications,postoperative crp,0.94454515,0.9492367,0.92577916
2002,41103,46605,lung cancer,musculoskeletal disorders,0.9445377,0.95598274,0.8987575
2003,53417,75033,pediatric cardiac patients,thoracic surgery,0.94451815,0.94931,0.9253507
2004,54401,57635,perioperative analgesia,postoperative depression,0.94451237,0.95937663,0.8850553
2005,18414,43871,dendritic cells,metastatic colorectal cancer,0.94448465,0.9583746,0.88892466
2006,10610,10738,cardiovascular health,carotid endarterectomy,0.9444832,0.93731326,0.97316283
2007,33898,81639,independent risk factor,weight loss percentage,0.9444781,0.9396496,0.9637921
2008,1382,57463,acute cholecystitis,postoperative body weight,0.9444704,0.95099664,0.91836524
2009,10240,48101,cardiac arrest,neutrophil-lymphocyte ratio,0.94446874,0.93129295,0.9971717
2010,61025,72433,propensity-score matching,surgical expertise,0.9444666,0.9338321,0.98700434
2011,9771,33480,calcified coronary lesions,in-hospital death,0.94446653,0.9430144,0.95027494
2012,35,66593,1-year outcomes,safety outcomes,0.94441336,0.94036955,0.9605884
2013,54397,63663,perioperative adverse events,recurrent laryngeal nerve injury,0.94441116,0.94481105,0.9428117
2014,38810,76260,learning curve phases,total mesorectal excision,0.9443924,0.93309104,0.98959774
2015,11892,79884,cesarean delivery,uterine weight,0.9443901,0.9847098,0.78311133
2016,60239,60700,primary malignancy,prognostic factors,0.94437706,0.93247974,0.9919665
2017,24033,50301,ex vivo liver resection,open hepatectomy,0.9443533,0.94958025,0.9234452
2018,1675,19475,acute stroke,discharge home,0.94434917,0.96174544,0.8747641
2019,770,1084,abdominal pain,accp guidelines,0.9443413,0.9652254,0.860805
2020,45434,57325,monocyte distribution width,postoperative acute kidney injury,0.94432974,0.9347503,0.9826471
2021,14485,49809,colorectal liver metastasis,occult metastatic disease,0.9442935,0.96181333,0.8742142
2022,10521,50677,cardiopulmonary bypass,operative technique,0.94427156,0.93263364,0.99082327
2023,37047,40262,iron treatment,logistic regression,0.9442693,0.9443997,0.9437473
2024,6866,52158,bariatric surgery,pancreatic stent,0.9442383,0.9569657,0.89332885
2025,40442,48424,long-term outcomes,node-negative colorectal cancer,0.94423705,0.9338095,0.98594713
2026,10446,34458,cardiac surgical procedures,inflammatory markers,0.94423556,0.93271255,0.99032766
2027,6866,15661,bariatric surgery,consultant-led cases,0.944231,0.9325248,0.9910557
2028,45125,76352,model performance,total tumor volume,0.9442272,0.96970606,0.84231174
2029,23053,65656,endovascular therapy,risk factors for isr,0.94421643,0.9603113,0.8798369
2030,39419,46414,limb loss,multivariable analysis,0.9441746,0.9354563,0.9790476
2031,56392,56850,popliteal artery aneurysm,post-operative complications,0.9441558,0.93274015,0.98981816
2032,6031,50619,asymptomatic gallstones,operative duration,0.9441214,0.9383695,0.96712875
2033,23351,78270,epicardial adipose tissue,tumor mutational burden,0.9440969,0.93701804,0.9724125
2034,46213,74427,multilayer in-stent restenosis,technical success rate,0.94400537,0.94963366,0.9214921
2035,3187,79407,altered mental status,unplanned reoperation,0.943999,0.94705373,0.93178004
2036,3587,17188,anastomotic fistula,curative gastrectomy,0.94395626,0.9311947,0.99500245
2037,22739,59611,endoscopic submucosal dissection,preoperative nutrition support,0.94395316,0.93979496,0.96058565
2038,9394,40442,bronchial carcinoid,long-term outcomes,0.943933,0.9501704,0.9189834
2039,25722,65834,fistula characteristics,risk stratification,0.9439298,0.9438351,0.94430876
2040,45652,63298,mortality rate,reconstructive vascular surgery,0.94391733,0.95858806,0.88523436
2041,8293,49975,bleeding academic research consortium classification,older age,0.9439041,0.953842,0.90415245
2042,38208,69053,laparoscopic pancreatectomy,skeletal muscle index,0.9438937,0.9448616,0.94002193
2043,14179,21652,colon resection,elective colorectal surgery,0.9438643,0.9354742,0.9774244
2044,41576,74224,machine learning,target vessel,0.9438511,0.9705983,0.83686215
2045,22252,62018,en bloc resection,pulmonary metastasectomy,0.943807,0.93098956,0.9950767
2046,41931,49988,major complications,older people,0.9437879,0.9329022,0.9873303
2047,58171,60571,postoperative period,procedure time,0.94378006,0.931489,0.9929443
2048,13267,33533,clinical implications,in-stent restenosis,0.94376755,0.94805866,0.92660296
2049,37140,58473,ischemic heart disease,postoperative ventilation,0.94376314,0.93683785,0.9714641
2050,2967,57908,albumin-derived neutrophil-to-lymphocyte ratio,postoperative infections,0.9437347,0.9380213,0.9665883
2051,4836,8382,antimicrobial therapy,blood culture,0.943713,0.9570873,0.8902158
2052,5632,14399,arterial dissection,colorectal cancer,0.94369686,0.9325045,0.9884664
2053,10406,72003,cardiac surgery,surface-enhanced raman scattering,0.9436892,0.9480534,0.9262322
2054,6145,81156,atrial fibrillation,visceral pain,0.9436633,0.94607633,0.9340111
2055,17648,25014,cytoreductive surgery,fatty acid metabolism,0.9436553,0.9746796,0.81955826
2056,8530,61955,blood transfusion rates,pulmonary endarterectomy,0.9436319,0.93976885,0.9590841
2057,40442,76193,long-term outcomes,total health care costs,0.9434686,0.9406587,0.9547083
2058,58247,71042,postoperative recovery,steroid use,0.9434554,0.92984325,0.9979038
2059,34856,65110,instrumented spine surgery,retrospective review,0.9434531,0.95701426,0.8892083
2060,23749,57661,esophageal squamous cell carcinoma,postoperative drainage,0.94343495,0.93044084,0.9954111
2061,41784,57561,magnifying image-enhanced endoscopy,postoperative complications,0.9434233,0.93414813,0.9805238
2062,2475,41091,adverse event rates,lung adenocarcinoma,0.94339335,0.9334588,0.9831314
2063,7236,67569,benzodiazepine exposure,serious adverse events,0.943375,0.9529109,0.90523136
2064,9774,33533,calcified lesion,in-stent restenosis,0.94334793,0.9881825,0.7640098
2065,580,37543,90-day mortality,kaplan-meier test,0.9433453,0.94010335,0.95631284
2066,37337,44624,iwate criteria,minimally invasive esophagectomy,0.943341,0.9306638,0.99404943
2067,1624,37537,acute rejection,kaplan-meier survival curves,0.9432742,0.97914726,0.79978186
2068,31608,32487,hospital mortality,idiopathic dilated cardiomyopathy,0.9432666,0.9428854,0.9447911
2069,7299,59001,bicondylar tibial plateau fractures,predictive value,0.9432626,0.94542515,0.9346121
2070,22161,74625,emergent hospitalization,textbook outcomes,0.94326204,0.9441002,0.9399092
2071,63213,65109,receiver-operating characteristic curve,retrospective observational study,0.94325405,0.9455221,0.9341817
2072,42267,66144,malignant rectal tumors,robotic surgery,0.9432367,0.9496902,0.91742253
2073,64262,68737,renal function,single anastomosis duodeno-ileostomy,0.94319266,0.9452299,0.9350436
2074,50229,51425,open aortic arch surgery,overall mortality,0.9431871,0.95421726,0.8990667
2075,49731,78158,obstructing colorectal cancer,tumor grade,0.9431745,0.9423928,0.94630086
2076,48299,74207,nitric oxide,target lesion revascularization,0.9431619,0.9406607,0.95316654
2077,5069,58966,aortic cross clamping time,predictive nomogram,0.94313544,0.9665914,0.84931123
2078,11773,67601,cerebrospinal fluid leakage,seroma formation,0.9431341,0.9452922,0.9345018
2079,10521,15008,cardiopulmonary bypass,completion pneumonectomy,0.9431061,0.93499875,0.9755356
2080,39160,41947,length of hospital stay,major general surgery,0.9430841,0.93266755,0.9847504
2081,5180,31754,aortic repair,hospitalization rates,0.94307613,0.94323546,0.9424389
2082,76075,78791,total abdominal hysterectomy,type 2 diabetes mellitus,0.9430469,0.93134254,0.9898644
2083,65591,72242,risk factors for aki,surgical aortic valve replacement,0.9430383,0.9299625,0.9953413
2084,67729,78084,serum ca19-9 levels,tumor characteristics,0.9430367,0.94479096,0.9360193
2085,1554,40814,acute myocardial infarction,low-surgical risk patients,0.94302684,0.9341976,0.9783438
2086,31135,78270,histological analysis,tumor mutational burden,0.94300574,0.9538705,0.89954674
2087,43510,74426,mesenteric hematoma,technical success,0.9429934,0.9501864,0.91422147
2088,24599,78789,extraperitoneal approach,type 2 diabetes,0.9429622,0.9319541,0.9869948
2089,11809,37634,cervical cancer,ki67 expression,0.9428868,0.9514533,0.9086205
2090,40854,60918,lower extremities,prolonged length of stay,0.942881,0.9584069,0.88077736
2091,27480,72890,gastrointestinal complications,surgical site infection rates,0.9428748,0.94137305,0.9488816
2092,10406,48503,cardiac surgery,non-ambulatory patients,0.9428525,0.93488884,0.974707
2093,14763,56471,comorbidity assessment,portal hypertension,0.9428486,0.93191946,0.9865654
2094,48105,58188,neutrophil-to-monocyte ratio,postoperative pneumonia,0.9428355,0.9346973,0.97538835
2095,14130,62473,colon cancer,r0 rate,0.9428251,0.92916596,0.9974612
2096,16186,68162,coronary artery bypass graft surgery,severe malnutrition,0.9428177,0.9394529,0.95627695
2097,1506,34458,acute kidney injury stages,inflammatory markers,0.9428072,0.9439527,0.93822503
2098,26983,33902,gallstone incidence,independent risk factors,0.9428035,0.9372272,0.96510845
2099,60356,73859,primary tumor resection,systemic recurrence,0.9427991,0.9335052,0.97997457
2100,31551,73812,hospital charge,systemic inflammation,0.9427509,0.93473434,0.97481686
2101,30861,60725,high-risk individuals,prognostic nutritional index,0.9427087,0.9620973,0.8651542
2102,3318,39853,amino acid changes,liver transplantation,0.9427083,0.9751873,0.8127922
2103,12864,78330,circulating tumor dna,tumor recurrence monitoring,0.94270283,0.97705585,0.80529064
2104,46246,61693,multimodal prehabilitation,psychological intervention,0.94269997,0.9760985,0.80910593
2105,8447,57118,blood loss,postbariatric hypoglycemia,0.9426888,0.97823936,0.8004865
2106,17085,39178,culture positivity,length of stay,0.94267714,0.9504691,0.9115093
2107,11931,16546,charlson comorbidity index,covid-19 complications,0.94267255,0.93043464,0.99162406
2108,2659,53012,age greater than 80 years,patient outcomes,0.94266427,0.9385012,0.9593165
2109,35388,52891,internal thoracic artery grafting,patient characteristics,0.942663,0.94151735,0.9472457
2110,12975,65534,class iii obesity,risk assessment,0.94266176,0.9326102,0.9828676
2111,12188,48104,child-pugh class a cirrhosis,neutrophil-to-lymphocyte ratio,0.94265497,0.93272346,0.98238087
2112,39020,41588,left ventricular assist devices,machine learning methods,0.94265294,0.9561234,0.888771
2113,319,57824,30-day mortality rate,postoperative hemoglobin levels,0.9426501,0.9373863,0.96370524
2114,27255,31002,gastric outlet obstruction,hinotori surgical robot system,0.9426203,0.9475403,0.92294
2115,39853,69497,liver transplantation,society of thoracic surgeons risk,0.942618,0.9309797,0.9891711
2116,43087,75966,median operative time,tnm classification,0.94259983,0.9301273,0.99248976
2117,15239,72893,composite performance measure,surgical site infections,0.94258296,0.95165956,0.9062765
2118,31515,40044,hormone receptor status,local recurrence,0.9425802,0.9435612,0.9386563
2119,8447,57064,blood loss,post-transplant infection,0.9425775,0.963715,0.8580274
2120,49480,79402,nutritional care,unplanned readmissions,0.9425626,0.96454585,0.8546294
2121,51475,61945,overnight hospitalization,pulmonary embolism,0.9425347,0.9339999,0.97667366
2122,29457,42530,health-related quality of life,mastectomy for breast cancer,0.94251484,0.9447774,0.93346435
2123,58855,74625,precision hepatectomy,textbook outcomes,0.94246036,0.9760967,0.8079149
2124,47475,59334,neoadjuvant chemotherapy,preoperative consultation,0.94245297,0.9516018,0.9058577
2125,30287,50136,hepatocellular carcinoma,one anastomosis gastric bypass,0.9424461,0.9282015,0.9994246
2126,23165,54880,enhanced recovery protocol,periprosthetic joint infections,0.94244206,0.9347904,0.9730487
2127,47475,81682,neoadjuvant chemotherapy,weight trajectories,0.94243485,0.9300737,0.9918793
2128,15147,28788,complication rate,great saphenous vein graft,0.9423964,0.94214666,0.94339514
2129,16625,27690,cox regression analysis,gender difference,0.9423542,0.93721664,0.9629042
2130,18138,62380,definitive care,quality-adjusted life years,0.9423528,0.9619522,0.8639551
2131,38057,52928,laparoscopic cytoreductive surgery,patient demographics,0.9423528,0.934284,0.97462815
2132,8054,79407,bioprosthetic aortic valve replacement,unplanned reoperation,0.9423476,0.94848293,0.9178061
2133,4875,62395,antiplatelet therapy,quality-of-life scores,0.9423376,0.9330822,0.97935873
2134,16866,73244,crp-albumin ratio,survival prediction,0.9423319,0.9380816,0.9593329
2135,18691,38988,diabetes mellitus,left subclavian artery transposition,0.9423279,0.9650837,0.8513044
2136,10991,54695,catheter-related complications,peripheral artery disease,0.942309,0.93948257,0.9536146
2137,32992,73817,immune checkpoint inhibitors,systemic inflammation response,0.9422904,0.95202464,0.9033534
2138,50619,54958,operative duration,peritoneal malignancy,0.94225186,0.93203413,0.98312265
2139,13491,66096,clinical success,robotic platform,0.94224334,0.93738145,0.9616907
2140,18047,46452,deep neck abscess,multivariate analysis,0.9421971,0.9563766,0.8854787
2141,10625,13809,cardiovascular mortality,coagulation disorder,0.9421964,0.94594586,0.9271985
2142,12773,22700,chylous leakage,endoscopic retrograde cholangiopancreatography,0.9421948,0.9494167,0.9133075
2143,3529,50136,anastomosis dehiscence,one anastomosis gastric bypass,0.9421792,0.9430426,0.9387258
2144,40875,50383,lower extremity deep vein thrombosis,open repair,0.9421504,0.9340475,0.9745619
2145,35336,50679,internal fistula,operative time,0.942148,0.9625848,0.8604005
2146,2477,74258,adverse events,target-vessel-related myocardial infarction,0.9421208,0.9397478,0.9516126
2147,41947,61945,major general surgery,pulmonary embolism,0.94212055,0.9385603,0.9563615
2148,19470,42909,discharge criteria,mechanical bowel preparation,0.94204134,0.94176596,0.9431428
2149,23558,76693,erectile dysfunction,transanal endoscopic surgery,0.94203705,0.95607865,0.8858705
2150,22301,74940,end-stage renal disease,thoracic complications,0.9420365,0.944924,0.93048644
2151,15148,20414,complication rates,drug-eluting bead tace,0.9419998,0.9303492,0.98860234
2152,21642,34458,elective colonic resection,inflammatory markers,0.9419825,0.940904,0.9462965
2153,25995,78252,fluorescence molecular imaging,tumor microenvironment,0.94195795,0.9688429,0.83441776
2154,15958,53952,conventional mri,percutaneous coronary intervention,0.9419533,0.94030714,0.9485379
2155,5450,27085,appendiceal fecalith,gastric cancer,0.9419393,0.93019426,0.98891944
2156,39742,43609,liver histology,metabolic bariatric surgery,0.9419358,0.9511306,0.90515643
2157,29354,33889,head and neck squamous cell carcinoma,independent prognostic factors,0.9419096,0.9504081,0.9079156
2158,28499,74836,grade 3 toxicities,thermal ablation,0.9418963,0.94453937,0.93132395
2159,57329,66562,postoperative acute pancreatitis,safety and feasibility,0.94189405,0.9407223,0.94658095
2160,44864,76226,missed doses,total knee arthroplasty,0.941888,0.97520316,0.80862737
2161,16628,46299,cox regression model,multiple complications,0.9418855,0.9375406,0.95926476
2162,15547,37555,congenital heart disease,karnofsky performance status scale,0.9418639,0.95102096,0.9052356
2163,41505,43166,lymphovascular invasion,mediastinal nodal metastasis,0.94183594,0.951897,0.9015915
2164,23636,51107,esophageal cancer,oropharyngeal squamous cell carcinoma,0.9418204,0.9599955,0.8691199
2165,58842,62475,prealbumin level,r0 resection,0.941812,0.9289996,0.99306136
2166,32202,43681,hypertensive disease,metabolic syndrome,0.941787,0.95554674,0.88674796
2167,35300,60980,intermittent portal triad clamping,propensity score matching,0.94178414,0.93568534,0.9661794
2168,27585,65348,gastrointestinal tract,right hemicolectomy,0.94178206,0.9567364,0.8819645
2169,26981,64320,gallstone ileus,renal replacement therapy,0.9417683,0.9398849,0.9493016
2170,57975,65562,postoperative length of stay,risk factor assessment,0.9417632,0.9328804,0.9772943
2171,40206,44231,locally-advanced rectal cancer,microsatellite instability,0.9417561,0.9566221,0.88229215
2172,49067,78158,nonsmall-cell lung cancer,tumor grade,0.94174767,0.94123274,0.94380724
2173,235,10339,3-vessel coronary artery disease,cardiac mortality,0.9417083,0.9534113,0.89489645
2174,10292,56332,cardiac events,poor outcome,0.94170284,0.93303674,0.9763674
2175,49160,58957,normal liver parenchyma,predictive model,0.9416806,0.9437512,0.93339795
2176,695,81126,abdominal compartment syndrome,visceral adiposity index,0.9416483,0.9661077,0.8438103
2177,7992,80649,biomarker performance,venous thromboembolism,0.9416478,0.93644565,0.96245646
2178,36995,39178,iop-lowering medications,length of stay,0.9416413,0.9480143,0.9161491
2179,48477,57439,nomogram validation,postoperative bleeding,0.9416302,0.9311445,0.9835729
2180,51352,59624,ovarian cancer,preoperative optimisation,0.9416196,0.94932985,0.9107784
2181,42992,72249,mechanical ventilation days,surgical approach,0.9416003,0.9315012,0.9819967
2182,1600,18272,acute postoperative complications,delayed gastric emptying,0.9415976,0.93578494,0.96484804
2183,53029,65087,patient preference,retrospective analysis,0.94159603,0.9298783,0.9884671
2184,8524,57058,blood transfusion,post-transplant diabetes,0.9415725,0.9476622,0.9172135
2185,43151,62686,mediastinal lymph node sampling,radical surgery,0.9415641,0.9410505,0.94361806
2186,15629,59248,conservative treatment,preoperative bmi,0.9415138,0.93256515,0.9773082
2187,1357,58218,acute cardiac failure,postoperative pulmonary complications,0.94149673,0.9512188,0.90260834
2188,31014,68422,hip fracture fixation,short-term complications,0.9414684,0.9499677,0.90747124
2189,511,26759,5-year survival rates,functional status,0.94146216,0.927646,0.99672663
2190,16719,22986,creatinine clearance,endovascular intervention,0.9414433,0.9289505,0.99141437
2191,37622,70362,ki-67 expression,stage ii colon cancer,0.941418,0.94387776,0.9315789
2192,53211,76276,patient-specific factors,total neoadjuvant therapy,0.94140106,0.9380386,0.95485085
2193,50619,61023,operative duration,propensity-score matched cohort,0.9413986,0.93850297,0.95298123
2194,19472,77429,discharge disposition,trauma center,0.941383,0.94928074,0.9097918
2195,23207,57384,enteral nutrition,postoperative anastomotic leakage,0.9413704,0.94836307,0.9133998
2196,14541,42944,colorectal surgery,mechanical lung ventilation,0.94136864,0.9379867,0.95489645
2197,36466,58232,intraoperative parameters,postoperative quality of life,0.94133174,0.93496364,0.9668041
2198,39225,80649,leptomeningeal metastases,venous thromboembolism,0.9413309,0.93452287,0.9685629
2199,30041,78791,hepatic biopsy,type 2 diabetes mellitus,0.94133043,0.95874596,0.87166804
2200,49784,69204,occlusion rate,sleeve gastrectomy,0.9413302,0.9348536,0.9672365
2201,48829,72793,non-surgical treatment,surgical resection rate,0.94128513,0.94496816,0.926553
2202,58049,68152,postoperative mortality,severe ischemia,0.9412721,0.94789916,0.9147637
2203,17648,46474,cytoreductive surgery,multivariate modeling,0.9412636,0.9454013,0.9247127
2204,53554,53562,pediatric patients,pediatric pyeloplasty,0.94125557,0.9526921,0.89550936
2205,58049,75652,postoperative mortality,time to flatus,0.9412473,0.9273081,0.997004
2206,41318,78103,lymph node detection,tumor deposits,0.9412457,0.9529926,0.89425784
2207,31752,44647,hospitalization period,minimally invasive liver surgery,0.9412403,0.9467651,0.91914093
2208,25850,48785,flexible bronchoscopy,non-small-cell lung cancer,0.9412327,0.938713,0.9513111
2209,317,58370,30-day mortality,postoperative stricture rate,0.9412158,0.9378064,0.95485324
2210,19766,50983,distal pancreatectomy,oral sodium phosphate,0.94119537,0.9507997,0.9027779
2211,9438,48781,bronchoesophageal fistula,non-small cell lung cancer,0.9411726,0.93653816,0.9597103
2212,33148,63535,immunoglobulin a,recurrence rate,0.941172,0.93372375,0.9709651
2213,31500,78328,hormonal markers,tumor recurrence,0.9411689,0.95214385,0.89726895
2214,5180,42919,aortic repair,mechanical complications,0.9411589,0.956033,0.8816623
2215,57557,69349,postoperative complication rate,small pulmonary nodules,0.941137,0.954019,0.8896089
2216,3057,68819,all-cause mortality,single-anastomosis sleeve ileal bypass,0.94112694,0.92955786,0.98740304
2217,4558,53554,anti-reflux mucosectomy,pediatric patients,0.94108176,0.95359147,0.89104277
2218,16489,63340,cost-effectiveness analysis,rectal cancer resection,0.9410815,0.930449,0.9836115
2219,33749,58218,incisional infection,postoperative pulmonary complications,0.9410814,0.929849,0.98601055
2220,2626,63193,age at diagnosis,receiver operating characteristic analysis,0.94107944,0.9316559,0.97877353
2221,32193,39428,hypertension medications,limb salvage,0.9410441,0.95461893,0.8867447
2222,41836,75697,major adverse cardiac events,time to wound healing,0.9410395,0.9514383,0.8994442
2223,30757,34498,high-intensity focused ultrasound,inflammatory responses,0.94103444,0.9636912,0.85040754
2224,15313,43330,computed tomography,mediterranean diet,0.9410331,0.9322106,0.9763232
2225,22302,27691,end-stage renal failure,gender differences,0.94101614,0.9492807,0.90795785
2226,13023,22110,clavien-dindo classification,emergency repair,0.9410132,0.92733854,0.9957118
2227,52928,77615,patient demographics,treatment option,0.9410081,0.93042636,0.9833349
2228,3134,63562,allograft reconstruction,recurrence-free survival,0.9409902,0.97023094,0.8240274
2229,29229,48455,hazard ratios,nodule size,0.94095623,0.9457843,0.9216441
2230,21635,62380,elective colectomies,quality-adjusted life years,0.94095004,0.9781507,0.7921471
2231,54122,58446,performance status,postoperative treatment,0.9409449,0.9348611,0.96527994
2232,3057,29661,all-cause mortality,helicobacter pylori treatment,0.9409388,0.9429312,0.93296903
2233,15547,21148,congenital heart disease,early safety,0.94091964,0.9489202,0.9089173
2234,27769,39194,general anaesthesia,lengths of stay,0.94090104,0.93160653,0.978079
2235,43349,47816,medullary thyroid carcinoma,neuroendocrine tumors,0.9408779,0.97112477,0.8198905
2236,22550,77567,endoscopic endonasal surgery,treatment failure,0.9408706,0.967004,0.8363368
2237,10572,81606,cardiothoracic surgical procedures,weight loss,0.94083434,0.9360201,0.96009135
2238,39293,62330,leukocyte filtration,quality of life,0.94083273,0.9309721,0.98027533
2239,48683,59001,non-invasive positive pressure ventilation,predictive value,0.94079983,0.9566004,0.87759745
2240,41338,66214,lymph node metastases,robotic-assisted lobectomy,0.94078416,0.93062407,0.9814244
2241,8524,21372,blood transfusion,ecog performance status,0.94078356,0.9265086,0.9978834
2242,34217,75646,infectious complications,time to first oral intake,0.94078,0.93182415,0.97660327
2243,5783,73457,artificial intelligence,symptom scales,0.9407619,0.94671386,0.9169541
2244,46783,51766,myocardial ischemia,pain management,0.94075924,0.92742443,0.99409854
2245,13191,57883,clinical data,postoperative imaging,0.94069874,0.94079286,0.9403221
2246,16273,46392,coronary heart disease,multiportal video-assisted thoracoscopic surgery,0.94068545,0.9453463,0.9220422
2247,6400,48785,automated methods,non-small-cell lung cancer,0.9406788,0.95555556,0.8811716
2248,14773,59319,comorbidity indices,preoperative comorbidities,0.94067806,0.9306055,0.9809684
2249,40131,51425,localized pancreatic adenocarcinoma,overall mortality,0.9406538,0.9334189,0.96959305
2250,320,21505,30-day mortality rates,efficacy and safety,0.9406466,0.9736872,0.8084842
2251,34000,67732,indocyanine green,serum calcium,0.9406034,0.9363641,0.9575601
2252,52671,77656,pathologic response,treatment regimen,0.940585,0.9380126,0.9508747
2253,29189,76083,harris score,total ankle arthroplasty,0.9405589,0.959708,0.86396253
2254,16191,18319,coronary artery bypass surgery,delayed surgical recovery,0.9405499,0.96959734,0.82436013
2255,15546,75306,congenital heart defects,thrombin time,0.9405479,0.94745314,0.91292673
2256,44733,57388,minimally invasive total gastrectomy,postoperative anemia,0.9405427,0.9369211,0.9550289
2257,13386,73816,clinical prognosis,systemic inflammation markers,0.94053334,0.9526806,0.89194417
2258,24587,74089,extramural vascular invasion,t2-weighted imaging,0.9405266,0.9865768,0.7563257
2259,37138,42095,ischemic events,male gender,0.9405113,0.93067473,0.9798575
2260,371,59319,30-day serious complications,preoperative comorbidities,0.9405091,0.9371735,0.9538513
2261,25949,38317,fluid collections,laparoscopic surgery,0.9405073,0.9287008,0.98773336
2262,41103,49702,lung cancer,observed complication rate,0.9405016,0.9312927,0.9773372
2263,57561,74849,postoperative complications,thermal necrosis,0.94048816,0.9296798,0.98372155
2264,14485,64162,colorectal liver metastasis,remnant liver function,0.94047844,0.96203583,0.8542485
2265,36299,78506,intraoperative complications,tumor-free resection margins,0.94047195,0.9288104,0.9871179
2266,33477,50381,in-hospital complications,open reduction internal fixation,0.9403891,0.9284612,0.98810065
2267,15874,63920,control group,regional anaesthesia,0.940371,0.93644166,0.9560882
2268,69,57351,10-year survival rates,postoperative adverse events,0.9403651,0.9517971,0.8946369
2269,8739,62530,body-contouring surgery,racial disparities,0.9403532,0.9453641,0.9203095
2270,17243,67127,curative-intent surgery,secondary resection rate,0.9403322,0.9474495,0.91186273
2271,7381,46874,bilateral mediastinal lymphadenectomy,n stage,0.9403087,0.9456441,0.91896707
2272,33612,81674,incidence of gerd,weight regain,0.9403008,0.98238903,0.7719479
2273,41386,65472,lymph nodes evaluated,right-sided colon cancer,0.9402356,0.9455215,0.919092
2274,28512,53105,grade 3/4 toxicity,patient survival,0.9402218,0.930118,0.9806369
2275,35042,72405,intensive care unit stay,surgical drains,0.9401744,0.92717177,0.9921848
2276,17202,57825,curative laparoscopic surgery,postoperative hemorrhage,0.94017196,0.9398594,0.94142234
2277,13893,56334,cognitive decline,poor outcomes,0.9401501,0.9551765,0.8800444
2278,18468,43609,depression screening,metabolic bariatric surgery,0.9401475,0.93676823,0.95366436
2279,8691,47525,body image distress,neoadjuvant therapy,0.9401405,0.934109,0.96426636
2280,9037,38347,bowel obstruction,laparoscopic transanal total mesorectal excision,0.94013536,0.9434764,0.92677104
2281,28114,51462,glasgow outcome scale,overall survival rate,0.9401243,0.94000024,0.9406202
2282,39187,71643,length of stay prediction,subtotal cholecystectomy,0.9400942,0.9415939,0.9340954
2283,5949,58966,aspirin exposure,predictive nomogram,0.94008875,0.9457636,0.9173895
2284,53079,81462,patient satisfaction,wait times for surgery,0.9400873,0.94384456,0.9250583
2285,23562,81994,erection-related arteries,wound healing,0.94008625,0.98258317,0.7700984
2286,9471,76226,bruggrmann comfort scale,total knee arthroplasty,0.9400851,0.94731385,0.91117024
2287,1500,77859,acute kidney injury,trimodality treatment,0.94007486,0.9269366,0.9926277
2288,35552,73531,intervention timing,symptomatic intracranial hemorrhage,0.9400655,0.9545756,0.88202506
2289,1495,20701,acute ischemic stroke,duration of procedure,0.94003904,0.9651809,0.83947134
2290,17539,70844,cytokine release syndrome,stent implantation,0.94003415,0.95750344,0.8701567
2291,40628,73215,low gnri,survival benefit,0.9400336,0.9478836,0.9086335
2292,9941,48793,cancer recurrence,non-squamous cell carcinoma,0.9399343,0.938088,0.9473195
2293,25347,50679,fentanyl administration,operative time,0.9399327,0.9409069,0.93603593
2294,43273,46551,medical treatment,muscle mass,0.93990535,0.93061185,0.9770792
2295,33857,82045,independent predictor,wound management,0.9398787,0.95257396,0.88909775
2296,67,63152,10-year survival,real-world practice,0.9398493,0.9516913,0.89248115
2297,38029,74940,laparoscopic cholecystectomy,thoracic complications,0.93984056,0.9285893,0.9848453
2298,63664,80282,recurrent laryngeal nerve lymph nodes,vascular invasion,0.9398284,0.9308926,0.97557145
2299,4154,58902,ankle fractures,prediction models,0.93980896,0.9388827,0.9435139
2300,3631,65470,anastomotic stenosis,right-sided colectomy,0.93979615,0.9351427,0.9584099
2301,47528,67617,neoadjuvant treatment,serosa-invasive gastric cancer,0.9397836,0.93318594,0.9661738
2302,14413,27654,colorectal cancer liver metastasis,gd-eob-dtpa-enhanced mri,0.93977994,0.9378469,0.94751203
2303,43606,49414,metabolic and bariatric surgery,nurse-to-bed ratio,0.9397533,0.92896295,0.9829144
2304,13480,33792,clinical staging,incomplete resection,0.9397252,0.9361617,0.9539792
2305,47893,80795,neurological deficit,ventriculoperitoneal shunt,0.9397151,0.95962673,0.86006856
2306,48107,59593,neutrophil/lymphocyte ratio,preoperative neoadjuvant chemoradiotherapy,0.9397026,0.9548897,0.87895393
2307,54855,74427,periprocedural monitoring,technical success rate,0.9396791,0.9552193,0.8775181
2308,2098,78158,adjuvant folfox,tumor grade,0.93964994,0.93364066,0.9636869
2309,24618,70326,extreme gradient boosting,stage i nonsmall cell lung cancer,0.93962514,0.9763659,0.7926618
2310,2504,61752,adverse outcomes,psychosocial problems,0.93961626,0.9593232,0.8607883
2311,42071,50679,major vascular surgery,operative time,0.93961006,0.92474735,0.9990608
2312,38277,59180,laparoscopic right hemicolectomy,preoperative albumin,0.93958104,0.9254472,0.99611604
2313,57371,57372,postoperative analgesia,postoperative analgesic,0.93957853,0.971823,0.8106008
2314,6145,34697,atrial fibrillation,initial treatment strategy,0.9395543,0.9479419,0.90600365
2315,28312,74197,glucose-to-lymphocyte ratio,target lesion failure,0.9395227,0.9559152,0.8739525
2316,22956,68760,endovascular aortic repair,single internal mammary artery,0.9395145,0.9400166,0.9375059
2317,21246,62832,early-stage nonsmall cell lung cancer,radiomics features,0.93951035,0.94221026,0.9287107
2318,18091,80661,deep venous thrombosis,venous thromboembolisms,0.9395067,0.9862984,0.75233996
2319,2139,46266,adjuvant treatment,multimodality treatments,0.9395018,0.9568411,0.8701446
2320,42787,76291,mean arterial pressure,total opioid consumption,0.9394975,0.94180036,0.93028563
2321,1578,43513,acute pancreatitis,mesenteric injury,0.9394968,0.9683981,0.82389176
2322,124,41590,18f-fluorocholine pet/ct,machine learning models,0.93946636,0.9721443,0.8087545
2323,601,31685,90-day readmission risk,hospital volume,0.9394504,0.9501731,0.8965597
2324,3633,8331,anastomotic stricture,bleeding risk factors,0.9394493,0.9475425,0.9070766
2325,27347,45494,gastric ulcers,morbid obesity,0.93943137,0.9359179,0.9534851
2326,51789,78945,pain prevalence,ulcerative colitis,0.9394171,0.9492349,0.900146
2327,15255,57501,comprehensive complication index,postoperative cellulitis,0.9394063,0.9410896,0.93267286
2328,15137,41576,complication incidence,machine learning,0.93937594,0.92719185,0.988112
2329,13632,56639,clinicopathological characteristics,positive pleural lavage cytology,0.9393676,0.9593086,0.8596033
2330,1382,34922,acute cholecystitis,insulin-like growth factor binding protein-7,0.9393618,0.95181024,0.88956815
2331,45514,53693,morbidity rates,pelvic fractures,0.93935466,0.9479553,0.904952
2332,58957,72531,predictive model,surgical judgment,0.9393114,0.9309867,0.97260994
2333,58880,74625,predicted mortality,textbook outcomes,0.9393031,0.9299015,0.97690934
2334,17140,61025,cumulative mortality,propensity-score matching,0.9393017,0.9324976,0.96651804
2335,33902,63242,independent risk factors,recipient outcomes,0.9392959,0.93353987,0.96232
2336,8524,38045,blood transfusion,laparoscopic colorectal operations,0.93928343,0.9467443,0.9094398
2337,7381,36299,bilateral mediastinal lymphadenectomy,intraoperative complications,0.93925774,0.9293659,0.97882503
2338,58957,59880,predictive model,preoperative weight loss,0.93924254,0.92441106,0.9985684
2339,47,57439,1-year reoperation,postoperative bleeding,0.9392037,0.9311128,0.97156703
2340,10240,47583,cardiac arrest,neonatal congenital heart surgery,0.9391964,0.97115636,0.8113566
2341,19611,61614,disease-free survival,pseudotumor formation,0.939194,0.9296031,0.97755754
2342,59312,75033,preoperative cobb angle,thoracic surgery,0.9391705,0.94980687,0.89662486
2343,20704,77443,duration of stay,trauma patients,0.93916714,0.96757954,0.8255173
2344,30851,48475,high-risk group,nomogram prognostic model,0.93913245,0.9541526,0.87905204
2345,36517,57442,intraoperative transfusion,postoperative bleeding events,0.93907976,0.9558385,0.87204474
2346,1337,74792,acute appendicitis,therapeutic option,0.9390769,0.9297816,0.976258
2347,16185,43221,coronary artery bypass graft,medical error,0.9390732,0.9310256,0.9712634
2348,10539,51940,cardiopulmonary failure,pancreatic adenocarcinoma,0.93906635,0.94184107,0.9279675
2349,1822,73872,adenocarcinoma of the oesophagogastric junction,systemic therapy,0.93901956,0.93639696,0.94951004
2350,8524,47686,blood transfusion,nephroprotective effect,0.9389816,0.9374544,0.9450903
2351,14899,72519,complete hemostasis,surgical intervention,0.9389752,0.93547666,0.95296955
2352,2522,13693,adverse reactions,closed suction drainage,0.9389748,0.9575805,0.8645519
2353,62132,73838,pulse pressure,systemic inflammatory response syndrome,0.9389391,0.9473292,0.9053783
2354,41576,51553,machine learning,oxygen delivery,0.93892586,0.9297273,0.97572
2355,41811,72519,maintenance fluid therapy,surgical intervention,0.938901,0.9324593,0.96466774
2356,317,61836,30-day mortality,pulmonary abscess,0.9388958,0.9318078,0.96724766
2357,489,54167,5-year mortality,peri-operative blood transfusion,0.9388894,0.94424963,0.9174485
2358,8310,40339,bleeding events,long-term aspirin use,0.938886,0.968019,0.82235396
2359,42521,63536,massive weight loss,recurrence rates,0.9388729,0.9363713,0.9488792
2360,1382,17124,acute cholecystitis,cumulative incidence of recurrence,0.9388476,0.92480606,0.9950138
2361,49529,59640,nutritional risk score,preoperative parameters,0.9388442,0.9540513,0.87801564
2362,49539,79400,nutritional status,unplanned readmission rate,0.93883896,0.9257142,0.9913379
2363,2391,17112,advanced rectal cancer,cumulative incidence,0.9388348,0.92552024,0.99209267
2364,8523,46433,blood tests,multivariable logistic regression,0.93882936,0.9326032,0.96373415
2365,51151,76157,orthotopic liver transplantation,total cost,0.9387973,0.93013394,0.97345054
2366,11524,51462,central lymph node metastasis,overall survival rate,0.9387895,0.93389344,0.9583736
2367,46155,62055,multidisciplinary team conference,pulmonary resection,0.93876874,0.9546019,0.8754362
2368,6505,64603,axillary lymph node dissection,resection margins,0.93876076,0.94080806,0.9305716
2369,39100,74625,left-side hepatectomy,textbook outcomes,0.93875843,0.93734723,0.9444031
2370,8951,78102,borrmann type,tumor deposit,0.93874955,0.96807307,0.82145554
2371,42914,55069,mechanical circulatory support,permanent stroke,0.93874025,0.93203294,0.9655694
2372,10026,59400,cancer-specific survival,preoperative ejection fraction,0.9387384,0.93993205,0.9339637
2373,19832,58204,distant metastasis-free survival,postoperative prognostic nutritional index,0.9387326,0.95913553,0.85712117
2374,7697,39538,biliopancreatic limb,lipid parameters,0.93872905,0.9493339,0.8963097
2375,5269,22288,aortic valve replacement,end-organ protection,0.93871576,0.95244986,0.8837792
2376,46433,62748,multivariable logistic regression,radiographic recurrence,0.93867815,0.9331579,0.9607588
2377,62636,66010,radical cystectomy,robotic approaches,0.93866944,0.9257075,0.9905171
2378,50383,60031,open repair,previous abdominal surgery,0.9386477,0.9256653,0.990577
2379,10696,50076,carotid artery disease,oncologic outcomes,0.9386257,0.9263,0.98792845
2380,49895,69763,oesophageal adenocarcinoma,somatic mutations,0.93861324,0.9426829,0.9223344
2381,24285,61625,extended hospital length of stay,psoas muscle index,0.9386128,0.9308067,0.9698371
2382,35630,68324,intestinal cancer,shared decision-making,0.9386038,0.97481275,0.7937682
2383,50993,73771,oral tegafur-uracil,systemic chemotherapy,0.93858635,0.94213593,0.9243879
2384,9884,81806,cancer antigen 19-9,who classification,0.93857443,0.9568935,0.86529833
2385,33499,48266,in-hospital mortality,nighttime surgery,0.9385213,0.9259767,0.98869985
2386,46417,47528,multivariable cox model,neoadjuvant treatment,0.9385208,0.9288133,0.9773507
2387,3601,19415,anastomotic leakage,direct medical cost,0.9384563,0.95428044,0.8751599
2388,598,49468,90-day readmission,nutrition screening,0.9384539,0.9453157,0.9110067
2389,41975,76290,major laparoscopic liver resection,total operative time,0.9384489,0.95945555,0.85442203
2390,38077,79374,laparoscopic esophagectomy,unplanned conversion,0.93844235,0.95681703,0.8649435
2391,2555,80857,aesthetic outcomes,vertical sleeve gastrectomy,0.93841004,0.9578549,0.86063045
2392,15725,81606,continuous monitoring,weight loss,0.9383713,0.9284535,0.9780424
2393,11931,69410,charlson comorbidity index,smoking behavior,0.9383577,0.932399,0.96219283
2394,16198,80539,coronary artery disease,vena cava filters,0.9383554,0.92759377,0.98140186
2395,41833,60522,major adverse cardiac and cerebrovascular events,procedural myocardial infarction,0.9383455,0.95103437,0.8875901
2396,12567,48391,chronic kidney disease,nodal positivity,0.938341,0.9236958,0.99692196
2397,9774,18801,calcified lesion,diagnostic accuracy,0.9383404,0.9450888,0.9113468
2398,56916,67409,post-operative pancreatitis,sensitivity and specificity,0.93833697,0.9475843,0.9013475
2399,7740,75323,binary logistic regression analysis,thromboembolic events,0.938275,0.94546694,0.90950686
2400,17970,79483,decompressive hemicraniectomy,unruptured intracranial aneurysms,0.9382504,0.9867387,0.74429727
2401,27580,58324,gastrointestinal symptoms,postoperative sepsis,0.93824893,0.9372983,0.9420514
2402,56425,69082,population-based study,skilled nursing facility,0.9382453,0.93691957,0.9435479
2403,510,60985,5-year survival rate,propensity score model,0.93823844,0.92669284,0.9844208
2404,16186,21600,coronary artery bypass graft surgery,elderly surgical patients,0.9382348,0.9448945,0.91159624
2405,23749,73178,esophageal squamous cell carcinoma,surveillance outcomes,0.93822783,0.94302243,0.91904944
2406,38669,47087,late-onset colorectal cancer,national cancer database,0.93821084,0.9505428,0.88888276
2407,8252,29866,bladder cancer,hemoglobin a1c,0.93820983,0.9236319,0.99652135
2408,14772,20919,comorbidity index,early complications,0.93818367,0.94328594,0.9177743
2409,60815,69417,progression-free survival,smoking duration,0.93817294,0.9727461,0.79988045
2410,41012,45652,lumbar degenerative diseases,mortality rate,0.9381273,0.92566544,0.98797464
2411,25167,53823,female gender,peptic ulcer,0.938107,0.93205243,0.96232533
2412,23413,58125,epidural hematomas,postoperative pain,0.93810236,0.9508504,0.88711
2413,5783,79230,artificial intelligence,undifferentiated histologic type,0.93809617,0.9413909,0.9249172
2414,22953,28422,endovascular aortic aneurysm repair,goddard score,0.93805367,0.95042187,0.88858074
2415,34493,63117,inflammatory response,real-time pcr,0.93804383,0.9336184,0.9557454
2416,22061,76982,emergency department visit,transforaminal lumbar interbody fusion,0.9380355,0.9369811,0.9422533
2417,22003,54179,emergency abdominal surgery,peri-operative mortality,0.93802595,0.92749244,0.98015976
2418,800,66774,abdominal surgery,sars-cov-2 positivity,0.9380184,0.9738762,0.794587
2419,54879,62294,periprosthetic joint infection,quality improvement initiatives,0.9380154,0.9289387,0.9743222
2420,22062,45655,emergency department visits,mortality reduction,0.9380152,0.9256298,0.98755693
2421,22051,76226,emergency department observation unit,total knee arthroplasty,0.9380109,0.9716518,0.80344695
2422,19611,62366,disease-free survival,quality of recovery-40 questionnaire,0.9380083,0.92465836,0.99140793
2423,2459,80282,adverse clinical outcomes,vascular invasion,0.9379789,0.9244926,0.991924
2424,10738,71120,carotid endarterectomy,stone clearance rates,0.9379601,0.9312772,0.9646916
2425,46893,54421,n-terminal pro-brain natriuretic peptide,perioperative bleeding,0.9379599,0.92590064,0.9861968
2426,29580,68867,heart transplantation,single-lung ventilation,0.93795913,0.95329976,0.8765965
2427,27987,42107,geriatric hip fracture patients,male sex,0.937952,0.9264506,0.9839574
2428,10738,16210,carotid endarterectomy,coronary artery involvement,0.9379517,0.9297301,0.97083783
2429,10521,51059,cardiopulmonary bypass,organ space surgical site infection,0.9379473,0.92408085,0.99341315
2430,53109,73453,patient survival rates,symptom relief,0.9379374,0.9766193,0.78320956
2431,7567,9941,biliary drainage,cancer recurrence,0.93793213,0.92466956,0.99098223
2432,49264,73838,nrs pain scores,systemic inflammatory response syndrome,0.9379059,0.94857746,0.8952198
2433,1922,81215,adherence assessment,visual analogue scale,0.93790567,0.9405685,0.92725426
2434,52763,74426,pathological pci,technical success,0.9379015,0.9310535,0.96529317
2435,10059,36234,cannabis use disorder,intraoperative adverse events,0.9378953,0.9395124,0.93142676
2436,4629,76789,antiarrhythmic medication,transcatheter aortic valve replacement,0.9378941,0.9665037,0.8234557
2437,6812,48868,barcelona clinic liver cancer classification,nonalcoholic fatty liver disease,0.93788743,0.95525116,0.8684324
2438,19487,31637,discharge rates,hospital readmissions,0.9378871,0.96493596,0.8296917
2439,158,16778,2-year survival,critical limb ischemia,0.9378823,0.924017,0.99334323
2440,51334,77501,outpatient procedures,treatment adherence,0.93787706,0.9419416,0.9216186
2441,34055,64877,induction chemotherapy,response to treatment,0.9378699,0.9545266,0.8712432
2442,10837,45620,case-control study,mortality during hospitalization,0.93786687,0.9743376,0.79198396
2443,30882,33920,high-risk patients,index admission mortality,0.93785846,0.93089145,0.96572644
2444,6145,68247,atrial fibrillation,severity of ponv,0.93784195,0.9430891,0.9168532
2445,44624,62366,minimally invasive esophagectomy,quality of recovery-40 questionnaire,0.93783927,0.9547763,0.8700909
2446,29229,80926,hazard ratios,vessel-oriented composite outcome,0.93783516,0.9620868,0.84082836
2447,37797,69204,knowledge gaps,sleeve gastrectomy,0.9378282,0.97226703,0.80007285
2448,17221,66243,curative resection rate,robotic-assisted thoracic surgery,0.93782794,0.93425566,0.952117
2449,5212,14381,aortic stenosis,color doppler ultrasound,0.93781596,0.9483714,0.895594
2450,14457,51876,colorectal carcinoma,palliative treatment,0.9377811,0.92425185,0.99189794
2451,49539,81972,nutritional status,wound closure techniques,0.93777776,0.9348703,0.9494075
2452,16807,27969,crohn's disease,gerd-health related quality of life,0.93777615,0.9604843,0.8469432
2453,16273,59426,coronary heart disease,preoperative exposure,0.9377643,0.93811613,0.9363568
2454,17564,73258,cytokine-induced killer cell therapy,survival rate,0.9377463,0.95265216,0.8781226
2455,10762,20405,carotid revascularization,drug-coated balloons,0.9377334,0.9269513,0.9808616
2456,13535,66116,clinical utility,robotic rectal resection,0.9376901,0.93743634,0.93870485
2457,29528,81122,heart failure,visceral adipose tissue loss,0.93768,0.9267158,0.9815369
2458,29459,59288,health-related quality-of-life,preoperative characteristics,0.9376637,0.9408429,0.9249466
2459,24060,58930,excess body weight loss,predictive factors,0.9376471,0.92351204,0.99418724
2460,39960,58257,lobectomy techniques,postoperative recurrence,0.9376043,0.9319545,0.96020323
2461,38317,73919,laparoscopic surgery,systolic pressure variation,0.9375864,0.9384195,0.93425405
2462,15287,16489,computational fluid dynamics,cost-effectiveness analysis,0.93758357,0.9479716,0.89603144
2463,16014,34780,conversion therapy,inpatient mortality,0.9375722,0.9254606,0.9860184
2464,1639,69977,acute respiratory distress syndrome,spinal infection,0.93756115,0.9786865,0.77305967
2465,12630,45222,chronic obstructive pulmonary disease,modified duke criteria,0.93755424,0.9430864,0.9154257
2466,1495,38793,acute ischemic stroke,lean body weight,0.93753904,0.96621,0.8228552
2467,2528,76083,adverse surgical events,total ankle arthroplasty,0.9375298,0.95973235,0.8487196
2468,25026,37562,fatty liver,kasai portoenterostomy,0.9375295,0.9777389,0.77669173
2469,49744,58041,obstructive coronary artery disease,postoperative morbidity,0.9375017,0.9234197,0.99382967
2470,49512,59740,nutritional markers,preoperative risk assessment,0.937501,0.92852336,0.9734114
2471,1735,38908,acute urinary retention,left hemicolectomy,0.9374974,0.93934613,0.9301022
2472,9287,46151,breast cancer-related lymphedema,multidisciplinary team,0.93749505,0.98223984,0.7585158
2473,39781,43114,liver metastasis-free survival,median survival time,0.93749285,0.94531864,0.9061895
2474,6225,47496,atypical carcinoid,neoadjuvant immunochemotherapy,0.9374369,0.9390774,0.9308749
2475,51974,81674,pancreatic cancer surgery,weight regain,0.9374274,0.92401487,0.9910774
2476,26410,50076,frailty indices,oncologic outcomes,0.93742037,0.92985225,0.9676926
2477,41854,50103,major adverse cerebral and cardiovascular events,oncological outcomes,0.93740726,0.9341924,0.9502664
2478,9624,15424,c-reactive protein,concomitant injuries,0.9374059,0.9258425,0.98365927
2479,40442,53117,long-term outcomes,patient travel distance,0.9373823,0.9263861,0.9813669
2480,51069,63080,organ-preserving surgery,readmission rates,0.93736845,0.9380331,0.93470985
2481,40262,41314,logistic regression,lymph node clearance,0.93736076,0.9333308,0.9534806
2482,14541,32445,colorectal surgery,icu management,0.9373265,0.9466589,0.8999967
2483,41472,70250,lymphocyte-monocyte ratio,st elevation myocardial infarction,0.9373187,0.9421585,0.9179592
2484,50679,56065,operative time,pn1 stage,0.9373164,0.92359185,0.99221474
2485,40538,79524,longitudinal cohort study,upper endoscopy,0.9373153,0.96850914,0.8125398
2486,15255,34632,comprehensive complication index,inguinal hernia surgery,0.93730104,0.939089,0.93014926
2487,7880,60840,biologic therapies,proinflammatory cytokines,0.9372895,0.95433366,0.86911273
2488,14182,29401,colon surgery,health care utilization,0.937285,0.9428023,0.9152157
2489,38932,76188,left liver resection,total gastrectomy,0.93728447,0.9265998,0.98002326
2490,16209,77100,coronary artery intervention,transient ischemic attack,0.93726933,0.9467692,0.89927
2491,30882,75252,high-risk patients,three-stage surgery,0.9372571,0.9274578,0.97645426
2492,269,34217,30-day all-cause readmission,infectious complications,0.9372261,0.9287761,0.9710262
2493,26732,75097,functional outcomes,thoracolumbar junction,0.93722385,0.9351517,0.9455123
2494,38831,62548,left anterior descending coronary artery,radial artery,0.93720263,0.95474327,0.8670401
2495,6091,63079,atherosclerotic cardiovascular disease,readmission rate,0.93716925,0.9278435,0.97447205
2496,30133,78179,hepatic metastases,tumor histology,0.93714666,0.926812,0.9784853
2497,16427,19585,cosmetic outcome,disease recurrence,0.9371456,0.92692804,0.9780157
2498,21114,50076,early rectal cancers,oncologic outcomes,0.93714154,0.94698465,0.89776915
2499,31751,65087,hospitalization patterns,retrospective analysis,0.93713516,0.9434678,0.91180444
2500,4826,9039,antimicrobial resistance,bowel perforation,0.9371258,0.9504659,0.88376534
2501,22956,54135,endovascular aortic repair,perfusion index,0.93711466,0.9536911,0.8708086
2502,41576,73102,machine learning,surgical workflow,0.9371025,0.9565259,0.8594087
2503,382,17168,30-day survival,cumulative survival,0.9371009,0.93566966,0.9428256
2504,12643,82023,chronic pain incidence,wound infection,0.93709725,0.94747657,0.8955801
2505,34661,75033,inhaled milrinone,thoracic surgery,0.93709373,0.9409722,0.9215798
2506,54876,55420,periprosthetic infection,physical activity,0.93707985,0.9318291,0.95808256
2507,62543,77673,racial/ethnic disparities,treatment selection,0.937059,0.9535592,0.871058
2508,11868,48785,cervical radiotherapy,non-small-cell lung cancer,0.9370424,0.9352081,0.9443795
2509,50302,60918,open hepatic resection,prolonged length of stay,0.9370181,0.9367918,0.9379232
2510,72423,72994,surgical era,surgical techniques,0.9370046,0.9614758,0.83911985
2511,35731,75677,intestinal subtype,time to recurrence,0.93697417,0.93551433,0.94281334
2512,16987,60760,ct texture analysis,prognostic significance,0.9369677,0.9321533,0.9562251
2513,65633,73531,risk factors for dvt,symptomatic intracranial hemorrhage,0.9369248,0.93021435,0.9637667
2514,510,55454,5-year survival rate,physical functioning,0.93692416,0.9234439,0.990845
2515,57745,66173,postoperative fever,robotic total pancreatectomy,0.9369203,0.9659913,0.8206362
2516,21595,21626,elderly patients,elective cardiothoracic surgery,0.936918,0.9322327,0.9556593
2517,48132,63194,new injury severity score,receiver operating characteristic curve,0.9369167,0.9296214,0.966098
2518,63,61025,10-year mortality rate,propensity-score matching,0.9369165,0.93187195,0.9570945
2519,18091,60559,deep venous thrombosis,procedure length,0.93690884,0.9266619,0.97789645
2520,12747,50679,chronic venous obstruction,operative time,0.9369009,0.9608563,0.8410794
2521,10521,47330,cardiopulmonary bypass,necrotizing soft-tissue infection,0.93689483,0.9394732,0.92658126
2522,26409,65969,frailty index,robot-assisted partial nephrectomy,0.9368715,0.9224295,0.9946397
2523,68855,79790,single-incision robotic surgery,urinary tract infection,0.9368629,0.93180966,0.9570756
2524,23014,46291,endovascular repair,multiple arterial grafts,0.9368549,0.9294935,0.96630025
2525,26732,59696,functional outcomes,preoperative presentation,0.9368544,0.93569136,0.9415067
2526,6866,33209,bariatric surgery,immunological differences,0.9368323,0.9680017,0.8121547
2527,49539,67845,nutritional status,serum il-6 level,0.9368289,0.94479203,0.9049765
2528,58171,58306,postoperative period,postoperative risk assessment,0.93682575,0.95183927,0.8767715
2529,34000,72083,indocyanine green,surgery cost,0.9368137,0.960518,0.8419964
2530,18708,52030,diabetes remission rates,pancreatic ductal adenocarcinoma,0.93679553,0.924581,0.9856536
2531,34893,60728,insulin resistance,prognostic outcomes,0.9367919,0.9337219,0.94907176
2532,59046,60980,predictors of hrqol,propensity score matching,0.9367183,0.9242918,0.98642415
2533,26651,44645,functional capacity,minimally invasive liver resection,0.9366931,0.9249351,0.983725
2534,15255,80763,comprehensive complication index,ventricular fibrillation,0.9366765,0.9235198,0.9893031
2535,32712,73209,ileocolonic resection,survival analysis,0.9366559,0.9272144,0.9744218
2536,39986,53554,local anesthetic injection,pediatric patients,0.9366527,0.945867,0.8997956
2537,2369,67457,advanced ovarian cancer,sentinel lymph node biopsy,0.93662024,0.92870647,0.96827537
2538,51813,72893,pain severity assessment,surgical site infections,0.9366154,0.94816023,0.8904361
2539,27717,77770,gene expression,tricarboxylic acid cycle,0.9366113,0.9534879,0.86910486
2540,35787,67216,intra-abdominal abscess,segmental resection,0.9365983,0.9223328,0.99366015
2541,13069,63191,clavien-dindo severity classification,receiver operating characteristic,0.9365779,0.9626547,0.83227074
2542,1524,46414,acute liver failure,multivariable analysis,0.9365672,0.9382462,0.9298511
2543,2980,26423,alcohol consumption,frailty syndrome,0.9365582,0.93483245,0.943461
2544,64612,77828,resection rate,trifecta achievement,0.9365203,0.9365092,0.9365645
2545,60129,72249,primary closure technique,surgical approach,0.93646586,0.94774085,0.8913657
2546,41103,49988,lung cancer,older people,0.93646467,0.92446923,0.9844462
2547,12567,59354,chronic kidney disease,preoperative ct findings,0.93646127,0.92894673,0.96651936
2548,12630,55402,chronic obstructive pulmonary disease,photoselective vaporization,0.9364472,0.9293619,0.96478856
2549,27769,50544,general anaesthesia,operating room times,0.93642044,0.93821967,0.92922354
2550,62019,72073,pulmonary metastases,surgery and chemotherapy,0.9364055,0.93854684,0.9278398
2551,32992,58994,immune checkpoint inhibitors,predictive significance,0.936401,0.96334094,0.82864136
2552,62330,71473,quality of life,subcutaneous fat area ratio,0.93639374,0.9271082,0.97353566
2553,33889,48547,independent prognostic factors,non-colorectal non-neuroendocrine metastases,0.9363668,0.9511888,0.8770789
2554,40169,72203,locally advanced gastric cancer,surgery-related outcomes,0.9363362,0.9262458,0.97669774
2555,38958,76789,left main stem pci,transcatheter aortic valve replacement,0.9363259,0.9462475,0.89663935
2556,2477,35488,adverse events,interstage period,0.936301,0.9779357,0.76976216
2557,2068,68594,adjusted odds ratio,signet ring cell adenocarcinoma,0.9362905,0.9386271,0.926944
2558,11933,42071,charlson comorbidity score,major vascular surgery,0.9362812,0.9255389,0.9792503
2559,313,67577,30-day morbidity,serious mental illness,0.936276,0.9574628,0.851529
2560,26661,72463,functional decline,surgical fixation,0.9362662,0.952956,0.869507
2561,45397,47474,molecular targets,neoadjuvant chemoradiotherapy,0.93624395,0.97480166,0.7820128
2562,48868,68000,nonalcoholic fatty liver disease,serum total cholesterol,0.9362246,0.97809064,0.76876
2563,9037,73318,bowel obstruction,suture dehiscence,0.93622065,0.93518555,0.9403609
2564,27489,57439,gastrointestinal disease,postoperative bleeding,0.93620783,0.93056417,0.95878243
2565,40358,42946,long-term clinical outcomes,mechanical mitral valve replacement,0.93619657,0.9459099,0.897343
2566,28112,61964,glasgow coma score,pulmonary function,0.9361954,0.9328913,0.94941163
2567,41863,50229,major adverse events,open aortic arch surgery,0.9361854,0.94132453,0.91562897
2568,28355,71771,glycemic control,super-super-obese patients,0.936175,0.95331156,0.8676286
2569,46470,58525,multivariate logistic regression,postpartum depression,0.9361608,0.9592298,0.8438846
2570,3509,64504,analgesic use,rescue analgesics,0.9361606,0.9792199,0.7639236
2571,50619,79387,operative duration,unplanned icu transfer,0.9361297,0.93556,0.9384082
2572,47754,50297,neural network model,open heart surgery,0.93612707,0.9339369,0.9448877
2573,10583,37667,cardiovascular comorbidities,kidney failure,0.9361013,0.9330997,0.94810784
2574,16583,42991,covid-19-related complications,mechanical ventilation,0.9360789,0.92566454,0.9777363
2575,18242,39936,delayed bleeding,living-donor liver transplantation,0.9360516,0.93289846,0.94866425
2576,31633,60001,hospital readmission,preventable adverse events,0.9360459,0.95034856,0.87883514
2577,29893,64801,hemolytic anemia,respiratory complications,0.9360354,0.9605404,0.8380153
2578,19625,79247,disease-specific survival,uneventful postoperative course,0.93602204,0.9275915,0.96974385
2579,33927,79310,index hospitalization,uninsured patients,0.93599916,0.9615233,0.8339028
2580,685,80378,abdominal body contouring surgery,vascular surgery,0.9359717,0.94942504,0.8821583
2581,40598,74426,low anterior rectal resection,technical success,0.9359651,0.92943233,0.96209615
2582,10490,76775,cardiogenic shock,transcarotid approach,0.93594146,0.95362175,0.86522
2583,17709,39465,d2 lymphadenectomy,limited resection,0.93592066,0.9242002,0.98280245
2584,33686,59470,incidence of vte,preoperative hemoglobin,0.9359119,0.9251868,0.97881216
2585,63392,78328,rectal neoplasms,tumor recurrence,0.93589586,0.93062097,0.95699537
2586,12567,46355,chronic kidney disease,multiple tumors,0.93589073,0.92058,0.9971336
2587,42991,59297,mechanical ventilation,preoperative chest computed tomography,0.93588096,0.9525732,0.86911196
2588,275,30286,30-day clinical outcomes,hepatocellular cancer,0.93587315,0.9752366,0.77841944
2589,38483,60555,large tumor size,procedure duration,0.9358564,0.93397725,0.94337285
2590,28807,61945,groin hematoma,pulmonary embolism,0.93585265,0.97170854,0.79242915
2591,54458,59025,perioperative complications,predictors of amputation,0.93584776,0.92836154,0.9657926
2592,21562,44644,ejection fraction,minimally invasive left thoracotomy,0.9358423,0.95448035,0.8612896
2593,60719,73237,prognostic markers,survival nomogram,0.93583775,0.9674932,0.80921584
2594,57815,76118,postoperative hematoma,total blood loss,0.9358094,0.9339056,0.9434245
2595,5783,37344,artificial intelligence,j-pouch anastomosis,0.9357585,0.9369916,0.93082607
2596,66562,80457,safety and feasibility,vasoactive-inotropic scores,0.9357475,0.9589485,0.8429435
2597,13462,52891,clinical stage i nsclc,patient characteristics,0.9357226,0.9231352,0.986072
2598,13023,41316,clavien-dindo classification,lymph node counts,0.93571734,0.92112386,0.99409145
2599,60131,80282,primary colectomy,vascular invasion,0.9357171,0.93630624,0.9333603
2600,1631,15367,acute renal failure,computed tomography-derived fractional flow reserve,0.93571544,0.9299307,0.9588543
2601,16631,60737,cox regression models,prognostic prediction models,0.9357131,0.95817876,0.8458503
2602,249,41203,3-year relapse-free survival,lung metastases,0.9357021,0.92753685,0.96836287
2603,23624,45578,esophageal adenocarcinoma,morphological subtypes,0.9356793,0.9587534,0.84338284
2604,12647,53091,chronic pancreatitis,patient selection criteria,0.9356656,0.9264178,0.9726564
2605,13036,36541,clavien-dindo complications,intraoperative visualization,0.9356579,0.92427176,0.98120236
2606,14543,77796,colorectal surgery outcomes,tricuspid regurgitation,0.93564224,0.9336979,0.94341975
2607,580,15638,90-day mortality,consolidation therapy,0.9356413,0.9273968,0.96861935
2608,18695,27448,diabetes mellitus remission,gastroesophageal reflux disease,0.9355972,0.93395746,0.94215584
2609,37892,46433,laboratory values,multivariable logistic regression,0.9355508,0.9230331,0.9856214
2610,40246,78342,locoregional treatments,tumor regression,0.9355391,0.9607721,0.8346073
2611,13048,66009,clavien-dindo grade iii,robotic approach,0.93553865,0.9217328,0.99076205
2612,38285,56929,laparoscopic roux-en-y gastric bypass,post-operative reflux,0.9355376,0.93880683,0.92246044
2613,61587,73026,pseudarthrosis rate,surgical treatment,0.9355321,0.938453,0.92384857
2614,54421,61882,perioperative bleeding,pulmonary artery pressure,0.93551815,0.93122447,0.95269305
2615,31728,72326,hospitalization burden,surgical complexity,0.9355142,0.9478845,0.886033
2616,44459,47474,midterm outcomes,neoadjuvant chemoradiotherapy,0.9355057,0.92364454,0.9829502
2617,48256,57634,nicu admission,postoperative delirium,0.93550426,0.9700379,0.7973697
2618,7069,14610,bclc staging,combined hepatocellular-cholangiocarcinoma,0.935504,0.96920085,0.80071664
2619,40921,78789,lower gastrointestinal lesions,type 2 diabetes,0.93549097,0.9564209,0.8517712
2620,23624,43679,esophageal adenocarcinoma,metabolic surgery,0.9354397,0.9210884,0.9928451
2621,13023,23560,clavien-dindo classification,erectile function recovery,0.9354249,0.9528493,0.8657274
2622,22123,37338,emergency surgery,iwate difficulty score,0.9354231,0.9231293,0.98459804
2623,58412,69301,postoperative systemic treatment,small cell lung cancer,0.9353919,0.94907755,0.88064945
2624,12093,62660,chest drain duration,radical nephrectomy,0.9353758,0.93553644,0.934733
2625,28355,57839,glycemic control,postoperative hormone levels,0.9353658,0.951669,0.87015307
2626,49105,69996,nontobacco nicotine dependence,spinal surgery,0.93535024,0.93616116,0.9321064
2627,37628,54963,ki-67 levels,peritoneal metastases,0.9353436,0.93242127,0.947033
2628,33081,60710,immune status,prognostic implications,0.93531245,0.9409683,0.91268885
2629,6926,66440,barrett's esophagus,rural patients,0.93530786,0.9407465,0.9135533
2630,30731,51940,high-grade osteosarcoma,pancreatic adenocarcinoma,0.93529904,0.9560067,0.8524683
2631,12125,57848,chest tube drainage time,postoperative hospitalization,0.9352896,0.9425224,0.9063583
2632,9624,31511,c-reactive protein,hormonally active tumors,0.9352859,0.9210427,0.9922587
2633,40194,73657,locally advanced rectal cancer,synchronous presentation,0.9352857,0.92630225,0.97121936
2634,12509,77846,chronic heart failure,triglyceride levels,0.9352809,0.94366723,0.9017356
2635,55085,67573,peroperative morbidity,serious complications,0.93527085,0.9385978,0.9219629
2636,62479,72420,r0 resection rate,surgical enucleation,0.9352425,0.9249517,0.9764057
2637,14148,69543,colon cancer staging,socioeconomic status,0.9352247,0.93270373,0.9453084
2638,30851,52831,high-risk group,pathologically complete response,0.93522066,0.9268643,0.9686459
2639,35293,78381,intermittent hepatic inflow occlusion,tumor size,0.9352118,0.9519394,0.8683011
2640,9162,48720,brain metastasis,non-metastatic pdac,0.9352046,0.94181925,0.9087461
2641,10738,28627,carotid endarterectomy,graft number,0.9351996,0.9302676,0.9549279
2642,13734,14399,clot burden score,colorectal cancer,0.93519825,0.92607546,0.97168916
2643,13070,65228,clavien-dindo system,revision total hip arthroplasty,0.9351976,0.9319291,0.9482713
2644,61121,73812,propofol supplementation,systemic inflammation,0.93512,0.9411866,0.9108534
2645,67190,78896,seer database,tyrosine kinase inhibitor,0.93508655,0.9238087,0.98019767
2646,1088,54458,accuracy assessment,perioperative complications,0.93503666,0.9523302,0.86586255
2647,32992,36424,immune checkpoint inhibitors,intraoperative lymph node dissection,0.93500274,0.9332041,0.9421972
2648,52904,68437,patient compliance,short-term outcomes,0.9349988,0.9296346,0.95645577
2649,16623,40015,cox regression,local failure rates,0.9349618,0.964405,0.8171888
2650,3382,66312,amputation rates,ross procedure,0.93495405,0.9428418,0.90340286
2651,22948,57543,endovascular aneurysm repair,postoperative cognitive function,0.9349481,0.92575026,0.9717391
2652,37171,58512,ischemic stroke,postoperative wound infection,0.9349411,0.9211087,0.99027073
2653,26470,51425,free tissue transfer,overall mortality,0.9349369,0.9293665,0.95721805
2654,10597,73240,cardiovascular disease prevention,survival outcomes,0.934916,0.9387482,0.91958743
2655,38245,61168,laparoscopic radical gastrectomy,prospective observational study,0.93491274,0.9221764,0.98585784
2656,27568,41508,gastrointestinal stromal tumors,lymphovascular space invasion,0.9348924,0.9281217,0.9619753
2657,30014,36146,hepatic arterial infusion chemotherapy,intrahepatic progression-free survival,0.9348862,0.9760651,0.7701708
2658,3163,56508,alpha-fetoprotein level,portal vein ligation,0.9348622,0.94294864,0.90251625
2659,42991,71069,mechanical ventilation,stoma construction,0.93485415,0.9213945,0.98869264
2660,13245,63182,clinical features,recanalization success rate,0.93484044,0.9575121,0.8441537
2661,19611,30218,disease-free survival,hepatitis b core antigen,0.934803,0.9266359,0.9674712
2662,14457,65474,colorectal carcinoma,right-sided colon tumors,0.93479943,0.95935434,0.8365799
2663,22611,33480,endoscopic management,in-hospital death,0.93478954,0.92800486,0.96192807
2664,16612,70283,cox proportional hazards model,stable disease,0.93477917,0.92228085,0.98477256
2665,357,48809,30-day readmission rates,non-st-segment elevation myocardial infarction,0.93477124,0.9213586,0.98842174
2666,1227,58041,activated clotting times,postoperative morbidity,0.93476945,0.9299781,0.9539348
2667,11479,72714,centers of excellence,surgical procedures,0.9347685,0.94038135,0.9123169
2668,53557,75075,pediatric population,thoracoabdominal aortic aneurysm,0.9347677,0.92254686,0.983651
2669,19828,78395,distant metastasis,tumor size measurement,0.9347537,0.9507348,0.8708293
2670,33499,39413,in-hospital mortality,limb graft occlusion,0.93474996,0.9418787,0.9062351
2671,44256,54299,microscopic invasion,perihilar cholangiocarcinoma,0.9347316,0.9427778,0.90254647
2672,30465,69423,high blood pressure,smoking history,0.9347229,0.9539541,0.8577982
2673,14541,26967,colorectal surgery,gallbladder surgery,0.9347201,0.9236554,0.9789788
2674,33898,58839,independent risk factor,pre-treatment mri,0.9347169,0.95426136,0.8565391
2675,5727,48203,arteriovenous fistula,next generation sequencing,0.93470937,0.93261284,0.9430954
2676,11011,38805,caudate lobectomy,learning curve,0.93470055,0.92111105,0.98905855
2677,36249,51808,intraoperative assessment,pain scores,0.93468904,0.92460424,0.97502816
2678,22041,36864,emergency department,intubation time,0.93467784,0.9281542,0.96077234
2679,7334,46452,bifurcated stent graft,multivariate analysis,0.93467534,0.955851,0.8499726
2680,45220,78791,modified delta-shaped gastroduodenostomy,type 2 diabetes mellitus,0.9346344,0.9206028,0.99076056
2681,15317,47311,computed tomography angiography,necrotic core volume,0.9346018,0.9711148,0.78854954
2682,510,52388,5-year survival rate,parenchyma-sparing hepatectomy,0.9345842,0.9356802,0.9302002
2683,17705,65109,d2 dissection,retrospective observational study,0.9345727,0.9280165,0.9607973
2684,41142,41239,lung cancer-specific survival,lung squamous cell carcinoma,0.9345628,0.9690701,0.7965336
2685,15103,50826,complicated appendicitis,optimal cutoff point,0.934543,0.93543637,0.93096924
2686,8299,46496,bleeding complications,multivisceral resections,0.9345425,0.92584825,0.9693192
2687,9624,65302,c-reactive protein,right anterior thoracotomy,0.9345376,0.9210637,0.98843294
2688,2956,28855,albumin levels,growth differentiation factor-15,0.93452644,0.95337754,0.8591221
2689,67188,69053,sedentary lifestyle,skeletal muscle index,0.93450993,0.943977,0.8966417
2690,13426,38888,clinical risk factors,left colon cancer,0.93446666,0.9424073,0.9027039
2691,2173,58314,adolescent idiopathic scoliosis,postoperative satisfaction,0.9344617,0.95427185,0.85522103
2692,306,58144,30-day major adverse events,postoperative pancreatic fistula,0.93444765,0.9276572,0.96160936
2693,12567,30583,chronic kidney disease,high sensitivity troponin t,0.93443555,0.9219652,0.98431695
2694,23036,78789,endovascular stent grafting,type 2 diabetes,0.934433,0.9498754,0.87266326
2695,30562,60725,high risk,prognostic nutritional index,0.93443185,0.9400619,0.91191137
2696,18162,23053,definitive resection,endovascular therapy,0.9343756,0.9332093,0.93904066
2697,13032,72649,clavien-dindo complication rate,surgical patients,0.9343688,0.9334122,0.938195
2698,4915,72282,antithrombotic therapy,surgical bypass,0.934329,0.94138145,0.90611905
2699,4357,52710,anterior mediastinal mass,pathological complete response,0.9343229,0.9297222,0.9527257
2700,13327,37807,clinical outcome,kono-s anastomosis,0.934307,0.93043673,0.9497876
2701,32487,73215,idiopathic dilated cardiomyopathy,survival benefit,0.93428564,0.9642322,0.8144991
2702,10526,80479,cardiopulmonary bypass time,vasopressor-free days,0.934281,0.9483012,0.8782003
2703,38112,78789,laparoscopic gynaecological surgery,type 2 diabetes,0.93425983,0.932028,0.94318724
2704,40044,59747,local recurrence,preoperative risk predictors,0.9342473,0.9254802,0.96931577
2705,46216,70012,multilevel logistic regression,spine surgery,0.93424594,0.93076324,0.9481767
2706,64814,66245,respiratory failure,robotic-assisted thoracoscopic surgery,0.9342449,0.91930634,0.9939989
2707,10026,70041,cancer-specific survival,spleen size,0.9342445,0.93444216,0.93345374
2708,54421,61779,perioperative bleeding,pt4 colorectal cancer,0.9342321,0.93490726,0.9315314
2709,66823,81201,scaffold thrombosis,visual analog scale,0.9342017,0.93575066,0.92800575
2710,33924,72519,index endoscopy,surgical intervention,0.934194,0.93775535,0.91994876
2711,70905,74427,stent under-expansion,technical success rate,0.9341835,0.9609243,0.8272201
2712,17753,78791,dacron graft,type 2 diabetes mellitus,0.9341529,0.94884074,0.8754014
2713,18707,57759,diabetes remission rate,postoperative follow-up,0.93413794,0.92599344,0.9667157
2714,9257,34198,breast cancer,infection status,0.9341261,0.93823004,0.91771
2715,57882,71362,postoperative ileus,structured training,0.9341024,0.9272477,0.9615212
2716,5783,22831,artificial intelligence,endoscopic visualization,0.9340514,0.9634881,0.8163045
2717,26728,62880,functional outcome,random forest classifier,0.93404734,0.93511343,0.92978287
2718,34381,64380,inflammatory biomarkers,reoperation rate,0.93404555,0.9184269,0.9965203
2719,13493,39677,clinical success rates,liver cirrhosis,0.9340054,0.93182117,0.94274235
2720,33877,60156,independent predictors of mortality,primary endpoint,0.933997,0.9415157,0.90392196
2721,15259,78920,comprehensive geriatric assessment,uicc stage,0.93399674,0.9214163,0.98431855
2722,13641,56007,clinicopathological parameters,pleural effusion,0.9339863,0.9226188,0.9794561
2723,14444,62881,colorectal cancer staging,random forest model,0.9339435,0.9541321,0.8531891
2724,30894,45494,high-risk procedures,morbid obesity,0.93393326,0.9209653,0.9858052
2725,19788,79502,distal resection margin,up-front surgery,0.9339331,0.9503351,0.868325
2726,41339,59861,lymph node metastasis,preoperative upper gastrointestinal endoscopy,0.9339199,0.94975954,0.87056124
2727,65584,67240,risk factors,selected patients,0.93391216,0.9194838,0.99162537
2728,3057,20321,all-cause mortality,drainage procedures,0.93390477,0.9317061,0.9426996
2729,39853,75702,liver transplantation,time-dependent changes,0.9338978,0.9319423,0.94171965
2730,13907,36299,cognitive function assessment,intraoperative complications,0.9338959,0.9335056,0.93545693
2731,20599,61313,duodenal switch,protective factors,0.9338915,0.9337504,0.93445563
2732,3912,62548,aneurysm occlusion,radial artery,0.9338914,0.9590556,0.83323437
2733,27568,72170,gastrointestinal stromal tumors,surgery timing,0.93388,0.92090696,0.98577195
2734,42460,67573,marijuana use,serious complications,0.9338639,0.92456204,0.97107106
2735,52891,66820,patient characteristics,savr volume,0.93385214,0.95829153,0.8360947
2736,48469,67322,nomogram model,self-expanding metallic stents,0.9338364,0.92009306,0.98880965
2737,34242,58049,inferior approach,postoperative mortality,0.93381816,0.9193922,0.9915217
2738,16605,76356,cox proportional hazard model,total weight loss,0.93378514,0.91804475,0.99674666
2739,16563,51025,covid-19 pandemic,organ availability,0.9337788,0.92356014,0.9746534
2740,22780,79259,endoscopic ultrasonography,unfavorable prognosis,0.9337584,0.96699065,0.80082923
2741,5269,42778,aortic valve replacement,mean age of patients,0.93375146,0.92600256,0.9647472
2742,38057,41928,laparoscopic cytoreductive surgery,major complication,0.93373364,0.93600595,0.92464453
2743,8447,32846,blood loss,image-guided radiation therapy,0.9337264,0.94557977,0.8863127
2744,1500,40092,acute kidney injury,local wound care,0.93366456,0.934906,0.92869884
2745,41113,42107,lung cancer management,male sex,0.9336591,0.93880486,0.9130757
2746,29608,30162,heat shock factor 1,hepatic resection,0.93364507,0.93548226,0.9262961
2747,13241,77652,clinical factors,treatment received,0.9336347,0.9538939,0.85259783
2748,63549,72406,recurrence time,surgical duration,0.93361795,0.93641263,0.92243904
2749,13068,80456,clavien-dindo scoring system,vasoactive-inotropic score,0.9335811,0.9684776,0.79399484
2750,60980,76149,propensity score matching,total colonoscopy,0.93358094,0.96610886,0.8034691
2751,49950,56692,off-pump coronary artery bypass grafting,post-anaesthesia care unit,0.93357426,0.95235354,0.858457
2752,57844,60341,postoperative hospital stay,primary total joint arthroplasty,0.9335243,0.9186901,0.9928611
2753,39806,80653,liver resection,venous thromboembolism incidence,0.93351316,0.9317557,0.9405427
2754,7226,58135,benign thyroid nodules,postoperative pain scores,0.93347424,0.9567036,0.8405566
2755,56625,60725,positive margin rates,prognostic nutritional index,0.9334722,0.9199323,0.98763174
2756,27470,64686,gastrointestinal bleeding,residual gastritis,0.9334612,0.95710695,0.83887815
2757,21256,41359,early-stage tumors,lymph node resection,0.9334442,0.9349198,0.9275418
2758,5212,13032,aortic stenosis,clavien-dindo complication rate,0.9334336,0.9248905,0.96760577
2759,6981,34217,baseline comorbidities,infectious complications,0.9334326,0.9205876,0.9848124
2760,38781,47425,leak rate,negative surgical margins,0.9334129,0.93580693,0.9238367
2761,31050,56621,hirschsprung disease,positive lymph nodes,0.93339586,0.9313593,0.94154197
2762,18485,78312,depth of invasion,tumor perforation,0.93338585,0.92815006,0.9543289
2763,11939,23056,charlson-deyo comorbidity index,endovascular thrombectomy,0.9333552,0.9274464,0.95699054
2764,666,69365,abdominal aortic aneurysm,small vessel disease,0.9333499,0.92546356,0.96489525
2765,22433,50107,endometrial cancer,oncological quality,0.93333757,0.93519723,0.9258989
2766,5274,26759,aortic valve surgery,functional status,0.9333328,0.9175737,0.99636924
2767,38129,76201,laparoscopic hernia repair,total hospital charges,0.9333197,0.9338299,0.9312789
2768,43072,56471,median hospital length of stay,portal hypertension,0.93328726,0.92781925,0.9551592
2769,25524,41931,fibrosis staging,major complications,0.9332829,0.9280611,0.9541699
2770,50380,51815,open reduction and internal fixation,pain symptoms,0.9332731,0.9452776,0.88525486
2771,5793,78334,artificial neural network model,tumor recurrence rate,0.9332669,0.9476822,0.8756055
2772,55771,76227,plasma fibrinogen,total knee replacement,0.93324983,0.9307523,0.9432398
2773,7705,39164,bilirubin levels,length of icu stay,0.93324524,0.93467134,0.92754066
2774,63614,67569,recurrent colorectal liver metastasis,serious adverse events,0.9332309,0.9354343,0.92441696
2775,65087,68964,retrospective analysis,sinus rhythm,0.93322617,0.92124414,0.981154
2776,65753,76747,risk marker,transarterial chemoembolization,0.9332182,0.9359364,0.9223452
2777,29385,50607,health care costs,operative complications,0.93319356,0.92060226,0.9835585
2778,41572,76197,macce risk,total hip arthroplasty,0.9331887,0.92528266,0.9648125
2779,63056,66836,reactive oxygen species,scar formation,0.93318385,0.9632541,0.8129026
2780,265,29528,30-d readmission,heart failure,0.9331645,0.9222958,0.9766391
2781,3596,29818,anastomotic leak,hemodynamic failure,0.9331614,0.94660765,0.8793761
2782,21867,79617,electronic health records,urban hospitals,0.9331457,0.95151955,0.85965025
2783,13493,45513,clinical success rates,morbidity rate,0.93314475,0.9426774,0.895014
2784,2322,58066,advanced heart failure,postoperative nausea and vomiting,0.93313366,0.922256,0.9766442
2785,40159,58125,locally advanced escc,postoperative pain,0.93312526,0.921436,0.9798821
2786,357,58927,30-day readmission rates,predictive equation,0.9331097,0.9339105,0.92990625
2787,5233,46465,aortic valve area,multivariate cox regression analysis,0.9331019,0.9552799,0.8443896
2788,31747,57879,hospitalization length,postoperative icu admission,0.9330905,0.93203723,0.93730366
2789,18031,52623,deep learning model,pathologic assessment,0.93308884,0.9452924,0.8842746
2790,38030,52173,laparoscopic cholecystectomy timing,pancreatic surgery,0.9330676,0.9281127,0.9528873
2791,673,63321,abdominal aortic calcification,rectal adenocarcinoma,0.93306756,0.9180424,0.993168
2792,60794,78945,programmed death ligand-1,ulcerative colitis,0.9330533,0.9233194,0.9719891
2793,13023,22041,clavien-dindo classification,emergency department,0.93304694,0.91676724,0.99816555
2794,41338,62169,lymph node metastases,pure ggo,0.93304306,0.96398896,0.8092593
2795,29560,81604,heart rate variability,weight gain,0.93296814,0.9739255,0.76913846
2796,16522,78791,covered endovascular reconstruction of aortic bifurcation,type 2 diabetes mellitus,0.9329562,0.9470172,0.8767123
2797,12055,50646,chemotherapy response score,operative outcomes,0.9329201,0.9527732,0.8535075
2798,4543,40169,anti-pd-1 monoclonal antibody,locally advanced gastric cancer,0.93291813,0.9329503,0.9327893
2799,36299,48140,intraoperative complications,new onset atrial fibrillation,0.9328326,0.9186446,0.9895846
2800,41310,71853,lymph node assessment,superior mesenteric artery,0.9328315,0.9298438,0.94478256
2801,22301,71908,end-stage renal disease,supervised exercise training,0.93281007,0.9324429,0.93427867
2802,19625,37555,disease-specific survival,karnofsky performance status scale,0.93280864,0.9532201,0.8511625
2803,5822,7580,asa score,biliary events,0.93280435,0.9229938,0.97204643
2804,5727,41615,arteriovenous fistula,macrophage accumulation,0.9328003,0.9596946,0.82522285
2805,13268,31435,clinical improvement,holmium laser enucleation of the prostate,0.9327848,0.93483174,0.92459714
2806,48139,76785,new neurological deficit,transcatheter aortic valve implantation,0.93278223,0.954014,0.8478551
2807,15189,63562,complications reduction,recurrence-free survival,0.9327738,0.9359957,0.91988623
2808,39853,66145,liver transplantation,robotic surgery education,0.93277234,0.9180269,0.9917538
2809,16589,23056,cox hazards model,endovascular thrombectomy,0.9327717,0.9504595,0.86202055
2810,56517,63536,portal vein stenosis,recurrence rates,0.93276507,0.93496805,0.9239531
2811,13520,59295,clinical trial design,preoperative chemotherapy,0.932762,0.9286268,0.9493029
2812,14539,62528,colorectal surgeons,racial differences,0.93275017,0.93444884,0.92595553
2813,34446,72820,inflammatory indicators,surgical revascularization,0.9327253,0.92317444,0.97092867
2814,60815,69874,progression-free survival,spectral computed tomography,0.9327094,0.9300823,0.9432175
2815,56365,72694,poorly differentiated carcinoma,surgical procedure,0.9326891,0.9248558,0.96402186
2816,44854,58957,mismatch repair-deficient tumors,predictive model,0.93266547,0.92156816,0.9770544
2817,66209,66230,robotic-assisted laparoscopic surgery,robotic-assisted rectal surgery,0.932657,0.94566035,0.88064325
2818,60969,70706,propensity score,statin treatment,0.93265456,0.9303467,0.94188565
2819,18091,50255,deep venous thrombosis,open colectomy,0.9326538,0.9161758,0.99856585
2820,10350,53135,cardiac output,patient-centered outcomes,0.93262947,0.946572,0.8768591
2821,3678,62381,anatomic resection,quality-adjusted life-year,0.9326201,0.9411826,0.8983701
2822,9324,72782,breast-q questionnaire,surgical resection,0.93261766,0.91858757,0.98873806
2823,39178,65056,length of stay,retroperitoneal bleeding,0.9325522,0.94978106,0.8636368
2824,14233,39160,colonic malignancy,length of hospital stay,0.93252426,0.9202405,0.98165935
2825,26502,72431,freedom from recurrence,surgical experience,0.93251485,0.92912966,0.9460556
2826,58198,65221,postoperative pressure ulcer,revision surgery,0.9325117,0.9512716,0.8574721
2827,36949,73026,invasive surgery,surgical treatment,0.93250144,0.93317264,0.92981666
2828,60980,64702,propensity score matching,residual neoplasia,0.9324689,0.92618126,0.9576193
2829,10254,63562,cardiac cirrhosis,recurrence-free survival,0.9324564,0.9299311,0.9425574
2830,21116,61926,early recurrence,pulmonary complication rate,0.9324443,0.92879266,0.94705063
2831,4915,54165,antithrombotic therapy,peri-operative bleeding,0.93242365,0.9466117,0.8756714
2832,51930,57975,pancreatectomy clinical pathways,postoperative length of stay,0.9324079,0.9217774,0.9749299
2833,40600,53719,low anterior resection syndrome,pelvic organ prolapse surgery,0.93240106,0.92911905,0.9455289
2834,27105,48388,gastric cancer resection,nodal metastases,0.93239987,0.92087585,0.97849566
2835,48963,50103,noninferiority trial,oncological outcomes,0.9323988,0.9371926,0.9132232
2836,4999,50679,aortic annulus enlargement,operative time,0.93239844,0.9370661,0.9137278
2837,39419,76952,limb loss,transfemoral access,0.93239796,0.94721544,0.8731278
2838,26407,60906,frailty evaluation,prolonged hospitalization,0.93238777,0.93881094,0.9066951
2839,37542,79399,kaplan-meier survival rates,unplanned readmission,0.93238354,0.9372645,0.91285986
2840,13006,21562,clavien classification system,ejection fraction,0.9323612,0.9306477,0.9392152
2841,3596,35631,anastomotic leak,intestinal cleanliness,0.9323537,0.9644529,0.80395657
2842,36480,40262,intraoperative photodynamic therapy,logistic regression,0.9323481,0.9358273,0.9184309
2843,19878,79336,diverticular disease,univariate logistic regression,0.9323407,0.92338365,0.9681686
2844,14770,63537,comorbidity impact,recurrence risk,0.9323336,0.9244794,0.96375
2845,15287,51808,computational fluid dynamics,pain scores,0.9323279,0.9330678,0.92936844
2846,16840,41873,cross-sectional study,major amputation,0.9323091,0.93709517,0.9131646
2847,13598,31598,clinically significant findings,hospital length of stay,0.93229496,0.9236002,0.96707416
2848,68261,74257,sex differences in outcomes,target-vessel revascularization,0.9322824,0.95607924,0.8370947
2849,21020,74793,early mortality,therapeutic options,0.9322712,0.9187695,0.986278
2850,39677,60229,liver cirrhosis,primary liver tumors,0.9322347,0.92232394,0.97187763
2851,23928,26193,euroscore ii,fong's clinical risk score,0.9322341,0.92786866,0.9496956
2852,40293,61194,long noncoding rna,prostate cancer,0.93223107,0.94136596,0.89569134
2853,18691,61182,diabetes mellitus,prospectively collected database,0.93220174,0.9190301,0.9848883
2854,18339,65720,delirium incidence,risk factors for ssi,0.93220127,0.9243945,0.9634282
2855,17221,73612,curative resection rate,synchronous colorectal liver metastases,0.9321478,0.9380883,0.9083858
2856,39370,47472,lifestyle modifications,neoadjuvant chemoradiation,0.9321352,0.922689,0.96992
2857,41576,46756,machine learning,myocardial fibrosis,0.9321342,0.9275859,0.9503276
2858,21111,72723,early recovery,surgical quality,0.93211436,0.93199486,0.9325923
2859,2082,41966,adjuvant chemotherapy,major in-hospital complications,0.9321061,0.91617787,0.9958189
2860,41757,80086,magnetic resonance imaging,van swieten scale,0.9321053,0.9568654,0.833065
2861,57416,73835,postoperative atelectasis,systemic inflammatory response,0.9320936,0.92318344,0.96773404
2862,38964,73215,left pancreatectomy,survival benefit,0.9320514,0.92530644,0.95903134
2863,62330,78534,quality of life,tumor-positive lymph nodes,0.9320498,0.9219443,0.97247183
2864,2560,50727,aesthetic surgery,opioid consumption,0.93203914,0.94227564,0.89109284
2865,41757,81123,magnetic resonance imaging,visceral adipose tissue volume,0.9320324,0.9827247,0.7292632
2866,50412,50586,open surgery,operational morbidity,0.9320259,0.96042717,0.8184209
2867,16273,45371,coronary heart disease,molecular mechanisms,0.9320115,0.929919,0.9403812
2868,15620,81010,conservative group,video-assisted thoracoscopic surgery,0.9320092,0.9310366,0.93589973
2869,55630,73812,placenta accreta spectrum,systemic inflammation,0.93199897,0.9207682,0.97692186
2870,18272,69909,delayed gastric emptying,sphincter-preserving operation,0.93198955,0.9337767,0.92484087
2871,22659,66262,endoscopic polypectomy,roc curve analysis,0.93196905,0.9413275,0.8945351
2872,18131,52711,deficient mismatch repair,pathological complete response rate,0.93196625,0.9579418,0.8280641
2873,31548,31634,hospital case volume,hospital readmission rate,0.93196505,0.9276307,0.94930226
2874,31730,72350,hospitalization charges,surgical cost,0.93192077,0.9606887,0.81684893
2875,15629,65234,conservative treatment,revision-free survival,0.93191767,0.9375122,0.9095394
2876,31552,81204,hospital charges,visual analog scale pain score,0.931915,0.9373118,0.9103273
2877,12724,43114,chronic thromboembolic pulmonary hypertension,median survival time,0.93189526,0.91886723,0.9840073
2878,15099,38805,complicated acute diverticulitis,learning curve,0.93189305,0.9414755,0.89356303
2879,24248,45656,explainable artificial intelligence,mortality risk,0.9318446,0.94930094,0.8620191
2880,29935,46763,hemostasis technique,myocardial infarction,0.9318427,0.9358726,0.9157229
2881,36,81797,1-year overall survival,white patients,0.9318233,0.9255277,0.9570056
2882,8329,80070,bleeding risk,valvular disease,0.9317845,0.92947733,0.94101304
2883,9626,36390,c-reactive protein concentration,intraoperative hemorrhage,0.9317521,0.93882585,0.903457
2884,13995,62382,colectomy patients,quality-adjusted life-years,0.9317468,0.9558661,0.83526945
2885,19475,41869,discharge home,major adverse outcomes,0.9317445,0.92889494,0.94314265
2886,7657,41395,biliary tract carcinoma,lymph nodes retrieved,0.9317225,0.93666583,0.9119492
2887,9162,60584,brain metastasis,procedure-related complications,0.9316704,0.92035776,0.9769209
2888,23053,42328,endovascular therapy,management change,0.93166983,0.93109703,0.93396103
2889,68612,76691,significant complications,transanal endoscopic microsurgery,0.93166006,0.94601446,0.87424237
2890,13518,43610,clinical trial,metabolic benefits,0.93165946,0.93970907,0.8994609
2891,11649,60815,cerebral artery occlusion,progression-free survival,0.93164736,0.94304395,0.8860609
2892,602,62876,90-day readmissions,random forest,0.9316459,0.92100495,0.9742095
2893,22948,31595,endovascular aneurysm repair,hospital information system,0.93163,0.92521185,0.9573028
2894,38167,74427,laparoscopic left lateral sectionectomy,technical success rate,0.9316154,0.9241424,0.9615073
2895,7819,53012,biochemical response,patient outcomes,0.93160343,0.92284787,0.9666254
2896,35722,66123,intestinal resection,robotic right colectomy,0.9315804,0.9246805,0.9591803
2897,11485,52891,central bisectionectomy,patient characteristics,0.93157476,0.92478824,0.9587206
2898,13636,58944,clinicopathological factors,predictive factors of recurrence,0.9315644,0.9562614,0.8327763
2899,41103,59885,lung cancer,preoperative work-up,0.9315638,0.91883916,0.98246205
2900,33901,69423,independent risk factor for survival,smoking history,0.93156236,0.95686567,0.830349
2901,18055,73812,deep neuromuscular block,systemic inflammation,0.93154585,0.92435384,0.96031404
2902,46448,55966,multivariable regression models,platelet-to-lymphocyte ratio,0.93150294,0.9172989,0.9883189
2903,16473,31552,cost variability,hospital charges,0.9314829,0.9311968,0.9326273
2904,3495,21595,analgesic effects,elderly patients,0.9314777,0.9330727,0.92509764
2905,67633,79399,serous ovarian cancer,unplanned readmission,0.93147165,0.9370172,0.90928936
2906,44377,80553,mid-term outcomes,venoarterial extracorporeal membrane oxygenation,0.9314576,0.924838,0.95793563
2907,60721,60972,prognostic models,propensity score analysis,0.9314534,0.91712874,0.98875195
2908,22009,73775,emergency appendectomy,systemic complications,0.93141633,0.935739,0.9141257
2909,5168,73812,aortic pseudoaneurysm,systemic inflammation,0.9314107,0.931866,0.9295894
2910,11424,46530,cell-free dna,muscle density,0.9314065,0.95259124,0.84666747
2911,46445,58428,multivariable regression analysis,postoperative thromboembolism,0.9314062,0.955875,0.83353096
2912,31761,42998,hospitalization time,mechanical ventilation time,0.93140346,0.9170745,0.98871917
2913,12970,65087,class 2 obesity,retrospective analysis,0.9313954,0.93393296,0.92124516
2914,33902,71932,independent risk factors,supportive treatment,0.9313502,0.9301444,0.9361732
2915,10260,35180,cardiac complications,interhospital transfer,0.93134904,0.9241194,0.96026754
2916,1337,16584,acute appendicitis,cox analyses,0.9313376,0.92292905,0.9649716
2917,13006,66684,clavien classification system,same day discharge,0.9313253,0.96393603,0.80088216
2918,34835,38049,institutional learning curve,laparoscopic colorectal surgery,0.9313164,0.92122555,0.97167957
2919,33499,60122,in-hospital mortality,primary chemotherapy,0.9313158,0.9184933,0.9826057
2920,31758,43606,hospitalization risk factors,metabolic and bariatric surgery,0.9313145,0.93563294,0.91404086
2921,4747,40264,anticoagulation monitoring,logistic regression analysis,0.9313133,0.93524927,0.9155692
2922,14949,38354,complete resection,laparoscopic treatment,0.93131053,0.91789246,0.9849828
2923,54536,72519,perioperative kinetics,surgical intervention,0.93128943,0.92110246,0.9720372
2924,2489,48781,adverse in-hospital outcomes,non-small cell lung cancer,0.931282,0.9153252,0.99510914
2925,21242,62903,early-stage lung cancer,randomized controlled study,0.93127656,0.9376492,0.9057857
2926,38380,69543,laparoscopic-assisted right hemicolectomy,socioeconomic status,0.9311973,0.9189368,0.9802392
2927,5326,73260,aortoiliac axis,survival rates,0.9311966,0.9201695,0.9753048
2928,38732,42711,lauren's classification,maximum standardized uptake value,0.9311835,0.96814257,0.78334713
2929,40044,77701,local recurrence,treatment utilisation,0.9311816,0.9328938,0.92433274
2930,58391,77646,postoperative survival,treatment prognosis,0.931161,0.93008244,0.9354753
2931,48785,58794,non-small-cell lung cancer,pre-operative management,0.931157,0.92427206,0.9586964
2932,7610,30286,biliary pancreatitis,hepatocellular cancer,0.93114096,0.9898254,0.69640315
2933,50136,57451,one anastomosis gastric bypass,postoperative blood loss,0.93113285,0.9183989,0.9820685
2934,15255,34893,comprehensive complication index,insulin resistance,0.9311085,0.9141835,0.9988085
2935,2388,73803,advanced proximal gastric cancer,systemic immune-inflammation index,0.93108726,0.9186095,0.9809981
2936,23636,57438,esophageal cancer,postoperative bleed,0.9310481,0.96456194,0.79699284
2937,9678,22111,ca 19-9,emergency resection,0.931043,0.92821485,0.94235575
2938,36326,50369,intraoperative drain placement,open radical cystectomy,0.9310216,0.93611926,0.9106307
2939,23749,71929,esophageal squamous cell carcinoma,supportive care needs,0.9309965,0.9205181,0.97290987
2940,32061,57418,hybrid method,postoperative atrial fibrillation,0.9309814,0.9366079,0.90847516
2941,52876,78945,patient attrition,ulcerative colitis,0.9309649,0.92664164,0.9482577
2942,34780,50300,inpatient mortality,open hepatectomies,0.9309646,0.9262787,0.94970787
2943,17648,70587,cytoreductive surgery,standardized reporting,0.9309525,0.9446576,0.87613195
2944,26530,73004,fresh-frozen plasma transfusion,surgical time,0.9309486,0.9384544,0.9009254
2945,4868,81977,antiplatelet medications,wound complications,0.93094456,0.94874907,0.8597262
2946,13637,27759,clinicopathological features,gene signatures,0.93092376,0.980438,0.7328668
2947,33857,66719,independent predictor,saphenous vein graft disease,0.9308972,0.93275964,0.9234474
2948,18031,37698,deep learning model,kidney transplant,0.93088895,0.9266921,0.9476762
2949,854,36493,abdominoperineal resection,intraoperative results,0.93087643,0.9286991,0.9395858
2950,19419,22894,direct oral anticoagulants,endothelial function,0.93087304,0.9285238,0.94027007
2951,2058,61038,adjusted hazard ratio,prophylactic antibiotics,0.9308646,0.91687894,0.98680705
2952,2663,50570,age group differences,operation time,0.93084955,0.9233452,0.96086675
2953,48165,72588,new york heart association classification,surgical mitral valve replacement,0.9308398,0.97069293,0.7714271
2954,21165,76644,early stage hepatocellular carcinoma,tranexamic acid,0.93083835,0.9265089,0.948156
2955,72782,80210,surgical resection,vascular damage,0.9308181,0.9645345,0.79595226
2956,31005,65729,hip arthroplasty,risk factors for transfusion,0.9307914,0.9333942,0.9203802
2957,43680,50761,metabolic surgery outcomes,opioid use,0.9307862,0.9278853,0.94238955
2958,22739,51891,endoscopic submucosal dissection,pan-intestinal capsule endoscopy,0.930761,0.9277848,0.94266576
2959,33889,41977,independent prognostic factors,major limb amputation,0.9307517,0.9489339,0.8580227
2960,19825,42027,distant metastases,major postoperative complications,0.9307329,0.9141219,0.99717665
2961,59129,69484,prehabilitation program,social vulnerability,0.93071634,0.9215003,0.9675803
2962,15500,62676,conformal sphincter preservation operation,radical resection,0.93069565,0.9226243,0.96298087
2963,16615,65319,cox proportional hazards models,right colectomy,0.9306851,0.9160114,0.9893798
2964,7693,56497,biliopancreatic diversion,portal vein embolization,0.9306784,0.9149508,0.9935888
2965,41505,57886,lymphovascular invasion,postoperative immune function,0.9306776,0.94731563,0.86412543
2966,31460,72326,home-based rehabilitation,surgical complexity,0.9306627,0.94018567,0.8925706
2967,16861,50076,crp to albumin ratio,oncologic outcomes,0.9305827,0.92405885,0.956678
2968,29457,72309,health-related quality of life,surgical clearance,0.9305686,0.92124844,0.96784914
2969,36845,60694,intravoxel incoherent motion,prognostic factor,0.9305674,0.9179032,0.9812243
2970,43566,53079,mesocolon dissection,patient satisfaction,0.93056107,0.92572355,0.9499111
2971,51264,69218,oswestry disability index,sliding hip screw,0.930539,0.95747215,0.82280636
2972,38268,63936,laparoscopic resection,regional differences,0.930537,0.91950387,0.9746695
2973,26471,66689,free tissue transfer reconstruction,same-day discharge,0.93051386,0.9283942,0.9389925
2974,54550,59568,perioperative mortality,preoperative measurement,0.93050873,0.9251465,0.95195735
2975,30065,75267,hepatic encephalopathy,three-year survival,0.9305056,0.9412044,0.88771015
2976,12687,54265,chronic renal disease,pericardial effusion,0.9304692,0.9404559,0.89052224
2977,17243,64599,curative-intent surgery,resection margin length,0.9304569,0.93165123,0.9256793
2978,33846,79790,independent ambulation,urinary tract infection,0.9304485,0.9158678,0.988771
2979,2139,54787,adjuvant treatment,peripheral non-small cell lung cancer,0.93044657,0.9483652,0.85877186
2980,5433,59564,apparent diffusion coefficient,preoperative markers,0.93044615,0.95258087,0.84190726
2981,23148,38195,enhanced recovery after surgery,laparoscopic mobilization,0.9304359,0.96093345,0.80844563
2982,5269,62119,aortic valve replacement,pulmonary-related complications,0.93042374,0.9368041,0.9049022
2983,18083,67241,deep vein thrombosis,selection bias,0.93040276,0.91669357,0.9852394
2984,14527,54561,colorectal resection,perioperative nutrition,0.9304009,0.9378107,0.9007615
2985,9118,36895,braf mutation,invasive carcinoma,0.9303801,0.9489705,0.8560185
2986,37191,57759,isgps classification,postoperative follow-up,0.9303611,0.92213684,0.96325815
2987,2216,58908,adult comorbidity evaluation 27,predictive ability,0.93035984,0.9473627,0.8623483
2988,8700,67427,body mass index,sensitivity of ebus,0.9303576,0.92612624,0.9472829
2989,37125,78472,ischemic complications,tumor volume,0.93034446,0.9201222,0.97123355
2990,19646,79333,displaced femoral neck fractures,univariate analysis,0.93033063,0.9553259,0.8303496
2991,53051,80028,patient recovery,valve replacement,0.930327,0.93313557,0.9190926
2992,81606,81611,weight loss,weight loss barriers,0.93032414,0.9218381,0.9642682
2993,19318,29223,digital drainage system,hazard ratio,0.9303105,0.91671383,0.9846971
2994,14484,61710,colorectal liver metastases,psychological state,0.9303021,0.919949,0.97171426
2995,24835,63535,false-positive cases,recurrence rate,0.93029416,0.96469605,0.7926867
2996,11728,55420,cerebral palsy,physical activity,0.9302837,0.9176769,0.98071104
2997,31060,53554,hispanic race,pediatric patients,0.93025744,0.939439,0.89353114
2998,37826,72793,kras mutations,surgical resection rate,0.9302548,0.9431609,0.8786307
2999,510,16611,5-year survival rate,cox proportional hazards analysis,0.93024904,0.91372305,0.99635303
3000,16198,78279,coronary artery disease,tumor necrosis factor inhibitors,0.9302441,0.9572837,0.82208556
3001,21715,60258,elective lung resection,primary outcome,0.9302413,0.92610735,0.94677687
3002,27566,72519,gastrointestinal side effects,surgical intervention,0.93022066,0.9226661,0.9604387
3003,2724,41873,age-related morbidity,major amputation,0.930201,0.93779457,0.89982647
3004,28901,54963,guideline-concordant care,peritoneal metastases,0.9302009,0.92714655,0.94241804
3005,35014,57132,intensive care unit,postcontrast acute kidney injury,0.9301938,0.9211881,0.9662162
3006,34217,59507,infectious complications,preoperative inflammatory status,0.9301826,0.9397197,0.89203423
3007,8517,73026,blood sugar levels,surgical treatment,0.9301796,0.9548671,0.8314293
3008,60981,76334,propensity score matching analysis,total shoulder arthroplasty,0.9301605,0.9512096,0.8459644
3009,25185,62325,female sex,quality of care indicators,0.93014604,0.9172084,0.9818964
3010,39778,41929,liver metastasis,major complication rate,0.9301444,0.9134717,0.9968353
3011,37626,81583,ki-67 labeling index,wedge resection,0.93013334,0.9294939,0.9326912
3012,1056,72884,access to bariatric surgery,surgical site infection,0.9301138,0.91644794,0.98477733
3013,76240,79781,total length of stay,urinary retention,0.9301013,0.9212134,0.96565276
3014,31752,60178,hospitalization period,primary graft dysfunction,0.9300904,0.93649477,0.9044732
3015,26440,69204,free flap coverage,sleeve gastrectomy,0.9300803,0.93476164,0.9113546
3016,60342,77056,primary total knee arthroplasty,transfusion volume,0.9300675,0.9349902,0.91037625
3017,56909,70199,post-operative pain,squamous cell carcinoma,0.93005717,0.91380954,0.9950478
3018,28927,49987,gustave roussy immune score,older patients,0.93004864,0.9194773,0.9723341
3019,39812,58065,liver resections,postoperative nausea,0.9300245,0.92789304,0.9385501
3020,30062,63642,hepatic dysfunction,recurrent hepatocellular carcinoma,0.9300071,0.9315099,0.92399573
3021,11691,35444,cerebral infarction,interobserver variability,0.9299973,0.9257155,0.9471247
3022,309,37991,30-day major complications,laparoscopic adrenalectomy,0.9299697,0.93718415,0.90111196
3023,18801,56644,diagnostic accuracy,positive proximal margin,0.92996,0.9400534,0.8895865
3024,4754,65424,anticoagulation therapy,right ventricular dysfunction,0.9299188,0.92070645,0.9667683
3025,4858,16403,antiphospholipid syndrome,corticosteroid use,0.92991394,0.9576259,0.8190659
3026,18262,54064,delayed discharge,percutaneous transluminal angioplasty,0.92990667,0.938625,0.89503336
3027,24780,66596,failure to rescue,safety profiles,0.92989576,0.93442446,0.911781
3028,41255,78407,lung transplantation,tumor spread through air space,0.92989165,0.92510635,0.9490329
3029,15351,62876,computed tomography scans,random forest,0.92989063,0.9355921,0.90708464
3030,9642,26759,c-reactive protein/albumin ratio,functional status,0.9298748,0.9136128,0.9949227
3031,8291,44377,bleeding academic research consortium,mid-term outcomes,0.9298716,0.933738,0.9144061
3032,10365,82166,cardiac procedure,younger age,0.9298408,0.9596586,0.8105696
3033,13245,73629,clinical features,synchronous hepatic metastases,0.9298184,0.9677569,0.77806425
3034,17243,36484,curative-intent surgery,intraoperative radiofrequency ablation,0.9298177,0.9181794,0.9763707
3035,75923,78252,tlr4 expression,tumor microenvironment,0.92981434,0.9883051,0.6958511
3036,72836,80028,surgical risk factors,valve replacement,0.9298117,0.9191864,0.972313
3037,23286,41227,eortc c30,lung resection,0.92980766,0.9202702,0.96795726
3038,30961,52281,higher body mass index,papillary thyroid carcinoma,0.9298018,0.9452517,0.86800206
3039,27470,31198,gastrointestinal bleeding,histological response,0.9297787,0.9171527,0.98028266
3040,42268,54458,malignant recurrence,perioperative complications,0.92976093,0.9173843,0.97926724
3041,52891,81299,patient characteristics,vitamin supplementation,0.92975295,0.96734846,0.7793711
3042,58059,59484,postoperative myocardial infarction,preoperative hypoalbuminemia,0.9297529,0.9155885,0.98641044
3043,50238,59819,open approach,preoperative symptoms,0.9297511,0.916417,0.98308736
3044,46240,53554,multimodal opioid-sparing analgesia,pediatric patients,0.9297478,0.9237796,0.9536207
3045,42216,47799,malignant lesions,neuroendocrine carcinoma,0.92973936,0.9373977,0.8991059
3046,1345,23006,acute basilar artery occlusion,endovascular procedures,0.9297291,0.93777907,0.89752924
3047,13208,41592,clinical decision-making,machine learning predictions,0.92971766,0.9582048,0.81576926
3048,50917,54397,oral feeding,perioperative adverse events,0.9297041,0.92916197,0.9318726
3049,36962,79842,inverse probability of treatment weighting,urothelial bladder cancer,0.9296843,0.93628657,0.90327513
3050,10460,18691,cardiac troponin,diabetes mellitus,0.9296645,0.914293,0.9911504
3051,21571,80649,elastica van gieson staining,venous thromboembolism,0.9296488,0.9232071,0.95541567
3052,32280,57078,hypoplastic left heart syndrome,post-transplant outcomes,0.9296478,0.9262071,0.9434104
3053,6565,54646,b-type natriuretic peptide,perioperative transfusion,0.9296426,0.92089295,0.96464133
3054,1675,24486,acute stroke,extracellular volume,0.929639,0.938079,0.8958791
3055,11019,81756,cause of death,whipple procedure,0.9296359,0.91925174,0.97117245
3056,16616,66346,cox proportional hazards regression,routine discharge,0.9296359,0.92289245,0.9566096
3057,14179,41325,colon resection,lymph node evaluation,0.9296342,0.92290366,0.95655656
3058,15148,43748,complication rates,metachronous colorectal peritoneal metastases,0.92959344,0.9166464,0.98138154
3059,10982,16778,catheter-directed therapy,critical limb ischemia,0.92958164,0.95832676,0.814601
3060,2212,18691,adult cardiac operations,diabetes mellitus,0.9295703,0.9180927,0.9754807
3061,13224,53202,clinical efficacy,patient-reported pain,0.9295625,0.9417293,0.8808952
3062,40358,73820,long-term clinical outcomes,systemic inflammation score,0.92954564,0.9253829,0.9461965
3063,2227,48530,adult patients,non-cardiac surgery,0.9295391,0.9232417,0.95472854
3064,10406,59025,cardiac surgery,predictors of amputation,0.9295279,0.9179894,0.9756817
3065,31365,63407,history of diabetes mellitus,rectal resection,0.9295087,0.9392232,0.8906508
3066,16198,35233,coronary artery disease,interleukin-2 receptor,0.92949796,0.9574409,0.817726
3067,54498,57634,perioperative glucose control,postoperative delirium,0.9294869,0.9234357,0.95369166
3068,23382,71471,epidermal growth factor receptor,subcutaneous fat,0.929464,0.93431747,0.9100499
3069,60676,70409,prognostic biomarker,stage iii non-small-cell lung cancer,0.92945355,0.9143145,0.9900096
3070,13065,81671,clavien-dindo score,weight reduction,0.9294352,0.9163065,0.98194975
3071,41833,82023,major adverse cardiac and cerebrovascular events,wound infection,0.92942846,0.91221493,0.99828255
3072,50600,52180,operative blood loss,pancreatic texture,0.9294218,0.9267593,0.94007164
3073,36129,58992,intrahepatic cholangiocarcinoma,predictive sensitivity,0.92937315,0.94078076,0.8837426
3074,1314,58966,acute acalculous cholecystitis,predictive nomogram,0.9293706,0.9213838,0.9613178
3075,14484,62848,colorectal liver metastases,radiotherapy efficacy,0.9293413,0.94994587,0.8469228
3076,57975,58971,postoperative length of stay,predictive outcomes,0.9293363,0.9160779,0.9823698
3077,72893,82015,surgical site infections,wound healing questionnaire,0.9293152,0.93115246,0.9219662
3078,39160,70607,length of hospital stay,staphylococcal infection,0.92931104,0.9238825,0.9510253
3079,54572,68770,perioperative outcomes,single metastasis,0.9292983,0.92064655,0.96390504
3080,350,66029,30-day postoperative readmission,robotic colectomy,0.92929125,0.9716348,0.7599168
3081,1288,51721,activities of daily living,paediatric patients,0.92927885,0.92795384,0.9345789
3082,30583,34753,high sensitivity troponin t,inotropic support,0.9292736,0.96356356,0.7921139
3083,47525,58127,neoadjuvant therapy,postoperative pain control,0.9292623,0.91190153,0.9987054
3084,65584,80004,risk factors,valve gradient,0.92925775,0.92253166,0.95616186
3085,18854,52720,diagnostic delay,pathological evaluation,0.9292533,0.9543708,0.82878315
3086,45574,78328,morphological parameters,tumor recurrence,0.9292284,0.9544699,0.8282623
3087,5546,39178,area at risk,length of stay,0.9291998,0.9204941,0.96402264
3088,41382,58129,lymph nodes,postoperative pain levels,0.9291981,0.95613563,0.82144797
3089,34433,40975,inflammatory factors,lower respiratory tract infection,0.929191,0.93661344,0.89950114
3090,2404,52126,advanced stage disease,pancreatic neuroendocrine neoplasms,0.92918056,0.94617355,0.8612085
3091,7603,46452,biliary metal stent placement,multivariate analysis,0.92917585,0.918392,0.9723113
3092,33902,77058,independent risk factors,transfusion-associated circulatory overload,0.92915493,0.94462883,0.86725926
3093,32811,78158,image analysis,tumor grade,0.92915326,0.9623855,0.7962244
3094,4679,61034,antibiotic therapy,prophylactic antibiotic administration,0.929152,0.9724492,0.7559634
3095,52968,78789,patient health questionnaire-9,type 2 diabetes,0.929133,0.92994595,0.9258813
3096,12012,43088,chemotherapeutic response,median overall survival,0.9291223,0.939171,0.8889275
3097,17224,26470,curative surgery,free tissue transfer,0.9291127,0.9211505,0.9609611
3098,65172,72519,revascularization timing,surgical intervention,0.92910993,0.9205434,0.9633761
3099,48104,52484,neutrophil-to-lymphocyte ratio,partial liver transplantation,0.92902446,0.9197061,0.9662978
3100,30162,37527,hepatic resection,kaplan-meier estimation,0.9289867,0.9231683,0.95226043
3101,43067,69968,median follow-up,spinal epidural abscess,0.92897403,0.92246187,0.9550226
3102,72519,75821,surgical intervention,tissue expansion,0.92895114,0.9294498,0.92695665
3103,15023,23053,complex acetabular fractures,endovascular therapy,0.92894757,0.95428413,0.82760113
3104,12460,59744,chronic coronary disease,preoperative risk factors,0.9289415,0.9245097,0.9466687
3105,8447,23935,blood loss,eus-directed transgastric ercp,0.9289051,0.95221126,0.8356808
3106,6059,15313,at-risk patients,computed tomography,0.9288357,0.916064,0.9799224
3107,22301,54479,end-stage renal disease,perioperative evaluation,0.9287986,0.9341356,0.90745056
3108,23162,77406,enhanced recovery programme,transversus abdominis plane block,0.9287797,0.9254848,0.94195926
3109,6866,22593,bariatric surgery,endoscopic index of severity,0.92877966,0.931126,0.9193942
3110,320,56927,30-day mortality rates,post-operative recovery,0.92877746,0.9349437,0.9041124
3111,38089,59009,laparoscopic gastrectomy,predictor model,0.9287591,0.93390673,0.9081685
3112,26390,69199,fragility fractures,sleep quality,0.92875016,0.96018475,0.8030117
3113,45217,54963,modified d2 lymphadenectomy,peritoneal metastases,0.9287399,0.93695396,0.8958836
3114,68324,72211,shared decision-making,surgical access,0.9287188,0.9211605,0.958952
3115,3622,51970,anastomotic recurrence,pancreatic cancer resection,0.9287178,0.95462894,0.825073
3116,13589,41889,clinically relevant vte,major bleeding,0.92869794,0.9292254,0.9265881
3117,38785,72893,leakage closure,surgical site infections,0.9286731,0.9179656,0.971503
3118,57558,59367,postoperative complication rates,preoperative deep vein thrombosis,0.9286459,0.91624725,0.97824025
3119,28838,39853,ground-glass nodule,liver transplantation,0.9286356,0.91673243,0.97624797
3120,15679,69996,contaminated wounds,spinal surgery,0.928616,0.92586815,0.9396074
3121,15147,52832,complication rate,pathologically positive lymph nodes,0.9286125,0.91915226,0.9664533
3122,27771,68842,general anesthesia,single-incision laparoscopic approach,0.9285782,0.9244507,0.9450883
3123,2690,68260,age strata,sex differences,0.9285692,0.9648619,0.7833981
3124,58218,66111,postoperative pulmonary complications,robotic radical surgery,0.92854065,0.9191578,0.96607214
3125,41505,49644,lymphovascular invasion,obesity-related cancers,0.9285375,0.9189701,0.96680707
3126,30053,68074,hepatic cystic echinococcosis,severe adverse events,0.928527,0.96342844,0.788921
3127,17121,23976,cumulative incidence of local failure,event-free survival,0.9285111,0.94311404,0.8700991
3128,31660,61928,hospital stay correlation,pulmonary complications,0.9284849,0.9140468,0.98623705
3129,41374,77680,lymph node upstaging,treatment strategies,0.92848307,0.9500743,0.842118
3130,38523,48785,laryngeal cancer,non-small-cell lung cancer,0.92847705,0.91364634,0.98779976
3131,2944,43114,albi score,median survival time,0.92847663,0.9128855,0.99084115
3132,33898,35045,independent risk factor,intensive care unit support,0.92847097,0.9261114,0.93790907
3133,770,50882,abdominal pain,oral antiplatelet therapy,0.92847043,0.9303795,0.920834
3134,19888,66211,diverting loop ileostomy,robotic-assisted laparoscopy,0.9284266,0.937713,0.8912811
3135,13241,21445,clinical factors,educational level,0.92840725,0.9419233,0.874343
3136,294,31685,30-day hospital readmission rates,hospital volume,0.9284022,0.9224502,0.95221007
3137,49545,58245,nutritional support,postoperative readmissions,0.92839897,0.9155932,0.9796219
3138,21719,63562,elective major surgery,recurrence-free survival,0.9283843,0.9114347,0.9961826
3139,29927,32141,hemorrhagic stroke,hypercoagulable state,0.92835075,0.9224804,0.9518318
3140,5237,25167,aortic valve calcium score,female gender,0.92834014,0.95343095,0.8279768
3141,10389,63196,cardiac revascularization,receiver operating characteristic curves,0.9283395,0.9331266,0.9091909
3142,37898,52952,lace index,patient factors,0.9283354,0.9265674,0.9354076
3143,15502,77045,confounding factors,transfusion requirements,0.92831475,0.92303485,0.9494343
3144,53912,72893,percutaneous access,surgical site infections,0.9283116,0.9140618,0.98531055
3145,3560,44386,anastomosis-related complications,mid-transverse colon cancer,0.92828846,0.956103,0.8170301
3146,36671,72893,intratumoral microbiome,surgical site infections,0.9282669,0.9192437,0.96435976
3147,18915,60941,diagnostic performance,prolonged surgery,0.92826253,0.9211607,0.9566698
3148,13999,25185,colectomy rate,female sex,0.92824423,0.92212796,0.95270926
3149,58041,80278,postoperative morbidity,vascular insufficiency,0.9282243,0.9533912,0.8275567
3150,58931,70518,predictive factors for complications,standard care,0.92820406,0.950422,0.83933234
3151,19334,37127,digital subtraction angiography,ischemic core,0.92816025,0.978583,0.72646904
3152,21597,67555,elderly population,sequential organ failure assessment,0.9281558,0.9229866,0.9488323
3153,22675,37910,endoscopic recurrence,lactate dehydrogenase,0.92813134,0.92544097,0.9388925
3154,41334,65952,lymph node invasion,robot-assisted laparoscopic surgery,0.92812026,0.9224075,0.9509713
3155,72506,80282,surgical information,vascular invasion,0.9281017,0.9170895,0.9721506
3156,43124,63536,mediastinal abscess,recurrence rates,0.9280848,0.9666011,0.7740196
3157,52990,54683,patient management strategies,peripheral arterial disease,0.92807126,0.9318652,0.9128956
3158,41576,53010,machine learning,patient optimization,0.92806375,0.9289211,0.9246342
3159,2082,25824,adjuvant chemotherapy,flap survival,0.92805684,0.9244747,0.942385
3160,18973,52700,diagnostic value,pathological analysis,0.9280561,0.9386267,0.88577366
3161,43550,50475,mesh repair,open ventral hernia repair,0.9279996,0.9523413,0.83063257
3162,31213,79227,histological subtype,undifferentiated embryonal sarcoma,0.92799944,0.97948074,0.7220743
3163,50070,82166,oncologic esophagectomy,younger age,0.92798936,0.93905634,0.8837214
3164,16604,70969,cox proportional hazard analysis,stereotactic ablative radiotherapy,0.9279572,0.9266354,0.93324417
3165,1639,44203,acute respiratory distress syndrome,micronutrient supplementation,0.9279436,0.9535288,0.82560277
3166,42028,62922,major postoperative morbidity,randomized trial,0.9279392,0.91567355,0.9770015
3167,16165,72537,coronary angiography,surgical left atrial appendage closure,0.9279356,0.93799317,0.88770527
3168,62031,72671,pulmonary nodule,surgical planning,0.927929,0.97123635,0.7546993
3169,36299,78508,intraoperative complications,tumor-free survival,0.9278973,0.91135174,0.99407935
3170,16337,80790,coronary stenting,ventricular tachycardia,0.9278862,0.946345,0.85405105
3171,23014,77669,endovascular repair,treatment responses,0.9278515,0.9219221,0.951569
3172,41339,66238,lymph node metastasis,robotic-assisted sigmoidectomy,0.92783093,0.9141793,0.9824373
3173,51525,55540,oxidative stress,pi3k-akt-mtor pathway,0.9278114,0.97139806,0.7534647
3174,6436,82172,autosomal dominant polycystic kidney disease,younger patients,0.92777354,0.96283406,0.7875314
3175,23056,60912,endovascular thrombectomy,prolonged inotropic support,0.92777306,0.9374399,0.8891054
3176,27084,72298,gastric bypass surgery,surgical cases,0.92774874,0.9234446,0.9449652
3177,580,28911,90-day mortality,guidelines compliance,0.92772794,0.9564099,0.8130003
3178,26661,78252,functional decline,tumor microenvironment,0.9277216,0.9147923,0.97943866
3179,6065,64814,atelectasis prevalence,respiratory failure,0.92770934,0.9491595,0.8419087
3180,5223,29916,aortic surgery,hemorrhagic complications,0.92770225,0.91465384,0.97989583
3181,44594,72845,minimally invasive aortic valve replacement,surgical risk stratification,0.9276986,0.926784,0.93135715
3182,20964,63546,early gastric cancer,recurrence sites,0.927676,0.91677094,0.9712965
3183,22554,27378,endoscopic evaluation,gastro-esophageal reflux disease,0.9276545,0.9421748,0.86957324
3184,16778,74529,critical limb ischemia,ten-year mortality,0.9276507,0.92310494,0.9458336
3185,33048,33888,immune prognostic index,independent prognostic factor,0.92761475,0.9277536,0.927059
3186,10490,18273,cardiogenic shock,delayed graft function,0.92760754,0.9143832,0.98050505
3187,20508,60709,ductal adenocarcinoma,prognostic impact,0.92760205,0.91252106,0.9879259
3188,1554,14681,acute myocardial infarction,common femoral artery,0.92759955,0.9121716,0.9893112
3189,57556,63562,postoperative complication morbidity,recurrence-free survival,0.927585,0.91111356,0.99347067
3190,4460,11931,anti-egfr antibodies,charlson comorbidity index,0.9275348,0.91553456,0.9755357
3191,10123,52717,capsular contracture,pathological diagnosis,0.92753255,0.9640971,0.78127444
3192,32288,40777,hypotension prediction index,low-molecular-weight heparin,0.92753184,0.93627495,0.89255923
3193,10592,23639,cardiovascular disease,esophageal cancer prognosis,0.92750585,0.92554903,0.9353329
3194,33898,66413,independent risk factor,ruptured aneurysms,0.92750317,0.9425898,0.86715645
3195,13067,39772,clavien-dindo scoring,liver metastases,0.9274761,0.92327327,0.9442875
3196,8537,30958,blood transfusions,high-volume surgical center,0.92747015,0.92890507,0.92173046
3197,37536,44647,kaplan-meier survival curve,minimally invasive liver surgery,0.9274439,0.9183212,0.9639346
3198,30564,57561,high risk adenomas,postoperative complications,0.92743933,0.9309367,0.91344965
3199,60665,74581,prognosis prediction,tertiary lymphoid structures,0.9274323,0.9171656,0.96849906
3200,1819,18485,adenocarcinoma of the gastroesophageal junction,depth of invasion,0.9273964,0.92781556,0.92571956
3201,58361,81204,postoperative stay,visual analog scale pain score,0.9273839,0.91506106,0.9766753
3202,32194,53557,hypertension prevalence,pediatric population,0.92738295,0.9195971,0.9585263
3203,32888,78317,imaging techniques,tumor progression,0.9273802,0.9267471,0.9299126
3204,72631,77521,surgical outcomes,treatment characteristics,0.9273576,0.9103324,0.99545836
3205,41918,43070,major cardiovascular events,median follow-up time,0.92735684,0.9300697,0.9165056
3206,22682,34698,endoscopic resection,initial tumor size,0.9273306,0.9716581,0.7500204
3207,65534,77547,risk assessment,treatment differences,0.9273261,0.92452365,0.93853575
3208,68890,76075,single-port laparoscopic surgery,total abdominal hysterectomy,0.9273042,0.9275982,0.9261284
3209,41392,52796,lymph nodes removed,pathological staging,0.9272995,0.9197896,0.95733917
3210,30263,46105,hepatobiliary cancer,multidisciplinary approach,0.927287,0.9609394,0.792677
3211,33159,60366,immunohistochemical analysis,primary tumors,0.9272705,0.93073195,0.9134244
3212,13480,63475,clinical staging,recurrence after resection,0.9272599,0.94724035,0.8473381
3213,42486,77326,masaoka-koga staging,transthoracic esophagectomy,0.92724764,0.9285101,0.9221976
3214,40075,60501,local tumor control,procedural complications,0.9272258,0.9159,0.9725289
3215,2522,66017,adverse reactions,robotic assisted minimally invasive esophagectomy,0.9272035,0.94245225,0.8662083
3216,482,64608,5-year disease-free survival,resection of primary tumor,0.9271848,0.9425901,0.86556333
3217,41713,78599,macrovascular invasion,tumour grade,0.9271641,0.9200653,0.9555594
3218,9310,29356,breast reconstruction,head and neck surgery,0.92712927,0.9659313,0.7719209
3219,38843,55904,left atrial appendage exclusion,platelet count,0.9271242,0.91890335,0.9600076
3220,15148,51908,complication rates,pancreas head cancer,0.9271104,0.9370417,0.8873849
3221,19731,22956,distal false lumen,endovascular aortic repair,0.92710006,0.9787526,0.72049
3222,12630,67930,chronic obstructive pulmonary disease,serum nt-probnp,0.9270934,0.95837134,0.8019812
3223,13446,61435,clinical severity,proton pump inhibitors,0.92707324,0.9479989,0.84337056
3224,30190,58974,hepatic vein embolization,predictive performance,0.92704654,0.93740934,0.88559544
3225,2230,68373,adult spinal deformity,short form-36,0.92704093,0.92962915,0.9166881
3226,27340,45746,gastric tumors,mri,0.9270061,0.9607992,0.7918337
3227,16292,65087,coronary obstruction,retrospective analysis,0.92699945,0.9507984,0.8318035
3228,27473,68322,gastrointestinal cancer,shared care model,0.92697024,0.93480843,0.89561725
3229,770,30734,abdominal pain,high-grade pathology,0.9269637,0.92636186,0.92937094
3230,34251,47473,inferior mesenteric artery ligation,neoadjuvant chemoradiation therapy,0.92696357,0.9179171,0.9631495
3231,29574,61625,heart transplant,psoas muscle index,0.9269438,0.9160887,0.97036403
3232,39471,78252,limited-stage sclc,tumor microenvironment,0.9269215,0.94326264,0.86155677
3233,45510,62530,morbidity predictors,racial disparities,0.92691666,0.9126107,0.9841404
3234,27508,58484,gastrointestinal function recovery,postoperative visual analogue scale,0.9269057,0.9383311,0.8812039
3235,3058,69301,all-cause mortality rate,small cell lung cancer,0.92687213,0.96781576,0.7630976
3236,54599,70518,perioperative pulmonary embolism,standard care,0.9268691,0.97245365,0.7445309
3237,65835,80662,risk stratification model,venous thrombosis,0.92686546,0.9308815,0.91080135
3238,23147,45499,enhanced recovery after cardiac surgery,morbidity and mortality rates,0.9268621,0.9491381,0.8377581
3239,269,30430,30-day all-cause readmission,hiatal hernia,0.92684525,0.94949555,0.83624387
3240,46160,50383,multidisciplinary team management,open repair,0.9268322,0.9332941,0.9009842
3241,36268,69108,intraoperative blood loss,skin cancer,0.92682827,0.9223601,0.9447007
3242,17188,63686,curative gastrectomy,recurrent pancreatic cancer,0.9268119,0.9280297,0.92194057
3243,19161,78945,difference-in-differences analysis,ulcerative colitis,0.9268106,0.9226702,0.9433723
3244,19082,40044,dica classification,local recurrence,0.9267846,0.9563065,0.80869675
3245,2069,72890,adjusted odds ratios,surgical site infection rates,0.9267366,0.9601308,0.7931594
3246,4867,14541,antiplatelet medication,colorectal surgery,0.9267111,0.91114205,0.98898715
3247,486,49971,5-year follow-up,old patients,0.9266602,0.94949263,0.83533025
3248,13906,46752,cognitive function,myocardial dysfunction,0.9266548,0.923815,0.9380139
3249,55849,70973,plasma samples,stereotactic body radiotherapy,0.9266267,0.9135982,0.9787409
3250,24915,49575,fast-track failure,obese patients,0.9266252,0.93211263,0.9046755
3251,27691,67274,gender differences,selective serotonin reuptake inhibitor,0.926625,0.9211576,0.94849455
3252,770,55327,abdominal pain,phase i study,0.9266087,0.9363333,0.88771003
3253,32872,80282,imaging marker,vascular invasion,0.926575,0.9394278,0.87516373
3254,39628,58041,liquid nitrogen spray cryotherapy,postoperative morbidity,0.92656785,0.9440884,0.85648566
3255,309,64259,30-day major complications,renal failure requiring dialysis,0.9265642,0.93442416,0.8951244
3256,35791,62717,intra-abdominal adhesions,radiofrequency ablation,0.9265489,0.91757506,0.9624443
3257,2961,52071,albumin to globulin ratio,pancreatic head cancer,0.92654705,0.9291904,0.9159733
3258,66,17224,10-year overall survival rate,curative surgery,0.9265314,0.9340042,0.8966402
3259,1631,7122,acute renal failure,below knee amputation,0.92650133,0.93866134,0.87786144
3260,56898,66104,post-operative morbidity,robotic radical cystectomy,0.9264898,0.9225103,0.94240755
3261,34493,69968,inflammatory response,spinal epidural abscess,0.92647105,0.9772578,0.72332406
3262,21020,40915,early mortality,lower extremity vascular trauma,0.92646635,0.9444512,0.85452664
3263,44670,66558,minimally invasive pancreatic necrosectomy,safety and efficacy,0.9264568,0.9451414,0.85171837
3264,30882,80069,high-risk patients,valvular calcification,0.9264554,0.92802536,0.9201753
3265,39602,62346,liposomal bupivacaine,quality of life outcomes,0.9264538,0.92962563,0.9137666
3266,30027,51425,hepatic artery infusion pump,overall mortality,0.9264448,0.9205367,0.95007724
3267,41437,52773,lymphatic vessel infiltration,pathological response,0.9264391,0.9311287,0.9076807
3268,264,73548,30-d mortality,symptomatic patients,0.92642045,0.937345,0.88272214
3269,41028,78789,lumbar laminectomy,type 2 diabetes,0.92639184,0.9291841,0.9152229
3270,7852,78531,bioelectrical impedance,tumor-node-metastasis staging,0.92637724,0.95796925,0.80000913
3271,61928,65199,pulmonary complications,revised cardiac risk index,0.92637604,0.9090199,0.99580044
3272,22301,59564,end-stage renal disease,preoperative markers,0.92637575,0.94056106,0.8696343
3273,46837,50646,myocutaneous flap reconstruction,operative outcomes,0.92635995,0.9433687,0.85832494
3274,4991,29838,aortic aneurysms,hemodynamic parameters,0.9263429,0.9208973,0.9481251
3275,38126,79356,laparoscopic hepatectomy,university of california san francisco criteria,0.92629856,0.9371414,0.88292724
3276,47102,49975,national database study,older age,0.92629683,0.92025304,0.95047206
3277,2374,47402,advanced pancreatic cancer,negative margins,0.9262961,0.9201475,0.9508903
3278,48944,60356,nonfunctional pancreatic neuroendocrine tumors,primary tumor resection,0.9262279,0.918806,0.9559154
3279,17232,47471,curative treatments,neoadjuvant chemoimmunotherapy,0.9262219,0.9201223,0.95062006
3280,26601,42107,full-thickness excision,male sex,0.926215,0.91713816,0.96252227
3281,56523,66053,portal vein tumor thrombosis,robotic hepatectomy,0.9261936,0.91975653,0.95194197
3282,56107,58901,poaf incidence,prediction model,0.9261835,0.9172041,0.9621013
3283,50380,50393,open reduction and internal fixation,open revascularization,0.92616874,0.914883,0.9713117
3284,29943,72782,hemostatic devices,surgical resection,0.9261642,0.9112027,0.9860101
3285,10521,17565,cardiopulmonary bypass,cytokine-induced killer cells,0.9261464,0.9168317,0.96340495
3286,47851,57605,neurointensive care unit,postoperative day,0.9261302,0.9184698,0.95677173
3287,7607,78270,biliary obstruction,tumor mutational burden,0.926124,0.91923594,0.95367604
3288,16807,38518,crohn's disease,lars questionnaire,0.92611545,0.92773813,0.91962445
3289,13426,47316,clinical risk factors,necrotising enterocolitis,0.92611444,0.95916593,0.7939086
3290,24506,57399,extracorporeal membrane oxygenation,postoperative anticoagulant therapy,0.92611265,0.9299711,0.9106786
3291,70115,81994,split-thickness skin grafts,wound healing,0.9260936,0.9951574,0.6498382
3292,6098,62403,atherosclerotic disease,quantitative coronary angiography,0.9260905,0.9586937,0.7956775
3293,510,46170,5-year survival rate,multidisciplinary treatment strategy,0.9260867,0.9287762,0.91532874
3294,30510,31732,high hospital charges,hospitalization cost,0.9260839,0.92063177,0.9478922
3295,3596,48930,anastomotic leak,nonelective readmissions,0.926079,0.9095504,0.99219316
3296,16226,18083,coronary atherosclerosis,deep vein thrombosis,0.9260758,0.9223121,0.94113064
3297,1495,67477,acute ischemic stroke,sepsis detection,0.92606795,0.96256524,0.7800789
3298,33870,47112,independent predictors,national health insurance database,0.92605203,0.93675613,0.88323563
3299,1132,47475,achalasia diagnosis,neoadjuvant chemotherapy,0.92604876,0.9500802,0.8299227
3300,58118,80927,postoperative outcomes,vessel-sealing device,0.9259941,0.912666,0.97930646
3301,8106,72249,biopsy recommendations,surgical approach,0.9259687,0.9314834,0.9039097
3302,14664,78381,common bile duct obstruction,tumor size,0.925917,0.97353554,0.73544294
3303,23163,56907,enhanced recovery programmes,post-operative outcomes,0.9259169,0.92322826,0.9366716
3304,40186,50106,locally advanced pancreatic cancer,oncological prognosis,0.9258914,0.9469916,0.8414902
3305,45652,59543,mortality rate,preoperative liver function,0.9258759,0.91422266,0.9724888
3306,42775,42787,mean age,mean arterial pressure,0.92586994,0.91043943,0.9875919
3307,47405,75273,negative predictive value,threshold effect analysis,0.9258529,0.9454354,0.8475229
3308,14249,71644,colonic stent,subtotal colectomy,0.9258053,0.95280266,0.8178156
3309,2058,72348,adjusted hazard ratio,surgical correction,0.9258046,0.92657995,0.92270327
3310,40615,54469,low cardiac output syndrome,perioperative death,0.9257997,0.9129318,0.97727156
3311,23148,39323,enhanced recovery after surgery,levothyroxine treatment,0.9257952,0.95739686,0.7993886
3312,39033,58843,left ventricular ejection fraction,prealbumin levels,0.9257722,0.91039145,0.9872953
3313,56471,64165,portal hypertension,remnant liver recurrence,0.92576987,0.9338007,0.8936464
3314,62818,66689,radiology costs,same-day discharge,0.9257547,0.9197429,0.94980204
3315,28686,39434,graft-related complications,limb salvage rate,0.925692,0.9425235,0.8583661
3316,15300,75865,computed tomographic angiography,tissue oxygen saturation,0.9256659,0.96639466,0.7627508
3317,15147,54187,complication rate,peri-operative transfusion,0.9256494,0.9148853,0.9687056
3318,12540,62839,chronic inflammation,radiomics signatures,0.92562705,0.94587237,0.8446458
3319,22472,50103,endorectal cooling balloon,oncological outcomes,0.92562443,0.91872007,0.95324194
3320,38952,68261,left main disease,sex differences in outcomes,0.92562014,0.9510544,0.823883
3321,57413,76644,postoperative aspiration pneumonia,tranexamic acid,0.92558026,0.9171073,0.9594719
3322,23624,73253,esophageal adenocarcinoma,survival probability,0.92557585,0.9158284,0.9645656
3323,77557,78053,treatment efficacy,tumor budding,0.92557275,0.9083345,0.9945259
3324,37537,45650,kaplan-meier survival curves,mortality predictors,0.9255626,0.9092857,0.99066997
3325,9257,80995,breast cancer,video-assisted thoracic surgery,0.9255413,0.9076014,0.9973008
3326,58597,79407,postsurgical gastroparesis syndrome,unplanned reoperation,0.9255122,0.9477533,0.83654755
3327,5212,49656,aortic stenosis,obesity-related medical conditions,0.9255111,0.91233754,0.9782056
3328,46443,65707,multivariable regression,risk factors for recurrence,0.92550164,0.91026956,0.98643005
3329,46763,54680,myocardial infarction,peripheral angioplasty,0.92550004,0.92310077,0.93509704
3330,511,52726,5-year survival rates,pathological findings,0.9254961,0.91625273,0.96246964
3331,63562,69880,recurrence-free survival,speech function,0.92548776,0.90928346,0.9903048
3332,1897,78791,adenosine diphosphate,type 2 diabetes mellitus,0.92548054,0.9304132,0.9057498
3333,30829,77680,high-risk colon cancer,treatment strategies,0.9254729,0.9323325,0.8980345
3334,56698,65096,post-bariatric abdominoplasty,retrospective cohort study,0.9254442,0.9221161,0.9387564
3335,33477,66126,in-hospital complications,robotic roux-en-y gastric bypass,0.92541903,0.9111507,0.9824923
3336,26908,73812,gall bladder disease,systemic inflammation,0.925343,0.9273374,0.91736513
3337,21004,79369,early laparoscopic cholecystectomy,unplanned admission,0.9253405,0.93831927,0.8734252
3338,1723,35042,acute type b dissection,intensive care unit stay,0.92532176,0.93236196,0.8971608
3339,40047,73302,local recurrence rate,sustained complete response,0.9252984,0.94462687,0.8479846
3340,2134,58991,adjuvant therapy,predictive scoring systems,0.9252949,0.92509216,0.9261056
3341,15553,34893,congenital heart surgery,insulin resistance,0.9252935,0.90750825,0.99643433
3342,49602,76226,obesity in pregnancy,total knee arthroplasty,0.9252894,0.9195389,0.948291
3343,50823,70266,optimal cut-off value,st-segment-elevation myocardial infarction,0.9252781,0.9257988,0.92319536
3344,53135,65810,patient-centered outcomes,risk prediction,0.9252753,0.91157407,0.9800802
3345,36299,75969,intraoperative complications,tnm stage classification,0.9252409,0.91418785,0.9694527
3346,153,79218,2-year mortality,underweight status,0.9252037,0.93935037,0.8686171
3347,42486,74285,masaoka-koga staging,targeted therapy,0.92518187,0.93960834,0.867476
3348,507,71868,5-year survival,superior mesenteric vein contact,0.9251791,0.91935605,0.94847125
3349,15317,29084,computed tomography angiography,haemoglobin levels,0.9251497,0.9150373,0.96559906
3350,59548,60584,preoperative localization,procedure-related complications,0.9251379,0.92819583,0.912906
3351,34005,37910,indocyanine green clearance rate,lactate dehydrogenase,0.92511684,0.9313003,0.90038306
3352,54811,63759,peripheral vascular disease,red cell transfusion,0.92510337,0.9241798,0.9287978
3353,14380,60501,color doppler ultrasonography,procedural complications,0.9250948,0.9600566,0.78524727
3354,13293,79848,clinical management,ursodeoxycholic acid,0.925071,0.93024313,0.9043826
3355,7567,47402,biliary drainage,negative margins,0.92506385,0.91026294,0.9842673
3356,14411,60815,colorectal cancer incidence rate,progression-free survival,0.92504585,0.9464044,0.8396116
3357,21020,58943,early mortality,predictive factors of mortality,0.9250365,0.93113095,0.9006586
3358,22956,73048,endovascular aortic repair,surgical treatment outcomes,0.9250238,0.90828323,0.99198604
3359,47525,67339,neoadjuvant therapy,self-help inflatable balloon,0.92501926,0.9753762,0.72359145
3360,7078,27991,beck anxiety inventory,geriatric patients,0.92501915,0.93796986,0.873216
3361,9624,42290,c-reactive protein,malnourished children,0.92501915,0.9512125,0.8202454
3362,7189,78222,benign lung disease,tumor location,0.92500454,0.9233093,0.93178535
3363,15621,52002,conservative management,pancreatic duct,0.92498374,0.92974585,0.90593505
3364,26651,78360,functional capacity,tumor response,0.92496896,0.90801585,0.9927811
3365,38038,71521,laparoscopic colon cancer surgery,subgroup analysis,0.9249564,0.9118327,0.97745115
3366,21704,38285,elective laparoscopic surgery,laparoscopic roux-en-y gastric bypass,0.92492986,0.9094326,0.9869186
3367,770,64060,abdominal pain,reintervention outcomes,0.9249282,0.9532509,0.81163734
3368,10394,80857,cardiac risk factors,vertical sleeve gastrectomy,0.9249229,0.94186133,0.857169
3369,27771,56697,general anesthesia,post-appendectomy complications,0.92492115,0.9192024,0.9477961
3370,21020,76131,early mortality,total burn surface area,0.9249065,0.9311629,0.8998809
3371,858,58247,abdominoplasty techniques,postoperative recovery,0.92489696,0.9236785,0.9297706
3372,1421,72552,acute exacerbation of copd,surgical management,0.924882,0.92099375,0.94043493
3373,13404,80378,clinical registry data,vascular surgery,0.9248788,0.967416,0.7547298
3374,8322,59227,bleeding rate,preoperative biliary drainage,0.9248408,0.9569481,0.7964115
3375,12394,70609,chromosomal abnormalities,staphylococcus aureus,0.92483616,0.9511798,0.81946176
3376,40986,55904,lower-extremity bypass,platelet count,0.9247885,0.9252954,0.9227605
3377,5958,26695,aspirin therapy,functional independence,0.924769,0.9449262,0.84414
3378,14144,81674,colon cancer recurrence,weight regain,0.9247654,0.9129767,0.9719202
3379,29199,81674,harvested lymph nodes,weight regain,0.92475176,0.91098714,0.97981
3380,54438,68470,perioperative care,shoulder arthroplasty,0.92474777,0.90889406,0.98816234
3381,64423,74965,repeat hospitalization,thoracic endovascular aortic repair,0.9247196,0.9266696,0.91691935
3382,13027,80346,clavien-dindo complication,vascular resections,0.9247026,0.95265454,0.81289464
3383,41750,57097,magnetic resonance cholangiopancreatography,post-treatment complications,0.92469794,0.96955943,0.74525183
3384,16191,37531,coronary artery bypass surgery,kaplan-meier model,0.9246837,0.947943,0.8316466
3385,11937,68074,charlson's comorbidity index,severe adverse events,0.92466897,0.94287425,0.8518479
3386,37674,63331,kidney function markers,rectal cancer,0.9246664,0.9232003,0.9305307
3387,10526,54178,cardiopulmonary bypass time,peri-operative morbidity,0.92466533,0.9102238,0.9824315
3388,18099,39772,deep-learning model,liver metastases,0.9246538,0.9278292,0.9119523
3389,60257,65216,primary osteoarthritis,revision rates,0.924642,0.971143,0.73863804
3390,3517,23636,anaphylactic shock,esophageal cancer,0.92463106,0.939551,0.8649512
3391,27112,31682,gastric cancer surgery,hospital variability,0.924626,0.92300904,0.9310938
3392,23813,46414,esophagogastric junctional adenocarcinoma,multivariable analysis,0.9246217,0.9226906,0.9323464
3393,46388,81215,multiport vats,visual analogue scale,0.9246198,0.9321347,0.89456034
3394,19196,73240,differentiated early gastric cancer,survival outcomes,0.9246069,0.943605,0.8486145
3395,38029,43591,laparoscopic cholecystectomy,messenger rna expression,0.9245986,0.95096016,0.8191523
3396,3382,79161,amputation rates,uncomplicated appendicitis,0.9245715,0.94350845,0.8488238
3397,53297,78410,pd-l1 testing,tumor stage,0.924565,0.9691093,0.7463877
3398,22079,31733,emergency hernia repair,hospitalization costs,0.92456305,0.9121098,0.97437584
3399,15147,20679,complication rate,duration of drainage,0.9245549,0.9097825,0.98364407
3400,15075,62881,complex segmentectomy,random forest model,0.9245206,0.91562885,0.96008736
3401,4830,65810,antimicrobial stewardship,risk prediction,0.92445433,0.9713864,0.73672634
3402,2457,48097,adverse clinical events,neutrophil to lymphocyte ratio,0.9244161,0.9165817,0.9557538
3403,1337,54412,acute appendicitis,perioperative antimicrobial prophylaxis,0.92440623,0.9467972,0.8348424
3404,12108,53012,chest masculinization surgery,patient outcomes,0.92438763,0.90868765,0.9871876
3405,26732,53445,functional outcomes,pediatric congenital heart disease,0.92437714,0.9193463,0.9445006
3406,18091,74751,deep venous thrombosis,therapeutic decision-making,0.9243761,0.9115162,0.97581553
3407,13245,71379,clinical features,study cohort,0.9243645,0.97665626,0.7151972
3408,72443,79402,surgical failure,unplanned readmissions,0.9243034,0.90759724,0.9911282
3409,58255,81141,postoperative recovery time,visceral fat area,0.9242998,0.9094088,0.9838635
3410,19744,40264,distal humerus fracture,logistic regression analysis,0.9242936,0.91902465,0.9453693
3411,58695,72526,pouch-related complications,surgical interventions,0.9242815,0.94016665,0.8607409
3412,29223,43121,hazard ratio,median tumor diameter,0.9242659,0.91624755,0.9563391
3413,49734,67573,obstruction-free survival,serious complications,0.92426276,0.9227149,0.930454
3414,5952,37097,aspirin monotherapy,ischemia-driven target vessel revascularization,0.9242546,0.9785417,0.70710635
3415,26732,58350,functional outcomes,postoperative sleep disturbance,0.9242509,0.9261369,0.9167069
3416,15874,20283,control group,drain duration,0.92423195,0.9594562,0.783335
3417,18691,69688,diabetes mellitus,solitary hcc,0.92421186,0.9067731,0.9939666
3418,57964,80378,postoperative kidney injury,vascular surgery,0.92420816,0.93888825,0.8654879
3419,25185,64582,female sex,resected pancreatic ductal adenocarcinoma,0.9242029,0.9136813,0.9662892
3420,51959,66145,pancreatic cancer,robotic surgery education,0.9241684,0.9114636,0.9749875
3421,17230,62828,curative treatment,radiomic signatures,0.9241597,0.9456238,0.83830327
3422,16198,35677,coronary artery disease,intestinal inflammation,0.92415684,0.9480352,0.8286433
3423,3631,25154,anastomotic stenosis,feeding tube,0.9241512,0.93220884,0.89192045
3424,24399,37535,external validation cohort,kaplan-meier survival analysis,0.9241296,0.9288684,0.90517443
3425,2517,59294,adverse prognosis,preoperative chemoradiotherapy,0.92411375,0.92998534,0.90062726
3426,32695,56892,ileocecal resection,post-operative length of stay,0.9241071,0.9177957,0.9493523
3427,8891,62330,bone substitute,quality of life,0.9241067,0.94489056,0.8409713
3428,10738,20326,carotid endarterectomy,drainage tube duration,0.92408705,0.9252054,0.91961354
3429,18963,66369,diagnostic thresholds,roux-en-y gastric bypass,0.92407626,0.90972376,0.981486
3430,58459,66595,postoperative urinary retention,safety profile,0.9240606,0.9151451,0.9597224
3431,17243,60368,curative-intent surgery,primary tumour location,0.9240543,0.94189316,0.8526989
3432,54244,81606,periappendiceal abscess,weight loss,0.92400104,0.9124695,0.9701269
3433,23835,35339,estimated blood loss,internal hemipelvectomy,0.9239998,0.920415,0.9383389
3434,30978,41930,hilar cholangiocarcinoma,major complication rates,0.9239713,0.9088918,0.98428947
3435,11862,50383,cervical myelopathy,open repair,0.923887,0.9246137,0.92098016
3436,12052,56009,chemotherapy regimens,pleural effusions,0.92387843,0.9242826,0.92226166
3437,17797,58974,data collection,predictive performance,0.92387533,0.9125711,0.96909225
3438,31012,63073,hip fracture,readmission for stroke,0.9238659,0.94173115,0.8524049
3439,49469,72946,nutrition status,surgical strategy,0.92384434,0.91880983,0.9439823
3440,2134,73880,adjuvant therapy,systemic treatments,0.9238348,0.93607575,0.87487084
3441,40495,62089,long-term survival,pulmonary valve stenosis,0.9238166,0.9283303,0.9057617
3442,17219,46989,curative resection,narrow gastric tube,0.9238159,0.9118401,0.97171897
3443,39479,66124,linear cutting stapler,robotic right hemicolectomy,0.92378354,0.97583497,0.71557784
3444,27112,73806,gastric cancer surgery,systemic immune-response index,0.9237796,0.96873516,0.74395734
3445,256,73273,30 day mortality,survival trends,0.9237524,0.94066596,0.85609835
3446,43361,49575,melanocortin-4 receptor,obese patients,0.9237468,0.9357111,0.87588966
3447,43623,81139,metabolic disorders,visceral fat,0.9237393,0.95182586,0.811393
3448,7138,64814,benchmark outcomes,respiratory failure,0.9237312,0.9107038,0.975841
3449,8535,73900,blood transfusion risk,systolic blood pressure,0.92372435,0.9127837,0.96748716
3450,19841,81002,distant recurrence,video-assisted thoracoscopic esophagectomy,0.92371255,0.9243977,0.920972
3451,30287,56720,hepatocellular carcinoma,post-cholecystectomy pain,0.9237083,0.91014063,0.9779789
3452,3761,58049,anatomical reconstruction,postoperative mortality,0.9236995,0.91944915,0.9407009
3453,38888,56898,left colon cancer,post-operative morbidity,0.92369294,0.9108819,0.9749371
3454,18874,57634,diagnostic factors,postoperative delirium,0.92368567,0.914492,0.96046036
3455,770,3281,abdominal pain,american society for gastrointestinal endoscopy guidelines,0.9236806,0.96857476,0.7441038
3456,8447,67051,blood loss,second-look endoscopy,0.9236624,0.9670544,0.75009435
3457,5759,63193,arthroscopic anterior cruciate ligament reconstruction,receiver operating characteristic analysis,0.92364824,0.95088696,0.8146934
3458,47475,56094,neoadjuvant chemotherapy,pneumoperitoneum pressure,0.92363966,0.91014016,0.9776375
3459,25229,57439,femoral head,postoperative bleeding,0.9236375,0.95315725,0.8055584
3460,56617,60723,positive lymph node metastasis,prognostic nomograms,0.92362815,0.9472507,0.8291379
3461,29528,29870,heart failure,hemoglobin change,0.9236219,0.9131576,0.96547884
3462,8365,39289,blood cardioplegia,leukocyte count,0.9236217,0.9256203,0.9156272
3463,21636,50253,elective colectomy,open cholecystectomy,0.92360383,0.9088774,0.9825096
3464,34383,47048,inflammatory bowel disease,nash resolution,0.9236031,0.93937546,0.8605136
3465,64757,76222,resistance training,total joint arthroplasty,0.92359424,0.9282629,0.90491945
3466,25403,39964,fib-4 index,local ablation,0.92358625,0.9442707,0.8408484
3467,15905,73026,conventional biomarkers,surgical treatment,0.9235854,0.9174118,0.9482797
3468,41924,78328,major colorectal resection,tumor recurrence,0.9235651,0.9091269,0.9813177
3469,13008,66021,clavien dindo classification,robotic assisted surgery,0.9235584,0.94915146,0.82118624
3470,1495,37035,acute ischemic stroke,iron deposition,0.9235519,0.94931805,0.82048756
3471,40555,53889,longitudinal study,percentage of excessive weight loss,0.9235337,0.96319115,0.7649037
3472,9624,34695,c-reactive protein,initial therapy,0.923521,0.90899456,0.9816265
3473,44711,68507,minimally invasive surgery,shunt-related complications,0.923509,0.94331026,0.844304
3474,2082,43995,adjuvant chemotherapy,methylation levels,0.9234945,0.9512593,0.8124352
3475,23167,72714,enhanced recovery setting,surgical procedures,0.9234867,0.92489386,0.9178582
3476,292,471,30-day hospital readmission,5-item modified frailty index,0.92347646,0.9467661,0.83031785
3477,34383,78729,inflammatory bowel disease,two-stage exchange arthroplasty,0.9234644,0.92557657,0.91501564
3478,41204,66668,lung metastasis,salvage pulmonary resection,0.9234574,0.9348919,0.87771916
3479,31633,59179,hospital readmission,preoperative age,0.9234172,0.9317834,0.88995236
3480,34238,56655,infective complications,positive surgical margins,0.923388,0.90611875,0.9924649
3481,9630,34380,c-reactive protein level,inflammatory biomarker,0.92338765,0.9357858,0.87379515
3482,47124,69501,national institute of health stroke scale,society of thoracic surgeons score,0.9233852,0.9226509,0.9263224
3483,41241,75494,lung surgery,thyroid cancer,0.92337745,0.9528864,0.80534154
3484,62612,69601,radiation therapy,soft tissue infection,0.9233552,0.9138553,0.9613545
3485,5172,63086,aortic regurgitation,readmission risks,0.9233495,0.95804536,0.7845662
3486,359,63716,30-day readmissions,recurrent stroke,0.92334145,0.9220823,0.92837816
3487,58187,77607,postoperative pleural effusion,treatment methods,0.9233353,0.9305444,0.8944992
3488,24506,61096,extracorporeal membrane oxygenation,prophylactic therapy,0.92331564,0.9725041,0.7265618
3489,10014,61940,cancer-related fatigue,pulmonary dysfunction,0.92330843,0.95897776,0.780631
3490,10525,33058,cardiopulmonary bypass surgery,immune response,0.9232973,0.9345543,0.8782692
3491,48631,60302,non-hispanic white patients,primary sclerosing cholangitis,0.92327607,0.92747325,0.9064874
3492,10406,49269,cardiac surgery,nsaid exposure,0.9232677,0.93452764,0.87822807
3493,50646,68903,operative outcomes,single-site laparoscopic colectomy,0.9232608,0.9294393,0.8985469
3494,17224,58513,curative surgery,postoperative wound infections,0.9232589,0.9115463,0.9701092
3495,33856,48080,independent predictive factors,neutrophil lymphocyte ratio,0.9232462,0.92562866,0.9137162
3496,22680,40383,endoscopic removal,long-term efficacy,0.92324054,0.9418752,0.8487019
3497,18801,58122,diagnostic accuracy,postoperative oxygen saturation,0.92321426,0.9403276,0.8547609
3498,62020,81538,pulmonary metastasis,watchful waiting,0.9232033,0.93849486,0.862037
3499,29144,70635,hand-sewn anastomoses,staple line reinforcement,0.92320067,0.94502383,0.83590806
3500,9149,81201,brain imaging,visual analog scale,0.92318755,0.9309614,0.8920922
3501,72694,76825,surgical procedure,transcatheter mitral valve replacement,0.9231871,0.90921533,0.979074
3502,67481,80036,sepsis incidence,valve surgery,0.92317796,0.9211891,0.93113345
3503,60700,81039,prognostic factors,villous histology,0.9231731,0.96983767,0.73651487
3504,6976,40358,baseline characteristics,long-term clinical outcomes,0.92315185,0.9097202,0.9768784
3505,15036,72820,complex cancer surgery,surgical revascularization,0.92313665,0.92234117,0.9263185
3506,7864,48101,bioimpedance analysis,neutrophil-lymphocyte ratio,0.9231317,0.9105565,0.97343224
3507,13245,71245,clinical features,stricturing behavior,0.92312944,0.9864314,0.66992134
3508,15287,44682,computational fluid dynamics,minimally invasive procedures,0.9231279,0.970456,0.73381543
3509,489,48640,5-year mortality,non-infectious complications,0.92311484,0.9104717,0.9736874
3510,18322,42991,delayed therapy,mechanical ventilation,0.9231004,0.92464316,0.9169292
3511,52630,66765,pathologic complete response,sarcopenia index,0.9230933,0.90770584,0.984643
3512,40778,66558,low-molecular-weight heparins,safety and efficacy,0.9230894,0.9490681,0.81917447
3513,16242,51412,coronary bypass grafting,overall complications,0.92306536,0.90805966,0.98308796
3514,34000,48007,indocyanine green,neurosurgical intervention,0.92304474,0.93392646,0.87951773
3515,48723,54550,non-metastatic renal cell carcinoma,perioperative mortality,0.92303145,0.909091,0.9787932
3516,14541,51915,colorectal surgery,pancreas transection,0.9230165,0.9206909,0.93231875
3517,38134,58168,laparoscopic hysterectomy,postoperative patients,0.92300016,0.9227052,0.9241802
3518,2499,69204,adverse neonatal outcomes,sleeve gastrectomy,0.92299724,0.97318125,0.72226113
3519,36351,60694,intraoperative factors,prognostic factor,0.922995,0.90469414,0.9961985
3520,16604,64114,cox proportional hazard analysis,relative risk,0.9229733,0.9191345,0.93832827
3521,38125,64596,laparoscopic hemihepatectomy,resection margin,0.9229707,0.91419333,0.9580802
3522,66593,66713,safety outcomes,saphenous vein,0.92296714,0.9331409,0.8822721
3523,39370,65109,lifestyle modifications,retrospective observational study,0.92296076,0.91995955,0.93496555
3524,10812,62356,case control study,quality of recovery,0.92290926,0.9530811,0.8022219
3525,39176,59874,length of postoperative stay,preoperative vitamin d levels,0.9229083,0.9658722,0.75105256
3526,60694,69341,prognostic factor,small nucleolar rna,0.9229007,0.9136713,0.9598181
3527,48106,70250,neutrophil-to-platelet ratio,st elevation myocardial infarction,0.9228926,0.96128935,0.7693054
3528,30744,73814,high-grade serous ovarian cancer,systemic inflammation index,0.9228605,0.9707807,0.7311797
3529,17112,51418,cumulative incidence,overall hospital stay,0.9228568,0.9173426,0.94491357
3530,58884,82023,predicted postoperative forced expiratory volume,wound infection,0.92285585,0.9113131,0.9690268
3531,46452,63469,multivariate analysis,rectus sheath catheters,0.9228557,0.9158838,0.9507432
3532,33599,53079,incidence of cr-popf,patient satisfaction,0.9228547,0.91555613,0.95204884
3533,15235,40222,composite outcome,locoregional anesthesia,0.9228413,0.9180446,0.94202775
3534,20208,65584,double-blinded study,risk factors,0.9228213,0.9073603,0.9846652
3535,38491,59616,large vessel occlusion,preoperative nutritional status,0.92281854,0.9149347,0.95435375
3536,13491,54546,clinical success,perioperative mechanical circulatory support,0.9228058,0.9330507,0.881826
3537,10869,60501,castor single-branched stent graft,procedural complications,0.9227917,0.95390034,0.7983571
3538,27516,49761,gastrointestinal health,obstructive sleep apnea,0.92279166,0.9813675,0.6884881
3539,53245,69537,patterns of care,socioeconomic factors,0.922789,0.9844944,0.6759673
3540,19073,45644,diastolic dysfunction,mortality prediction,0.9227717,0.90604943,0.9896606
3541,5617,72994,arterial cannulation,surgical techniques,0.92276025,0.93709403,0.86542505
3542,17706,18500,d2 gastrectomy,derived neutrophil-to-lymphocyte ratio,0.9227513,0.91674846,0.9467627
3543,1729,50607,acute uncomplicated appendicitis,operative complications,0.9227332,0.91320986,0.9608266
3544,16799,81201,critically ill surgical patients,visual analog scale,0.92272747,0.9196245,0.9351392
3545,58928,64004,predictive factor,regulatory t cells,0.92271036,0.95422834,0.7966383
3546,41931,59354,major complications,preoperative ct findings,0.9226888,0.91455775,0.9552126
3547,48361,56007,no-touch radiofrequency ablation,pleural effusion,0.9226793,0.93468887,0.87464076
3548,21999,34239,emergence delirium,infective endocarditis,0.9226567,0.9139205,0.95760137
3549,28215,32160,glomerular filtration rate,hyperinsulinemic-normoglycemic clamp,0.922616,0.968424,0.73938394
3550,20697,44797,duration of operation,minor morbidity,0.9225888,0.9349844,0.8730065
3551,27180,74427,gastric gastrointestinal stromal tumour,technical success rate,0.92258847,0.93431634,0.8756767
3552,12864,17288,circulating tumor dna,cut-off value for nlr,0.92257994,0.9316898,0.8861404
3553,5262,72089,aortic valve regurgitation,surgery duration,0.9225567,0.9171559,0.9441595
3554,53079,59614,patient satisfaction,preoperative nutritional risk,0.92254174,0.91668385,0.9459729
3555,666,51306,abdominal aortic aneurysm,outlier detection,0.9225252,0.9144981,0.9546336
3556,49575,58025,obese patients,postoperative medical complications,0.922494,0.92191875,0.924795
3557,33981,81772,individualized blood pressure management,white blood cell count,0.92249346,0.9414827,0.8465366
3558,18983,65834,dialysis access,risk stratification,0.92244273,0.9166479,0.9456219
3559,22258,40974,en-bloc resection,lower rectal cancer,0.9224385,0.92047894,0.9302767
3560,44457,65863,midterm mortality,risk-adjusted mortality,0.92241895,0.9137553,0.9570736
3561,62670,62959,radical prostatectomy,rapid recovery protocol,0.92240846,0.9157295,0.9491239
3562,35042,63932,intensive care unit stay,regional cerebral tissue oxygenation,0.9223723,0.9288496,0.89646316
3563,335,39163,30-day post-operative mortality,length of hospitalization,0.92237216,0.91047966,0.9699421
3564,45002,58374,mitral valve replacement,postoperative stroke rate,0.922353,0.95158464,0.8054264
3565,72249,75728,surgical approach,timeliness of care,0.92233706,0.9122505,0.96268326
3566,44681,59750,minimally invasive procedure,preoperative risk stratification,0.9223186,0.9063173,0.9863238
3567,21595,33569,elderly patients,incidence increase,0.9223089,0.9252812,0.9104194
3568,39742,40044,liver histology,local recurrence,0.9222952,0.92767996,0.9007562
3569,4164,60268,ankle-brachial pressure index,primary patency rate,0.92227566,0.9653067,0.7501515
3570,34458,54088,inflammatory markers,perforated colorectal cancer,0.92226034,0.91154486,0.96512234
3571,30594,72168,high thoracic epidural analgesia,surgery time,0.9222405,0.9621261,0.76269805
3572,3308,67405,american society of anesthesiology score,sensitivity analyses,0.922238,0.9175485,0.94099593
3573,19554,22611,disease control,endoscopic management,0.9221939,0.95780843,0.7797356
3574,10474,58060,cardiac valve surgery,postoperative myocardial injury,0.9221906,0.95426327,0.7938999
3575,50570,65524,operation time,risk adjustment,0.9221581,0.9030943,0.9984131
3576,18796,21753,diagnosis-related group,elective procedures,0.92214173,0.930576,0.8884044
3577,14395,46255,colorectal anastomosis,multimodal therapy,0.9221395,0.9078706,0.97921515
3578,44647,59855,minimally invasive liver surgery,preoperative tumor markers,0.9221236,0.94262856,0.8401035
3579,40262,43181,logistic regression,mediastinal tumors,0.92212,0.9092838,0.97346437
3580,53105,53290,patient survival,pd-l1 expression,0.92209744,0.9037743,0.9953897
3581,10445,40390,cardiac surgical procedure,long-term follow-up,0.9220679,0.93460816,0.8719064
3582,1718,79382,acute type a aortic dissection,unplanned hospital readmissions,0.922046,0.9105573,0.9680005
3583,58247,73268,postoperative recovery,survival time,0.92203134,0.90302855,0.9980426
3584,598,1750,90-day readmission,acutely inflamed gallbladder,0.92201513,0.93428594,0.8729318
3585,35820,54550,intra-abdominal malignancy,perioperative mortality,0.92199636,0.9192272,0.93307287
3586,37309,39160,iv ibuprofen,length of hospital stay,0.92199147,0.92943686,0.89220965
3587,4133,59867,angiotensin-converting enzyme inhibitors,preoperative variables,0.92197514,0.90510285,0.9894643
3588,26728,30585,functional outcome,high social vulnerability index,0.92196316,0.93499917,0.869819
3589,35341,40569,internal hernia,loop ileostomy,0.9219612,0.9107357,0.96686316
3590,16185,62240,coronary artery bypass graft,pyruvate kinase m2,0.92194325,0.9229034,0.9181025
3591,52568,76226,patch infection,total knee arthroplasty,0.9219405,0.9377769,0.85859466
3592,22123,60943,emergency surgery,prolonged survival,0.92193264,0.9076355,0.9791211
3593,3941,41577,aneurysm size,machine learning algorithm,0.92192876,0.92864716,0.89505523
3594,23796,75974,esophagogastric adenocarcinoma,tnm stages,0.9219279,0.95597816,0.785727
3595,19536,62686,discriminatory capacity,radical surgery,0.9219136,0.91802853,0.93745375
3596,13357,76215,clinical practice guidelines,total intravenous anesthesia,0.92190063,0.913775,0.95440304
3597,10409,58218,cardiac surgery complications,postoperative pulmonary complications,0.9218956,0.9063825,0.98394793
3598,18271,27133,delayed gastric conduit emptying,gastric conduit,0.92188567,0.97205734,0.7211989
3599,66262,69601,roc curve analysis,soft tissue infection,0.92187184,0.90904874,0.9731641
3600,56783,68111,post-hepatectomy hemorrhage,severe complications,0.9218647,0.9302913,0.888158
3601,8468,72770,blood perfusion,surgical repair,0.9218601,0.94069254,0.8465301
3602,56552,72994,portomesenteric venous thrombosis,surgical techniques,0.92183113,0.9109223,0.9654665
3603,41863,60985,major adverse events,propensity score model,0.9218261,0.9049352,0.9893896
3604,34541,63321,information provision,rectal adenocarcinoma,0.92182565,0.927414,0.89947206
3605,35275,57622,intermediate-risk patients,postoperative death,0.9218064,0.93083173,0.88570505
3606,9892,59216,cancer cachexia,preoperative assessment,0.9217849,0.9052524,0.9879148
3607,3408,34422,anaerobic bacteria,inflammatory cytokines,0.921769,0.961559,0.7626089
3608,50016,58238,oligometastatic sarcoma,postoperative radiotherapy,0.92176205,0.969739,0.7298541
3609,5727,53211,arteriovenous fistula,patient-specific factors,0.9217285,0.9493134,0.8113888
3610,63535,79908,recurrence rate,vaccination status,0.9217247,0.91421664,0.9517568
3611,5784,16625,artificial intelligence algorithm,cox regression analysis,0.9217202,0.91900724,0.93257195
3612,37569,77543,kawasaki disease,treatment decisions,0.9216868,0.97021633,0.7275688
3613,2491,18915,adverse left ventricular remodeling,diagnostic performance,0.9216813,0.95088613,0.8048619
3614,489,21479,5-year mortality,edwards valve,0.9216785,0.9409533,0.8445789
3615,27085,33386,gastric cancer,implant-related complications,0.92166686,0.90357846,0.9940204
3616,16778,26423,critical limb ischemia,frailty syndrome,0.9216658,0.90862197,0.9738409
3617,8663,81457,body composition analysis,waist-to-height ratio,0.92164826,0.9801805,0.68751925
3618,29633,55607,heavy smoking,pittsburgh sleep quality index,0.92164665,0.92484117,0.9088686
3619,2635,72526,age at resection,surgical interventions,0.921643,0.93978864,0.84906024
3620,24942,47525,fasting glucose levels,neoadjuvant therapy,0.92164016,0.9116139,0.9617452
3621,355,49205,30-day readmission,north american spine society score,0.92163306,0.9104851,0.966225
3622,14995,68260,completeness of revascularization,sex differences,0.9216327,0.94995326,0.8083503
3623,40870,70494,lower extremity bypass,staged tka,0.9216314,0.9507959,0.8049731
3624,8524,40168,blood transfusion,locally advanced gastric adenocarcinoma,0.9216229,0.9051787,0.98739934
3625,7555,65244,biliary complications,revisional procedures,0.92157376,0.91540325,0.9462556
3626,39295,56471,leukocyte levels,portal hypertension,0.9215648,0.92242384,0.9181287
3627,38267,41994,laparoscopic repeat liver resection,major morbidity,0.921558,0.90567976,0.9850712
3628,7539,50428,biliary atresia,open surgical procedures,0.92155784,0.92449296,0.9098173
3629,8475,70012,blood pressure control,spine surgery,0.9215393,0.9571426,0.77912587
3630,26983,72694,gallstone incidence,surgical procedure,0.9215244,0.9263338,0.90228677
3631,6834,54554,bare-metal stents,perioperative myocardial infarction,0.9215233,0.9122933,0.95844287
3632,2090,41370,adjuvant chemotherapy initiation,lymph node status,0.9215193,0.910368,0.96612406
3633,737,57493,abdominal hernia,postoperative care,0.92148936,0.92432266,0.91015595
3634,22185,58065,emergent surgery,postoperative nausea,0.9214871,0.90304625,0.99525034
3635,44790,73637,minor hepatectomy,synchronous metastases,0.92145985,0.9118295,0.9599814
3636,66457,82166,rutherford classification,younger age,0.9214593,0.9095602,0.9690554
3637,37522,72596,kaplan-meier curve analysis,surgical mortality,0.9214325,0.9170848,0.9388231
3638,37324,46152,ivor lewis esophagectomy,multidisciplinary team approach,0.9214265,0.9232551,0.91411203
3639,57825,80473,postoperative hemorrhage,vasopressor requirement,0.9214099,0.92085683,0.92362225
3640,27255,38007,gastric outlet obstruction,laparoscopic appendectomy,0.9214005,0.90301836,0.99492896
3641,41424,63344,lymphatic leakage,rectal cancer surgery,0.92139184,0.9301618,0.8863122
3642,16624,73250,cox regression analyses,survival predictor,0.9213769,0.92017764,0.9261738
3643,45654,59923,mortality rates,preserved ventricular function,0.9213768,0.93484277,0.8675132
3644,60725,62876,prognostic nutritional index,random forest,0.9213265,0.90258384,0.9962972
3645,6968,67668,base deficit,serum albumin,0.921314,0.94876444,0.8115123
3646,27085,70226,gastric cancer,ssi bundle,0.9212879,0.90698254,0.9785091
3647,13156,80378,clinical burden,vascular surgery,0.9212227,0.9339605,0.87027115
3648,21595,24136,elderly patients,exercise self-efficacy,0.9212196,0.9266656,0.89943546
3649,10490,48606,cardiogenic shock,non-frail patients,0.9212089,0.90703046,0.97792256
3650,21772,58182,elective surgery,postoperative physiotherapy,0.9212044,0.90630907,0.98078537
3651,37916,52437,lactate levels,parkinson's disease,0.92119515,0.92187023,0.9184946
3652,21382,76334,economic costs,total shoulder arthroplasty,0.9211802,0.91466814,0.94722825
3653,30226,63234,hepatitis b virus,recipient body mass index,0.92116934,0.94589454,0.8222685
3654,59819,65619,preoperative symptoms,risk factors for complications,0.92116654,0.91795826,0.9339998
3655,16807,81425,crohn's disease,vte history,0.9211606,0.9128428,0.9544315
3656,46151,65647,multidisciplinary team,risk factors for hernia,0.9211179,0.92490184,0.9059819
3657,17069,60266,culprit lesion-only pci,primary patency,0.9210945,0.97307485,0.7131729
3658,50619,61628,operative duration,psoas muscle size,0.92107594,0.91207963,0.9570609
3659,19555,59180,disease control rate,preoperative albumin,0.9210721,0.9056857,0.9826178
3660,35665,72626,intestinal function recovery time,surgical outcome,0.92106295,0.9203383,0.9239618
3661,486,81457,5-year follow-up,waist-to-height ratio,0.92105544,0.9411752,0.84057623
3662,36268,49067,intraoperative blood loss,nonsmall-cell lung cancer,0.9210539,0.9041296,0.9887509
3663,41248,43269,lung transplant,medical therapy,0.9210365,0.9095733,0.9668888
3664,79330,80282,univariable analysis,vascular invasion,0.92102396,0.9074923,0.9751507
3665,2457,49575,adverse clinical events,obese patients,0.92096984,0.91160446,0.95843124
3666,40442,54465,long-term outcomes,perioperative covid-19,0.92094636,0.9039785,0.9888176
3667,12059,58041,chemotherapy sensitivity,postoperative morbidity,0.9209343,0.9034336,0.99093693
3668,39163,41020,length of hospitalization,lumbar drainage,0.92092794,0.9414345,0.8389016
3669,13592,81215,clinically significant bleeding,visual analogue scale,0.9208947,0.9099958,0.96449006
3670,33898,41582,independent risk factor,machine learning approaches,0.92089224,0.9159168,0.94079405
3671,29680,72463,hematocrit level,surgical fixation,0.9208915,0.9411383,0.8399042
3672,4737,9705,anticoagulant therapy,cabg surgery,0.92085516,0.91930807,0.9270434
3673,31420,80649,hmg-coa reductase inhibitors,venous thromboembolism,0.9208439,0.9539317,0.7884925
3674,48191,52928,new-onset renal insufficiency,patient demographics,0.92083246,0.91941315,0.92650944
3675,25621,52956,financial toxicity,patient follow-up,0.9208021,0.92491996,0.90433043
3676,60707,78057,prognostic imaging biomarkers,tumor burden score,0.92077714,0.9438008,0.8286824
3677,28215,50406,glomerular filtration rate,open splenectomy,0.9207614,0.9236125,0.90935695
3678,42216,71564,malignant lesions,submucosal dissection,0.920758,0.9595947,0.7654109
3679,36529,65969,intraoperative ultrasonography,robot-assisted partial nephrectomy,0.92075706,0.9604246,0.7620867
3680,2082,39961,adjuvant chemotherapy,lobectomy with isthmusectomy,0.9207515,0.9178173,0.9324885
3681,55444,58125,physical examination,postoperative pain,0.9207323,0.9153777,0.94215095
3682,13050,27568,clavien-dindo grade iii complications,gastrointestinal stromal tumors,0.92072636,0.9035751,0.98933136
3683,63535,75820,recurrence rate,tissue expanders,0.9207174,0.91787046,0.93210524
3684,16198,72046,coronary artery disease,surgeon procedure volume,0.9207162,0.90487945,0.98406315
3685,13245,54387,clinical features,periooperative factors,0.9207009,0.96213615,0.7549598
3686,44745,70635,minimally-invasive surgery,staple line reinforcement,0.9206828,0.95726675,0.7743469
3687,2310,52646,advanced gastric cancer,pathologic information,0.92066544,0.94824266,0.8103565
3688,8011,58957,biomarkers for gastric cancer,predictive model,0.9206565,0.951425,0.79758227
3689,29229,45621,hazard ratios,mortality estimation,0.9206457,0.91607714,0.9389202
3690,32207,76222,hypertensive patients,total joint arthroplasty,0.9206389,0.91160744,0.95676464
3691,10738,39001,carotid endarterectomy,left upper lobectomy,0.9206223,0.9034713,0.98922616
3692,16643,74427,cox-maze procedure,technical success rate,0.92060536,0.9193356,0.9256842
3693,3579,43054,anastomotic dehiscence,median blood loss,0.9205849,0.90398943,0.9869666
3694,14413,67405,colorectal cancer liver metastasis,sensitivity analyses,0.9205832,0.917559,0.93267983
3695,27771,58589,general anesthesia,postreperfusion syndrome,0.9205815,0.9529593,0.79107034
3696,47098,61002,national comprehensive cancer network,propensity score-matching,0.9205745,0.92627597,0.8977683
3697,30534,60571,high mortality rates,procedure time,0.9205736,0.95115536,0.7982465
3698,41576,50618,machine learning,operative drainage,0.9205734,0.9194397,0.9251082
3699,1500,33678,acute kidney injury,incidence of surgery,0.92055404,0.92923486,0.88583064
3700,512,40235,5-year survivors,locoregional recurrence,0.92054415,0.9261904,0.8979592
3701,25956,54879,fluid overload,periprosthetic joint infection,0.9205301,0.90425223,0.98564154
3702,21562,79334,ejection fraction,univariate and multivariate analyses,0.9205046,0.9271458,0.8939399
3703,13154,34498,clinical biomarkers,inflammatory responses,0.9204924,0.9628959,0.7508783
3704,33902,54493,independent risk factors,perioperative fluid therapy,0.9204793,0.9073794,0.97287875
3705,14929,65103,complete pathologic response,retrospective evaluation,0.92047167,0.9226334,0.9118248
3706,72714,80268,surgical procedures,vascular imaging,0.9204479,0.9293432,0.88486636
3707,7133,15148,belt lipectomy,complication rates,0.9204408,0.90931743,0.9649342
3708,54202,56649,periampullary carcinoma,positive resection margin,0.9204324,0.90702707,0.9740536
3709,36188,60272,intramural hematoma,primary percutaneous coronary intervention,0.92042994,0.91185945,0.9547116
3710,4954,49536,anxiety and depression,nutritional screening,0.92042696,0.9319815,0.8742088
3711,23207,55856,enteral nutrition,plasma trimethylamine n-oxide,0.92041856,0.9534363,0.7883474
3712,48149,77443,new persistent opioid use,trauma patients,0.92041206,0.9351445,0.8614822
3713,3057,33741,all-cause mortality,incisional healing,0.9203939,0.9268952,0.89438856
3714,34238,51808,infective complications,pain scores,0.9203508,0.9027141,0.9908976
3715,3192,81118,alternative lengthening of telomeres,visceral adipose tissue,0.92030823,0.94922686,0.8046339
3716,40867,77543,lower extremity artery disease,treatment decisions,0.92030346,0.9297363,0.88257205
3717,13088,48785,clear resection margins,non-small-cell lung cancer,0.9203033,0.90649015,0.9755558
3718,17174,50321,curable surgery,open liver resection,0.92029566,0.92245656,0.91165173
3719,34307,73812,infiltrative hepatocellular carcinoma,systemic inflammation,0.9202844,0.93719476,0.8526428
3720,18340,29457,delirium management,health-related quality of life,0.9202665,0.9313621,0.875884
3721,73612,80603,synchronous colorectal liver metastases,venous invasion,0.9202662,0.9026876,0.9905806
3722,1668,37669,acute stanford type a aortic dissection,kidney function,0.92022264,0.9261147,0.89665437
3723,33825,73441,incremental cost-effectiveness ratio,symptom improvement,0.9202152,0.907479,0.97116
3724,22764,43290,endoscopic therapy,medicare claims data,0.92020935,0.9213562,0.9156219
3725,2208,59250,adrenocortical carcinoma,preoperative body mass index,0.92020696,0.91376644,0.94596887
3726,30359,63536,her2 status,recurrence rates,0.92014533,0.91615635,0.93610114
3727,28244,37562,glucagon-like peptide 1 receptor agonists,kasai portoenterostomy,0.92012894,0.97822315,0.68775195
3728,56880,58257,post-operative ileus,postoperative recurrence,0.9201205,0.90363353,0.9860681
3729,45728,75576,moyamoya disease,tici score,0.9201199,0.96272326,0.74970645
3730,15458,73659,conditional survival,synchronous pulmonary metastasis,0.92010957,0.93866247,0.84589773
3731,42281,78328,malignant tumour,tumor recurrence,0.9201054,0.90883183,0.96519953
3732,36962,55080,inverse probability of treatment weighting,peroperative bleeding,0.92010427,0.922876,0.9090173
3733,64416,78053,repeat cytoreductive surgery,tumor budding,0.920102,0.93637246,0.8550199
3734,9624,54805,c-reactive protein,peripheral sensory neuropathy,0.9200947,0.9050899,0.9801139
3735,54034,63799,percutaneous revascularization,reduced left ventricular ejection fraction,0.9200921,0.9383935,0.84688675
3736,23641,43114,esophageal cancer resection,median survival time,0.92007047,0.90668166,0.97362566
3737,14461,41931,colorectal carcinomas,major complications,0.92006046,0.9218107,0.9130593
3738,5273,60744,aortic valve stenosis,prognostic risk factors,0.92005396,0.92800444,0.8882521
3739,16557,57423,covid-19 infection,postoperative bacteremia,0.9200186,0.9433306,0.82677054
3740,20705,68851,duration of surgery,single-incision laparoscopy,0.92000306,0.9182878,0.9268639
3741,38732,73799,lauren's classification,systemic immune inflammation index,0.9199881,0.9522156,0.7910778
3742,598,68144,90-day readmission,severe hypotension,0.9199826,0.9295396,0.88175446
3743,6904,72631,barium enema,surgical outcomes,0.9199625,0.9253222,0.89852387
3744,3596,76482,anastomotic leak,tracheobronchial foreign bodies,0.91995835,0.91751975,0.9297125
3745,5958,42991,aspirin therapy,mechanical ventilation,0.91989756,0.90160805,0.9930554
3746,41757,77588,magnetic resonance imaging,treatment impact,0.9198887,0.96818316,0.7267105
3747,9640,67759,c-reactive protein-to-albumin ratio,serum creatine phosphokinase,0.9198648,0.9314314,0.8735983
3748,8272,54550,bladder repair,perioperative mortality,0.91982406,0.91018677,0.9583732
3749,5134,8613,aortic insufficiency,blunt thoracic aortic injury,0.9198207,0.91310364,0.94668883
3750,53706,57234,pelvic lymph node dissection,posterior pelvic exenteration,0.9198103,0.9656831,0.736319
3751,45513,66104,morbidity rate,robotic radical cystectomy,0.91979855,0.9139965,0.94300646
3752,36134,78053,intrahepatic distant recurrence,tumor budding,0.9197704,0.90952045,0.96077025
3753,4679,62004,antibiotic therapy,pulmonary insufficiency,0.91976017,0.94599366,0.81482613
3754,1554,40346,acute myocardial infarction,long-term cardiac mortality,0.9197398,0.9245575,0.9004688
3755,15313,49976,computed tomography,older age at diagnosis,0.91972727,0.9172107,0.92979336
3756,27568,40726,gastrointestinal stromal tumors,low-dose radiation therapy,0.91971827,0.92388755,0.9030411
3757,18385,77344,demographic characteristics,transurethral resection,0.91968536,0.93418205,0.86169857
3758,29712,73872,hematological recurrence,systemic therapy,0.9196444,0.9114907,0.95225924
3759,5555,54448,area under the receiver operating characteristic,perioperative chemotherapy,0.9196119,0.90670687,0.9712317
3760,15215,33506,composite endpoints,in-hospital outcomes,0.91960955,0.95158285,0.79171616
3761,54549,58785,perioperative morbidity,pre-operative evaluation,0.9196023,0.90143114,0.9922869
3762,23382,71927,epidermal growth factor receptor,support vector machines,0.91959965,0.9613006,0.7527957
3763,72726,80324,surgical quality control,vascular quality initiative,0.9195996,0.9340042,0.8619811
3764,1016,81201,acalculous cholecystitis,visual analog scale,0.9195937,0.94267434,0.827271
3765,44671,80324,minimally invasive pancreatic resection,vascular quality initiative,0.9195925,0.93665475,0.8513437
3766,2522,10173,adverse reactions,carbon dioxide contrast,0.9195535,0.94163686,0.83122
3767,12666,58930,chronic postthoracotomy pain,predictive factors,0.91954464,0.9580096,0.7656847
3768,4286,81454,anterior cervical discectomy and fusion,waist circumference,0.91954446,0.9045687,0.97944766
3769,39732,50636,liver function tests,operative management,0.9195355,0.90679586,0.9704943
3770,54415,80083,perioperative anxiety,valvular surgery,0.9195196,0.93526363,0.8565435
3771,6563,65811,b-mode ultrasonography,risk prediction model,0.91951704,0.98235244,0.6681756
3772,3956,63080,aneurysmal degeneration,readmission rates,0.91950464,0.9084883,0.9635702
3773,13913,60909,cognitive impairment,prolonged ileus,0.9195012,0.90857255,0.96321535
3774,17743,80378,da vinci xi,vascular surgery,0.9194926,0.9042525,0.980453
3775,19418,62890,direct oral anticoagulant,randomised controlled trial,0.919484,0.915786,0.93427587
3776,2110,70355,adjuvant immunotherapy,stage ia nsclc,0.9194399,0.944256,0.82017523
3777,49882,73822,odds ratio,systemic inflammatory biomarkers,0.9194292,0.9017695,0.9900677
3778,36964,72582,inverse probability weighting,surgical methods,0.9193716,0.92529684,0.8956707
3779,36939,72956,invasive procedures,surgical success,0.919358,0.92505735,0.89656067
3780,3489,38908,analgesic consumption,left hemicolectomy,0.9193561,0.93801856,0.84470624
3781,3678,13016,anatomic resection,clavien iii-iv complications,0.91934896,0.94108146,0.83241886
3782,40265,42712,logistic regression model,maximum standardized uptake values,0.919335,0.9119489,0.94887936
3783,33869,54550,independent predictor of survival,perioperative mortality,0.91931653,0.9060299,0.972463
3784,23418,34433,epigastric pain,inflammatory factors,0.91931033,0.9252759,0.8954481
3785,65974,79333,robot-assisted radical nephrectomy,univariate analysis,0.9192772,0.92094785,0.9125946
3786,1109,13061,acetabular fracture,clavien-dindo grading system,0.9192733,0.9108685,0.9528923
3787,18973,77915,diagnostic value,troponin t,0.91926384,0.92028666,0.91517234
3788,18083,56101,deep vein thrombosis,pneumothorax rate,0.91926247,0.91452765,0.9382014
3789,44730,61928,minimally invasive thoracoscopic surgery,pulmonary complications,0.9192331,0.9670436,0.7279913
3790,24282,57558,extended hemicolectomy,postoperative complication rates,0.91922534,0.9128607,0.9446838
3791,49987,81948,older patients,world health organization functional class,0.91919696,0.944429,0.8182691
3792,26759,76316,functional status,total protein,0.9191905,0.925139,0.8953965
3793,14955,52679,complete response,pathologic stage,0.9191885,0.90306073,0.98369956
3794,54779,61928,peripheral nerve injury,pulmonary complications,0.91918164,0.93967706,0.83720005
3795,64381,72378,reoperation rates,surgical delays,0.9191483,0.9170223,0.92765254
3796,59060,79619,predictors of mortality,urban patients,0.9191352,0.9346054,0.8572543
3797,3601,35409,anastomotic leakage,international consensus guidelines,0.91912556,0.96643627,0.7298827
3798,37527,78057,kaplan-meier estimation,tumor burden score,0.91911083,0.9497899,0.7963947
3799,27996,47475,geriatric syndromes,neoadjuvant chemotherapy,0.919102,0.9023523,0.9861011
3800,19151,58041,dietary supplements,postoperative morbidity,0.9190974,0.9083655,0.9620252
3801,1495,52312,acute ischemic stroke,paradoxical reaction,0.91908234,0.9284344,0.88167435
3802,65734,72770,risk factors for wound complications,surgical repair,0.91907567,0.9365205,0.8492961
3803,21429,41589,edmonson-steiner grade,machine learning model,0.9190738,0.9240029,0.8993575
3804,3780,16954,anatomical structures,ct images,0.91906935,0.9527887,0.78419167
3805,18389,42136,demographic factors,malignancy risk,0.919056,0.9310194,0.8712023
3806,43906,61762,metastatic lymph nodes,pt category,0.91904527,0.92163223,0.90869725
3807,23207,57349,enteral nutrition,postoperative adverse effects,0.91903085,0.96643597,0.72941023
3808,7853,26777,bioelectrical impedance analysis,functional walking capacity,0.9190273,0.9367948,0.84795725
3809,57081,76356,post-transplant survival,total weight loss,0.91901773,0.9020189,0.98701304
3810,3631,4885,anastomotic stenosis,antireflux surgery,0.91900927,0.92169225,0.9082773
3811,44674,51424,minimally invasive pancreaticoduodenectomy,overall morbidity rate,0.919008,0.9086272,0.96053106
3812,12135,51418,chest tube removal,overall hospital stay,0.9189984,0.9537316,0.7800657
3813,15581,27990,congestive cardiac failure,geriatric nutritional risk index,0.9189852,0.9122871,0.94577724
3814,9165,72581,brain natriuretic peptide,surgical method,0.91896814,0.90881324,0.9595876
3815,49987,53046,older patients,patient randomization,0.9189411,0.9291015,0.8782992
3816,602,23880,90-day readmissions,ethnic differences,0.91893876,0.90960646,0.95626783
3817,10607,53320,cardiovascular events,peak creatine kinase mb,0.9189368,0.9310122,0.8706348
3818,24398,75077,external validation,thoracoabdominal aortic aneurysms,0.9189015,0.9291389,0.87795186
3819,58957,65246,predictive model,revisional sleeve gastrectomy,0.91888976,0.90483135,0.97512347
3820,17648,61162,cytoreductive surgery,prospective multicenter database,0.9188773,0.96380454,0.7391682
3821,33857,58389,independent predictor,postoperative surveillance strategies,0.9188653,0.92293316,0.90259385
3822,2536,16273,aerobic exercise,coronary heart disease,0.91886395,0.92982763,0.8750092
3823,1578,13129,acute pancreatitis,clinical and laboratory parameters,0.91886365,0.94528794,0.81316644
3824,3575,59450,anastomotic complications,preoperative glomerular filtration rate,0.9188545,0.9580765,0.76196635
3825,10620,73258,cardiovascular involvement,survival rate,0.91884685,0.949717,0.79536605
3826,30934,45288,high-sensitivity modified glasgow prognostic score,modified rankin scale,0.9188369,0.9195453,0.9160032
3827,46334,60677,multiple primary malignancies,prognostic biomarkers,0.91883093,0.95853,0.7600346
3828,2469,48870,adverse event,nonalcoholic steatohepatitis,0.918824,0.920065,0.9138601
3829,23744,31539,esophageal resection,hospital admissions,0.9188084,0.906848,0.9666499
3830,1458,45288,acute high-risk abdominal surgery,modified rankin scale,0.91880035,0.91566354,0.93134755
3831,29829,59363,hemodynamic instability,preoperative data,0.91878664,0.9051983,0.9731399
3832,48785,62386,non-small-cell lung cancer,quality-of-life assessment,0.9187743,0.9443047,0.81665283
3833,43672,81674,metabolic score for insulin resistance,weight regain,0.91876495,0.9143323,0.9364956
3834,1624,16631,acute rejection,cox regression models,0.9187646,0.95087737,0.79031336
3835,1549,23148,acute morbidity,enhanced recovery after surgery,0.9187515,0.90566707,0.97108907
3836,48385,52796,nodal invasion,pathological staging,0.91874677,0.9462395,0.8087759
3837,13327,24117,clinical outcome,exercise echocardiography,0.918738,0.9436356,0.81914735
3838,23148,53512,enhanced recovery after surgery,pediatric liver transplant,0.9187211,0.9357748,0.8505061
3839,4161,40268,ankle surgery,logistic regression models,0.91872025,0.9198736,0.9141066
3840,10204,73851,carcinoembryonic antigen level,systemic metastases,0.9187126,0.9434765,0.8196572
3841,53087,70518,patient scar assessment questionnaire,standard care,0.9186891,0.9481167,0.8009784
3842,27576,45496,gastrointestinal surgery,morbidity after surgery,0.91868454,0.9130122,0.94137365
3843,17222,30286,curative resection rates,hepatocellular cancer,0.918665,0.9869573,0.6454957
3844,34603,53012,infrarenal aneurysm,patient outcomes,0.9186606,0.9081953,0.96052176
3845,13554,47528,clinical-radiological features,neoadjuvant treatment,0.91864693,0.956886,0.76569045
3846,10242,48805,cardiac arrhythmias,non-st-elevation myocardial infarction,0.9186279,0.926528,0.8870276
3847,16185,39415,coronary artery bypass graft,limb ischaemia,0.91862255,0.9284981,0.8791202
3848,11186,39778,cd4+ t cells,liver metastasis,0.918586,0.9285287,0.87881505
3849,45127,60700,model-based iterative reconstruction,prognostic factors,0.9185858,0.9314798,0.8670096
3850,16165,82257,coronary angiography,β-blocker therapy,0.9185828,0.90639895,0.96731794
3851,2135,23748,adjuvant therapy completion,esophageal squamous cell cancer,0.9185802,0.9439313,0.8171756
3852,24381,50521,external fixation,operating room,0.9185755,0.9490166,0.79681116
3853,26632,36261,function-preserving gastrectomy,intraoperative bleeding,0.9185634,0.908855,0.957397
3854,40044,60064,local recurrence,price transparency,0.9184756,0.904988,0.97242606
3855,26732,45223,functional outcomes,modified early warning score,0.91844434,0.9394907,0.83425885
3856,2474,41929,adverse event rate,major complication rate,0.91842514,0.91645205,0.9263175
3857,21262,65665,eastern cooperative oncology group performance status,risk factors for metastasis,0.91840214,0.9226295,0.9014927
3858,52861,77710,patient adherence,treatment-emergent adverse events,0.91839874,0.94027567,0.83089095
3859,34055,79387,induction chemotherapy,unplanned icu transfer,0.91835463,0.9410207,0.8276901
3860,31562,65826,hospital costs,risk score development,0.9183513,0.91199654,0.9437701
3861,10592,47836,cardiovascular disease,neurogenic bowel dysfunction,0.9183117,0.9362938,0.8463833
3862,22155,34893,emergent coronary artery bypass graft,insulin resistance,0.91831005,0.9458205,0.8082682
3863,44231,67792,microsatellite instability,serum expression,0.91830766,0.95398015,0.7756178
3864,666,12721,abdominal aortic aneurysm,chronic thrombocytopenia,0.91829675,0.9096285,0.9529697
3865,23925,46763,euroqol-5d questionnaire,myocardial infarction,0.9182423,0.9010434,0.9870378
3866,30287,48568,hepatocellular carcinoma,non-curative esd,0.9182167,0.9010001,0.9870831
3867,13133,48056,clinical application value,neutrophil count,0.9181968,0.9382685,0.8379099
3868,52155,57439,pancreatic sphincterotomy,postoperative bleeding,0.9181658,0.94762313,0.80033636
3869,44430,76707,middle rectal cancer,transanal specimen extraction,0.9181633,0.9552178,0.7699453
3870,5701,72782,arterial stenosis,surgical resection,0.91816264,0.916432,0.925085
3871,38049,70655,laparoscopic colorectal surgery,stapled transanal rectal resection,0.91813445,0.9475043,0.8006553
3872,48571,63080,non-curative resection,readmission rates,0.9181283,0.89881104,0.99539727
3873,2416,36880,advanced t stage,invasive adenocarcinoma,0.9181161,0.9395092,0.83254355
3874,582,45992,90-day mortality rate,multi-inflammatory index,0.9181006,0.938458,0.8366708
3875,50679,67626,operative time,serotonin-norepinephrine reuptake inhibitors,0.9180809,0.9212735,0.9053106
3876,6041,61746,asymptomatic patients,psychosocial impact,0.9180484,0.9571548,0.7616226
3877,73610,78115,synchronous colorectal cancers,tumor differentiation,0.9180466,0.9475901,0.79987246
3878,356,80654,30-day readmission rate,venous thromboembolism prevention,0.9180135,0.91813785,0.91751593
3879,23063,57797,endovascular treatment,postoperative gradients,0.9180071,0.9159208,0.92635214
3880,58930,69528,predictive factors,socioeconomic background,0.9179863,0.91929203,0.91276324
3881,24818,41931,false negative findings,major complications,0.91798574,0.9186231,0.915436
3882,8727,78336,body weight,tumor recurrence risk,0.91797584,0.9187753,0.91477776
3883,14439,49700,colorectal cancer screening,observational studies,0.91797537,0.93759876,0.83948165
3884,47911,64814,neurological impairment,respiratory failure,0.91797256,0.9163291,0.9245465
3885,60815,63165,progression-free survival,rebleeding rates,0.9179725,0.9046625,0.9712124
3886,49612,76788,obesity paradox,transcatheter aortic valve repair,0.9179715,0.96874565,0.7148749
3887,2964,60967,albumin-bilirubin grade,propensity matching,0.91796803,0.8989288,0.9941248
3888,23148,57803,enhanced recovery after surgery,postoperative haemoglobin,0.91795266,0.95328826,0.77661014
3889,43656,54017,metabolic parameters,percutaneous nephrolithotomy,0.917945,0.9020127,0.9816741
3890,58699,65096,pouch-vaginal fistula,retrospective cohort study,0.91794294,0.92514396,0.88913894
3891,32715,75968,ileosigmoid anastomosis,tnm stage,0.9179416,0.9101191,0.9492313
3892,2134,68371,adjuvant therapy,short form-12,0.9179244,0.9460362,0.805477
3893,20919,43572,early complications,mesorectal excision,0.91791713,0.9158821,0.92605716
3894,26695,64969,functional independence,retinal artery occlusion,0.91791344,0.9839581,0.65373456
3895,18728,63193,diabetic foot disease,receiver operating characteristic analysis,0.9178593,0.9225606,0.8990541
3896,39928,55904,living kidney donors,platelet count,0.917859,0.9104114,0.94764936
3897,6926,66655,barrett's esophagus,salvage endoscopic therapy,0.91785324,0.95351094,0.7752226
3898,42620,58257,matrix metalloproteinase-7,postoperative recurrence,0.9178523,0.90745455,0.95944303
3899,957,35031,abscess recurrence,intensive care unit length of stay,0.91783684,0.9158757,0.9256815
3900,13165,41290,clinical characteristics,lv remodeling,0.91782403,0.9298554,0.86969846
3901,36273,65856,intraoperative blood transfusion,risk-adjusted cumulative sum analysis,0.91780496,0.92497575,0.88912153
3902,41865,58571,major adverse limb event,postprocedural complications,0.91778195,0.9166588,0.9222744
3903,13335,14361,clinical outcomes,colonoscopy-based surveillance,0.9177487,0.9196433,0.9101705
3904,1524,79333,acute liver failure,univariate analysis,0.9177265,0.94472986,0.8097129
3905,15451,53952,concurrent validity,percutaneous coronary intervention,0.9176873,0.93475914,0.8493998
3906,21116,72281,early recurrence,surgical burden,0.9176647,0.93659025,0.84196234
3907,19585,76770,disease recurrence,transbronchial microwave ablation,0.9176526,0.9424572,0.81843406
3908,14179,44710,colon resection,minimally invasive surgeries,0.9176434,0.9499182,0.7885441
3909,672,27942,abdominal aortic aneurysms,geographic variation,0.91764235,0.908558,0.95397985
3910,26477,54845,freedom from adverse aortic events,periprocedural complications,0.91760534,0.9393716,0.83054036
3911,49061,77552,nonroutine discharge,treatment effect,0.91758406,0.9274786,0.87800574
3912,50566,77492,operation duration,travel time,0.9175726,0.92552644,0.8857573
3913,19611,70299,disease-free survival,stage 2 palliation,0.91755307,0.9083815,0.9542392
3914,23053,55795,endovascular therapy,plasma inflammatory biomarkers,0.9175119,0.9467523,0.80054986
3915,55904,62782,platelet count,radiological diagnosis,0.91750616,0.9351395,0.8469727
3916,4967,22123,anxiety symptoms,emergency surgery,0.9174999,0.89874405,0.992523
3917,12067,78273,chemotherapy treatment,tumor necrosis,0.9174999,0.91684365,0.92012507
3918,24979,49517,fat mass index,nutritional outcomes,0.91746134,0.9294425,0.8695364
3919,31515,48104,hormone receptor status,neutrophil-to-lymphocyte ratio,0.9174577,0.9079276,0.9555781
3920,1522,58188,acute limb ischemia,postoperative pneumonia,0.91745347,0.89834183,0.99389994
3921,9857,43696,caloric intake,metabolic/bariatric surgery,0.9173646,0.96921265,0.70997226
3922,52582,64262,patency loss,renal function,0.917352,0.9540017,0.7707529
3923,47424,78210,negative surgical margin,tumor invasion,0.91733295,0.93146944,0.8607869
3924,2742,77680,age-stratified analysis,treatment strategies,0.9173248,0.9280137,0.8745692
3925,14485,67032,colorectal liver metastasis,second primary tumor,0.9173241,0.95031625,0.78535557
3926,30928,56906,high-sensitivity c-reactive protein,post-operative outcome,0.91730714,0.90619975,0.9617368
3927,52863,77904,patient age,troponin elevation,0.9172492,0.9190293,0.9101288
3928,51410,79333,overall complication rate,univariate analysis,0.91723925,0.8982815,0.99306995
3929,17219,46326,curative resection,multiple organ metastases,0.91723484,0.95335186,0.7727667
3930,47473,48460,neoadjuvant chemoradiation therapy,nomogram construction,0.91722614,0.9107889,0.94297487
3931,72519,78371,surgical intervention,tumor samples,0.9172245,0.91653234,0.91999316
3932,15547,36782,congenital heart disease,intravenous lidocaine infusion,0.9172077,0.90715575,0.95741546
3933,41590,59914,machine learning models,presence of stoma,0.91720325,0.907124,0.95752037
3934,2616,50412,age and sex risk factors,open surgery,0.9171489,0.9163006,0.92054194
3935,63929,77617,regional cerebral oxygen saturation,treatment outcome,0.91714656,0.9103964,0.94414717
3936,12178,35042,child turcotte pugh score,intensive care unit stay,0.917137,0.9056164,0.96321934
3937,31671,65319,hospital surgical volume,right colectomy,0.9171066,0.9010381,0.98138076
3938,60972,63336,propensity score analysis,rectal cancer outcomes,0.9171063,0.90731674,0.95626426
3939,5554,66248,area under the curve,robotic-assisted tka,0.91706467,0.90352607,0.97121876
3940,5824,62176,asa status,pure laparoscopic donor right hepatectomy,0.9170643,0.9571942,0.7565447
3941,10350,17140,cardiac output,cumulative mortality,0.9170609,0.94239783,0.81571317
3942,62904,63769,randomized controlled trial,redo bariatric surgery,0.91705805,0.910403,0.94367796
3943,53012,55285,patient outcomes,pharmacologic thromboprophylaxis,0.91700435,0.9018195,0.9777435
3944,4587,73812,anti-tnf-α treatment,systemic inflammation,0.9169751,0.9150001,0.9248751
3945,56245,77685,polyp detection rate,treatment success,0.91695535,0.9796045,0.6663589
3946,511,41876,5-year survival rates,major amputation rates,0.91693395,0.9270827,0.87633866
3947,20285,51163,drain fluid amylase,osaka prognostic score,0.91688424,0.927004,0.8764051
3948,7969,60694,biomarker for infection,prognostic factor,0.91686237,0.9039906,0.9683492
3949,54815,62382,peripheral vascular intervention,quality-adjusted life-years,0.91686046,0.9009919,0.9803345
3950,5793,82178,artificial neural network model,ypn stage,0.9168364,0.9712092,0.69934475
3951,6145,62445,atrial fibrillation,quasi-experimental design,0.9167968,0.9398853,0.8244426
3952,41230,75114,lung resection surgery,thoracoscopic approach,0.9167915,0.9106068,0.94153017
3953,23624,48518,esophageal adenocarcinoma,non-cancer death,0.91678953,0.94421613,0.80708295
3954,50684,79402,operative timing,unplanned readmissions,0.91678935,0.91518,0.92322654
3955,20964,55408,early gastric cancer,photothermal therapy,0.9167876,0.9439843,0.8080009
3956,42508,58014,massive bleeding,postoperative major complications,0.9167782,0.91860944,0.9094533
3957,32651,53105,ileal anastomosis,patient survival,0.9167778,0.9170026,0.9158784
3958,30612,54811,high volume hospitals,peripheral vascular disease,0.9167612,0.91002256,0.94371593
3959,8452,39982,blood loss management,local anesthesia,0.9167573,0.9429371,0.8120382
3960,33220,64089,immunological parameters,relapse-free survival,0.91675603,0.98239905,0.6541838
3961,12635,46975,chronic opioid use,narcotic requirements,0.91674674,0.93358856,0.84937924
3962,28903,78945,guideline-concordant treatment,ulcerative colitis,0.9167457,0.9171014,0.91532284
3963,39033,48197,left ventricular ejection fraction,newer-generation drug-eluting stent,0.9167018,0.9403064,0.8222834
3964,62798,73240,radiological measurements,survival outcomes,0.9166991,0.9106829,0.9407639
3965,52928,74580,patient demographics,tertiary lymphoid structure,0.9166971,0.90009284,0.983114
3966,16773,45652,critical illness-related corticosteroid insufficiency,mortality rate,0.91668963,0.926234,0.8785119
3967,2325,15838,advanced hilar cholangiocarcinoma,contrast-enhanced computed tomography,0.9166813,0.93605775,0.83917516
3968,40443,70463,long-term overall survival,stage migration,0.91667485,0.91243696,0.9336263
3969,70103,78222,spline regression model,tumor location,0.9166733,0.9005893,0.98100936
3970,10696,17140,carotid artery disease,cumulative mortality,0.916668,0.91962737,0.90483046
3971,3424,51796,anaesthetic technique,pain relief,0.9166572,0.94533366,0.8019512
3972,2404,41994,advanced stage disease,major morbidity,0.9166439,0.89979464,0.984041
3973,22123,57616,emergency surgery,postoperative day 7,0.916625,0.90271354,0.9722711
3974,34101,53554,infants and young children,pediatric patients,0.9165914,0.93804353,0.8307828
3975,38252,72168,laparoscopic radiofrequency ablation,surgery time,0.91656,0.9037894,0.96764237
3976,10159,78395,carbohydrate antigen 19-9,tumor size measurement,0.91655433,0.94125813,0.81773895
3977,31598,76835,hospital length of stay,transcatheter pulmonary valve implantation,0.91655076,0.9689762,0.7068487
3978,54169,77443,peri-operative care,trauma patients,0.91654885,0.92534256,0.8813737
3979,69579,72552,sofa scores,surgical management,0.9165406,0.9171199,0.91422343
3980,46428,65348,multivariable cox regression model,right hemicolectomy,0.91653687,0.91925067,0.9056816
3981,565,17263,90-day follow-up,current smoking,0.9165298,0.93198997,0.8546887
3982,46471,57861,multivariate logistic regression analysis,postoperative hyperglycemia,0.9165211,0.9050519,0.96239775
3983,53825,72581,peptic ulcer disease,surgical method,0.91651666,0.9039057,0.96696055
3984,33611,73240,incidence of gastric cancer,survival outcomes,0.91651344,0.9230415,0.8904008
3985,71301,79399,stroke-free survival,unplanned readmission,0.9165092,0.90275276,0.9715347
3986,5194,54695,aortic root disease,peripheral artery disease,0.9165088,0.91738594,0.91300017
3987,33883,73814,independent predictors of prognosis,systemic inflammation index,0.9164883,0.9422565,0.81341535
3988,3601,67690,anastomotic leakage,serum amyloid p,0.9164841,0.97374946,0.6874229
3989,8530,62686,blood transfusion rates,radical surgery,0.91647935,0.89650047,0.9963946
3990,15148,60049,complication rates,previous percutaneous coronary intervention,0.9164774,0.8989143,0.98672974
3991,21590,44624,elderly individuals,minimally invasive esophagectomy,0.91645825,0.91470903,0.9234552
3992,2528,43109,adverse surgical events,median survival,0.9164416,0.90180904,0.97497195
3993,13245,22511,clinical features,endoscopic clearance,0.91643894,0.960083,0.7418627
3994,23148,78805,enhanced recovery after surgery,type 3 bleeding,0.91638535,0.9093749,0.94442725
3995,2963,9967,albumin-alkaline phosphatase ratio,cancer stage,0.91638184,0.90582323,0.95861614
3996,359,47427,30-day readmissions,negative tumor margins,0.916341,0.9064185,0.956031
3997,3057,54166,all-cause mortality,peri-operative blood loss,0.91634077,0.916007,0.9176757
3998,22700,77499,endoscopic retrograde cholangiopancreatography,treatment accuracy,0.91633564,0.9749698,0.681799
3999,70199,79238,squamous cell carcinoma,undifferentiated type histology,0.9163245,0.94687104,0.79413843
4000,13327,72199,clinical outcome,surgery-related costs,0.9163073,0.91124064,0.9365738
4001,47093,80603,national clinical database,venous invasion,0.91629887,0.9022423,0.9725251
4002,36095,75677,intraductal papillary mucinous carcinoma,time to recurrence,0.9162888,0.9418075,0.81421363
4003,22024,40919,emergency cholecystectomy,lower gastrointestinal bleeding,0.9162869,0.96318924,0.7286776
4004,25399,70266,ffr-guided revascularization,st-segment-elevation myocardial infarction,0.91628253,0.9693262,0.7041079
4005,38165,58218,laparoscopic left hemihepatectomy,postoperative pulmonary complications,0.91625196,0.898715,0.98639953
4006,2709,25789,age-adjusted charlson comorbidity index,five-year survival rate,0.9162513,0.89845496,0.9874363
4007,69543,72683,socioeconomic status,surgical practice changes,0.9162482,0.92595685,0.8774133
4008,25233,62380,femoral hernia,quality-adjusted life years,0.91620713,0.92584825,0.8776426
4009,62074,75677,pulmonary tuberculosis,time to recurrence,0.9161968,0.91108644,0.93663836
4010,71944,72714,suppurative cervical lymphadenitis,surgical procedures,0.91617185,0.96380466,0.72564054
4011,2130,47455,adjuvant systemic therapy,neo-adjuvant chemotherapy,0.91616565,0.9192044,0.9040104
4012,12413,67409,chronic alcohol consumption,sensitivity and specificity,0.91616374,0.9270371,0.8726701
4013,31752,68477,hospitalization period,shoulder pain,0.91614527,0.9478578,0.789295
4014,13023,54497,clavien-dindo classification,perioperative glucocorticoids,0.9161331,0.8977077,0.9898347
4015,348,69999,30-day postoperative outcomes,spinal trauma,0.9161303,0.9609555,0.7368293
4016,23636,73190,esophageal cancer,surveillance studies,0.9160856,0.92286086,0.8889846
4017,22948,47784,endovascular aneurysm repair,neurocritical care,0.9160768,0.92357886,0.8860682
4018,45494,77731,morbid obesity,treatment-resistant hypertension,0.9160675,0.90839016,0.9467767
4019,72370,76085,surgical decision-making,total anomalous pulmonary venous connection,0.9160323,0.92289317,0.8885887
4020,50485,65221,open-heart surgery,revision surgery,0.9160247,0.89621127,0.99527836
4021,23537,49438,eras principles,nursing satisfaction,0.91602063,0.952361,0.77065915
4022,5873,21562,asd closure,ejection fraction,0.9160199,0.9692867,0.7029526
4023,43295,61955,medicare expenditures,pulmonary endarterectomy,0.9159906,0.9371688,0.8312777
4024,26732,69400,functional outcomes,smith-petersen osteotomy,0.91598266,0.92298317,0.88798034
4025,51860,77567,palliative procedure,treatment failure,0.9159696,0.91704464,0.91166943
4026,28722,50412,gram-positive bacteria,open surgery,0.9159447,0.92470884,0.88088816
4027,61707,62359,psychological resilience,quality of recovery score,0.915926,0.9427668,0.80856264
4028,10622,62095,cardiovascular magnetic resonance imaging,pulmonary vascular resistance,0.9159162,0.9373824,0.83005136
4029,33742,71477,incisional hernia,subcutaneous fat pad,0.91591376,0.94944394,0.7817929
4030,57825,76152,postoperative hemorrhage,total complication rates,0.9159095,0.91295654,0.9277215
4031,972,14955,absolute monocyte count,complete response,0.9159082,0.93004066,0.8593784
4032,17024,70972,ct1n0 lung adenocarcinoma,stereotactic body radiation therapy,0.91589224,0.9197913,0.9002959
4033,2139,52856,adjuvant treatment,patient access to care,0.91589195,0.94304,0.8072997
4034,1631,41890,acute renal failure,major bleeding complication,0.9158852,0.93886906,0.82394993
4035,2068,59029,adjusted odds ratio,predictors of atrial fibrillation,0.9158745,0.92110527,0.89495105
4036,14059,32230,collagen production,hypertrophic scars,0.9158707,0.9861649,0.6346937
4037,27990,43970,geriatric nutritional risk index,metformin use,0.9158704,0.8984901,0.9853917
4038,50585,69204,operational management,sleeve gastrectomy,0.9158658,0.96222544,0.730427
4039,22786,46315,endoscopic ultrasound,multiple logistic regression analysis,0.91586494,0.97621626,0.67445964
4040,36311,41091,intraoperative data,lung adenocarcinoma,0.91585946,0.90065414,0.9766808
4041,46414,80236,multivariable analysis,vascular endothelial growth factor,0.9158524,0.9270596,0.87102395
4042,15874,50347,control group,open pancreatectomy,0.91580456,0.9126681,0.92835045
4043,58084,73835,postoperative neutrophil-to-lymphocyte ratio,systemic inflammatory response,0.91579956,0.9061205,0.9545159
4044,12698,32016,chronic rhinosinusitis with nasal polyps,humoral immunity,0.9157659,0.94648397,0.7928933
4045,19261,39254,diffuse reflectance spectroscopy,lesion size,0.9157529,0.9409558,0.8149411
4046,39885,50646,liver-directed therapy,operative outcomes,0.91574866,0.90222263,0.9698527
4047,5749,65221,arteriovenous malformations,revision surgery,0.9157268,0.93175626,0.85160863
4048,10521,25952,cardiopulmonary bypass,fluid intake,0.9157242,0.9068956,0.95103866
4049,68714,73775,simultaneous bilateral total hip arthroplasty,systemic complications,0.9157052,0.90936416,0.9410694
4050,355,48394,30-day readmission,nodal response,0.9157047,0.9023167,0.96925664
4051,41846,58966,major adverse cardiovascular and cerebrovascular event,predictive nomogram,0.9156867,0.9287665,0.86336756
4052,11931,46063,charlson comorbidity index,multicenter registry study,0.91564393,0.90309197,0.9658518
4053,28444,30286,good response,hepatocellular cancer,0.91563874,0.9607449,0.73521405
4054,31166,63535,histological fibrosis stage,recurrence rate,0.91562295,0.94335014,0.8047142
4055,52683,72552,pathologic stage iii,surgical management,0.9156121,0.9077527,0.9470494
4056,9911,50984,cancer diagnosis,oral squamous cell carcinoma,0.9156075,0.9016109,0.97159386
4057,43679,45233,metabolic surgery,modified five-item frailty index,0.9155681,0.9208372,0.89449155
4058,31761,44395,hospitalization time,middle cerebral artery,0.9155638,0.9524019,0.7682115
4059,2960,56497,albumin to alkaline phosphatase ratio,portal vein embolization,0.9155412,0.9380478,0.8255144
4060,3888,72388,anesthetic time,surgical difficulty,0.91553676,0.97133785,0.69233227
4061,26036,57439,fluoroscopic guidance,postoperative bleeding,0.91550887,0.9019572,0.9697155
4062,43273,73764,medical treatment,systemic arterial hypertension,0.9154908,0.9169835,0.90952015
4063,59750,78213,preoperative risk stratification,tumor invasiveness,0.9154871,0.9422788,0.80832034
4064,16625,62416,cox regression analysis,quantitative imaging metrics,0.915458,0.95743185,0.74756265
4065,25985,63353,fluorescence imaging,rectal carcinoma,0.9154027,0.9217043,0.89019626
4066,1631,41811,acute renal failure,maintenance fluid therapy,0.9153812,0.9331473,0.8443168
4067,28191,46802,global longitudinal strain,myocardial perfusion,0.9153701,0.94974256,0.7778802
4068,17919,56007,deceased donor liver transplant,pleural effusion,0.9153304,0.9063949,0.9510721
4069,19252,65087,diffuse lesions,retrospective analysis,0.915298,0.93759143,0.82612437
4070,21862,59427,electronic data capture,preoperative factors,0.9152758,0.9085036,0.94236445
4071,38676,69204,late-stage disease,sleeve gastrectomy,0.9152413,0.9397213,0.8173211
4072,24111,68283,exenterative surgery,sexual function,0.9152406,0.96362656,0.7216965
4073,58209,65993,postoperative prophylaxis,robot-assisted thoracoscopic surgery,0.9152016,0.9237976,0.8808175
4074,27559,30440,gastrointestinal quality of life index,hiatus hernia repair,0.9152004,0.9673643,0.70654476
4075,3169,58966,alpha-fetoprotein value,predictive nomogram,0.91516906,0.9184112,0.90220034
4076,21166,49575,early stage lung adenocarcinoma,obese patients,0.9151187,0.92480516,0.8763729
4077,1714,36034,acute treatment,intracranial hemorrhage,0.9151119,0.9641935,0.71878505
4078,51463,67858,overall survival rates,serum inflammatory markers,0.9151115,0.89733464,0.98621875
4079,48983,81010,noninvasive evaluation,video-assisted thoracoscopic surgery,0.9151083,0.9075944,0.94516385
4080,17093,60725,culture-proven infection,prognostic nutritional index,0.91509354,0.9332905,0.84230566
4081,34537,76197,influenza vaccination,total hip arthroplasty,0.9150802,0.97408223,0.67907166
4082,43897,61680,metastatic lung cancer,psychological distress,0.91506225,0.9603573,0.7338818
4083,35869,68173,intra-gastric balloon,severe obesity,0.91505396,0.91717696,0.90656185
4084,3838,72602,anesthesia induction,surgical navigation,0.91504574,0.92520785,0.8743973
4085,2467,21089,adverse effects,early postoperative pain,0.9150247,0.9185559,0.9008998
4086,5831,16261,ascending aorta,coronary dissection,0.91500795,0.93903637,0.818894
4087,7471,34446,bile duct injury,inflammatory indicators,0.91500497,0.8981359,0.9824813
4088,7070,60677,bclc staging system,prognostic biomarkers,0.914987,0.9635558,0.7207118
4089,60765,72370,prognostic tool,surgical decision-making,0.91498554,0.91915214,0.898319
4090,26924,74630,gallbladder carcinoma,texture features,0.9149771,0.92264766,0.8842947
4091,19289,58974,diffusion-weighted images,predictive performance,0.9149624,0.924101,0.8784078
4092,27051,30850,gastric adenocarcinoma,high-risk gists,0.9149581,0.8991485,0.9781967
4093,23485,60688,epithelial ovarian cancer,prognostic differences,0.91494095,0.95837563,0.74120224
4094,3574,73441,anastomotic complication,symptom improvement,0.91493976,0.92223275,0.8857677
4095,1380,25404,acute cholangitis,fib-4 score,0.91492534,0.9416796,0.807908
4096,14949,27584,complete resection,gastrointestinal toxicity,0.9149053,0.90187603,0.9670224
4097,23835,26658,estimated blood loss,functional complications,0.91490334,0.91917086,0.897833
4098,38899,50076,left gastric artery,oncologic outcomes,0.91487527,0.90614134,0.94981086
4099,43871,70462,metastatic colorectal cancer,stage iv tumors,0.9148606,0.9207797,0.8911841
4100,313,74395,30-day morbidity,technical failure,0.91485226,0.90581524,0.9510003
4101,40389,50076,long-term follow up,oncologic outcomes,0.9148472,0.9168579,0.9068042
4102,65669,73989,risk factors for nafld,t stage,0.91484284,0.9417406,0.8072519
4103,12211,25176,childhood obesity,female patients,0.9148324,0.91355884,0.91992676
4104,24780,31597,failure to rescue,hospital length,0.9148281,0.95025384,0.77312523
4105,12567,79274,chronic kidney disease,unified parkinson's disease rating scale,0.9148202,0.97326475,0.6810416
4106,40777,79336,low-molecular-weight heparin,univariate logistic regression,0.91480535,0.9053706,0.9525441
4107,60760,79317,prognostic significance,uniport video-assisted thoracoscopic surgery,0.91480047,0.9018994,0.96640456
4108,23835,56365,estimated blood loss,poorly differentiated carcinoma,0.9147918,0.8947511,0.9949545
4109,58125,75816,postoperative pain,tissue expander breast reconstruction,0.9147857,0.90339607,0.96034414
4110,13208,42426,clinical decision-making,margin assessment,0.91478485,0.94283736,0.80257463
4111,14182,21634,colon surgery,elective cholecystectomy,0.91476464,0.91257364,0.9235286
4112,38296,61945,laparoscopic sigmoid colectomy,pulmonary embolism,0.91476107,0.90294266,0.9620347
4113,27567,43850,gastrointestinal stromal tumor,metastasis-free survival,0.91473097,0.8961154,0.989193
4114,11769,18091,cerebrospinal fluid drainage,deep venous thrombosis,0.91472536,0.91762394,0.9031311
4115,19209,44629,differentiation grade,minimally invasive gastrectomy,0.9146938,0.8990061,0.97744435
4116,9624,77825,c-reactive protein,tricuspid valve tethering,0.91469306,0.93662935,0.8269476
4117,41091,58938,lung adenocarcinoma,predictive factors for recurrence,0.9146652,0.90343595,0.95958227
4118,37764,73836,knee dislocation,systemic inflammatory response index,0.91466266,0.9391073,0.8168841
4119,18739,79025,diabetic foot ulcers,ultrasound imaging,0.9146486,0.9181462,0.90065813
4120,22716,68437,endoscopic severity,short-term outcomes,0.91461813,0.9212447,0.8881118
4121,26921,66258,gallbladder cancer,robotically assisted surgery,0.9145989,0.9013087,0.9677594
4122,10490,26393,cardiogenic shock,fragmentation of care,0.91458434,0.91156065,0.926679
4123,41946,81155,major gastrointestinal surgery,visceral obesity,0.914583,0.9060956,0.9485325
4124,16719,23156,creatinine clearance,enhanced recovery after surgery protocols,0.9145758,0.92240316,0.8832664
4125,57440,64381,postoperative bleeding complication,reoperation rates,0.9145614,0.90252393,0.9627111
4126,11055,78945,cbd diameter,ulcerative colitis,0.91454715,0.90706235,0.9444862
4127,41505,82155,lymphovascular invasion,young females,0.91450286,0.91525304,0.91150194
4128,63196,63234,receiver operating characteristic curves,recipient body mass index,0.91449744,0.91270053,0.92168516
4129,41909,48156,major cardiac event,new york heart association class,0.91446817,0.93185496,0.84492075
4130,18458,76188,depression diagnosis,total gastrectomy,0.9144635,0.9038895,0.9567597
4131,38306,76800,laparoscopic splenectomy,transcatheter arterial embolization,0.9144531,0.92723083,0.86334187
4132,27771,79287,general anesthesia,unilateral inguinal hernia,0.9144517,0.92181766,0.8849881
4133,33533,62779,in-stent restenosis,radiological assessment,0.91444707,0.91970164,0.89342844
4134,30775,54909,high-output stoma,peritoneal cancer index,0.91444016,0.9014033,0.9665872
4135,46429,70199,multivariable cox-regression analysis,squamous cell carcinoma,0.9144369,0.91102093,0.92810065
4136,42898,49987,mechanical aortic valve,older patients,0.9144115,0.92813903,0.8595013
4137,14728,26743,community hospital,functional recovery,0.91439533,0.89957094,0.97369295
4138,1792,72893,additional surgical procedures,surgical site infections,0.91439277,0.94911385,0.77550817
4139,22986,51325,endovascular intervention,outpatient follow-up,0.9143906,0.9217734,0.8848596
4140,67199,73812,segmental arterial mediolysis,systemic inflammation,0.9143754,0.9448045,0.7926592
4141,60760,70311,prognostic significance,stage distribution,0.9143718,0.91564417,0.90928215
4142,27175,80649,gastric fundus,venous thromboembolism,0.91436744,0.8947682,0.9927644
4143,6340,10521,autologous cytokine-induced killer cells,cardiopulmonary bypass,0.91434646,0.9051249,0.9512327
4144,16102,61964,core outcome set,pulmonary function,0.91434544,0.9057899,0.9485673
4145,26885,72519,gadoxetate disodium-enhanced mri,surgical intervention,0.9143426,0.9127484,0.9207191
4146,18272,49432,delayed gastric emptying,nursing interventions,0.9143377,0.92291844,0.8800145
4147,39677,73227,liver cirrhosis,survival duration,0.9143307,0.89778244,0.98052365
4148,580,63349,90-day mortality,rectal carcinoid,0.91431564,0.89775574,0.980555
4149,8857,29849,bone mineral density,hemodynamic status,0.9143107,0.90521455,0.9506953
4150,6076,40262,atheromatous disease,logistic regression,0.9142884,0.95403594,0.75529814
4151,9388,49882,bronchial atresia,odds ratio,0.9142842,0.9248238,0.87212604
4152,15313,55905,computed tomography,platelet count increase,0.9142643,0.9253616,0.86987513
4153,15002,68324,completion lobectomy,shared decision-making,0.91426164,0.9228588,0.8798729
4154,56627,70320,positive margins,stage i gastric cancer,0.9142525,0.90039575,0.9696795
4155,280,35289,30-day complication rates,intermittent claudication,0.91425145,0.9073154,0.9419957
4156,20456,55293,dual antiplatelet therapy,pharmacological interventions,0.91425145,0.935533,0.8291254
4157,61174,76711,prospective randomized trial,transanal total mesorectal excision,0.91425,0.9022917,0.9620829
4158,57558,78876,postoperative complication rates,type of surgery,0.91424483,0.8994213,0.973539
4159,8851,58221,bone metastases,postoperative pulmonary embolism,0.91421604,0.9228,0.8798802
4160,40232,65110,locoregional lymph nodes,retrospective review,0.9142063,0.9612422,0.72606254
4161,30149,67216,hepatic pedicle clamping,segmental resection,0.914189,0.94582796,0.7876331
4162,13327,79773,clinical outcome,urinary ngal,0.91418266,0.90940034,0.9333119
4163,37776,49390,knee osteoarthritis outcome score,numerical rating scale,0.9141739,0.97057694,0.68856174
4164,14527,56778,colorectal resection,post-gastrectomy syndrome assessment scale,0.9141737,0.9541029,0.7544571
4165,51743,52385,pain control,parecoxib sodium,0.91417027,0.98712605,0.622347
4166,25421,45514,fibrin glue,morbidity rates,0.91412437,0.91265994,0.91998196
4167,62019,78296,pulmonary metastases,tumor node metastasis stage,0.91412437,0.9036418,0.95605475
4168,23148,72737,enhanced recovery after surgery,surgical r0 resection,0.9140855,0.89827853,0.97731316
4169,32458,55911,icu stay,platelet distribution width,0.9140734,0.89370286,0.9955556
4170,52796,63542,pathological staging,recurrence risk stratification,0.9140726,0.9440547,0.7941439
4171,19585,43191,disease recurrence,medicaid coverage,0.91406536,0.90580136,0.94712144
4172,58974,77660,predictive performance,treatment resistance,0.91405076,0.91827667,0.897147
4173,42671,51808,maximal urinary flow rate,pain scores,0.91404116,0.92817354,0.8575114
4174,16191,41972,coronary artery bypass surgery,major ischemic events,0.9140337,0.9365847,0.8238297
4175,21636,66262,elective colectomy,roc curve analysis,0.9140068,0.89482564,0.9907314
4176,19766,34147,distal pancreatectomy,infection control program,0.9139677,0.91270244,0.91902876
4177,40170,77719,locally advanced gastric carcinoma,treatment-related complications,0.9139598,0.9485972,0.7754102
4178,13612,60969,clinically-relevant postoperative pancreatic fistula,propensity score,0.91395926,0.92385226,0.8743873
4179,44377,50662,mid-term outcomes,operative risk,0.91395813,0.90490776,0.95015943
4180,3740,39806,anatomical liver resections,liver resection,0.9139544,0.9816366,0.64322567
4181,58901,75405,prediction model,thrombotic risk,0.9139524,0.9340961,0.8333776
4182,43609,53113,metabolic bariatric surgery,patient tolerance,0.9139388,0.9544168,0.75202674
4183,38212,57971,laparoscopic pancreaticoduodenectomy,postoperative leaks,0.91393757,0.91350514,0.91566706
4184,45245,72845,modified glasgow prognostic score,surgical risk stratification,0.9139333,0.9000835,0.96933246
4185,12724,49696,chronic thromboembolic pulmonary hypertension,observational cohort study,0.91392857,0.9136211,0.91515845
4186,65832,66369,risk scoring system,roux-en-y gastric bypass,0.9139099,0.8933537,0.9961345
4187,65200,79333,revised risk analysis index,univariate analysis,0.91387206,0.89952034,0.9712787
4188,41010,45453,lumbar decompression surgery,monocyte-to-lymphocyte ratio,0.91385186,0.91059226,0.92689013
4189,37858,72334,kyphosis angle,surgical complications,0.9138322,0.90749246,0.9391911
4190,9033,22433,bowel movement,endometrial cancer,0.9138213,0.90238315,0.95957375
4191,35014,69467,intensive care unit,social inequality,0.9138179,0.89730996,0.97984946
4192,25941,81520,fluid balance,warm ischemia time,0.9137799,0.90997535,0.92899805
4193,33488,67409,in-hospital infections,sensitivity and specificity,0.91374314,0.9069727,0.94082457
4194,687,51525,abdominal cancer surgery,oxidative stress,0.91373444,0.96261925,0.7181952
4195,45982,81010,multi-disciplinary team,video-assisted thoracoscopic surgery,0.91372925,0.9044307,0.9509235
4196,12391,45453,chromogranin a,monocyte-to-lymphocyte ratio,0.91370225,0.9060607,0.94426835
4197,3381,45661,amputation rate,mortality risk factors,0.91369003,0.90770674,0.9376231
4198,51431,63537,overall postoperative complications,recurrence risk,0.9136479,0.8955477,0.9860486
4199,24224,79790,experienced surgeons,urinary tract infection,0.9136345,0.8974411,0.9784078
4200,19459,66312,disabling stroke,ross procedure,0.91363364,0.94254035,0.7980067
4201,10923,39160,catheter dysfunction,length of hospital stay,0.91362774,0.9370825,0.8198084
4202,46876,76238,n staging,total laryngectomy,0.9136221,0.9160371,0.9039619
4203,18327,45652,delayed union,mortality rate,0.91361964,0.9080801,0.9357777
4204,7708,79790,billroth i anastomosis,urinary tract infection,0.9136135,0.8965141,0.982011
4205,60361,67760,primary tumor size,serum creatinine,0.91359955,0.91042405,0.9263014
4206,31567,64282,hospital discharge,renal functional reserve,0.91359526,0.9204875,0.8860259
4207,40703,81620,low-density lipoprotein cholesterol,weight loss efficacy,0.9135898,0.91272765,0.9170383
4208,17193,69919,curative intent,sphincter-saving proctectomy,0.913569,0.93593514,0.8241041
4209,8856,47405,bone mineral content,negative predictive value,0.9135526,0.943725,0.79286283
4210,8161,76950,bipolar electrodes,transesophageal echocardiography,0.9135512,0.9495843,0.76941884
4211,16165,79718,coronary angiography,uric acid to albumin ratio,0.913522,0.908374,0.9341137
4212,45385,47506,molecular residual disease,neoadjuvant pd-1 blockade,0.9135175,0.9731323,0.6750582
4213,2139,49700,adjuvant treatment,observational studies,0.91350764,0.90157545,0.96123636
4214,2398,21534,advanced stage,egfr mutations,0.91350114,0.9350601,0.82726544
4215,13595,77142,clinically significant complications,transjugular intrahepatic portosystemic shunt,0.91348577,0.9372344,0.81849116
4216,7146,76146,benign anastomotic stenosis,total colectomy,0.91345483,0.9714892,0.68131745
4217,48798,48810,non-st elevation myocardial infarction,non-st-segment myocardial infarction,0.91344786,0.97127026,0.6821581
4218,33890,40047,independent prognostic indicator,local recurrence rate,0.913437,0.9115135,0.9211311
4219,19600,59001,disease staging,predictive value,0.9134147,0.91053015,0.92495304
4220,1112,54426,acetabulum fracture,perioperative blood loss,0.91340953,0.96307904,0.7147316
4221,49545,50887,nutritional support,oral cancer,0.91339743,0.9115775,0.9206768
4222,13023,28678,clavien-dindo classification,graft volume,0.9133961,0.9433408,0.7936172
4223,12724,52594,chronic thromboembolic pulmonary hypertension,patent foramen ovale,0.913393,0.9308655,0.8435027
4224,31539,76397,hospital admissions,tourniquet time,0.9133908,0.92127895,0.8818381
4225,5555,14385,area under the receiver operating characteristic,colorectal adenocarcinoma,0.9133885,0.9148487,0.90754765
4226,27051,57475,gastric adenocarcinoma,postoperative ca19-9,0.9133575,0.90110636,0.96236193
4227,26900,53090,gait speed,patient selection,0.9133559,0.89303553,0.9946373
4228,40442,60142,long-term outcomes,primary cytoreduction,0.9133525,0.894188,0.99001056
4229,24918,39163,fast-track management,length of hospitalization,0.9133419,0.89995426,0.96689224
4230,45775,80905,mri staging,vessel invasion,0.9133349,0.9334185,0.8330005
4231,38309,39163,laparoscopic staging surgery,length of hospitalization,0.9133317,0.91058326,0.9243253
4232,57886,81994,postoperative immune function,wound healing,0.9133307,0.9153873,0.9051042
4233,18022,45740,deep learning,mr imaging features,0.9133232,0.97561127,0.6641709
4234,33888,75416,independent prognostic factor,thrombus aspiration,0.9133062,0.9053327,0.9452001
4235,33856,65817,independent predictive factors,risk predictor,0.9132862,0.94325626,0.7934062
4236,36273,79175,intraoperative blood transfusion,uncontrolled hypertension,0.91328347,0.93721694,0.81754947
4237,37418,73023,jejunal interposition,surgical trauma,0.9132827,0.912452,0.91660553
4238,22433,51351,endometrial cancer,outpatient visits,0.91326827,0.9033203,0.95306
4239,2504,45935,adverse outcomes,mucosal injury,0.91326475,0.929902,0.8467155
4240,22062,80698,emergency department visits,ventilator dependence,0.9132292,0.89384705,0.99075806
4241,580,64645,90-day mortality,resident operative autonomy,0.9131959,0.92012364,0.88548476
4242,31264,62832,histopathologic examination,radiomics features,0.91318244,0.90384996,0.95051223
4243,21595,71505,elderly patients,subepithelial spread,0.9131756,0.8965007,0.9798749
4244,15521,66593,congenital cardiac surgery,safety outcomes,0.9131739,0.90018594,0.9651257
4245,12731,50158,chronic total occlusions,one-year follow-up,0.91317266,0.94322103,0.79297894
4246,55965,79402,platelet-to-albumin ratio,unplanned readmissions,0.91316044,0.90884525,0.93042094
4247,47410,73240,negative pressure dressing,survival outcomes,0.91315055,0.9304201,0.84407234
4248,23842,72681,estimated glomerular filtration rate,surgical postoperative complications,0.9131207,0.904469,0.94772714
4249,29223,33395,hazard ratio,implantable loop recorder,0.91310227,0.93171984,0.83863205
4250,41339,44603,lymph node metastasis,minimally invasive cardiac surgery,0.9130969,0.8917108,0.9986411
4251,13411,53448,clinical remission,pediatric crohn disease,0.9130941,0.9896857,0.60672766
4252,9630,35537,c-reactive protein level,intervention group,0.9130848,0.897999,0.97342783
4253,29528,67826,heart failure,serum hyaluronic acid,0.913068,0.9336101,0.8308995
4254,2082,43723,adjuvant chemotherapy,metabolomic signature,0.9130643,0.9388235,0.81002736
4255,50764,72594,opioid utilization,surgical morbidity,0.91302276,0.89654297,0.9789418
4256,37564,39704,kasai surgery,liver fibrosis,0.9130088,0.97755176,0.65483695
4257,1639,59544,acute respiratory distress syndrome,preoperative liver function assessment,0.9129791,0.9434104,0.79125404
4258,28023,58981,gestational age,predictive risk factors,0.9129785,0.932452,0.8350843
4259,580,38175,90-day mortality,laparoscopic local resection,0.91296923,0.90632844,0.93953216
4260,43145,54164,mediastinal lymph node dissection,peri-neural invasion,0.9129602,0.93907934,0.8084833
4261,48107,74622,neutrophil/lymphocyte ratio,textbook outcome,0.91294974,0.89160705,0.99832064
4262,51796,72638,pain relief,surgical parameters,0.9129441,0.92422664,0.86781377
4263,13227,48500,clinical endpoints,non-alcoholic fatty liver disease,0.9129378,0.91412234,0.90819955
4264,49066,75976,nonsmall cell lung cancer,tnm staging system,0.91292024,0.9002354,0.9636595
4265,34291,46763,inferior vena cava resection,myocardial infarction,0.91291404,0.8929982,0.99257725
4266,50639,66093,operative morbidity,robotic pancreatoduodenectomy,0.91290915,0.89295626,0.9927206
4267,10405,61964,cardiac surgeries,pulmonary function,0.91286343,0.9004782,0.9624044
4268,15148,64538,complication rates,resectability criteria,0.9128597,0.89494115,0.98453355
4269,59489,80778,preoperative identification,ventricular septal defect,0.91285336,0.90560573,0.9418437
4270,14681,54397,common femoral artery,perioperative adverse events,0.9128522,0.9128394,0.9129036
4271,2586,54448,african-american patients,perioperative chemotherapy,0.91284895,0.8957312,0.9813199
4272,40107,78222,localization technique,tumor location,0.9128459,0.9558157,0.74096674
4273,16625,72612,cox regression analysis,surgical oncologist,0.9128373,0.9021062,0.9557616
4274,13165,18344,clinical characteristics,delirium prediction,0.9128344,0.91066706,0.9215037
4275,33902,62041,independent risk factors,pulmonary parenchyma,0.912831,0.92268854,0.8734009
4276,582,61313,90-day mortality rate,protective factors,0.9128252,0.90591353,0.9404718
4277,18032,38586,deep learning models,lasso logistic regression,0.91282034,0.9686807,0.6893789
4278,33338,58218,impaired glucose tolerance,postoperative pulmonary complications,0.9128094,0.8959077,0.980416
4279,37784,57404,knee society score,postoperative anxiety,0.9128072,0.9159666,0.90016985
4280,40263,60694,logistic regression analyses,prognostic factor,0.91280186,0.89205813,0.9957767
4281,34383,73833,inflammatory bowel disease,systemic inflammatory reaction,0.9127635,0.9413441,0.798441
4282,50543,62655,operating room time,radical lymph node dissection,0.9127611,0.90852267,0.92971486
4283,12010,40164,chemotherapeutic regimens,locally advanced esophageal squamous cell carcinoma,0.912744,0.9180842,0.89138293
4284,24785,67216,failure-to-rescue rate,segmental resection,0.91272247,0.91223127,0.91468716
4285,41505,69335,lymphovascular invasion,small lung lesions,0.9127132,0.937184,0.81482995
4286,46773,46896,myocardial injury,n-terminal probrain natriuretic peptide,0.91270894,0.9714955,0.67756265
4287,36461,56650,intraoperative outcomes,positive resection margins,0.91270334,0.8935965,0.9891306
4288,15313,81033,computed tomography,villalta score,0.912701,0.89946276,0.96565384
4289,12728,59039,chronic total occlusion,predictors of diabetes remission,0.91269994,0.91925246,0.88648975
4290,50686,61511,operative treatment,proximal femur fracture,0.91269535,0.9151361,0.90293217
4291,33480,63832,in-hospital death,referral centers,0.9126935,0.92714566,0.85488456
4292,2130,61955,adjuvant systemic therapy,pulmonary endarterectomy,0.91267055,0.91784745,0.8919628
4293,11879,15147,cervical spondylosis,complication rate,0.9126687,0.90400344,0.94732964
4294,511,63493,5-year survival rates,recurrence location,0.91266733,0.92711735,0.85486716
4295,23403,58148,epidural analgesia,postoperative pancreatitis,0.91263723,0.9067348,0.93624663
4296,5932,8529,aspiration pneumonia,blood transfusion rate,0.9126228,0.9307968,0.8399268
4297,2110,45775,adjuvant immunotherapy,mri staging,0.9126118,0.9496565,0.7644329
4298,12690,73258,chronic renal impairment,survival rate,0.9125875,0.9094318,0.92521054
4299,38315,76290,laparoscopic supracervical hysterectomy,total operative time,0.91258305,0.96902865,0.68680054
4300,47475,78321,neoadjuvant chemotherapy,tumor proliferative activity,0.91256225,0.9478861,0.7712667
4301,54779,73258,peripheral nerve injury,survival rate,0.91255355,0.9282928,0.84959656
4302,1554,60658,acute myocardial infarction,prognosis of gastric cancer,0.9125479,0.89716446,0.9740815
4303,13047,41930,clavien-dindo grade ii complications,major complication rates,0.91254544,0.9316725,0.836037
4304,58901,61718,prediction model,psychological variables,0.9125406,0.9162222,0.89781404
4305,16615,75971,cox proportional hazards models,tnm stage ii,0.9125366,0.9139811,0.9067586
4306,66653,78360,salvage endoscopic resection,tumor response,0.91253334,0.9281414,0.8501012
4307,12588,46233,chronic limb-threatening ischemia,multimodal data,0.9125267,0.91667366,0.89593893
4308,75615,81201,time since surgery,visual analog scale,0.91250324,0.91015536,0.92189467
4309,66172,72727,robotic total mesorectal excision,surgical quality improvement,0.912469,0.9179308,0.89062166
4310,1535,20769,acute lung injury,dynamic respiratory system compliance,0.9124326,0.988853,0.606751
4311,13005,58037,clavien classification,postoperative monitoring,0.91242903,0.8964364,0.9763995
4312,8672,36299,body composition profiles,intraoperative complications,0.91242605,0.8950354,0.9819885
4313,58218,63782,postoperative pulmonary complications,redo procedures,0.912394,0.91908133,0.88564456
4314,40137,73879,localized rectal cancer,systemic treatment,0.91238755,0.9327708,0.8308544
4315,67096,72519,secondary lymphoedema,surgical intervention,0.9123857,0.9803631,0.6404761
4316,54683,74232,peripheral arterial disease,target vessel occlusion,0.912376,0.96341485,0.7082205
4317,492,64064,5-year mortality risk,reintervention rates,0.91235495,0.94127035,0.79669327
4318,29691,38007,hematologic disorders,laparoscopic appendectomy,0.9123477,0.94305784,0.789507
4319,26891,72519,gadoxetic acid-enhanced mr imaging,surgical intervention,0.912341,0.9059265,0.93799883
4320,41227,67394,lung resection,senhance surgical system,0.912339,0.9258378,0.85834366
4321,7069,51150,bclc staging,orthotopic liver transplant,0.91231513,0.92444277,0.86380434
4322,5727,20080,arteriovenous fistula,doppler imaging,0.9122973,0.9833372,0.6281376
4323,5824,14247,asa status,colonic resection,0.9122945,0.94792724,0.7697636
4324,5509,67569,applied energy,serious adverse events,0.9122762,0.920588,0.879029
4325,62,47155,10-year mortality,nationwide inpatient sample,0.9122575,0.9145458,0.9031043
4326,47888,65316,neurological complications,right axillary artery cannulation,0.91224736,0.947993,0.7692646
4327,45453,63427,monocyte-to-lymphocyte ratio,rectal tumors,0.9122316,0.89678377,0.97402304
4328,13036,70079,clavien-dindo complications,splenic injury,0.91223145,0.91394454,0.905379
4329,8248,72117,black race,surgery in elderly patients,0.9122291,0.92892194,0.84545785
4330,14911,58306,complete mesocolic excision,postoperative risk assessment,0.91219246,0.9245708,0.8626791
4331,10656,55868,cardiovascular surgery,plasmatic hypercoagulability,0.91219056,0.9542512,0.743948
4332,47405,58834,negative predictive value,pre-surgical prediction,0.9121881,0.9544897,0.7429816
4333,3769,65969,anatomical resection,robot-assisted partial nephrectomy,0.91218,0.8935558,0.9866768
4334,272,52863,30-day amputation rate,patient age,0.91217023,0.94939893,0.76325524
4335,41863,72283,major adverse events,surgical bypass grafting,0.912111,0.9341218,0.82406753
4336,47807,68111,neuroendocrine liver metastasis,severe complications,0.9121018,0.89402795,0.98439723
4337,44231,55327,microsatellite instability,phase i study,0.9120951,0.9358917,0.81690884
4338,40301,72782,long saphenous vein,surgical resection,0.9120859,0.904293,0.94325733
4339,9433,45652,bronchoalveolar lavage fluid,mortality rate,0.91207,0.9318528,0.8329386
4340,43273,73632,medical treatment,synchronous liver metastases,0.91206396,0.8970047,0.9723007
4341,1750,41928,acutely inflamed gallbladder,major complication,0.91205865,0.92721516,0.85143274
4342,63336,78053,rectal cancer outcomes,tumor budding,0.9120553,0.92878336,0.84514326
4343,18053,49061,deep neural network,nonroutine discharge,0.91205215,0.9208923,0.8766917
4344,18751,76170,diabetic patients,total elbow arthroplasty,0.912048,0.92614037,0.85567814
4345,58842,76141,prealbumin level,total cholesterol,0.9120341,0.9267826,0.8530399
4346,78103,78360,tumor deposits,tumor response,0.9120315,0.8918593,0.99272
4347,19551,21562,disease burden,ejection fraction,0.9120307,0.90107507,0.9558532
4348,16563,65968,covid-19 pandemic,robot-assisted pancreatoduodenectomy,0.9120219,0.8940219,0.9840216
4349,2522,4906,adverse reactions,antithrombotic management,0.9120189,0.93982995,0.8007748
4350,13969,69212,cold ischemia time,sleeve lobectomy,0.91201437,0.95060146,0.757666
4351,13241,16475,clinical factors,cost-benefit analysis,0.9120097,0.90863055,0.92552626
4352,21562,39706,ejection fraction,liver fibrosis markers,0.9119668,0.9445866,0.78148735
4353,54415,72168,perioperative anxiety,surgery time,0.9119446,0.910601,0.9173191
4354,72631,72717,surgical outcomes,surgical programs,0.9119263,0.89145833,0.9937983
4355,27906,63535,genomic mutations,recurrence rate,0.91192067,0.919415,0.8819433
4356,19878,22294,diverticular disease,end-stage kidney disease,0.91191787,0.8959526,0.9757789
4357,13624,23747,clinicopathologic factors,esophageal squamous carcinoma,0.9118882,0.94568413,0.77670413
4358,59192,72223,preoperative anemia,surgical adverse events,0.9118609,0.89745665,0.9694778
4359,54001,77661,percutaneous laser ablation,treatment response,0.91184694,0.96017057,0.7185524
4360,32630,62717,il-6 serum levels,radiofrequency ablation,0.9118355,0.9113001,0.9139769
4361,63234,63758,recipient body mass index,red cell distribution width,0.9118083,0.9257481,0.856049
4362,16623,43758,cox regression,metachronous high-risk lesions,0.91175777,0.95970404,0.71997255
4363,16176,81994,coronary artery aneurysm,wound healing,0.9117568,0.91314757,0.90619373
4364,16198,62191,coronary artery disease,purse string suture,0.9117467,0.8943302,0.9814124
4365,22786,63077,endoscopic ultrasound,readmission prediction,0.91173,0.89971733,0.9597806
4366,10686,78789,caroli syndrome,type 2 diabetes,0.91172236,0.9053044,0.93739426
4367,41451,46466,lymphocyte count,multivariate cox regression model,0.9117017,0.8988181,0.96323615
4368,716,22697,abdominal drainage,endoscopic retrograde cholangiography,0.9116802,0.96810603,0.6859771
4369,42607,81772,matrix metalloproteinase 2,white blood cell count,0.91167724,0.91843,0.88466597
4370,28050,40648,gi bleeding,low molecular weight heparin,0.9116553,0.9366019,0.8118689
4371,22272,76956,end stage renal disease,transfemoral approach,0.9116552,0.9150454,0.8980944
4372,16187,39828,coronary artery bypass grafting,liver stiffness measurement,0.91165054,0.8905384,0.9960991
4373,26886,60220,gadoxetate-enhanced mri,primary liver cancer,0.91164553,0.9412561,0.793203
4374,21372,78756,ecog performance status,two-year overall survival,0.9116338,0.9272947,0.8489901
4375,13399,71090,clinical recurrence,stoma reversal,0.9116105,0.9199228,0.87836105
4376,1242,72949,activated partial thromboplastin time,surgical stress,0.9116074,0.90107346,0.95374304
4377,38213,52924,laparoscopic pancreatoduodenectomy,patient demographic characteristics,0.9115971,0.92491806,0.8583132
4378,670,27771,abdominal aortic aneurysm screening,general anesthesia,0.9115935,0.91132075,0.91268456
4379,52258,57873,pao2/fio2 ratio,postoperative hypotension,0.9115583,0.93616235,0.8131419
4380,28559,78531,grade of differentiation,tumor-node-metastasis staging,0.91151804,0.95116234,0.75294083
4381,58125,79140,postoperative pain,umbilical stoma,0.91149706,0.9003807,0.9559625
4382,21629,23842,elective cases,estimated glomerular filtration rate,0.9114915,0.8939576,0.9816269
4383,41382,70537,lymph nodes,standard lymphadenectomy,0.91146725,0.98486274,0.61788523
4384,34715,72893,injury severity scale,surgical site infections,0.9114615,0.94119376,0.7925324
4385,11782,43408,cerebrovascular disease,meningioma resection,0.9114473,0.9064769,0.9313289
4386,44633,78927,minimally invasive hepatectomy,uicc tumor stage,0.91144586,0.9245209,0.85914546
4387,8323,82149,bleeding rates,young age,0.9114438,0.9341148,0.82075995
4388,41914,62095,major cardiovascular adverse events,pulmonary vascular resistance,0.91143167,0.9340287,0.82104367
4389,18738,62881,diabetic foot ulceration,random forest model,0.91139907,0.9737497,0.6619966
4390,58892,60760,predicting anastomotic leakage,prognostic significance,0.9113453,0.9202095,0.8758885
4391,44351,55849,microvessel density,plasma samples,0.91133726,0.9101772,0.9159776
4392,11929,18801,charlson co-morbidity score,diagnostic accuracy,0.9113181,0.911756,0.9095666
4393,62711,70972,radioactive iodine therapy,stereotactic body radiation therapy,0.9113115,0.96004564,0.7163749
4394,8299,28986,bleeding complications,gynecologic cancer surgery,0.911301,0.8992451,0.9595248
4395,23736,61964,esophageal ph monitoring,pulmonary function,0.91129524,0.96554947,0.6942782
4396,72168,77324,surgery time,transthoracic echocardiography,0.91128415,0.8931628,0.9837695
4397,18902,69707,diagnostic methods,solitary pulmonary nodules,0.9112816,0.9470781,0.7680955
4398,19168,39178,differential expression analysis,length of stay,0.9112771,0.9348558,0.8169621
4399,36270,59744,intraoperative blood product transfusion,preoperative risk factors,0.91126007,0.90574306,0.93332785
4400,45125,80275,model performance,vascular injury,0.91125834,0.90406144,0.940046
4401,2487,48781,adverse health outcomes,non-small cell lung cancer,0.9112461,0.89250034,0.9862292
4402,10010,74622,cancer-related death,textbook outcome,0.9112291,0.8911907,0.99138254
4403,10260,10624,cardiac complications,cardiovascular morbidity,0.9111992,0.89240587,0.98637253
4404,15446,40203,concurrent chemoradiotherapy,locally advanced unresectable pancreatic cancer,0.91116375,0.9409346,0.7920801
4405,5333,8323,aortoiliac occlusive disease,bleeding rates,0.91116345,0.9164401,0.8900568
4406,45002,55158,mitral valve replacement,persistent renal dysfunction,0.91115713,0.9003305,0.9544637
4407,38029,64746,laparoscopic cholecystectomy,residual urine volume,0.911141,0.952519,0.74562883
4408,15190,38302,complications requiring intervention,laparoscopic sleeve gastrectomy,0.9111402,0.9050737,0.9354059
4409,73220,77905,survival curves,troponin i,0.9111216,0.91978353,0.8764738
4410,63344,66004,rectal cancer surgery,robotic abdominal surgery,0.91110575,0.9043089,0.93829304
4411,28635,54066,graft patency,percutaneous transluminal balloon angioplasty,0.91109765,0.9699579,0.6756566
4412,6145,25290,atrial fibrillation,femoropopliteal occlusive lesions,0.9110956,0.9194843,0.8775405
4413,16623,36188,cox regression,intramural hematoma,0.9110904,0.90726525,0.92639095
4414,9037,16554,bowel obstruction,covid-19 impact,0.9110835,0.8937825,0.98028743
4415,9941,72681,cancer recurrence,surgical postoperative complications,0.91103435,0.9191035,0.8787574
4416,36810,57178,intravenous thrombolysis,posterior circulation aneurysms,0.9110303,0.977004,0.6471354
4417,25783,43903,five-year overall survival,metastatic lymph node ratio,0.91102815,0.8915968,0.9887533
4418,13245,63558,clinical features,recurrence-free proportion,0.9110123,0.9489844,0.7591239
4419,21650,38811,elective colorectal resection,learning curves,0.91100335,0.90592617,0.93131214
4420,19399,57351,direct cost,postoperative adverse events,0.9110022,0.9012503,0.9500099
4421,23404,59932,epidural anesthesia,pressure injuries,0.9109878,0.92065555,0.8723166
4422,29229,58954,hazard ratios,predictive marker,0.9109725,0.8918744,0.9873648
4423,16273,34291,coronary heart disease,inferior vena cava resection,0.91096413,0.89822674,0.9619138
4424,46433,74414,multivariable logistic regression,technical quality,0.91095084,0.91261286,0.9043025
4425,31306,69706,histopathological features,solitary pulmonary nodule,0.9109388,0.9601402,0.71413314
4426,68743,69940,single antiplatelet therapy,spinal anesthesia,0.9109125,0.89842725,0.96085346
4427,41319,45454,lymph node dissection,monocyte/lymphocyte ratio,0.91090804,0.89657724,0.9682312
4428,57848,61779,postoperative hospitalization,pt4 colorectal cancer,0.91088206,0.9002313,0.9534851
4429,24292,55949,extended length of stay,platelet-albumin ratio,0.9108686,0.9105699,0.91206306
4430,19923,78289,dna methylation biomarkers,tumor necrosis factor-α,0.9108624,0.96348554,0.70036983
4431,16563,40926,covid-19 pandemic,lower gastrointestinal tract,0.91082484,0.90811676,0.92165715
4432,23641,34000,esophageal cancer resection,indocyanine green,0.91078997,0.90702933,0.9258324
4433,18382,63193,demographic and clinical characteristics,receiver operating characteristic analysis,0.91076034,0.9209549,0.86998224
4434,5794,47398,artificial neural networks,negative margin,0.9107545,0.9275468,0.8435852
4435,22786,49369,endoscopic ultrasound,number of nodules,0.9107024,0.90558267,0.9311812
4436,15255,69351,comprehensive complication index,small renal cell carcinoma,0.91068935,0.911719,0.90657043
4437,28393,53871,glycosylated hemoglobin,percent excess weight lost,0.9106846,0.95605445,0.729205
4438,59826,72575,preoperative systemic treatment,surgical margins,0.9106797,0.92830175,0.84019166
4439,52707,82166,pathological complete regression,younger age,0.910676,0.925762,0.85033214
4440,486,69214,5-year follow-up,sleeve resection,0.91065514,0.9011729,0.94858396
4441,27568,44206,gastrointestinal stromal tumors,micropapillary component,0.9106375,0.90475404,0.9341715
4442,57968,61513,postoperative leak,proximal gastrectomy,0.9106297,0.90946513,0.9152877
4443,42272,50570,malignant strictures,operation time,0.9105837,0.95466167,0.7342717
4444,62530,64344,racial disparities,renal tumors,0.91048586,0.89092106,0.98874515
4445,50679,68497,operative time,shunt placement,0.9104715,0.9105588,0.91012216
4446,1499,64381,acute kidney failure,reoperation rates,0.9104512,0.8906903,0.98949474
4447,13241,45117,clinical factors,model for end stage liver disease,0.9104328,0.91389865,0.89656955
4448,4861,72957,antiplatelet agents,surgical success rate,0.91041005,0.9083698,0.9185712
4449,9176,22185,brain tumors,emergent surgery,0.910408,0.9296767,0.8333332
4450,71675,72254,success rates,surgical approaches,0.91040653,0.9550815,0.7317067
4451,33026,43656,immune infiltration,metabolic parameters,0.91038877,0.91961646,0.8734781
4452,40005,66144,local disease control,robotic surgery,0.9103795,0.8937304,0.97697586
4453,5578,59470,arm circumference,preoperative hemoglobin,0.91037846,0.92500675,0.85186493
4454,24506,67341,extracorporeal membrane oxygenation,self-inflicted injuries,0.91037625,0.92495424,0.85206413
4455,29,21122,1-year mortality,early recurrence risk,0.9103637,0.9093334,0.91448456
4456,29292,75323,hcc surgery,thromboembolic events,0.91034144,0.940801,0.78850305
4457,4162,44771,ankle-brachial index,minnesota living with heart failure questionnaire,0.91030246,0.9385961,0.79712766
4458,9812,41931,calcium fracture,major complications,0.9102565,0.9748718,0.65179527
4459,10232,52987,cardiac allograft vasculopathy,patient management,0.9102367,0.92901206,0.8351353
4460,12567,72972,chronic kidney disease,surgical team performance,0.910232,0.91504896,0.8909642
4461,11310,72519,ceap score,surgical intervention,0.9102132,0.9670496,0.6828675
4462,42850,80490,mean platelet volume,vats segmentectomy,0.9102107,0.90870386,0.9162382
4463,46151,65266,multidisciplinary team,rheumatoid arthritis,0.91016555,0.89552456,0.9687297
4464,32077,39051,hybrid procedure,left ventricular function,0.910162,0.90278494,0.93967
4465,48472,78396,nomogram prediction model,tumor size measurements,0.91014886,0.9324248,0.8210451
4466,16615,17920,cox proportional hazards models,deceased donor liver transplantation,0.9101182,0.91378385,0.8954558
4467,23835,63091,estimated blood loss,readmission within 90 days,0.9101026,0.890051,0.99030894
4468,16057,81945,convolutional neural network,world health organization classification,0.91010183,0.96837115,0.67702436
4469,44597,57873,minimally invasive approaches,postoperative hypotension,0.9100965,0.8985177,0.9564117
4470,58144,67120,postoperative pancreatic fistula,secondary procedures,0.9100946,0.8944104,0.97283155
4471,17648,38621,cytoreductive surgery,late gadolinium enhancement,0.9100905,0.9006817,0.94772565
4472,13191,46878,clinical data,n status,0.9100853,0.9203578,0.8689953
4473,52925,57240,patient demographic data,posterior spinal fusion,0.91007996,0.9402789,0.789284
4474,24287,45002,extended hospitalization,mitral valve replacement,0.91007817,0.916655,0.88377076
4475,13671,35420,clopidogrel discontinuation,international normalized ratio,0.91005695,0.95174843,0.7432912
4476,49973,55896,older adults,platelet aggregation,0.9100567,0.8939362,0.9745386
4477,54458,55020,perioperative complications,perivascular epithelioid cell tumors,0.9100466,0.92979103,0.8310687
4478,43244,65619,medical management,risk factors for complications,0.9100369,0.892674,0.9794885
4479,41093,49975,lung adenocarcinoma in situ,older age,0.9100189,0.92843336,0.83636093
4480,41103,55810,lung cancer,plasma leptin levels,0.9100123,0.9111413,0.90549654
4481,3579,43923,anastomotic dehiscence,metastatic pancreatic cancer,0.9099857,0.9048799,0.93040884
4482,17706,50948,d2 gastrectomy,oral intake status,0.9099718,0.94536346,0.76840484
4483,54430,73838,perioperative blood transfusions,systemic inflammatory response syndrome,0.9099635,0.892954,0.9780015
4484,42991,81023,mechanical ventilation,videofluorographic swallowing study,0.90996087,0.94920415,0.7529874
4485,2058,38691,adjusted hazard ratio,lateral lymph node dissection,0.90995884,0.8917658,0.9827309
4486,11582,76789,central venous catheterization,transcatheter aortic valve replacement,0.90995234,0.8929443,0.9779847
4487,15621,48935,conservative management,nonemergent surgery,0.90993965,0.93209946,0.82130057
4488,2390,64675,advanced pt stage,residual disease,0.9099375,0.91506284,0.8894358
4489,52928,62090,patient demographics,pulmonary valve surgery,0.9099248,0.90540165,0.9280175
4490,15255,28187,comprehensive complication index,global leadership initiative in malnutrition,0.90991986,0.89682615,0.96229476
4491,2963,78851,albumin-alkaline phosphatase ratio,type ii diabetes,0.90991664,0.9301823,0.82885414
4492,61140,80649,prospective assessment,venous thromboembolism,0.9099163,0.9131568,0.89695436
4493,19489,65221,discharge status,revision surgery,0.90990317,0.8936527,0.9749051
4494,13632,56425,clinicopathological characteristics,population-based study,0.9098972,0.89000297,0.989474
4495,41557,60815,m2 polarization,progression-free survival,0.9098836,0.96719825,0.68062496
4496,1242,65567,activated partial thromboplastin time,risk factor for complications,0.90988076,0.9344709,0.8115203
4497,5815,72198,asa iii,surgery-related complications,0.9098803,0.9219836,0.8614667
4498,43067,77084,median follow-up,transhiatal gastrectomy,0.90986127,0.90908056,0.91298395
4499,56598,74426,positive family history,technical success,0.9098334,0.9037859,0.9340232
4500,65536,80763,risk assessment model,ventricular fibrillation,0.9098305,0.9250678,0.84888136
4501,53557,65033,pediatric population,retrograde intrarenal surgery,0.9098257,0.8989185,0.9534542
4502,68779,78328,single port access,tumor recurrence,0.9098254,0.8954309,0.9674031
4503,17224,36470,curative surgery,intraoperative pathology consultation,0.90981454,0.90328264,0.93594193
4504,8252,16469,bladder cancer,cost predictors,0.90980977,0.91542244,0.8873591
4505,36141,60665,intrahepatic mass-forming cholangiocarcinoma,prognosis prediction,0.90978134,0.9353234,0.80761266
4506,2477,25571,adverse events,field of view,0.9097529,0.9424174,0.7790949
4507,23882,59060,ethnic disparities,predictors of mortality,0.90974927,0.8893497,0.9913475
4508,29078,45453,haemoglobin a1c,monocyte-to-lymphocyte ratio,0.9097457,0.90864813,0.914136
4509,28348,64004,glycated hemoglobin,regulatory t cells,0.9097228,0.92731416,0.8393572
4510,65803,78410,risk of surgery,tumor stage,0.9097149,0.9637929,0.6934025
4511,47581,49041,neonatal congenital diaphragmatic hernia,nonoperative management,0.9097119,0.9678801,0.6770389
4512,28405,47405,goal-directed fluid therapy,negative predictive value,0.9096954,0.89185596,0.9810532
4513,62014,81994,pulmonary malignancies,wound healing,0.90969044,0.9271027,0.8400414
4514,27771,44639,general anesthesia,minimally invasive interventions,0.9096831,0.948176,0.7557115
4515,69543,72562,socioeconomic status,surgical management trends,0.909683,0.91041774,0.9067438
4516,47475,55793,neoadjuvant chemotherapy,plasma il-6 levels,0.9096422,0.901361,0.9427668
4517,313,11010,30-day morbidity,caudate lobe resection,0.9096339,0.88975346,0.98915535
4518,54438,60907,perioperative care,prolonged icu length of stay,0.90960574,0.9231761,0.85532427
4519,4826,7634,antimicrobial resistance,biliary stent placement,0.9095907,0.91947764,0.87004286
4520,59785,63537,preoperative siri,recurrence risk,0.9095764,0.89213556,0.9793396
4521,22031,34798,emergency colorectal surgery,inpatient surgery,0.9095639,0.8962454,0.9628377
4522,27990,36298,geriatric nutritional risk index,intraoperative complication rates,0.9095471,0.9264722,0.84184676
4523,14108,56007,collateral ventilation,pleural effusion,0.9095356,0.97643095,0.641954
4524,25283,58966,femoropopliteal intervention,predictive nomogram,0.9095238,0.91693324,0.87988573
4525,41863,50777,major adverse events,opioid-related adverse drug events,0.90951604,0.8961248,0.963081
4526,20801,61964,dysphagia recurrence,pulmonary function,0.90950364,0.93605554,0.80329585
4527,30127,53090,hepatic lymph node metastases,patient selection,0.9094964,0.89713013,0.95896155
4528,1614,51940,acute pulmonary edema,pancreatic adenocarcinoma,0.90947974,0.90650666,0.9213719
4529,15916,60694,conventional cytology,prognostic factor,0.90947545,0.9552158,0.7265137
4530,51057,79402,organ space infections,unplanned readmissions,0.90943015,0.89437234,0.9696613
4531,72071,81606,surgery after crt,weight loss,0.90939605,0.89168465,0.9802414
4532,49701,76804,observational study,transcatheter closure,0.9093763,0.9240792,0.8505647
4533,49523,61714,nutritional recovery,psychological support,0.9093529,0.9457875,0.7636143
4534,72334,79784,surgical complications,urinary stones,0.90935284,0.8902615,0.98571825
4535,9788,46470,calcineurin inhibitors,multivariate logistic regression,0.90934557,0.9003815,0.94520175
4536,559,36390,90-day complication rate,intraoperative hemorrhage,0.90933,0.93354326,0.8124768
4537,10725,81201,carotid blood flow,visual analog scale,0.90932053,0.9114579,0.90077096
4538,2184,28597,adoptive cell therapy,graft failure,0.9093146,0.9182102,0.87373203
4539,34128,54550,infected necrotizing pancreatitis,perioperative mortality,0.9092901,0.8950009,0.96644664
4540,24506,67328,extracorporeal membrane oxygenation,self-expanding stent,0.9092793,0.9183699,0.8729169
4541,57324,65810,postoperative acute exacerbation,risk prediction,0.90927446,0.90696496,0.91851217
4542,9037,35073,bowel obstruction,intent-to-treat analysis,0.9092659,0.9102511,0.90532506
4543,30565,56899,high risk factors,post-operative mortality,0.9092623,0.9096256,0.9078092
4544,28379,34383,glycolysis inhibition,inflammatory bowel disease,0.90925187,0.9350348,0.8061199
4545,21077,76299,early postoperative fever,total parenteral nutrition,0.90923434,0.94662905,0.7596556
4546,38173,70662,laparoscopic liver surgery,stapler line reinforcement,0.9092335,0.9312256,0.82126504
4547,9624,80948,c-reactive protein,viability testing,0.9092321,0.89418405,0.9694242
4548,39053,76825,left ventricular global longitudinal strain,transcatheter mitral valve replacement,0.9092291,0.9549439,0.7263699
4549,6041,29669,asymptomatic patients,heller myotomy,0.9092261,0.9012017,0.9413236
4550,40039,60818,local progression-free survival,progressive disease,0.9092047,0.90806735,0.9137542
4551,44348,57561,microvesicular hyperplastic polyps,postoperative complications,0.90920186,0.9421149,0.77754974
4552,19315,60571,digestive tract surgery,procedure time,0.90919566,0.9153972,0.88438934
4553,27507,73890,gastrointestinal function,systemic-immune-inflammation index,0.9091859,0.96542245,0.6842394
4554,15804,65353,contrast enhancement,right hepatectomy,0.9091643,0.93515897,0.80518574
4555,7016,39428,baseline systolic blood pressure,limb salvage,0.90915424,0.93559957,0.8033729
4556,23636,59879,esophageal cancer,preoperative weight changes,0.9091448,0.8933352,0.9723829
4557,2817,29580,airflow limitation,heart transplantation,0.9090984,0.955079,0.7251756
4558,3893,10586,aneurysm diameter,cardiovascular complications,0.9090763,0.9176599,0.87474155
4559,6651,43109,bacterial peritonitis,median survival,0.9090226,0.9288054,0.8298915
4560,1414,39301,acute diverticulitis,leukocyte values,0.9089802,0.93287385,0.81340545
4561,48903,52630,noncolorectal liver metastases,pathologic complete response,0.9089784,0.8928314,0.9735665
4562,67489,77443,sepsis patients,trauma patients,0.90897816,0.9261178,0.84041953
4563,3163,46443,alpha-fetoprotein level,multivariable regression,0.90896636,0.8906073,0.9824025
4564,49886,69519,odds ratios,sociodemographic disparities,0.9089476,0.8965214,0.958652
4565,34124,34217,infected diabetic foot ulcer,infectious complications,0.9089459,0.9209628,0.86087817
4566,13893,68263,cognitive decline,sex disparities,0.9089244,0.91277355,0.8935278
4567,38806,79468,learning curve analysis,unresectable perihilar cholangiocarcinoma,0.90892434,0.9745499,0.6464223
4568,41091,81112,lung adenocarcinoma,virtual-assisted lung mapping,0.9089112,0.9527875,0.73340577
4569,66174,72249,robotic totally endoscopic coronary artery bypass,surgical approach,0.9089011,0.8988126,0.94925475
4570,45785,63056,mrna expression level,reactive oxygen species,0.9088795,0.9703405,0.6630356
4571,16187,32976,coronary artery bypass grafting,immune cell response,0.90884507,0.93972665,0.78531873
4572,14413,61624,colorectal cancer liver metastasis,psoas muscle density,0.90884066,0.89561886,0.96172786
4573,14399,38097,colorectal cancer,laparoscopic gastric greater curvature plication,0.908838,0.8889829,0.98825806
4574,38727,59600,lauren classification,preoperative neutrophil-lymphocyte ratio,0.9088335,0.90933686,0.90682
4575,25572,52053,figo stage,pancreatic fistula,0.9088173,0.88809097,0.99172264
4576,15626,21562,conservative surgery,ejection fraction,0.908801,0.8902662,0.9829401
4577,1382,10504,acute cholecystitis,cardiometabolic risk markers,0.9087707,0.8992136,0.9469989
4578,385,69543,30-day unplanned readmissions,socioeconomic status,0.9087631,0.8988983,0.94822234
4579,31456,40904,home-based exercise,lower extremity revascularization,0.9087505,0.91341454,0.8900941
4580,5727,80245,arteriovenous fistula,vascular endothelial growth factor-c,0.90874773,0.95477355,0.7246443
4581,11933,25034,charlson comorbidity score,favorable discharge,0.90873593,0.9491116,0.7472333
4582,21093,75972,early postoperative recurrence,tnm stage iii,0.90872663,0.92524713,0.84264445
4583,46206,61945,multifocal lesions,pulmonary embolism,0.90872586,0.8942774,0.9665197
4584,47266,53061,near-infrared spectroscopy,patient reported outcomes,0.90871304,0.90214217,0.93499666
4585,27470,70164,gastrointestinal bleeding,spontaneous stone passage,0.90869737,0.9158108,0.8802436
4586,37916,53070,lactate levels,patient safety,0.90865743,0.89253753,0.97313684
4587,21263,44715,eastern cooperative oncology group score,minimally invasive surgical approach,0.9086497,0.9549629,0.7233967
4588,34716,69559,injury severity score,sodium levels,0.90860605,0.9182636,0.8699756
4589,43508,53952,mesenteric fat,percutaneous coronary intervention,0.90859663,0.91068614,0.90023845
4590,21597,59536,elderly population,preoperative left ventricular ejection fraction,0.9085816,0.95009166,0.7425413
4591,27570,77616,gastrointestinal stromal tumours,treatment options,0.9085794,0.94574505,0.75991684
4592,28652,56899,graft replacement,post-operative mortality,0.9085691,0.9162349,0.87790585
4593,24319,56516,extended surgery,portal vein resection,0.90856564,0.9064052,0.91720736
4594,34422,47874,inflammatory cytokines,neurologic outcome,0.9085606,0.90488666,0.9232563
4595,58519,59060,postpancreatectomy acute pancreatitis,predictors of mortality,0.90854394,0.9009838,0.93878454
4596,53558,57398,pediatric populations,postoperative antibiotics,0.9085332,0.9463887,0.75711113
4597,1074,54845,accessory renal artery,periprocedural complications,0.9085158,0.9387668,0.7875116
4598,39033,62584,left ventricular ejection fraction,radiation dosage,0.90851176,0.90487456,0.9230604
4599,26728,77689,functional outcome,treatment targets,0.9084957,0.92642397,0.83678263
4600,28097,34893,ginsenoside rg3,insulin resistance,0.9084929,0.9714342,0.65672773
4601,28342,64152,glycaemic control,remission of type 2 diabetes,0.9084726,0.9316712,0.8156782
4602,31169,73208,histological grade,survival analyses,0.90846884,0.9303089,0.8211085
4603,47135,78789,national quality forum,type 2 diabetes,0.90845585,0.90524864,0.9212846
4604,46466,52423,multivariate cox regression model,parenteral nutrition,0.9084425,0.9424749,0.772313
4605,12259,54880,chinese population,periprosthetic joint infections,0.9084419,0.92255336,0.851996
4606,19448,49975,disability benefits,older age,0.9084401,0.9356392,0.7996438
4607,14310,48469,colonoscopy images,nomogram model,0.9084154,0.9355335,0.79994255
4608,10285,77846,cardiac dysfunction,triglyceride levels,0.908405,0.90607065,0.91774213
4609,35341,63858,internal hernia,reflux symptoms,0.90839547,0.90246373,0.93212235
4610,38175,72254,laparoscopic local resection,surgical approaches,0.9083891,0.94440174,0.7643385
4611,16563,60493,covid-19 pandemic,procedural adverse events,0.908381,0.9043512,0.9245001
4612,10988,28724,catheter-related bloodstream infection,gram-positive cocci,0.9083486,0.99034077,0.58037984
4613,22253,66367,en bloc resection rate,roux-en-y esophagojejunostomy,0.9083462,0.92229205,0.8525623
4614,40263,61039,logistic regression analyses,prophylactic anticoagulation,0.90834093,0.9062774,0.9165948
4615,41966,47474,major in-hospital complications,neoadjuvant chemoradiotherapy,0.9083374,0.88733774,0.99233586
4616,35000,68202,intensive care admission,severe sepsis,0.90832293,0.9155691,0.8793382
4617,38265,62595,laparoscopic repair,radiation exposure,0.9083174,0.9032337,0.92865205
4618,8588,72851,blunt abdominal trauma,surgical safety,0.9082866,0.914759,0.8823971
4619,2057,11931,adjusted analysis,charlson comorbidity index,0.908286,0.8873338,0.9920947
4620,43379,64293,meld scores,renal insufficiency,0.90828264,0.9118427,0.89404213
4621,58909,64822,predictive accuracy,respiratory index,0.90827316,0.9527866,0.73021907
4622,8310,41932,bleeding events,major complications rate,0.90827286,0.9144871,0.88341576
4623,51151,81387,orthotopic liver transplantation,volumetric assessment,0.9082618,0.9615019,0.6953011
4624,46471,59797,multivariate logistic regression analysis,preoperative spirometry,0.9082553,0.93645316,0.79546356
4625,38007,63201,laparoscopic appendectomy,receiver operating curve,0.9082252,0.90904963,0.9049274
4626,39782,39853,liver microwave ablation,liver transplantation,0.9082203,0.9380669,0.7888337
4627,10521,45131,cardiopulmonary bypass,moderate aortic regurgitation,0.90821224,0.8900002,0.98106027
4628,48785,65682,non-small-cell lung cancer,risk factors for pecs,0.90821195,0.9331382,0.80850697
4629,23155,60888,enhanced recovery after surgery protocol,prolonged air leakage,0.90820915,0.89789605,0.94946146
4630,65696,78222,risk factors for ppc,tumor location,0.90817845,0.8925312,0.9707673
4631,16670,77621,cranial nerve dysfunction,treatment outcomes,0.90816045,0.9075419,0.91063476
4632,61147,63701,prospective cohort study,recurrent rectal cancer,0.9081441,0.9006293,0.9382034
4633,41757,80577,magnetic resonance imaging,venous complications,0.90814406,0.9296787,0.82200557
4634,20488,29223,dual-modality imaging,hazard ratio,0.90810853,0.92263776,0.8499915
4635,27052,50566,gastric adenocarcinomas,operation duration,0.9080974,0.932643,0.8099146
4636,57537,80993,postoperative clinical outcomes,video-assisted surgery,0.90807414,0.9432088,0.7675352
4637,5783,80485,artificial intelligence,vats approach,0.9080578,0.90850174,0.90628195
4638,33058,58233,immune response,postoperative quality of recovery,0.9080541,0.93332195,0.80698264
4639,24471,48222,extracellular matrix remodeling,nf-κb signaling,0.9080515,0.9641831,0.6835248
4640,40495,70853,long-term survival,stent number,0.90803933,0.8900062,0.9801718
4641,38131,79333,laparoscopic hiatal hernia repair,univariate analysis,0.9080296,0.91845405,0.86633164
4642,13245,70872,clinical features,stent removal,0.9080257,0.9708683,0.6566551
4643,44947,53041,mitral regurgitation,patient questionnaire,0.9080166,0.91567826,0.87737
4644,41416,52030,lymphatic emboli,pancreatic ductal adenocarcinoma,0.90801245,0.8934807,0.9661393
4645,42134,74285,malignancy rate,targeted therapy,0.9080096,0.93931013,0.7828074
4646,57607,71469,postoperative day 1,subcutaneous emphysema,0.90795565,0.89578784,0.9566267
4647,9009,67406,bowel function,sensitivity analysis,0.90795183,0.88958627,0.98141414
4648,19058,44725,diaphragmatic resection,minimally invasive techniques,0.9079392,0.912905,0.88807595
4649,30463,48096,high bleeding risk,neutrophil to high-density lipoprotein ratio,0.9079039,0.9636985,0.6847253
4650,49950,72211,off-pump coronary artery bypass grafting,surgical access,0.90788174,0.8891,0.98300827
4651,27207,76202,gastric leak,total hospital cost,0.9078643,0.8989288,0.9436058
4652,4679,17140,antibiotic therapy,cumulative mortality,0.9078518,0.90604573,0.9150762
4653,17648,45359,cytoreductive surgery,molecular docking,0.90783024,0.9702506,0.6581487
4654,9624,75199,c-reactive protein,three-dimensional conformal radiation therapy,0.90782154,0.9041635,0.9224538
4655,511,7064,5-year survival rates,bclc stage 0/a,0.907818,0.90554076,0.91692686
4656,21595,59395,elderly patients,preoperative echocardiogram,0.9078157,0.8957234,0.9561847
4657,36908,73805,invasive ductal carcinoma,systemic immune-inflammatory index,0.9078112,0.9128163,0.887791
4658,313,80554,30-day morbidity,venoarterial-extracorporeal membrane oxygenation,0.9078008,0.9424763,0.76909876
4659,23602,78791,erythropoietin levels,type 2 diabetes mellitus,0.90777975,0.9450853,0.7585576
4660,23014,36530,endovascular repair,intraoperative ultrasound,0.90776527,0.88653034,0.99270505
4661,67306,69283,self-expandable metallic stent,small bowel obstruction,0.907755,0.8959116,0.9551287
4662,21247,53290,early-stage nsclc,pd-l1 expression,0.9077524,0.91430813,0.88152957
4663,50294,66369,open gastrojejunostomy,roux-en-y gastric bypass,0.9077423,0.89340115,0.96510714
4664,48785,62843,non-small-cell lung cancer,radiotherapy boost,0.9077268,0.90425295,0.9216222
4665,68863,69430,single-level lumbar fusion surgery,smoking status,0.9077137,0.90203017,0.93044776
4666,15823,40440,contrast nephropathy,long-term outcome,0.9077026,0.9562009,0.7137096
4667,15691,60815,continence rates,progression-free survival,0.9077016,0.88862187,0.98402065
4668,13416,43533,clinical response,mesenteric venous thrombosis,0.9076958,0.95829153,0.7053129
4669,16344,72770,coronary translocation,surgical repair,0.9076803,0.975372,0.6369132
4670,10592,52993,cardiovascular disease,patient mobility,0.907644,0.960451,0.6964159
4671,13401,58257,clinical reflux,postoperative recurrence,0.9076431,0.92018944,0.85745734
4672,66101,68442,robotic proctectomy,short-term postoperative outcomes,0.9076397,0.90670836,0.9113648
4673,507,82163,5-year survival,young-onset colorectal cancer,0.9076367,0.9413107,0.7729405
4674,60725,64237,prognostic nutritional index,renal cancer,0.9076345,0.8875134,0.98811907
4675,10203,37930,carcinoembryonic antigen,lactic acid level,0.9076122,0.9295235,0.81996685
4676,38340,72940,laparoscopic total mesorectal excision,surgical starting time,0.9076021,0.8991171,0.94154185
4677,60501,63787,procedural complications,redo surgical mitral valve replacement,0.907593,0.9429508,0.7661619
4678,16209,60539,coronary artery intervention,procedural success,0.9075846,0.932408,0.8082911
4679,6879,40555,bariatric surgery patients,longitudinal study,0.9075743,0.9630202,0.68579036
4680,18022,50263,deep learning,open colorectal surgery,0.90756726,0.91272867,0.88692164
4681,34383,38143,inflammatory bowel disease,laparoscopic incisional hernia repair,0.9075468,0.89120144,0.9729284
4682,76204,76825,total hospital length of stay,transcatheter mitral valve replacement,0.90754664,0.92505676,0.8375059
4683,34831,78084,institutional characteristics,tumor characteristics,0.90753937,0.8982417,0.9447301
4684,2664,65544,age groups,risk calculator,0.9075183,0.89345556,0.96376926
4685,22693,39666,endoscopic retrograde biliary drainage,liver cancer,0.9075149,0.89959776,0.9391834
4686,44437,78252,middle-low rectal cancer,tumor microenvironment,0.9074605,0.90083015,0.9339819
4687,9376,69601,broad-spectrum antibiotics,soft tissue infection,0.9074542,0.953968,0.7213988
4688,67608,76644,seroma rates,tranexamic acid,0.90743893,0.8978203,0.94591343
4689,39853,60173,liver transplantation,primary gastric cancer,0.90742964,0.88776237,0.9860985
4690,33849,36039,independent factors,intracranial infection,0.9073764,0.9690155,0.6608198
4691,42033,69375,major pulmonary resection,small-cell lung cancer,0.90736306,0.9411711,0.77213067
4692,12567,70980,chronic kidney disease,stereotactic radiation,0.90735555,0.887003,0.9887656
4693,19492,79488,discharge timing,unstable angina,0.9073427,0.9114193,0.89103615
4694,3042,76787,alkaline phosphatase,transcatheter aortic valve intervention,0.9073245,0.9444153,0.7589615
4695,43213,46439,medical costs,multivariable models,0.9073232,0.90542626,0.91491073
4696,43429,79549,mental health,upper gastrointestinal cancer surgery,0.9073221,0.9277726,0.82552004
4697,17112,21709,cumulative incidence,elective liver surgery,0.90730697,0.89184153,0.9691685
4698,20687,58275,duration of hospitalization,postoperative reintubation,0.90729755,0.9567306,0.70956534
4699,48217,63056,nf-κb activity,reactive oxygen species,0.9072865,0.9745661,0.63816804
4700,18980,65818,diagnostic yield,risk predictors,0.9072842,0.9633717,0.6829342
4701,58838,72884,pre-transplant serum levels,surgical site infection,0.90727663,0.8899975,0.9763931
4702,60718,62694,prognostic marker,radical tumor resection,0.90727097,0.91850513,0.86233443
4703,10521,77676,cardiopulmonary bypass,treatment sequences,0.9072691,0.8912982,0.9711529
4704,12601,59932,chronic lung disease,pressure injuries,0.9072569,0.9044413,0.9185191
4705,44688,62676,minimally invasive radical gastrectomy,radical resection,0.90725154,0.89094603,0.9724735
4706,41351,60747,lymph node positivity,prognostic risk score,0.90724146,0.93364435,0.80162954
4707,23835,41739,estimated blood loss,magnetic compression anastomosis,0.9072044,0.9051992,0.9152248
4708,32155,54458,hyperinflammatory response,perioperative complications,0.90720284,0.92380565,0.8407913
4709,580,76426,90-day mortality,tp53 mutation,0.9071524,0.885772,0.99267405
4710,6145,63681,atrial fibrillation,recurrent neural networks,0.90715027,0.9458954,0.7521696
4711,770,46775,abdominal pain,myocardial injury after noncardiac surgery,0.907139,0.892354,0.9662788
4712,45563,54913,morphological characteristics,peritoneal carcinomatosis,0.90711606,0.94602895,0.7514643
4713,6145,26102,atrial fibrillation,foley catheter,0.9070912,0.9011304,0.9309344
4714,18285,39833,delayed mortality,liver surgery,0.9070874,0.9298531,0.8160244
4715,45544,81670,morphine milligram equivalents,weight recurrence,0.90708506,0.8943237,0.9581303
4716,23801,73661,esophagogastric junction,synchronous resection,0.9070816,0.95138276,0.729877
4717,10026,51134,cancer-specific survival,orthopedic complications,0.90705776,0.8941148,0.95882946
4718,15148,17686,complication rates,d'amico risk classification,0.9070512,0.8886467,0.98066884
4719,509,11931,5-year survival probability,charlson comorbidity index,0.9070337,0.90132266,0.9298776
4720,24269,56497,extended chemoprophylaxis,portal vein embolization,0.90702003,0.93122387,0.8102048
4721,58391,80065,postoperative survival,valve-sparing root replacement,0.90700245,0.89657646,0.9487061
4722,7708,27448,billroth i anastomosis,gastroesophageal reflux disease,0.9069979,0.92577064,0.83190703
4723,47479,59292,neoadjuvant combination immunotherapy,preoperative chemoradiation,0.9069869,0.9375211,0.78485
4724,54550,57859,perioperative mortality,postoperative hyperbilirubinemia,0.9069836,0.8913856,0.9693756
4725,1578,15018,acute pancreatitis,complex abdominal aortic aneurysm,0.9069779,0.8900418,0.97472227
4726,3057,34334,all-cause mortality,inflammation factors,0.90695906,0.9040456,0.91861266
4727,8252,64305,bladder cancer,renal mass,0.9069381,0.95212567,0.7261876
4728,3690,65534,anatomic total shoulder arthroplasty,risk assessment,0.9069254,0.91095585,0.89080334
4729,6708,10693,balloon angioplasty,carotid artery atherosclerosis,0.90691906,0.93830436,0.78137785
4730,6859,31007,bariatric procedures,hip circumference,0.9069123,0.9164195,0.8688835
4731,44716,57759,minimally invasive surgical approaches,postoperative follow-up,0.90691006,0.8917892,0.96739334
4732,20019,68260,donor risk factors,sex differences,0.9069035,0.9595349,0.6963781
4733,23976,75150,event-free survival,thoracoscopic pulmonary segmentectomy,0.9068973,0.9286714,0.8198009
4734,20851,49882,e/e' ratio,odds ratio,0.906894,0.8915139,0.96841455
4735,2536,56850,aerobic exercise,post-operative complications,0.90689343,0.8909222,0.9707784
4736,51891,72782,pan-intestinal capsule endoscopy,surgical resection,0.9068896,0.8965127,0.9483973
4737,2969,66261,albumin-indocyanine green evaluation,roc curve,0.90688807,0.9372827,0.7853096
4738,63537,80028,recurrence risk,valve replacement,0.9068611,0.8863827,0.9887749
4739,45924,62921,mucosal healing,randomized study,0.90685475,0.9513251,0.7289731
4740,23063,72875,endovascular treatment,surgical simulation training,0.90683585,0.9321448,0.8056
4741,40476,52891,long-term risks,patient characteristics,0.9068263,0.94263256,0.7636013
4742,22537,73531,endoscopic dilation,symptomatic intracranial hemorrhage,0.90681493,0.9005749,0.931775
4743,19582,55873,disease progression,plasminogen activator inhibitor-1,0.90681463,0.9046994,0.9152754
4744,51434,77717,overall quality of life,treatment-related adverse events,0.90679276,0.94362825,0.7594508
4745,239,67744,3-year disease-free survival,serum cea,0.9067906,0.90182513,0.92665243
4746,61,78084,10-year follow-up,tumor characteristics,0.906772,0.8873838,0.9843247
4747,41757,46457,magnetic resonance imaging,multivariate cox models,0.9067679,0.88884246,0.9784696
4748,34184,64043,infection rates,rehospitalization rates,0.9067421,0.89484334,0.95433724
4749,36895,48500,invasive carcinoma,non-alcoholic fatty liver disease,0.9067095,0.8893772,0.97603863
4750,1018,81772,acanthosis nigricans,white blood cell count,0.90664023,0.92607534,0.8288998
4751,23053,50692,endovascular therapy,operatively managed,0.906638,0.8991415,0.93662393
4752,19252,77621,diffuse lesions,treatment outcomes,0.9066364,0.91945046,0.85538024
4753,4152,65539,ankle fracture,risk assessment tool,0.9066359,0.93409103,0.7968151
4754,58901,61976,prediction model,pulmonary graft dysfunction,0.9066356,0.9233638,0.83972275
4755,58046,60571,postoperative morphine consumption,procedure time,0.90656877,0.89523387,0.9519083
4756,1318,39160,acute airway obstruction,length of hospital stay,0.906539,0.90483797,0.913343
4757,49995,50566,olecranon fracture,operation duration,0.9065211,0.9190201,0.85652506
4758,23624,27111,esophageal adenocarcinoma,gastric cancer stem cells,0.90650946,0.93498063,0.79262465
4759,52585,53192,patency rate,patient-reported outcome,0.9064992,0.93368584,0.7977526
4760,32992,74390,immune checkpoint inhibitors,technical efficiency,0.90647566,0.9089333,0.89664507
4761,20880,32443,early bleeding,icu length of stay,0.90647143,0.9284616,0.8185107
4762,36268,72891,intraoperative blood loss,surgical site infection risk,0.90647066,0.94864887,0.7377575
4763,41763,47128,magnetic resonance perfusion imaging,national institutes of health stroke scale,0.90646774,0.9633084,0.67910486
4764,22536,33305,endoscopic dilatation,immunosuppressive therapy,0.90643734,0.9192735,0.8550926
4765,60186,72994,primary hepatic carcinoma,surgical techniques,0.9064028,0.8983999,0.93841445
4766,12512,72820,chronic hepatic disease,surgical revascularization,0.9064021,0.9167449,0.8650308
4767,22252,30903,en bloc resection,high-risk stage ii colorectal cancer,0.90639323,0.901493,0.92599386
4768,22253,63528,en bloc resection rate,recurrence pattern,0.9063904,0.8973138,0.94269687
4769,8494,63562,blood product requirement,recurrence-free survival,0.9063563,0.885426,0.99007714
4770,35793,76356,intra-abdominal bleeding,total weight loss,0.90635085,0.8867738,0.9846587
4771,5433,15843,apparent diffusion coefficient,contrast-enhanced ct scans,0.9063422,0.9366752,0.78501004
4772,41847,60157,major adverse cardiovascular and cerebrovascular events,primary endpoint events,0.90633214,0.95763046,0.7011386
4773,35888,59216,intra-operative fluid management,preoperative assessment,0.90631145,0.94881994,0.73627734
4774,24505,62346,extracorporeal life support,quality of life outcomes,0.9063114,0.9161282,0.86704415
4775,17709,68883,d2 lymphadenectomy,single-port colectomy,0.9062942,0.9053701,0.90999055
4776,2664,47869,age groups,neurologic impairment,0.9062929,0.9155712,0.8691797
4777,29223,36416,hazard ratio,intraoperative lactate,0.9062915,0.88658786,0.985106
4778,46870,70408,n category,stage iii non-small cell lung cancer,0.9062714,0.9381373,0.7788076
4779,33739,57368,incisional complications,postoperative ambulation,0.90625787,0.93427247,0.79419935
4780,27567,67727,gastrointestinal stromal tumor,serum ca19-9,0.9062495,0.8983735,0.93775344
4781,39194,65094,lengths of stay,retrospective cohort analysis,0.90624785,0.93210524,0.80281806
4782,39666,78168,liver cancer,tumor growth inhibition,0.9062474,0.93182456,0.80393857
4783,20402,79546,drug-coated balloon angioplasty,upper gastrointestinal bleeding,0.90621024,0.9097432,0.89207834
4784,3835,77887,anesthesia duration,trocar placement,0.9061922,0.91096634,0.88709563
4785,37171,62451,ischemic stroke,quicker recovery,0.9061835,0.9255127,0.8288665
4786,15172,54695,complications of bariatric surgery,peripheral artery disease,0.90615606,0.91560847,0.8683463
4787,40577,58372,loss of consciousness,postoperative stroke,0.90615445,0.9151408,0.87020904
4788,24070,82025,excess weight loss,wound infection rate,0.90614283,0.88570035,0.98791283
4789,33533,65039,in-stent restenosis,retrograde perfusion,0.9061422,0.9241285,0.83419675
4790,31657,32953,hospital stay,immune cell analysis,0.90612376,0.8988229,0.93532705
4791,34351,58041,inflammation monitoring,postoperative morbidity,0.9061196,0.9007815,0.92747164
4792,23784,61435,esophageal wall thickness,proton pump inhibitors,0.906112,0.9494559,0.7327362
4793,12641,51829,chronic pain,pain-related outcomes,0.90608925,0.9638801,0.6749258
4794,55904,70511,platelet count,stair climbing test,0.9060884,0.8963575,0.9450119
4795,57935,79408,postoperative intra-abdominal abscess,unplanned reoperations,0.90608567,0.9005312,0.9283036
4796,41309,53678,lymph node analysis,pelvic exenteration,0.9060673,0.917769,0.8592605
4797,19582,65735,disease progression,risk factors for wound healing,0.90606314,0.924775,0.8312156
4798,40350,76356,long-term cardiovascular outcomes,total weight loss,0.9060513,0.89365125,0.9556515
4799,29229,38587,hazard ratios,lasso model,0.9060217,0.9486023,0.7356992
4800,9657,54880,c. difficile infection,periprosthetic joint infections,0.90601957,0.963851,0.674694
4801,13416,81622,clinical response,weight loss failure,0.90600705,0.92978656,0.8108889
4802,57384,57611,postoperative anastomotic leakage,postoperative day 3,0.90599835,0.9022761,0.92088735
4803,17292,72893,cutaneous fistula,surgical site infections,0.90598655,0.9341081,0.79350007
4804,17197,19805,curative intent surgery,distal tumor location,0.905984,0.93772316,0.7790272
4805,4376,73096,anterior resection,surgical waiting time,0.90597016,0.93047756,0.8079404
4806,24652,59363,extubation time,preoperative data,0.9059484,0.8916387,0.96318704
4807,31028,81590,hip replacement,weekend effect,0.90594316,0.9009498,0.9259166
4808,28681,48502,graft weight,non-alcoholic steatohepatitis,0.90593815,0.9347231,0.79079825
4809,43606,71204,metabolic and bariatric surgery,stress exposure,0.9059293,0.9482037,0.7368317
4810,57439,76959,postoperative bleeding,transfemoral cas,0.9059143,0.9135701,0.87529093
4811,21863,39677,electronic frailty index,liver cirrhosis,0.9058976,0.8920103,0.961447
4812,20686,54904,duration of hospital stay,peritoneal adhesion index,0.9058961,0.94040877,0.7678455
4813,12035,61407,chemotherapy efficacy,prothrombin time,0.9058949,0.8875545,0.9792564
4814,1958,58144,adhesive obstruction,postoperative pancreatic fistula,0.9058821,0.88748467,0.9794718
4815,34712,52053,injury mechanisms,pancreatic fistula,0.905882,0.9584506,0.69560736
4816,17230,77046,curative treatment,transfusion risk,0.9058721,0.892262,0.9603125
4817,34493,52440,inflammatory response,parotid abscess,0.9058687,0.9389938,0.77336824
4818,29533,65261,heart failure hospitalization,rheumatic mitral valve disease,0.9058607,0.9043487,0.9119086
4819,24563,59189,extrahepatic metastasis,preoperative anaemia,0.90585995,0.890033,0.9691677
4820,43190,58049,medicaid beneficiaries,postoperative mortality,0.90585846,0.89963144,0.93076634
4821,2471,50619,adverse event prediction,operative duration,0.9058458,0.8911785,0.96451515
4822,8785,34381,bone healing,inflammatory biomarkers,0.90583205,0.9688251,0.6538596
4823,10406,11790,cardiac surgery,cerebrovascular pathology,0.9058317,0.8920079,0.9611271
4824,40555,67671,longitudinal study,serum albumin levels,0.9058128,0.88962513,0.97056335
4825,16859,56977,crp levels,post-procedural complications,0.90576804,0.89827573,0.935737
4826,10406,71567,cardiac surgery,submucosal edema,0.9057664,0.8914212,0.96314716
4827,6145,37664,atrial fibrillation,kidney donation,0.9057662,0.93180376,0.8016157
4828,31539,53456,hospital admissions,pediatric empyema,0.90575147,0.92967933,0.81004
4829,24775,73456,failure rate,symptom resolution,0.9057469,0.95863307,0.69420207
4830,44576,67047,minimal residual disease,second-line chemotherapy,0.9057412,0.9686968,0.65391904
4831,42103,76201,male patients,total hospital charges,0.90573883,0.88867605,0.9739899
4832,11011,52410,caudate lobectomy,parenchymal-sparing hepatectomy,0.90572166,0.9322913,0.7994428
4833,43151,56653,mediastinal lymph node sampling,positive surgical margin,0.9057191,0.9314357,0.8028524
4834,11528,11855,central neck dissection,cervical lymph node metastasis,0.9056788,0.9509231,0.72470146
4835,52030,54967,pancreatic ductal adenocarcinoma,peritoneal outcomes,0.9056722,0.8838938,0.9927857
4836,46988,64603,narrow gastric conduit,resection margins,0.9056692,0.91119474,0.8835671
4837,13176,57056,clinical complications,post-transplant complications,0.90566254,0.95952666,0.69020605
4838,10204,42257,carcinoembryonic antigen level,malignant pleural mesothelioma,0.90565306,0.91134447,0.8828872
4839,13523,53040,clinical trial participation,patient quality of life,0.90563,0.9542943,0.71097255
4840,50630,80318,operative intervention,vascular procedures,0.9056265,0.89719653,0.93934625
4841,38727,72570,lauren classification,surgical margin involvement,0.90562457,0.9146544,0.86950547
4842,281,41235,30-day complications,lung segmentectomy,0.9055942,0.898045,0.9357911
4843,604,59470,90-day reoperations,preoperative hemoglobin,0.90558267,0.89815885,0.93527794
4844,6866,35380,bariatric surgery,internal rectal prolapse,0.90557003,0.9157493,0.8648531
4845,64559,72626,resectable lung cancer,surgical outcome,0.9055553,0.9111137,0.8833218
4846,29002,72957,gynecological cancer,surgical success rate,0.9055326,0.92639023,0.82210195
4847,40615,49503,low cardiac output syndrome,nutritional index,0.9055292,0.89467007,0.9489655
4848,29893,77443,hemolytic anemia,trauma patients,0.9055145,0.9400066,0.7675461
4849,50775,76346,opioid-naive patients,total thyroidectomy,0.9055032,0.9474299,0.7377965
4850,3598,68717,anastomotic leak rate,simultaneous cholecystectomy,0.9054905,0.9127965,0.8762668
4851,46327,61945,multiple organ resection,pulmonary embolism,0.9054879,0.88431776,0.99016833
4852,7471,22088,bile duct injury,emergency major abdominal surgery,0.9054814,0.8970538,0.9391918
4853,22003,44441,emergency abdominal surgery,midgut volvulus,0.9054522,0.94180214,0.7600521
4854,1546,40380,acute mesenteric ischemia,long-term effectiveness,0.90543497,0.91692406,0.8594785
4855,8687,50076,body image,oncologic outcomes,0.9054317,0.88542193,0.9854708
4856,3774,45654,anatomical risk factors,mortality rates,0.90542156,0.9579165,0.6954416
4857,63233,72994,recipient bmi,surgical techniques,0.9054093,0.91253275,0.8769154
4858,2134,70710,adjuvant therapy,statin-naïve patients,0.905408,0.89798117,0.9351155
4859,10273,41474,cardiac death,lymphocyte-to-monocyte ratio,0.90538794,0.88419265,0.99016905
4860,70434,73771,stage iiia/n2 non-small cell lung cancer,systemic chemotherapy,0.9053808,0.91840637,0.8532784
4861,38366,72552,laparoscopic whole-layer cholecystectomy,surgical management,0.90537417,0.8929663,0.9550057
4862,59456,59760,preoperative gnri,preoperative serum albumin,0.9053684,0.9055223,0.9047527
4863,14452,60967,colorectal cancer treatment,propensity matching,0.9053279,0.92209154,0.8382734
4864,13245,46552,clinical features,muscle mass assessment,0.90529054,0.9299957,0.8064699
4865,35014,71931,intensive care unit,supportive therapy,0.90527195,0.9296992,0.8075631
4866,12128,56640,chest tube indwelling duration,positive predictive value,0.9052719,0.9202334,0.8454258
4867,9059,15621,bowel rest,conservative management,0.9052343,0.91827506,0.8530711
4868,32868,66423,imaging findings,ruptured intracranial aneurysms,0.9052001,0.94281036,0.7547589
4869,2134,9947,adjuvant therapy,cancer research,0.90519583,0.9183421,0.85261077
4870,16440,36299,cost barriers,intraoperative complications,0.90518266,0.9483221,0.7326247
4871,8524,77597,blood transfusion,treatment intervals,0.90517604,0.9217748,0.83878094
4872,41973,75986,major joint replacement,tobacco use,0.9051703,0.9040676,0.90958107
4873,4743,68260,anticoagulation duration,sex differences,0.9051665,0.919175,0.8491323
4874,19841,65974,distant recurrence,robot-assisted radical nephrectomy,0.90516114,0.90185887,0.9183702
4875,42850,65740,mean platelet volume,risk factors of mortality,0.90514547,0.9489295,0.7300094
4876,54879,58507,periprosthetic joint infection,postoperative wound drainage,0.9051322,0.9306265,0.80315477
4877,38248,63032,laparoscopic radical prostatectomy,re-operation rate,0.9051225,0.91327,0.87253225
4878,672,13809,abdominal aortic aneurysms,coagulation disorder,0.9051217,0.909437,0.8878603
4879,64068,75323,reintervention-free rates,thromboembolic events,0.90510905,0.9239228,0.82985383
4880,23041,40425,endovascular stenting,long-term mortality,0.9050824,0.8949358,0.9456688
4881,41103,63133,lung cancer,real-time ultrasonography,0.9050736,0.9219904,0.8374062
4882,63235,82157,recipient characteristics,young patients,0.9050721,0.91222477,0.8764611
4883,19766,44589,distal pancreatectomy,minimally invasive access,0.90505666,0.8893362,0.9679382
4884,40161,78257,locally advanced esophageal cancer,tumor microvascular invasion,0.90505093,0.911766,0.87819076
4885,32992,73056,immune checkpoint inhibitors,surgical treatment strategies,0.90503097,0.92975163,0.8061482
4886,48102,59671,neutrophil-platelet score,preoperative platelet count,0.9050296,0.91945606,0.8473236
4887,50537,70609,operating room return,staphylococcus aureus,0.905008,0.9416851,0.7582997
4888,7397,54299,bilateral recurrent laryngeal nerve dissection,perihilar cholangiocarcinoma,0.90500426,0.90110904,0.9205851
4889,16546,23612,covid-19 complications,escherichia coli,0.9049889,0.92061126,0.8424995
4890,42974,64381,mechanical support,reoperation rates,0.9049804,0.90089613,0.9213177
4891,53699,63196,pelvic inflammatory disease,receiver operating characteristic curves,0.90498006,0.9202819,0.8437724
4892,18521,75968,des-γ-carboxy prothrombin,tnm stage,0.90496993,0.88885367,0.969435
4893,19556,46255,disease control rates,multimodal therapy,0.90495354,0.9320861,0.7964233
4894,510,30242,5-year survival rate,hepatitis c virus,0.90493494,0.8824181,0.9950023
4895,26457,57825,free jejunal transfer,postoperative hemorrhage,0.9049318,0.9294588,0.8068236
4896,60709,68600,prognostic impact,signet ring cell histology,0.9049189,0.88553965,0.98243606
4897,70755,80132,stem cell therapy,vascular access,0.9049093,0.93320596,0.79172254
4898,3918,63144,aneurysm recurrence,real-world data,0.9049068,0.9127396,0.87357575
4899,53012,70827,patient outcomes,stent graft infection,0.90485954,0.91170996,0.877458
4900,36267,51525,intraoperative blood glucose,oxidative stress,0.9048505,0.93325174,0.79124534
4901,10998,28215,catheterization laboratory,glomerular filtration rate,0.9048344,0.93095094,0.8003681
4902,40984,45125,lower-extremity amputation,model performance,0.9048216,0.95785165,0.6927013
4903,7539,48683,biliary atresia,non-invasive positive pressure ventilation,0.90480316,0.9296654,0.80535406
4904,13535,57129,clinical utility,postcholecystectomy syndrome,0.90479076,0.95027256,0.7228635
4905,7684,57634,biliary-pancreatic diversion,postoperative delirium,0.9047774,0.89199716,0.9558983
4906,60923,62479,prolonged operative time,r0 resection rate,0.9047642,0.88207376,0.99552554
4907,4406,54542,anterolateral thigh flap,perioperative management,0.9047471,0.91346496,0.8698758
4908,2913,64262,akkermansia muciniphila,renal function,0.90473115,0.946525,0.73755586
4909,20286,60713,drain fluid amylase concentration,prognostic indicator,0.9047052,0.92957425,0.8052288
4910,23564,41091,erector spinae plane block,lung adenocarcinoma,0.90469927,0.8822781,0.99438405
4911,10059,46571,cannabis use disorder,muscle strength,0.9046933,0.899299,0.92627054
4912,8447,24092,blood loss,excision repair cross-complementation group 1,0.90468943,0.8912074,0.95861745
4913,35748,78328,intestinal type ipmn,tumor recurrence,0.90468824,0.92176366,0.8363862
4914,66691,79392,same-day procedures,unplanned intubation,0.9046865,0.89774513,0.93245214
4915,16004,39956,conversion rate,lobectomy outcomes,0.90466344,0.88808775,0.97096616
4916,6708,51853,balloon angioplasty,palliative intervention,0.90464437,0.92297727,0.83131284
4917,19611,43560,disease-free survival,mesoamerican nephropathy,0.90464044,0.95583636,0.6998567
4918,363,9508,30-day reoperation,bundled payment for care improvement,0.90463567,0.91608673,0.8588315
4919,47025,49765,nasal obstruction symptom evaluation,obstructive sleep apnea syndrome,0.9046129,0.9379727,0.7711734
4920,19625,55112,disease-specific survival,persistent anemia,0.90460503,0.9724969,0.63303745
4921,17772,47965,damage-associated molecular patterns,neuropathic pain,0.90459895,0.96972287,0.6441031
4922,18903,73273,diagnostic modalities,survival trends,0.9045966,0.97106254,0.6387329
4923,2357,35014,advanced n stage,intensive care unit,0.9045962,0.8837494,0.9879832
4924,38820,59471,least absolute shrinkage and selection operator,preoperative hemoglobin a1c,0.9045956,0.9474339,0.73324215
4925,8515,68111,blood sugar,severe complications,0.9045631,0.92576957,0.81973726
4926,13246,16472,clinical findings,cost savings,0.90455264,0.9276666,0.8120966
4927,15147,58169,complication rate,postoperative pelvic sepsis,0.9045344,0.8945062,0.9446472
4928,1521,72694,acute limb ischaemia,surgical procedure,0.90453196,0.89264405,0.9520835
4929,34803,62922,inr monitoring,randomized trial,0.9045264,0.9517786,0.7155176
4930,13327,62449,clinical outcome,quick sofa score,0.90452516,0.93109393,0.79825
4931,34398,41931,inflammatory cell infiltration,major complications,0.9044758,0.89585894,0.9389433
4932,40370,63321,long-term data,rectal adenocarcinoma,0.9044417,0.92987996,0.8026886
4933,9084,74207,brachial artery,target lesion revascularization,0.90440524,0.9464638,0.73617053
4934,62656,81118,radical lymphadenectomy,visceral adipose tissue,0.9043766,0.8900256,0.96178037
4935,596,51256,90-day postoperative mortality,ostomy formation,0.90437526,0.9601561,0.68125176
4936,15547,25982,congenital heart disease,fluorescence guidance,0.90434164,0.9109217,0.87802136
4937,16778,32797,critical limb ischemia,iliofemoral thrombosis,0.9043368,0.9637078,0.6668528
4938,49390,49446,numerical rating scale,nuss technique,0.90432703,0.97409886,0.62523955
4939,28028,79402,gestational diabetes mellitus,unplanned readmissions,0.9043039,0.9757975,0.6183295
4940,2426,81141,advanced tumor stages,visceral fat area,0.90430045,0.88809454,0.9691241
4941,27903,36880,genomic heterogeneity,invasive adenocarcinoma,0.9042908,0.94998264,0.72152334
4942,46488,80022,multivessel disease,valve reintervention,0.904286,0.9027369,0.91048235
4943,31464,41863,homeostatic model assessment,major adverse events,0.90427816,0.8896854,0.9626491
4944,23403,73116,epidural analgesia,surgical wound infections,0.9042547,0.92360586,0.8268499
4945,2040,34493,adjacent segment disease,inflammatory response,0.90422547,0.89447856,0.943213
4946,2619,67669,age as a predictor,serum albumin concentration,0.90417475,0.94332474,0.7475745
4947,25559,36299,fibrous obliteration,intraoperative complications,0.9041747,0.949039,0.7247174
4948,12428,15257,chronic anticoagulation,comprehensive complications index,0.9041654,0.90093255,0.91709656
4949,45620,53098,mortality during hospitalization,patient stratification,0.90415895,0.9419408,0.75303173
4950,60815,81685,progression-free survival,weight-based dosing,0.9041585,0.89437556,0.9432899
4951,45672,48107,mortality within 30 days,neutrophil/lymphocyte ratio,0.9041473,0.89172435,0.95383906
4952,23798,48080,esophagogastric cancer,neutrophil lymphocyte ratio,0.9041454,0.9081624,0.8880773
4953,45453,58185,monocyte-to-lymphocyte ratio,postoperative platelet count,0.9041432,0.9171097,0.8522769
4954,21675,40425,elective general surgery,long-term mortality,0.9041284,0.88594294,0.97687006
4955,49752,51424,obstructive jaundice,overall morbidity rate,0.90412134,0.8890651,0.9643463
4956,10406,49098,cardiac surgery,nontarget embolization,0.9041124,0.8891885,0.96380764
4957,45490,69543,moorehead-ardelt questionnaire,socioeconomic status,0.9040878,0.89848423,0.92650217
4958,46433,55922,multivariable logistic regression,platelet indices,0.9040863,0.89330924,0.94719446
4959,57436,60677,postoperative biomarker,prognostic biomarkers,0.9040768,0.946483,0.73445183
4960,30277,77765,hepatobiliary surgery,triangle operation,0.90403175,0.92647046,0.81427675
4961,59491,62506,preoperative imaging,r2 resection,0.9040208,0.90480185,0.90089655
4962,4412,56785,anthropometric data,post-hepatectomy liver failure,0.9040145,0.8982809,0.9269487
4963,34000,57553,indocyanine green,postoperative communication,0.904013,0.94725597,0.7310408
4964,40239,59726,locoregional relapse,preoperative radiation therapy,0.9040024,0.94429886,0.74281645
4965,26403,41859,frailty assessment,major adverse clinical events,0.9039886,0.90548074,0.8980199
4966,48470,70463,nomogram models,stage migration,0.90397406,0.9084594,0.88603246
4967,6145,14807,atrial fibrillation,competence assessment,0.90396726,0.9356277,0.77732533
4968,27531,49218,gastrointestinal malignancies,nosocomial infection,0.9039668,0.90463775,0.90128255
4969,60728,72820,prognostic outcomes,surgical revascularization,0.90396667,0.8982245,0.9269352
4970,3725,36700,anatomical features,intravascular lithotripsy,0.90395826,0.95292336,0.7080977
4971,361,29229,30-day rehospitalization,hazard ratios,0.9039533,0.8997139,0.92091125
4972,26256,65980,forced expiratory volume,robot-assisted rectal surgery,0.90393794,0.8990415,0.92352355
4973,24365,69537,extent of surgery,socioeconomic factors,0.9039266,0.88948625,0.961688
4974,2273,36933,advanced clinical stage,invasive mucinous adenocarcinoma,0.90390825,0.9640845,0.6632033
4975,18681,42978,diabetes impact,mechanical thrombectomy,0.90389824,0.912886,0.8679469
4976,3110,25883,allogeneic stem cell transplant,flow cytometry,0.90385044,0.98641217,0.5736035
4977,48940,77875,nonfatal myocardial infarction,triple-vessel coronary artery disease,0.9038249,0.9323624,0.78967494
4978,13455,68844,clinical stage,single-incision laparoscopic colectomy,0.90382355,0.8876462,0.9685328
4979,38491,68820,large vessel occlusion,single-antiplatelet therapy,0.9037874,0.965442,0.65716904
4980,23801,54610,esophagogastric junction,perioperative risk factors,0.90376276,0.8917597,0.951775
4981,29428,69533,health outcomes,socioeconomic differences,0.90376127,0.9693607,0.6413634
4982,17241,19962,curative-intent resection,docetaxel plus s-1,0.9037532,0.892965,0.9469059
4983,14124,78160,colon adenocarcinoma,tumor grading,0.9037161,0.89546025,0.93673927
4984,40262,58824,logistic regression,pre-pregnancy body mass index,0.90370375,0.942047,0.75033075
4985,7487,51412,bile duct segmental resection,overall complications,0.90367794,0.89083314,0.95505697
4986,12972,65087,class activation map,retrospective analysis,0.9036683,0.90674365,0.8913668
4987,38311,65096,laparoscopic staplers,retrospective cohort study,0.9036662,0.88732266,0.96904045
4988,15536,32096,congenital diaphragmatic hernia,hybrid technique,0.9036546,0.90677804,0.8911607
4989,44996,54864,mitral valve reoperation,periprocedural outcomes,0.90365183,0.92996603,0.7983951
4990,1398,63179,acute coronary syndrome,recanalization results,0.9036361,0.96481466,0.658922
4991,2968,73121,albumin-globulin ratio,surgical-related complications,0.9036193,0.9146852,0.85935557
4992,770,9066,abdominal pain,bowel surgeries,0.90358824,0.96747744,0.6480312
4993,27584,59292,gastrointestinal toxicity,preoperative chemoradiation,0.9035877,0.9392175,0.7610683
4994,15229,38093,composite morbidity,laparoscopic gastric bypass,0.9035831,0.88544613,0.97613096
4995,29297,30242,hcc-related mortality,hepatitis c virus,0.9035681,0.9421699,0.7491605
4996,2134,68141,adjuvant therapy,severe hypertriglyceridemia,0.9035675,0.90067446,0.9151396
4997,11652,26732,cerebral bleeding,functional outcomes,0.90355134,0.91834617,0.84437186
4998,17202,42049,curative laparoscopic surgery,major surgical complications,0.9035382,0.94276077,0.7466481
4999,22786,72224,endoscopic ultrasound,surgical aggression,0.9035353,0.9327515,0.7866705
5000,10121,50966,caprini score,oral morphine equivalents,0.90353066,0.92161155,0.83120704
5001,17530,34363,cytokine production,inflammation suppression,0.9035275,0.95691293,0.6899859
5002,33898,75156,independent risk factor,thoracoscopic right upper lobectomy,0.903519,0.8866599,0.9709551
5003,35216,58114,interleukin 6,postoperative oral antibiotics,0.90346354,0.9355483,0.7751243
5004,16273,78821,coronary heart disease,type b2/c lesions,0.9034625,0.92587245,0.8138228
5005,39176,65079,length of postoperative stay,retroperitoneoscopic approach,0.9034592,0.91319966,0.8644972
5006,21891,65096,elephant trunk procedure,retrospective cohort study,0.9034431,0.9089737,0.88132054
5007,18203,59664,degenerative mitral regurgitation,preoperative planning,0.9034365,0.90691,0.8895423
5008,15906,29229,conventional cabg,hazard ratios,0.90342337,0.88825583,0.96409345
5009,29385,40526,health care costs,longer hospital stay,0.9034154,0.92527133,0.81599134
5010,39173,54695,length of post-operative stay,peripheral artery disease,0.9034057,0.8875332,0.96689576
5011,57412,77680,postoperative aspiration,treatment strategies,0.9034048,0.94137144,0.75153786
5012,33523,60584,in-situ fenestration,procedure-related complications,0.9033974,0.94607174,0.73269993
5013,8541,54574,blood urea nitrogen,perioperative pain,0.9033557,0.9374077,0.7671478
5014,4858,78179,antiphospholipid syndrome,tumor histology,0.90335476,0.9119649,0.8689141
5015,17541,78274,cytokine response,tumor necrosis factor,0.9033541,0.95264024,0.7062096
5016,4031,50640,angiographic data,operative mortality,0.90332806,0.8996908,0.9178771
5017,20957,79403,early extubation,unplanned rehospitalization,0.90331864,0.934837,0.7772453
5018,27453,36261,gastroesophageal varices,intraoperative bleeding,0.90329534,0.8882235,0.9635824
5019,73747,80344,systematic lymphadenectomy,vascular resection,0.90329367,0.8895941,0.9580919
5020,52707,65987,pathological complete regression,robot-assisted surgery,0.90328616,0.89418566,0.9396881
5021,35797,52630,intra-abdominal collections,pathologic complete response,0.9032785,0.8840936,0.98001844
5022,52436,77100,parkinson disease,transient ischemic attack,0.90326893,0.91978264,0.837214
5023,33410,70196,improved survival,squamous carcinoma,0.9032588,0.91512144,0.8558082
5024,32443,32469,icu length of stay,icu use,0.9032456,0.89760935,0.9257906
5025,841,53012,abdominal wound dehiscence,patient outcomes,0.9032451,0.88437843,0.97871155
5026,19582,21980,disease progression,embolic therapy,0.9032395,0.96022123,0.6753126
5027,2350,64801,advanced malignancies,respiratory complications,0.903229,0.92742693,0.80643725
5028,14254,77056,colonic surgery,transfusion volume,0.9032028,0.91289824,0.8644208
5029,31454,58901,home parenteral nutrition,prediction model,0.9032021,0.9095607,0.87776774
5030,1578,79014,acute pancreatitis,ultrasound evaluation,0.9031876,0.9597708,0.6768546
5031,42787,46053,mean arterial pressure,multicenter observational study,0.9031848,0.94652843,0.7298098
5032,15329,45288,computed tomography evaluation,modified rankin scale,0.9031546,0.94850105,0.72176886
5033,8310,41943,bleeding events,major emergency abdominal surgery,0.903152,0.8954436,0.93398553
5034,21112,34381,early recovery after surgery,inflammatory biomarkers,0.9031387,0.9001541,0.9150769
5035,50526,50727,operating room cost,opioid consumption,0.90313053,0.8933799,0.9421328
5036,25311,72975,fenestrated and branched endovascular aortic repair,surgical technique,0.9031186,0.88937086,0.9581096
5037,16562,62881,covid-19 outcomes,random forest model,0.90311676,0.90823996,0.88262373
5038,47282,74914,neck hematoma,thoracic aortic aneurysm,0.9030961,0.9258836,0.8119461
5039,106,69430,16s rrna gene sequencing,smoking status,0.90308785,0.95763177,0.6849121
5040,1639,78254,acute respiratory distress syndrome,tumor microenvironment characteristics,0.90308005,0.94895977,0.71956104
5041,30065,47049,hepatic encephalopathy,nash-related cirrhosis,0.9030788,0.98243195,0.5856659
5042,69058,80378,skeletal muscle mass,vascular surgery,0.9030629,0.8794737,0.9974196
5043,60718,77345,prognostic marker,transurethral resection of bladder tumor,0.9030623,0.89014953,0.95471317
5044,42861,74489,mean pulmonary artery pressure,temporal trends,0.90305877,0.8917089,0.9484581
5045,72671,78445,surgical planning,tumor thrombus,0.90304595,0.8968431,0.92785746
5046,16273,59220,coronary heart disease,preoperative attrition,0.90304226,0.91736,0.845771
5047,9072,58930,bowel wall enhancement,predictive factors,0.9030282,0.9201305,0.83461887
5048,13669,63563,clonorchis sinensis infection,recurrence-free survival rate,0.9030205,0.91387117,0.8596178
5049,8562,74608,blood-brain barrier disruption,tetralogy of fallot,0.9030177,0.9081423,0.8825191
5050,11570,37314,central venous catheter,ivc filter placement,0.9029661,0.9451791,0.73411393
5051,7394,36299,bilateral pulmonary vein isolation,intraoperative complications,0.90296054,0.92187244,0.8273126
5052,1357,33506,acute cardiac failure,in-hospital outcomes,0.90296,0.94552183,0.7327126
5053,39998,67303,local complications,self-expandable metal stent,0.90295595,0.89183587,0.94743615
5054,53740,72519,pelvic splanchnic nerves,surgical intervention,0.9029485,0.9218371,0.8273941
5055,17122,58966,cumulative incidence of mortality,predictive nomogram,0.9029402,0.8875075,0.96467096
5056,24780,27586,failure to rescue,gastrointestinal tract bleeding,0.90293443,0.9267645,0.807614
5057,51435,80283,overall recurrence,vascular involvement,0.9028902,0.9071993,0.8856536
5058,41026,67760,lumbar interbody fusion,serum creatinine,0.9028558,0.8979711,0.92239463
5059,50572,56007,operation time reduction,pleural effusion,0.90282637,0.92126846,0.8290579
5060,67,60720,10-year survival,prognostic model,0.90281737,0.88019305,0.99331456
5061,28552,70972,grade iii/iv complications,stereotactic body radiation therapy,0.90281737,0.91496724,0.8542178
5062,30724,81010,high-grade malignancy,video-assisted thoracoscopic surgery,0.90281206,0.9005214,0.9119746
5063,9687,79399,ca125 level,unplanned readmission,0.9027995,0.90882576,0.8786945
5064,6972,63750,baseline anemia,red blood cell transfusion,0.902795,0.9056085,0.89154124
5065,18272,30252,delayed gastric emptying,hepato-biliary-pancreatic surgery,0.9027763,0.9663017,0.6486746
5066,3875,57975,anesthetic effects,postoperative length of stay,0.9027703,0.9255834,0.81151736
5067,34692,73456,initial surgery,symptom resolution,0.9027578,0.95698303,0.68585694
5068,33067,37103,immune response modulation,ischemia-reperfusion injury,0.90275127,0.96730363,0.64454156
5069,33074,73811,immune responses,systemic infections,0.90273327,0.9604354,0.67192453
5070,31624,69996,hospital quality measures,spinal surgery,0.90270406,0.92734325,0.8041472
5071,29698,52928,hematologic toxicity,patient demographics,0.9026889,0.8822917,0.9842778
5072,15263,40440,comprehensive score for financial toxicity,long-term outcome,0.9026783,0.90531087,0.8921479
5073,8810,57561,bone marrow failure,postoperative complications,0.90267223,0.94715315,0.72474843
5074,56903,59949,post-operative nausea and vomiting,pressure ulcers,0.9026704,0.9313313,0.78802663
5075,22342,49671,endobronchial valve,objective response rate,0.9026391,0.9349589,0.7733599
5076,15238,48591,composite outcomes,non-elective readmission,0.90263814,0.90358824,0.89883775
5077,1451,46923,acute heart failure,nadir hematocrit,0.90262926,0.9196458,0.8345631
5078,42667,45498,maximal systolic acceleration,morbidity and mortality,0.9026158,0.98096263,0.5892284
5079,13224,66255,clinical efficacy,robotically assisted coronary artery bypass grafting,0.9026115,0.9256146,0.81059897
5080,10606,20428,cardiovascular event-free survival,drug-eluting stents,0.9025677,0.9136434,0.85826445
5081,33864,52173,independent predictor of mortality,pancreatic surgery,0.90253395,0.88199633,0.9846843
5082,41851,46456,major adverse cardiovascular events,multivariate cox model,0.90251946,0.88412744,0.97608733
5083,50412,64656,open surgery,residential segregation,0.90248483,0.88386583,0.9769607
5084,9965,54550,cancer specific survival,perioperative mortality,0.9024589,0.87926596,0.9952306
5085,58351,61680,postoperative sleep quality,psychological distress,0.9024521,0.91538525,0.8507196
5086,3308,13071,american society of anesthesiology score,clavien-dindo-sink classification,0.9024378,0.9347628,0.7731378
5087,17219,43304,curative resection,medicare population,0.9024196,0.8791689,0.9954223
5088,29528,58015,heart failure,postoperative major morbidity,0.9024091,0.8802221,0.99115705
5089,21755,34383,elective rectal cancer surgery,inflammatory bowel disease,0.902387,0.9039033,0.89632183
5090,13023,63636,clavien-dindo classification,recurrent hcc,0.9023837,0.88106847,0.9876446
5091,20115,78289,dose escalation,tumor necrosis factor-α,0.9023786,0.8988276,0.9165825
5092,44576,62789,minimal residual disease,radiological findings,0.9023744,0.94302285,0.7397802
5093,68264,80995,sex disparity,video-assisted thoracic surgery,0.9023714,0.8857229,0.96896565
5094,22567,25069,endoscopic full-thickness resection,feasibility and safety,0.90235496,0.9492242,0.7148781
5095,15842,56497,contrast-enhanced ct scan,portal vein embolization,0.9023532,0.9721086,0.62333155
5096,10599,40265,cardiovascular disease risk factors,logistic regression model,0.9023514,0.89886767,0.9162862
5097,7680,8447,biliary-enteric anastomoses,blood loss,0.9023381,0.91112345,0.8671966
5098,73260,76237,survival rates,total laparoscopic total gastrectomy,0.9023336,0.8822035,0.9828541
5099,19625,76950,disease-specific survival,transesophageal echocardiography,0.9023137,0.8791456,0.9949858
5100,7494,79025,bile duct stones,ultrasound imaging,0.9022497,0.9306675,0.7885782
5101,72784,81674,surgical resection complications,weight regain,0.9022241,0.9327245,0.7802227
5102,52708,73123,pathological complete remission,surgical-site infection,0.90222263,0.8861731,0.9664205
5103,63079,70323,readmission rate,stage i lung cancer,0.9022107,0.88030446,0.9898357
5104,35031,46230,intensive care unit length of stay,multimodal approach,0.9021915,0.880516,0.98889357
5105,25956,50514,fluid overload,operating mortality,0.90218735,0.8865954,0.9645547
5106,46205,46465,multifocal intrahepatic cholangiocarcinoma,multivariate cox regression analysis,0.9021367,0.9061617,0.8860363
5107,4755,77621,anticoagulation timing,treatment outcomes,0.902128,0.89410925,0.9342029
5108,19073,58928,diastolic dysfunction,predictive factor,0.902125,0.89243984,0.9408657
5109,22688,60714,endoscopic response evaluation,prognostic indicators,0.90207326,0.91874826,0.8353731
5110,9821,78381,calcium oxalate crystals,tumor size,0.9020557,0.9026907,0.8995154
5111,8857,70019,bone mineral density,spirometric parameters,0.9020524,0.94350207,0.7362535
5112,1573,38248,acute pain,laparoscopic radical prostatectomy,0.9020488,0.9615747,0.6639452
5113,39853,48026,liver transplantation,neurovascular complications,0.9020346,0.8820227,0.9820822
5114,64110,69423,relative humidity,smoking history,0.9020216,0.93895173,0.7543009
5115,2227,55316,adult patients,pharyngocutaneous fistula,0.9020144,0.91232544,0.86077017
5116,51525,81547,oxidative stress,water jet-assisted liposuction,0.9020136,0.9615189,0.6639925
5117,64853,65584,respiratory system,risk factors,0.9019892,0.92828315,0.7968134
5118,12728,34272,chronic total occlusion,inferior vena cava collapsibility index,0.90198666,0.9447507,0.73093015
5119,951,57621,abscess formation,postoperative days,0.90196,0.89601403,0.9257437
5120,26212,34780,fontan-associated liver disease,inpatient mortality,0.90194327,0.90343684,0.89596903
5121,23201,30071,enteral feeding,hepatic failure,0.9019356,0.9378207,0.758395
5122,38954,41576,left main lesions,machine learning,0.90193415,0.9186047,0.83525217
5123,1709,57022,acute toxicity,post-surgical complications,0.90193284,0.8865223,0.96357495
5124,40203,58257,locally advanced unresectable pancreatic cancer,postoperative recurrence,0.90193015,0.90584546,0.8862689
5125,29,38828,1-year mortality,left anterior descending artery grafting,0.9019236,0.92035097,0.82821405
5126,48104,59068,neutrophil-to-lymphocyte ratio,predictors of pain,0.90191525,0.895357,0.928148
5127,58489,72930,postoperative vte,surgical stabilization of rib fractures,0.90188795,0.88689744,0.96185005
5128,43874,52631,metastatic disease,pathologic complete response rate,0.90186304,0.88507956,0.9689969
5129,23086,34893,endurance training,insulin resistance,0.9018606,0.92071563,0.82644033
5130,48121,69199,neutrophils/lymphocytes ratio,sleep quality,0.90184194,0.9106579,0.8665781
5131,15065,69940,complex liver resection,spinal anesthesia,0.9018226,0.9114356,0.8633705
5132,2122,64911,adjuvant radiotherapy,restorative proctectomy,0.9018169,0.9020099,0.9010448
5133,20933,51918,early diagnosis,pancreas transplantation,0.9018071,0.8945901,0.93067527
5134,28569,51412,gradient boosting machine,overall complications,0.90177846,0.8825062,0.9788674
5135,49828,66101,octogenarian patients,robotic proctectomy,0.90177804,0.90304774,0.8966991
5136,14399,77178,colorectal cancer,transnasal esophagoscopy,0.9017645,0.912081,0.86049837
5137,57581,81813,postoperative course,who performance status,0.90173554,0.9032026,0.89586735
5138,15582,45049,congestive heart failure,mixed-effects modeling,0.9017192,0.8839779,0.97268426
5139,33159,55002,immunohistochemical analysis,peritumoral features,0.90171486,0.939328,0.75126225
5140,10837,61033,case-control study,prophylactic antibiotic,0.90170676,0.9109869,0.8645863
5141,3720,39982,anatomical dissection,local anesthesia,0.90169966,0.9185536,0.8342838
5142,35798,78238,intra-abdominal complication,tumor markers,0.90169394,0.89939755,0.9108795
5143,13327,21600,clinical outcome,elderly surgical patients,0.9016919,0.8872855,0.9593178
5144,30992,54090,hinchey classification,perforated diverticulitis,0.90168446,0.96077144,0.66533643
5145,28215,43684,glomerular filtration rate,metabolic syndrome remission,0.9016714,0.91794,0.8365967
5146,66113,72723,robotic ramps,surgical quality,0.90166414,0.94703275,0.72018963
5147,58512,73010,postoperative wound infection,surgical tracheostomy,0.9016218,0.8941266,0.9316026
5148,49509,50401,nutritional interventions,open roux-en-y gastric bypass,0.90161467,0.9706252,0.62557256
5149,50727,77307,opioid consumption,transsphenoidal pituitary surgery,0.9015957,0.8918797,0.9404595
5150,15317,22053,computed tomography angiography,emergency department patients,0.9015884,0.9051998,0.8871423
5151,59729,61407,preoperative radiotherapy,prothrombin time,0.9015853,0.8787278,0.99301517
5152,34219,65834,infectious disease consultation,risk stratification,0.90158063,0.9303143,0.7866459
5153,2585,54880,african-american ethnicity,periprosthetic joint infections,0.9015765,0.9473988,0.71828747
5154,31646,79407,hospital resource consumption,unplanned reoperation,0.90156907,0.92460406,0.80942893
5155,35181,38037,interhospital transfers,laparoscopic colectomy,0.9015689,0.89168227,0.9411153
5156,23641,65094,esophageal cancer resection,retrospective cohort analysis,0.9015455,0.929644,0.7891515
5157,34419,81994,inflammatory cytokine response,wound healing,0.9015444,0.949588,0.7093698
5158,13036,21862,clavien-dindo complications,electronic data capture,0.90152884,0.8870588,0.959409
5159,50412,64550,open surgery,resectable esophageal carcinoma,0.90150183,0.8806124,0.98505974
5160,22986,65718,endovascular intervention,risk factors for sirs,0.9014944,0.93232924,0.778155
5161,8687,77567,body image,treatment failure,0.90148884,0.88064694,0.9848564
5162,6145,39785,atrial fibrillation,liver neoplasms,0.9014859,0.8959431,0.9236571
5163,12724,48817,chronic thromboembolic pulmonary hypertension,non-surgical complications,0.90147233,0.92411566,0.8108989
5164,19974,49882,documentation rates,odds ratio,0.90143627,0.9007037,0.9043663
5165,7508,37657,bile leakage,kidney disease,0.9014307,0.88645315,0.9613408
5166,31697,45661,hospital-acquired infection,mortality risk factors,0.90141827,0.8866242,0.9605943
5167,59753,68470,preoperative sarcopenia,shoulder arthroplasty,0.90141296,0.8823381,0.9777123
5168,46909,62495,n2 lymph node metastasis,r1 resection,0.90138495,0.9151148,0.84646535
5169,50592,60724,operational time,prognostic nutrition index,0.9013827,0.8811014,0.9825079
5170,42993,62921,mechanical ventilation duration,randomized study,0.90138,0.8906139,0.9444442
5171,18739,60717,diabetic foot ulcers,prognostic information,0.9013679,0.9038629,0.89138776
5172,1109,37780,acetabular fracture,knee replacement,0.90131927,0.90371853,0.8917222
5173,1392,26553,acute complications,frozen elephant trunk technique,0.90130866,0.9050902,0.8861823
5174,40390,40416,long-term follow-up,long-term macce,0.9012834,0.9058844,0.88287914
5175,12574,41589,chronic kidney disease stages,machine learning model,0.90127903,0.8882434,0.95342153
5176,35403,75976,international classification of diseases,tnm staging system,0.9012629,0.9225025,0.8163042
5177,72346,75242,surgical conversion rate,three-field lymphadenectomy,0.90124524,0.8992692,0.9091494
5178,30335,59192,hepatopancreatobiliary procedures,preoperative anemia,0.9012443,0.88742816,0.9565088
5179,33675,50646,incidence of ssis,operative outcomes,0.90120524,0.8862724,0.9609364
5180,320,60912,30-day mortality rates,prolonged inotropic support,0.90120196,0.9612691,0.66093355
5181,2453,25167,adverse cardiovascular outcomes,female gender,0.90119606,0.88495135,0.9661749
5182,69543,76241,socioeconomic status,total lesion glycolysis,0.9011845,0.87830806,0.9926904
5183,19875,58232,diverted sleeve gastrectomy,postoperative quality of life,0.9011556,0.91482985,0.84645826
5184,31608,71052,hospital mortality,stigmata of recent hemorrhage,0.9011543,0.8889782,0.9498587
5185,18022,52808,deep learning,pathological tnm staging,0.9011533,0.9474398,0.71600723
5186,6708,63094,balloon angioplasty,real world data,0.90113574,0.9635872,0.6513297
5187,19100,81201,diet modification,visual analog scale,0.9011184,0.885185,0.96485204
5188,23056,29522,endovascular thrombectomy,hearing impairment,0.90110314,0.93977225,0.7464265
5189,27771,68668,general anesthesia,sils technique,0.90108883,0.8961194,0.92096645
5190,366,73240,30-day reoperations,survival outcomes,0.9010839,0.8782918,0.9922523
5191,13061,38103,clavien-dindo grading system,laparoscopic gastrointestinal surgery,0.9010826,0.93245596,0.7755891
5192,10273,64183,cardiac death,remote ischemic conditioning,0.901069,0.8970406,0.9171826
5193,31162,32877,histological examination,imaging modalities,0.9010633,0.9302481,0.7843241
5194,3601,74533,anastomotic leakage,tenascin c,0.9010506,0.90446264,0.8874026
5195,9640,59862,c-reactive protein-to-albumin ratio,preoperative uric acid,0.90104437,0.9363075,0.75999177
5196,17169,61955,cumulative survival rate,pulmonary endarterectomy,0.9010121,0.89959294,0.9066888
5197,6635,80259,bacterial infections,vascular graft infection,0.90100867,0.94428724,0.7278942
5198,8248,37177,black race,ischemic time,0.90100545,0.89672446,0.9181293
5199,17530,76294,cytokine production,total pancreatectomy,0.9009812,0.923047,0.8127178
5200,16061,74426,cooling therapy,technical success,0.900952,0.89886373,0.9093049
5201,24115,28597,exercise capacity,graft failure,0.9009484,0.88701093,0.9566985
5202,41331,70396,lymph node harvesting,stage iii cancer,0.9009044,0.89596283,0.9206707
5203,47517,58202,neoadjuvant sintilimab,postoperative prognosis,0.9008836,0.8993369,0.9070706
5204,34804,64320,insertable cardiac monitor,renal replacement therapy,0.9008827,0.8939184,0.92873996
5205,46483,78104,multivariate survival analysis,tumor depth,0.90087926,0.8955991,0.92199963
5206,3587,76660,anastomotic fistula,trans-orally inserted anvil,0.90087146,0.9080893,0.8720002
5207,72628,76747,surgical outcome improvement,transarterial chemoembolization,0.90086246,0.89230573,0.9350891
5208,811,59625,abdominal ultrasonography,preoperative optimization,0.9008261,0.9230781,0.81181794
5209,23562,78158,erection-related arteries,tumor grade,0.90081584,0.92576456,0.80102074
5210,18242,31609,delayed bleeding,hospital mortality rate,0.9008063,0.89790267,0.91242063
5211,14130,49728,colon cancer,obstructed defecation syndrome,0.90078485,0.8935221,0.92983574
5212,26759,69405,functional status,smoker status,0.90075463,0.8995068,0.9057458
5213,52900,72528,patient comorbidities,surgical invasiveness,0.9007412,0.88521713,0.9628375
5214,29266,64262,hbv-related acute-on-chronic liver failure,renal function,0.90073335,0.962951,0.6518625
5215,17193,27247,curative intent,gastric neuroendocrine carcinoma,0.9007315,0.89896727,0.9077883
5216,46874,50887,n stage,oral cancer,0.9007285,0.88807905,0.95132643
5217,67507,73026,sepsis-associated disseminated intravascular coagulation,surgical treatment,0.9007134,0.9042332,0.8866339
5218,15621,40574,conservative management,loop-ileostomy closure,0.90070194,0.9265536,0.79729515
5219,8689,57634,body image concerns,postoperative delirium,0.9006928,0.9050835,0.8831301
5220,50383,64344,open repair,renal tumors,0.90069145,0.8839056,0.9678348
5221,9170,57439,brain protection,postoperative bleeding,0.9006768,0.93413085,0.7668605
5222,279,42023,30-day complication rate,major post-operative complications,0.900663,0.94504845,0.723121
5223,47102,68422,national database study,short-term complications,0.90066195,0.896785,0.9161696
5224,18091,58007,deep venous thrombosis,postoperative lymphorrhea,0.90065724,0.90111214,0.8988373
5225,40982,78472,lower urinary tract symptoms,tumor volume,0.9006387,0.88647443,0.9572956
5226,43087,76345,median operative time,total thymectomy,0.9006189,0.9264386,0.7973401
5227,16607,72572,cox proportional hazard models,surgical margin recurrence,0.90060556,0.9102562,0.86200297
5228,37691,76789,kidney protection,transcatheter aortic valve replacement,0.90059197,0.8992422,0.9059907
5229,39168,47620,length of intensive care unit stay,neonatal surgery,0.90055966,0.9290894,0.78644055
5230,25956,46465,fluid overload,multivariate cox regression analysis,0.9005576,0.89005846,0.9425539
5231,50167,74256,one-year survival,target-vessel myocardial infarction,0.9005337,0.96194714,0.65487987
5232,17131,21772,cumulative incidence proportions,elective surgery,0.90052927,0.9037632,0.8875935
5233,9968,78269,cancer staging,tumor mutation burden,0.9005263,0.9024796,0.89271307
5234,21386,72880,economic impact,surgical site complications,0.90051717,0.8865315,0.95645994
5235,44354,58514,microwave ablation,postoperative wound management,0.9005152,0.8984719,0.90868825
5236,56649,72350,positive resection margin,surgical cost,0.9004793,0.88548684,0.9604493
5237,1530,41894,acute lower limb ischemia,major bleeding events,0.9004762,0.9003866,0.9008349
5238,70067,75652,splenic flexure mobilization,time to flatus,0.9004736,0.9137482,0.847375
5239,5536,39018,arc-hbr score,left ventricular assist device,0.90040034,0.9027679,0.89092994
5240,46152,74048,multidisciplinary team approach,t1 colorectal cancer,0.900391,0.88528836,0.96080136
5241,16198,65604,coronary artery disease,risk factors for bsi,0.9003876,0.92486286,0.8024866
5242,672,77516,abdominal aortic aneurysms,treatment benefits,0.9003845,0.9456411,0.719358
5243,46763,77662,myocardial infarction,treatment response assessment,0.90038216,0.8851799,0.96119124
5244,109,57439,16s rrna sequencing,postoperative bleeding,0.9003794,0.9049711,0.88201255
5245,10624,79781,cardiovascular morbidity,urinary retention,0.9003676,0.88265896,0.97120214
5246,3376,12584,amputation free survival,chronic limb ischemia,0.9003648,0.98081654,0.5785579
5247,11424,29595,cell-free dna,heart-lung transplantation,0.90036005,0.9633895,0.6482423
5248,10232,39057,cardiac allograft vasculopathy,left ventricular mass,0.90035176,0.9373665,0.7522928
5249,63079,76867,readmission rate,transcervical carotid artery revascularization,0.9003483,0.9464465,0.71595556
5250,33500,65702,in-hospital mortality rate,risk factors for pulmonary complications,0.90034664,0.9035657,0.8874703
5251,4679,47425,antibiotic therapy,negative surgical margins,0.9003458,0.8857786,0.95861447
5252,19885,76644,diverting colostomy,tranexamic acid,0.90033615,0.88248557,0.97173846
5253,36299,79715,intraoperative complications,uric acid,0.90032876,0.8804475,0.97985363
5254,72893,75274,surgical site infections,threshold value,0.9003259,0.89403224,0.9255004
5255,51940,60796,pancreatic adenocarcinoma,programmed death receptor 1,0.9002858,0.930855,0.77800906
5256,42719,76356,maximum tumor size,total weight loss,0.9002857,0.88185227,0.97401947
5257,66213,66558,robotic-assisted liver surgery,safety and efficacy,0.9002795,0.89408076,0.9250744
5258,18915,44222,diagnostic performance,microrna levels,0.9002758,0.92280436,0.8101615
5259,226,26403,3-month mortality,frailty assessment,0.90025604,0.89505076,0.92107725
5260,5487,8447,appendicular adenocarcinoma,blood loss,0.90025437,0.8820117,0.973225
5261,64870,77696,response evaluation criteria in solid tumors,treatment toxicity,0.9002467,0.9215366,0.815087
5262,50255,80344,open colectomy,vascular resection,0.9002157,0.8764024,0.99546885
5263,26529,51147,fresh-frozen plasma,orthotopic heart transplantation,0.9001838,0.9482542,0.70790195
5264,582,34766,90-day mortality rate,inpatient complications,0.9001745,0.87820345,0.9880586
5265,57847,81772,postoperative hospitalisation,white blood cell count,0.90016156,0.885139,0.96025157
5266,60933,71644,prolonged postoperative stay,subtotal colectomy,0.90013736,0.9218003,0.81348544
5267,50679,70829,operative time,stent graft occlusion,0.90011454,0.9078752,0.8690717
5268,61018,77100,propensity-matched population,transient ischemic attack,0.90010965,0.90559757,0.87815803
5269,941,68324,aborted procedures,shared decision-making,0.90010387,0.94545287,0.71870774
5270,28280,42107,glucose level,male sex,0.9000824,0.8979633,0.908559
5271,34422,66751,inflammatory cytokines,saps ii score,0.90006864,0.93114084,0.77577984
5272,21634,40443,elective cholecystectomy,long-term overall survival,0.9000652,0.88643545,0.9545843
5273,22185,46160,emergent surgery,multidisciplinary team management,0.9000615,0.9370823,0.75197804
5274,1258,38317,active disease,laparoscopic surgery,0.90005237,0.9307646,0.77720344
5275,35443,39254,interobserver reproducibility,lesion size,0.9000504,0.93459576,0.7618689
5276,33825,60425,incremental cost-effectiveness ratio,private insurance coverage,0.9000491,0.9060212,0.8761606
5277,12423,58957,chronic ankle instability,predictive model,0.9000353,0.9178571,0.828748
5278,19469,37140,discharge before noon,ischemic heart disease,0.900032,0.9026252,0.8896589
5279,21758,52891,elective repairs,patient characteristics,0.90002114,0.9546156,0.68164307
5280,49139,74426,norepinephrine use,technical success,0.90001804,0.87984884,0.9806949
5281,75747,79488,timi risk score,unstable angina,0.9000113,0.9407295,0.7371382
5282,42865,78270,mean standardized uptake value,tumor mutational burden,0.90000725,0.9493229,0.70274454
5283,67991,78410,serum thyroglobulin levels,tumor stage,0.89999485,0.96876997,0.62489414
5284,6534,70199,b cell infiltration,squamous cell carcinoma,0.8999692,0.9516109,0.6934022
5285,21389,76254,economic outcomes,total mastectomy,0.89996606,0.93169063,0.77306783
5286,50640,81817,operative mortality,whole blood transfusion,0.899961,0.9163602,0.8343638
5287,45498,46406,morbidity and mortality,multisystem inflammatory syndrome in children,0.89996094,0.9111254,0.8553029
5288,11424,40099,cell-free dna,local-regional recurrence,0.8999197,0.9324542,0.76978153
5289,1495,81406,acute ischemic stroke,vomiting incidence,0.8999189,0.90666187,0.87294704
5290,27499,72575,gastrointestinal endoscopy,surgical margins,0.89991885,0.88702905,0.95147794
5291,68268,73989,sex hormones,t stage,0.89991194,0.9234366,0.80581325
5292,29105,36268,hajibandeh index,intraoperative blood loss,0.89991033,0.8780384,0.987398
5293,43063,54426,median estimated blood loss,perioperative blood loss,0.8998867,0.9089322,0.86370474
5294,28022,81010,germline variants,video-assisted thoracoscopic surgery,0.89987373,0.9179675,0.82749873
5295,62800,65159,radiological outcomes,revascularization rates,0.89987236,0.9395934,0.74098825
5296,18601,41863,device deployment,major adverse events,0.8998699,0.96795905,0.62751323
5297,22258,32053,en-bloc resection,hybrid esophagectomy,0.89986885,0.9398353,0.7400028
5298,8524,18287,blood transfusion,delayed neurological improvement,0.89982444,0.89909583,0.90273875
5299,12696,29523,chronic rhinosinusitis,hearing improvement,0.8998157,0.978373,0.5855864
5300,6866,62946,bariatric surgery,rapid deployment aortic valve replacement,0.89978844,0.87754446,0.98876405
5301,20456,68123,dual antiplatelet therapy,severe degenerative mitral regurgitation,0.8997795,0.9198597,0.81945866
5302,5879,21772,aseptic loosening,elective surgery,0.8996911,0.8884618,0.9446083
5303,26966,39532,gallbladder stones,lipid metabolism,0.8996745,0.88792694,0.9466645
5304,74427,76476,technical success rate,tracheal tube placement,0.89967275,0.904909,0.87872773
5305,13165,17688,clinical characteristics,d-dimer concentration,0.8996724,0.8886853,0.94362074
5306,35410,74622,international consultation on incontinence questionnaire,textbook outcome,0.8996684,0.891008,0.93431
5307,39917,51462,living donor hepatectomy,overall survival rate,0.8996649,0.8778071,0.98709595
5308,372,66135,30-day serious morbidity,robotic sleeve gastrectomy,0.89965034,0.909619,0.8597759
5309,13340,54570,clinical parameters,perioperative oral management,0.8996496,0.92616814,0.79357517
5310,7552,52987,biliary colic,patient management,0.8996404,0.9097565,0.85917586
5311,52030,62183,pancreatic ductal adenocarcinoma,pure-solid appearance,0.8996381,0.88524216,0.95722187
5312,11688,48270,cerebral hypoperfusion,nih stroke scale,0.8996343,0.960899,0.6545755
5313,50646,77124,operative outcomes,transient vocal cord paralysis,0.89960504,0.93608993,0.75366515
5314,72266,80324,surgical backlog,vascular quality initiative,0.89960366,0.9006288,0.89550316
5315,76747,77726,transarterial chemoembolization,treatment-related mortality,0.8995899,0.893334,0.92461354
5316,23485,50149,epithelial ovarian cancer,one-stage surgery,0.8995657,0.9245478,0.799637
5317,33902,78869,independent risk factors,type iv collagen 7s,0.89955574,0.94408524,0.7214376
5318,17209,74285,curative options,targeted therapy,0.8995459,0.91947234,0.81983995
5319,23382,63517,epidermal growth factor receptor,recurrence of lung cancer,0.89953434,0.96497256,0.63778144
5320,4983,58963,aortic aneurysm,predictive modeling,0.8995189,0.8858642,0.95413774
5321,51443,52128,overall survival after recurrence,pancreatic neuroendocrine tumors,0.8995104,0.8946677,0.918881
5322,54550,56416,perioperative mortality,population-based analysis,0.8994437,0.8959148,0.91355926
5323,23510,48973,epstein-barr virus,noninvasive biomarkers,0.8994032,0.95733243,0.667686
5324,58901,62690,prediction model,radical thymectomy,0.8993964,0.9056863,0.8742369
5325,27694,47521,gender disparities,neoadjuvant systemic therapy,0.89938444,0.9175353,0.8267808
5326,39289,79800,leukocyte count,urine culture,0.8993803,0.93574244,0.75393176
5327,34893,51967,insulin resistance,pancreatic cancer prognosis,0.89937955,0.9102236,0.8560032
5328,19439,78772,direct-acting antivirals,type 1 diabetes,0.8993721,0.9680771,0.62455195
5329,32429,51078,icu admission,organ/space surgical site infection,0.8993702,0.87709147,0.9884848
5330,27531,56915,gastrointestinal malignancies,post-operative pancreatic fistula,0.89933854,0.8799867,0.97674567
5331,1632,61894,acute renal injury,pulmonary artery systolic pressure,0.8993344,0.91802293,0.82458025
5332,40836,53199,lower back pain,patient-reported outcomes,0.89933395,0.95096254,0.69281954
5333,27069,77552,gastric banding,treatment effect,0.899313,0.884994,0.956589
5334,26502,42669,freedom from recurrence,maximal tumor diameter,0.8993114,0.947873,0.705065
5335,11947,60945,chd surgery,prolonged ventilation,0.8993059,0.94344413,0.72275287
5336,65090,65584,retrospective case series,risk factors,0.89929235,0.8877644,0.9454042
5337,26202,39091,fontan operation,left ventricular systolic function,0.8992604,0.92695886,0.7884667
5338,5212,81693,aortic stenosis,weight-loss outcomes,0.8992589,0.919948,0.8165026
5339,46893,67977,n-terminal pro-brain natriuretic peptide,serum samples,0.899253,0.9227355,0.8053227
5340,45884,60356,mucinous subtype,primary tumor resection,0.8992398,0.9334305,0.7624769
5341,57590,66241,postoperative crp,robotic-assisted surgery,0.89922297,0.8810517,0.9719078
5342,20605,23053,duodenal ulceration,endovascular therapy,0.89918554,0.9311697,0.7712489
5343,56471,68207,portal hypertension,severe surgical complications,0.89917386,0.911443,0.85009724
5344,3054,61955,all-cause in-hospital mortality,pulmonary endarterectomy,0.8991663,0.9335743,0.761534
5345,2503,15546,adverse outcome,congenital heart defects,0.89916384,0.894849,0.9164231
5346,8529,37103,blood transfusion rate,ischemia-reperfusion injury,0.8991513,0.9435071,0.7217282
5347,16880,55904,cryoballoon ablation,platelet count,0.8991394,0.9278902,0.7841363
5348,8252,8873,bladder cancer,bone recurrence,0.89913875,0.8965299,0.9095739
5349,46445,52180,multivariable regression analysis,pancreatic texture,0.8991123,0.8852229,0.9546696
5350,16885,78789,cryopreserved allograft,type 2 diabetes,0.8990934,0.9249658,0.7956037
5351,2474,52122,adverse event rate,pancreatic neoplasms,0.8990605,0.9110732,0.8510093
5352,71280,75357,stroke risk,thrombolytic therapy,0.8990552,0.88602114,0.95119107
5353,37721,76789,killip class,transcatheter aortic valve replacement,0.89905393,0.8767867,0.98812264
5354,1382,64134,acute cholecystitis,remifentanil dosage,0.89905083,0.9468817,0.7077273
5355,46049,60271,multicenter cohort study,primary pci,0.89903355,0.89511234,0.9147182
5356,5794,51918,artificial neural networks,pancreas transplantation,0.89902675,0.95116407,0.6904775
5357,50238,68464,open approach,shorter length of stay,0.8990084,0.9173939,0.82546616
5358,10521,67458,cardiopulmonary bypass,sentinel lymph node detection,0.8990013,0.88292027,0.96332556
5359,18012,57397,deep infection,postoperative antibiotic use,0.8989861,0.9163316,0.8296039
5360,6718,81583,balloon dilation,wedge resection,0.89897513,0.893823,0.9195834
5361,45515,72594,morbidity reduction,surgical morbidity,0.8989543,0.8765574,0.9885415
5362,13282,17112,clinical intervention,cumulative incidence,0.8989437,0.8804161,0.9730541
5363,28440,73872,good prognosis,systemic therapy,0.8989351,0.9065692,0.8683986
5364,13005,78633,clavien classification,tumour regression grade,0.8989258,0.90233094,0.8853052
5365,8246,57149,black patients,postdischarge vte,0.8989192,0.91396934,0.83871853
5366,17530,51215,cytokine production,osteogenic differentiation,0.8989182,0.9298451,0.7752105
5367,33700,70171,incidence trends,sporadic colorectal cancer,0.89891255,0.90069187,0.89179516
5368,36293,65221,intraoperative colonoscopy,revision surgery,0.8989115,0.89379954,0.919359
5369,18457,49539,depression assessment,nutritional status,0.8989111,0.96137035,0.64907414
5370,51842,77647,palliative care,treatment protocol,0.8989066,0.95231116,0.68528813
5371,9165,46794,brain natriuretic peptide,myocardial necrosis markers,0.89889246,0.9751075,0.59403247
5372,16607,39907,cox proportional hazard models,liver-specific recurrence-free survival,0.89887494,0.93217504,0.7656745
5373,11320,17532,cecal ligation and puncture,cytokine profiles,0.8988709,0.9398889,0.7347988
5374,4497,71441,anti-inflammatory cytokines,subclinical inflammation,0.8988639,0.96320873,0.6414844
5375,2467,25239,adverse effects,femoral neck fracture,0.89885056,0.88211155,0.96580637
5376,10007,49505,cancer-free survival,nutritional indicators,0.89881635,0.9041302,0.8775608
5377,3739,72652,anatomical liver resection,surgical performance,0.8988014,0.9624778,0.6440956
5378,43485,74935,mesenchymal stem cells,thoracic asymmetry,0.89879256,0.938929,0.7382467
5379,49701,56936,observational study,post-operative stroke,0.898775,0.9006468,0.89128757
5380,383,43043,30-day survival rate,median age,0.89877415,0.8941445,0.91729283
5381,40872,49882,lower extremity claudication,odds ratio,0.89876866,0.91959095,0.81547946
5382,20084,58135,doppler ultrasonography,postoperative pain scores,0.89876384,0.88008,0.973499
5383,29498,81431,healthcare utilization,vte risk assessment,0.89875036,0.9506211,0.6912673
5384,58065,73565,postoperative nausea,symptomatic seroma,0.8987447,0.9321083,0.76529026
5385,16190,41836,coronary artery bypass operation,major adverse cardiac events,0.8987342,0.8966818,0.906944
5386,12641,63335,chronic pain,rectal cancer management,0.89873075,0.9241269,0.79714584
5387,13535,67983,clinical utility,serum sodium levels,0.89872813,0.9159741,0.8297442
5388,21264,54550,eastern europe,perioperative mortality,0.8987256,0.9190449,0.8174483
5389,765,72388,abdominal obesity,surgical difficulty,0.8987254,0.92138004,0.8081066
5390,39666,75228,liver cancer,three-dimensional segmentation,0.8987129,0.9363412,0.7481995
5391,41451,60701,lymphocyte count,prognostic factors for overall survival,0.8987058,0.91505104,0.8333247
5392,14247,64589,colonic resection,resection and primary anastomosis,0.89868903,0.966074,0.6291489
5393,54904,67542,peritoneal adhesion index,septic shock,0.89866227,0.89251095,0.9232676
5394,40237,59798,locoregional recurrence-free survival,preoperative staging,0.89864755,0.9022308,0.8843146
5395,1675,45608,acute stroke,mortality benefit,0.8986442,0.9393797,0.73570216
5396,14950,51848,complete resection rate,palliative gastrectomy,0.8986386,0.89980936,0.89395565
5397,47472,80488,neoadjuvant chemoradiation,vats lobectomy,0.89861715,0.8739664,0.9972199
5398,691,6866,abdominal colectomy,bariatric surgery,0.8986095,0.8769993,0.9850503
5399,41355,65996,lymph node recurrence,robot-assisted total gastrectomy,0.89858985,0.91403526,0.836808
5400,3329,43630,aminotransferase-to-platelet ratio index,metabolic dysfunction-associated steatotic liver disease,0.8985711,0.94895375,0.6970402
5401,12641,69092,chronic pain,skin and soft tissue infections,0.89856386,0.9188272,0.8175104
5402,47089,67569,national cancer registry,serious adverse events,0.8985631,0.9172174,0.82394606
5403,22152,43378,emergent colectomy,meld score,0.8985149,0.8779083,0.9809414
5404,8700,57311,body mass index,postoperative 30-day complications,0.89851224,0.874881,0.9930368
5405,62822,63550,radiomic features,recurrence timing,0.8984813,0.9096702,0.8537256
5406,45992,63079,multi-inflammatory index,readmission rate,0.898477,0.8796679,0.9737134
5407,21744,69484,elective pancreaticoduodenectomy,social vulnerability,0.8984436,0.9416258,0.725715
5408,36810,58247,intravenous thrombolysis,postoperative recovery,0.8983967,0.87517124,0.9912983
5409,47870,76785,neurologic improvement,transcatheter aortic valve implantation,0.89838433,0.89110506,0.92750114
5410,54320,81215,perineal hernia repair,visual analogue scale,0.8983768,0.92277205,0.8007959
5411,41954,72739,major hepatectomy,surgical radiofrequency ablation,0.89835775,0.8964258,0.9060857
5412,22628,44429,endoscopic mucosal resection,middle rectal artery,0.89835477,0.9554901,0.6698133
5413,29532,72249,heart failure events,surgical approach,0.8983506,0.9117349,0.84481335
5414,17191,19582,curative hepatectomy,disease progression,0.8983499,0.87503755,0.9915992
5415,15874,21067,control group,early postoperative cognitive dysfunction,0.8983482,0.9620492,0.64354414
5416,40818,66119,low-volume centers,robotic repair,0.8983456,0.9231093,0.7992908
5417,15147,56534,complication rate,portal venous gas,0.8983443,0.9141331,0.835189
5418,57343,78289,postoperative adjuvant therapy,tumor necrosis factor-α,0.8983366,0.96030974,0.650444
5419,18016,79268,deep inferior epigastric perforator flap,unicompartmental knee arthroplasty,0.89832157,0.89514834,0.9110143
5420,50361,72921,open procedures,surgical specialties,0.89829934,0.9568578,0.6640655
5421,19489,66346,discharge status,routine discharge,0.8982877,0.94811237,0.698989
5422,39477,73209,line-1 methylation,survival analysis,0.89828527,0.89461607,0.9129619
5423,35014,79722,intensive care unit,urinary albumin-to-creatinine ratio,0.898251,0.88416654,0.95458865
5424,16525,58041,covered metallic stent,postoperative morbidity,0.89824784,0.89219856,0.9224448
5425,49478,59470,nutritional biochemistry,preoperative hemoglobin,0.89824045,0.939581,0.73287815
5426,28283,28305,glucose metabolism,glucose-lipid metabolism,0.898232,0.96104455,0.6469816
5427,26422,48389,frailty status,nodal metastasis,0.89822406,0.8814314,0.9653947
5428,13245,49899,clinical features,oesophageal cancer patients,0.89820325,0.9449301,0.7112957
5429,42861,72499,mean pulmonary artery pressure,surgical indication,0.8981238,0.8905661,0.92835456
5430,28325,54913,glutathione peroxidase 3,peritoneal carcinomatosis,0.8980899,0.9234162,0.79678434
5431,17074,43067,culprit vessels,median follow-up,0.8980844,0.9356232,0.74792874
5432,1639,78371,acute respiratory distress syndrome,tumor samples,0.8980802,0.9117551,0.8433808
5433,35217,48469,interleukin 6 levels,nomogram model,0.8980703,0.8782839,0.9772157
5434,53553,73900,pediatric patient outcomes,systolic blood pressure,0.8979874,0.9168597,0.8224982
5435,43114,64440,median survival time,repeat resection,0.8979802,0.8760204,0.98581946
5436,1254,13913,active cancer,cognitive impairment,0.8979459,0.8829831,0.957797
5437,23558,40857,erectile dysfunction,lower extremity amputations,0.89793986,0.9472458,0.70071596
5438,1812,63954,adenocarcinoma in situ,regional lymph nodes,0.8979249,0.9385596,0.73538584
5439,55189,65348,personalized management,right hemicolectomy,0.8978993,0.9488288,0.6941812
5440,3667,78289,anatomic lung resection,tumor necrosis factor-α,0.8978871,0.92379326,0.79426265
5441,13327,24579,clinical outcome,extraluminal air,0.8978839,0.9344656,0.751557
5442,38540,64791,laryngeal surgery,resource utilization,0.89787465,0.88685715,0.9419446
5443,24506,44495,extracorporeal membrane oxygenation,mild hypoglycemia,0.8978679,0.9159069,0.82571167
5444,17607,53554,cytology diagnosis,pediatric patients,0.8978635,0.9274479,0.7795258
5445,6775,53079,balloon-mounted stents,patient satisfaction,0.8978536,0.8995944,0.8908904
5446,14762,62881,comorbidity adjustment,random forest model,0.8978372,0.95665157,0.66257983
5447,15799,62834,contrast enhanced computed tomography,radiomics model,0.8978251,0.9660462,0.62494075
5448,17466,27568,cyto-reductive surgery,gastrointestinal stromal tumors,0.89781046,0.89952534,0.89095086
5449,58965,77273,predictive models,transposition of the great arteries,0.8978064,0.9448927,0.7094612
5450,18094,69980,deep wound infection,spinal injury,0.8978021,0.93950456,0.7309923
5451,8524,41407,blood transfusion,lymphadenectomy extent,0.8977953,0.8812508,0.96397346
5452,4417,79759,anthropometric measurements,urinary incontinence,0.8977929,0.89191455,0.921306
5453,17648,40382,cytoreductive surgery,long-term effects of surgery,0.8977851,0.9338298,0.7536065
5454,18801,22940,diagnostic accuracy,endovascular aaa repair,0.8977752,0.8866646,0.9422175
5455,18208,58049,degenerative spinal disease,postoperative mortality,0.8977746,0.88812625,0.93636787
5456,5547,72196,area deprivation index,surgery-related adverse events,0.8977558,0.91333896,0.8354231
5457,580,39679,90-day mortality,liver damage,0.89774597,0.920576,0.8064259
5458,1554,36039,acute myocardial infarction,intracranial infection,0.89774305,0.8794117,0.9710684
5459,47153,69423,nationwide cohort,smoking history,0.8977118,0.91779083,0.8173957
5460,43504,44715,mesenteric defects,minimally invasive surgical approach,0.8977089,0.8963512,0.9031393
5461,30790,67649,high-resolution anoscopy,serrated polyps,0.89769953,0.9687904,0.613336
5462,21182,59180,early surgical management,preoperative albumin,0.897676,0.8968349,0.90104
5463,33915,52704,indeterminate pulmonary nodules,pathological characteristics,0.89766896,0.9542113,0.6714996
5464,41451,79619,lymphocyte count,urban patients,0.89766777,0.8877207,0.9374557
5465,23056,43712,endovascular thrombectomy,metabolite signatures,0.8976283,0.9083616,0.85469496
5466,10159,46012,carbohydrate antigen 19-9,multi-organ resection,0.89762294,0.88244855,0.95832056
5467,25403,48537,fib-4 index,non-cirrhotic liver,0.8976217,0.9305836,0.76577383
5468,15148,67212,complication rates,segmental hepatectomy,0.89761245,0.93547916,0.74614537
5469,45125,59767,model performance,preoperative serum ca19-9,0.897608,0.94801944,0.6959619
5470,15175,82023,complications of drainage,wound infection,0.89760196,0.8964085,0.90237576
5471,16807,27884,crohn's disease,genitourinary cancer,0.8975972,0.8906157,0.9255231
5472,28635,54403,graft patency,perioperative anemia,0.89759344,0.88799524,0.935986
5473,25621,46478,financial toxicity,multivariate regression,0.89756805,0.87847733,0.973931
5474,52910,53199,patient controlled analgesia,patient-reported outcomes,0.8975472,0.8934042,0.91411924
5475,15734,50878,continuous renal replacement therapy,oral anticoagulation therapy,0.8975406,0.8959255,0.90400106
5476,3631,59681,anastomotic stenosis,preoperative portal vein embolization,0.8975171,0.8887999,0.9323857
5477,49523,57661,nutritional recovery,postoperative drainage,0.8974992,0.895177,0.90678775
5478,27044,78345,gastrectomy outcomes,tumor regression grading,0.8974983,0.9478156,0.696229
5479,565,34999,90-day follow-up,intensive care,0.89746594,0.92517734,0.78662026
5480,23786,68186,esophagectomy complications consensus group,severe postoperative complications,0.8974443,0.87687784,0.9797101
5481,39669,58257,liver cancer risk,postoperative recurrence,0.8974419,0.90666384,0.8605543
5482,2311,54913,advanced gastric cancers,peritoneal carcinomatosis,0.89744097,0.8927025,0.9163945
5483,41403,66172,lymph-node metastasis,robotic total mesorectal excision,0.8974335,0.8849934,0.9471942
5484,50253,81460,open cholecystectomy,wait time to surgery,0.89738953,0.9106615,0.84430164
5485,15997,46480,conversion cholecystectomy,multivariate regression analysis,0.89738417,0.8991259,0.8904172
5486,43098,78347,median progression-free survival,tumor regression rate,0.8973838,0.94437295,0.7094271
5487,2467,69989,adverse effects,spinal metastasis,0.89737993,0.89463234,0.9083702
5488,38491,58572,large vessel occlusion,postprocedural hemorrhage,0.897355,0.9678372,0.6154263
5489,21088,58441,early postoperative outcomes,postoperative transfusion rates,0.89733374,0.9320542,0.7584517
5490,56671,64089,positron emission tomography scan,relapse-free survival,0.8973289,0.91051656,0.8445781
5491,13673,46465,clopidogrel monotherapy,multivariate cox regression analysis,0.8973203,0.935782,0.743473
5492,58166,81583,postoperative patient outcomes,wedge resection,0.8973175,0.8805965,0.9642014
5493,45514,68886,morbidity rates,single-port laparoscopic cholecystectomy,0.89729434,0.8767969,0.97928405
5494,4875,61951,antiplatelet therapy,pulmonary embolism risk,0.8972906,0.9434422,0.7126842
5495,12977,58965,class-iii obesity,predictive models,0.8972864,0.87766564,0.9757696
5496,12821,30174,circulating cell-free dna,hepatic surgery,0.89724666,0.9602992,0.6450363
5497,60799,81201,programmed death-1 inhibitor,visual analog scale,0.8972433,0.8818859,0.95867294
5498,59804,67569,preoperative status,serious adverse events,0.8972269,0.9005767,0.88382775
5499,17505,76911,cytokine expression,transcriptomic changes,0.8972169,0.9819182,0.55841184
5500,23063,49645,endovascular treatment,obesity-related co-morbidities,0.89719814,0.8776192,0.9755138
5501,23145,53419,enhanced recovery,pediatric cardiac surgery,0.8971981,0.8798049,0.96677065
5502,26392,49231,fragility hip fractures,nottingham hip fracture score,0.8971845,0.9304373,0.764173
5503,11995,46414,chemoradiation regimen,multivariable analysis,0.8971842,0.895851,0.90251684
5504,29229,80274,hazard ratios,vascular injuries,0.897175,0.8912444,0.92089736
5505,12964,72626,clamshell incision,surgical outcome,0.89715374,0.91538745,0.8242186
5506,11427,72714,cell-free tumor dna,surgical procedures,0.8971494,0.8931968,0.9129595
5507,19625,75984,disease-specific survival,tobacco smoke,0.8971436,0.8824258,0.95601463
5508,53079,62780,patient satisfaction,radiological characteristics,0.8971343,0.88302374,0.9535765
5509,742,81201,abdominal imaging,visual analog scale,0.89713264,0.8816369,0.9591153
5510,3759,44724,anatomical pulmonary resections,minimally invasive technique,0.8970984,0.8949415,0.9057259
5511,31135,81141,histological analysis,visceral fat area,0.89708674,0.9334184,0.7517598
5512,15738,27507,continuous suture technique,gastrointestinal function,0.89708215,0.8958905,0.9018486
5513,5901,8529,asian patients,blood transfusion rate,0.8970814,0.8797058,0.96658385
5514,62744,68419,radiographic outcomes,short-term clinical outcomes,0.89706624,0.9584306,0.65160865
5515,27105,44738,gastric cancer resection,minimally invasive treatment,0.8970537,0.8815458,0.9590854
5516,23145,49406,enhanced recovery,nurse satisfaction,0.8970522,0.96270126,0.634456
5517,12728,61018,chronic total occlusion,propensity-matched population,0.897047,0.90282214,0.87394613
5518,14515,47497,colorectal peritoneal metastasis,neoadjuvant immunotherapy,0.8970451,0.89760435,0.89480776
5519,62595,78057,radiation exposure,tumor burden score,0.89701134,0.87677866,0.97794205
5520,14541,46545,colorectal surgery,muscle injury,0.89701104,0.9708411,0.6016906
5521,3292,74780,american society of anesthesiologists class,therapeutic interventions,0.8970103,0.90239286,0.87548006
5522,36718,76950,intravenous analgesia,transesophageal echocardiography,0.8970045,0.9187313,0.8100972
5523,40161,81586,locally advanced esophageal cancer,weekday of surgery,0.8969629,0.8874334,0.9350806
5524,15255,57977,comprehensive complication index,postoperative leukocytosis,0.8969599,0.891873,0.9173075
5525,43871,47401,metastatic colorectal cancer,negative margin resection,0.8969581,0.88499266,0.94481987
5526,18921,34422,diagnostic prediction model,inflammatory cytokines,0.89694095,0.93921465,0.727846
5527,63387,81583,rectal mucinous adenocarcinoma,wedge resection,0.8969332,0.88918567,0.9279233
5528,8252,40078,bladder cancer,local tumor excision,0.8969326,0.8947376,0.90571254
5529,34007,63666,indocyanine green dye,recurrent laryngeal nerve palsy,0.89692336,0.9456426,0.7020465
5530,5932,79781,aspiration pneumonia,urinary retention,0.89691633,0.8842849,0.9474421
5531,13016,56621,clavien iii-iv complications,positive lymph nodes,0.89691365,0.88950044,0.92656624
5532,2477,47562,adverse events,neointimal response,0.8968985,0.9130794,0.832175
5533,38702,52290,lateral pelvic lymph node dissection,para-aortic lymph nodes,0.8968726,0.9197013,0.8055577
5534,16223,23166,coronary artery surgery,enhanced recovery protocols,0.8968702,0.9062047,0.85953206
5535,3952,67406,aneurysm-related mortality,sensitivity analysis,0.8968653,0.8855559,0.94210273
5536,15874,60043,control group,previous gastrectomy,0.89685225,0.91278875,0.8331062
5537,1554,37852,acute myocardial infarction,kynurenine metabolites,0.8968448,0.89775234,0.8932145
5538,40495,80602,long-term survival,venous intimal hyperplasia,0.8968437,0.9197156,0.80535585
5539,30532,72575,high mortality,surgical margins,0.8968156,0.90024954,0.88307977
5540,41208,63194,lung nodule,receiver operating characteristic curve,0.8968004,0.9132727,0.83091116
5541,39704,80882,liver fibrosis,very low-density lipoprotein,0.8967978,0.9547404,0.6650271
5542,5035,72089,aortic arch procedures,surgery duration,0.8967902,0.92977506,0.7648506
5543,17112,18971,cumulative incidence,diagnostic utility,0.89678574,0.88044596,0.96214473
5544,50640,53262,operative mortality,pci outcomes,0.8967741,0.8853821,0.9423419
5545,15021,29489,complex abdominal wall hernias,healthcare resource utilization,0.8967489,0.8940714,0.9074588
5546,19611,37358,disease-free survival,jak-stat signaling,0.8967433,0.96115047,0.6391147
5547,33533,69454,in-stent restenosis,social capital,0.8967391,0.89990044,0.88409394
5548,14247,40598,colonic resection,low anterior rectal resection,0.89673555,0.92602515,0.77957714
5549,37448,73258,joint complications,survival rate,0.89672166,0.8750647,0.98334956
5550,27470,29239,gastrointestinal bleeding,hba1c level,0.8967183,0.8774857,0.9736487
5551,9363,72829,brier score,surgical risk calculator,0.89671165,0.8853503,0.9421568
5552,5743,66562,arteriovenous grafts,safety and feasibility,0.89668363,0.9700487,0.6032232
5553,42036,64547,major resection,resectable disease,0.89666736,0.9553848,0.6617975
5554,35990,66046,intracorporeal ileocolic anastomosis,robotic gastrectomy,0.8966639,0.875874,0.9798234
5555,39853,67457,liver transplantation,sentinel lymph node biopsy,0.89665157,0.87143946,0.99749976
5556,12957,31637,claims data analysis,hospital readmissions,0.8966491,0.8920624,0.9149958
5557,12864,46528,circulating tumor dna,muscle damage,0.8966368,0.90226173,0.87413687
5558,46967,65596,naples prognostic score,risk factors for anastomotic stricture,0.8966324,0.9153397,0.821803
5559,41204,48723,lung metastasis,non-metastatic renal cell carcinoma,0.8966211,0.89815617,0.890481
5560,18905,32458,diagnostic model,icu stay,0.8966069,0.87450343,0.9850205
5561,18108,51804,defecation frequency,pain score,0.89658976,0.9582723,0.6498596
5562,30709,62634,high-grade complications,radical cholecystectomy,0.8965843,0.8926313,0.9123959
5563,249,23382,3-year relapse-free survival,epidermal growth factor receptor,0.8965608,0.9321935,0.75402963
5564,2482,79546,adverse events rate,upper gastrointestinal bleeding,0.89655674,0.9693717,0.6052969
5565,55013,70973,peritumoural hypointensity,stereotactic body radiotherapy,0.89654475,0.8932977,0.90953285
5566,37103,44081,ischemia-reperfusion injury,microbial dysbiosis,0.8965349,0.9121255,0.8341725
5567,293,32216,30-day hospital readmission rate,hyperthermic intraperitoneal chemotherapy,0.8965057,0.88587636,0.93902314
5568,16592,53079,cox maze procedure,patient satisfaction,0.89650023,0.88940424,0.9248842
5569,8307,52030,bleeding episodes,pancreatic ductal adenocarcinoma,0.89649945,0.8866783,0.935784
5570,1832,12630,adenocarcinoma subtypes,chronic obstructive pulmonary disease,0.89649904,0.9032985,0.8693014
5571,16798,61111,critically ill patients,propofol anesthesia,0.89648867,0.9124339,0.8327074
5572,13245,19890,clinical features,diverting ostomy,0.8964691,0.8974287,0.89263064
5573,34493,81923,inflammatory response,word catheter,0.8964635,0.9328853,0.7507763
5574,41851,60520,major adverse cardiovascular events,procedural morbidity,0.8964442,0.90693456,0.8544827
5575,5212,12158,aortic stenosis,chest x-rays,0.89642787,0.93959504,0.72375906
5576,12647,28183,chronic pancreatitis,global health,0.8964262,0.9208618,0.7986838
5577,28283,49484,glucose metabolism,nutritional counseling,0.89641976,0.91500634,0.82207346
5578,38177,71970,laparoscopic low anterior resection,suprapancreatic lymphadenectomy,0.89639395,0.8930882,0.9096169
5579,18179,80742,defunctioning loop ileostomy,ventral mesh rectopexy,0.8963746,0.9445201,0.70379233
5580,16613,80790,cox proportional hazards modeling,ventricular tachycardia,0.8963572,0.91064763,0.8391953
5581,22250,64240,en bloc esophagectomy,renal cell carcinoma,0.8963401,0.88713634,0.93315476
5582,62689,76276,radical therapy,total neoadjuvant therapy,0.8963338,0.9070272,0.8535602
5583,17793,78791,data accuracy,type 2 diabetes mellitus,0.89633286,0.88685596,0.9342406
5584,33182,45343,immunohistochemical staining,molecular alterations,0.8963291,0.9139765,0.82573956
5585,800,46009,abdominal surgery,multi-organ dysfunction syndrome,0.89630723,0.9538395,0.6661781
5586,60271,60720,primary pci,prognostic model,0.89629346,0.877793,0.970295
5587,26646,61680,functional assessment of cancer therapy-general,psychological distress,0.8962933,0.9426436,0.7108922
5588,33016,69308,immune function,small for gestational age,0.8962918,0.9407916,0.7182925
5589,31598,81283,hospital length of stay,vitamin d metabolism,0.8962693,0.8830677,0.94907564
5590,26732,57718,functional outcomes,postoperative esophagitis,0.8962634,0.90449876,0.863322
5591,2059,58171,adjusted hazard ratios,postoperative period,0.8962606,0.8808461,0.9579187
5592,33857,58538,independent predictor,postpneumonectomy empyema,0.8962492,0.9222129,0.79239434
5593,59598,78158,preoperative neutrophil lymphocyte ratio,tumor grade,0.8962481,0.8947141,0.90238404
5594,16779,60717,critical limb threatening ischemia,prognostic information,0.8962454,0.94512874,0.70071226
5595,13335,51361,clinical outcomes,ovarian edema,0.89623594,0.9061801,0.85645944
5596,58930,63154,predictive factors,real-world setting,0.89623594,0.8749923,0.9812104
5597,1733,60724,acute upper gastrointestinal bleeding,prognostic nutrition index,0.89618254,0.92369205,0.7861445
5598,8541,42919,blood urea nitrogen,mechanical complications,0.8961693,0.8821131,0.9523939
5599,59750,66546,preoperative risk stratification,sacral resection,0.8961685,0.919278,0.80373
5600,28801,51425,greenhouse gas emissions,overall mortality,0.8961612,0.9209168,0.79713887
5601,38268,43546,laparoscopic resection,mesh placement,0.8961438,0.8738251,0.98541856
5602,34005,66369,indocyanine green clearance rate,roux-en-y gastric bypass,0.8961144,0.87225544,0.9915501
5603,383,50198,30-day survival rate,open abdomen,0.8961142,0.92592835,0.7768575
5604,16628,33491,cox regression model,in-hospital major adverse cardiac events,0.8961121,0.888613,0.9261082
5605,14580,27991,combination chemotherapy,geriatric patients,0.89609087,0.8816573,0.95382506
5606,38780,54572,leak pressure,perioperative outcomes,0.8960842,0.8810432,0.956248
5607,48461,52952,nomogram development,patient factors,0.89607763,0.87640256,0.9747779
5608,60781,61220,programmed cell death ligand 1,prostate-specific membrane antigen,0.8960583,0.93891275,0.7246406
5609,45139,78273,moderate differentiation,tumor necrosis,0.89605343,0.9615955,0.6338852
5610,359,69935,30-day readmissions,spillover effect,0.8960507,0.9091791,0.8435371
5611,42991,64212,mechanical ventilation,renal artery aneurysms,0.896031,0.8847582,0.9411224
5612,602,8535,90-day readmissions,blood transfusion risk,0.89602774,0.9091041,0.84372216
5613,55771,57602,plasma fibrinogen,postoperative d-dimer level,0.89601606,0.94018847,0.7193265
5614,58966,75935,predictive nomogram,tn staging,0.89600146,0.9431859,0.70726377
5615,31540,55942,hospital anxiety and depression scale,platelet to lymphocyte ratio,0.89598846,0.8768886,0.97238797
5616,3835,55896,anesthesia duration,platelet aggregation,0.89595747,0.9202824,0.7986574
5617,19966,41505,docetaxel-based chemotherapy,lymphovascular invasion,0.8959385,0.884578,0.9413806
5618,7640,36299,biliary stone removal,intraoperative complications,0.89593834,0.9270305,0.77156955
5619,34055,34510,induction chemotherapy,inflammatory status,0.8959377,0.87567073,0.97700524
5620,62836,77324,radiomics nomogram,transthoracic echocardiography,0.8959211,0.9135725,0.8253154
5621,25087,63378,fecal calprotectin,rectal lesions,0.895904,0.9264655,0.77365786
5622,59651,68074,preoperative period,severe adverse events,0.89590293,0.8913446,0.91413605
5623,13636,54695,clinicopathological factors,peripheral artery disease,0.89589536,0.87111485,0.99501735
5624,2254,60366,advanced age,primary tumors,0.8958909,0.8774141,0.96979797
5625,12944,59001,ckd stage 2,predictive value,0.89588547,0.89956266,0.8811765
5626,41134,52943,lung cancer surgery,patient eligibility,0.8958599,0.8953711,0.8978153
5627,4875,58082,antiplatelet therapy,postoperative neurological dysfunction,0.89585054,0.93983,0.7199326
5628,11225,37520,cd68+ macrophage infiltration,kaplan-meier analysis,0.8958491,0.8855986,0.9368512
5629,37573,45125,kdigo classification,model performance,0.89581734,0.8968609,0.8916432
5630,46264,64593,multimodality therapy,resection extent,0.89579713,0.9061837,0.8542506
5631,16970,79790,ct scan,urinary tract infection,0.8957947,0.8718101,0.99173295
5632,16625,45827,cox regression analysis,mtor inhibitor,0.8957894,0.9164867,0.81300014
5633,10402,75323,cardiac stress testing,thromboembolic events,0.8957339,0.90593106,0.85494524
5634,54549,65964,perioperative morbidity,robot-assisted minimally invasive surgery,0.8956839,0.93121433,0.7535622
5635,19342,74197,dilated cardiomyopathy,target lesion failure,0.8956562,0.88323414,0.9453445
5636,47402,82188,negative margins,ypt1 rectal cancer,0.89565057,0.89526004,0.8972126
5637,580,8728,90-day mortality,body weight change,0.89563143,0.8702595,0.99711883
5638,8700,45039,body mass index,mixed polyps,0.8956285,0.966305,0.61292243
5639,29715,69375,hematological variables,small-cell lung cancer,0.89557874,0.93409276,0.7415227
5640,5091,73058,aortic dissection,surgical treatment timing,0.89557403,0.9166978,0.81107885
5641,57394,62881,postoperative antibiotic prophylaxis,random forest model,0.8955697,0.8968277,0.8905373
5642,33888,40078,independent prognostic factor,local tumor excision,0.89556885,0.90098333,0.87391067
5643,49041,57968,nonoperative management,postoperative leak,0.8955664,0.8783406,0.96446955
5644,10260,27706,cardiac complications,gender-based differences,0.89555883,0.9224205,0.788112
5645,13241,71546,clinical factors,sublobar pulmonary resection,0.8955494,0.9484396,0.68398863
5646,20529,39033,duke criteria,left ventricular ejection fraction,0.8955419,0.92454034,0.77954805
5647,17112,17142,cumulative incidence,cumulative mortality rates,0.8955053,0.88252944,0.94740874
5648,13448,43889,clinical significance,metastatic liver cancer,0.8954896,0.9101113,0.8370025
5649,20687,58502,duration of hospitalization,postoperative white blood cell count,0.8954842,0.95157,0.671141
5650,72519,75497,surgical intervention,thyroid cancer-specific quality of life,0.89547235,0.8813385,0.9520078
5651,13329,73260,clinical outcome data,survival rates,0.89545834,0.9545727,0.659001
5652,18801,44314,diagnostic accuracy,microvascular damage,0.89543605,0.90532684,0.855873
5653,56903,58225,post-operative nausea and vomiting,postoperative pulmonary infection,0.8954328,0.9546864,0.65841824
5654,770,71785,abdominal pain,superficial esophageal adenocarcinoma,0.8954325,0.89119714,0.9123738
5655,49973,55475,older adults,physical symptoms,0.89542145,0.89470965,0.8982686
5656,42238,80378,malignant pancreatic disease,vascular surgery,0.8953885,0.90954936,0.8387449
5657,18943,31287,diagnostic specificity,histopathological characteristics,0.89538383,0.9270844,0.7685816
5658,18896,62782,diagnostic laparoscopy,radiological diagnosis,0.89537174,0.9642895,0.6197006
5659,39714,52952,liver frailty index,patient factors,0.89534557,0.9024702,0.86684686
5660,5091,64335,aortic dissection,renal transplant patients,0.89532685,0.92471737,0.7777646
5661,3057,68174,all-cause mortality,severe odontogenic infections,0.89532346,0.8810415,0.95245117
5662,13727,36268,closure technique,intraoperative blood loss,0.8952938,0.8858025,0.93325883
5663,290,65209,30-day follow-up,revision hip arthroplasty,0.8952818,0.9026937,0.86563396
5664,10785,57455,carpal tunnel release,postoperative blood transfusion,0.89528024,0.90520686,0.8555738
5665,22342,62382,endobronchial valve,quality-adjusted life-years,0.89527225,0.95852596,0.64225733
5666,57580,73215,postoperative counseling,survival benefit,0.89526904,0.89116365,0.91169065
5667,20964,52925,early gastric cancer,patient demographic data,0.89523363,0.882333,0.9468362
5668,16317,39070,coronary revascularization,left ventricular outflow tract gradients,0.8952093,0.92735046,0.76664466
5669,34881,61945,insulin level,pulmonary embolism,0.89520234,0.87951046,0.95796967
5670,2242,67569,advance directive,serious adverse events,0.89519954,0.93802065,0.723915
5671,36408,58909,intraoperative indicators,predictive accuracy,0.8951766,0.9022457,0.86690015
5672,361,30946,30-day rehospitalization,high-volume centers,0.8951565,0.90065193,0.87317455
5673,34275,57558,inferior vena cava extension,postoperative complication rates,0.8951542,0.92386264,0.7803202
5674,39642,77685,live birth rate,treatment success,0.895153,0.92633253,0.77043474
5675,36129,62912,intrahepatic cholangiocarcinoma,randomized phase 3 trial,0.8951517,0.8825213,0.94567317
5676,50566,51413,operation duration,overall cost,0.8951229,0.88681686,0.92834675
5677,39772,51979,liver metastases,pancreatic cancer-specific survival,0.89511853,0.8931003,0.90319115
5678,9055,82062,bowel resection,wound size,0.89511144,0.94180804,0.7083248
5679,24294,44725,extended liver resection,minimally invasive techniques,0.8950948,0.89465433,0.8968568
5680,7300,31657,bicupsid aortic valve,hospital stay,0.895094,0.89936465,0.87801117
5681,2574,69996,african american,spinal surgery,0.89507973,0.92249465,0.7854199
5682,51568,81255,oxygen saturation,vital signs monitoring,0.8950665,0.9414126,0.70968163
5683,19585,22132,disease recurrence,emergency surgical procedures,0.89505064,0.891248,0.91026115
5684,17219,20326,curative resection,drainage tube duration,0.8950363,0.8931582,0.9025483
5685,44531,67578,mini nutritional assessment,serious morbidity,0.8950312,0.8800324,0.95502627
5686,1495,56889,acute ischemic stroke,post-operative interventions,0.89500725,0.90394366,0.85926145
5687,51147,54511,orthotopic heart transplantation,perioperative hypotension,0.8950059,0.92834944,0.7616318
5688,5269,51138,aortic valve replacement,orthopedic patients,0.8950055,0.89647204,0.88913953
5689,28669,37177,graft survival rates,ischemic time,0.8950047,0.9162073,0.81019396
5690,6926,75229,barrett's esophagus,three-dimensional simulation,0.894996,0.924967,0.77511185
5691,10521,34101,cardiopulmonary bypass,infants and young children,0.8949898,0.908023,0.8428567
5692,36662,67542,intratumoral features,septic shock,0.89497995,0.88013536,0.95435816
5693,24611,72999,extrathoracic metastases,surgical therapy,0.89497316,0.92885906,0.7594296
5694,23494,35209,epithelial-mesenchymal transition,interleukin 27,0.89496964,0.94698006,0.68692803
5695,15129,67088,complicated type b aortic dissection,secondary intervention,0.89494747,0.9735676,0.5804669
5696,33480,60975,in-hospital death,propensity score matched,0.89492214,0.90204555,0.8664284
5697,54458,61114,perioperative complications,propofol dose,0.89491695,0.9264951,0.7686043
5698,43013,82166,mechanisms of injury,younger age,0.89490604,0.9287796,0.75941163
5699,10607,55525,cardiovascular events,physiological parameters,0.89490205,0.90683377,0.84717506
5700,40933,72282,lower limb amputation,surgical bypass,0.8948952,0.94239974,0.7048771
5701,23165,36739,enhanced recovery protocol,intravenous dexamethasone,0.89488536,0.9047713,0.8553415
5702,63286,78643,reconstruction time,tumour stage,0.89488316,0.8951452,0.89383507
5703,54582,77796,perioperative patients,tricuspid regurgitation,0.89488065,0.9333382,0.7410502
5704,7107,34383,behavioral interventions,inflammatory bowel disease,0.8948722,0.9047434,0.8553874
5705,13061,60808,clavien-dindo grading system,progression free survival,0.8948674,0.87509507,0.97395676
5706,13911,61707,cognitive functioning,psychological resilience,0.89485866,0.9849917,0.5343264
5707,19298,52146,digestive cancer,pancreatic resection,0.89485604,0.9137697,0.81920105
5708,23835,73344,estimated blood loss,suture to wound length ratio,0.8948519,0.94076174,0.7112124
5709,10628,58980,cardiovascular outcomes,predictive risk factor,0.89481676,0.91138214,0.82855505
5710,43539,57557,mesh explantation,postoperative complication rate,0.8948136,0.915948,0.81027603
5711,28283,71127,glucose metabolism,stone recurrence,0.89479625,0.9203575,0.7925511
5712,67525,80456,septic acute kidney injury,vasoactive-inotropic score,0.89479065,0.97771704,0.5630851
5713,35237,65087,interleukin-6 level,retrospective analysis,0.8947881,0.91066414,0.831284
5714,16185,19542,coronary artery bypass graft,disease activity measurement,0.89478743,0.89036816,0.91246456
5715,11261,78459,cd8+ t cells,tumor type,0.89477473,0.9215799,0.78755414
5716,24236,54265,expert consensus,pericardial effusion,0.8947389,0.917397,0.8041061
5717,2955,51349,albumin level,outpatient treatment,0.8947319,0.87837887,0.96014374
5718,57357,61901,postoperative air leakage,pulmonary atelectasis,0.89472955,0.96673757,0.60669756
5719,29457,67859,health-related quality of life,serum inflammatory mediators,0.8947209,0.8846163,0.9351395
5720,39371,41576,lifestyle patterns,machine learning,0.8947196,0.8919377,0.90584713
5721,68515,74608,sickle cell anemia,tetralogy of fallot,0.8947073,0.9293779,0.7560249
5722,52778,75513,pathological results,thyroid lobectomy,0.89465827,0.879294,0.9561154
5723,34602,45498,infrarenal abdominal aortic aneurysms,morbidity and mortality,0.8946556,0.90446734,0.8554085
5724,43572,77609,mesorectal excision,treatment modality,0.894655,0.8926193,0.90279746
5725,60141,70844,primary coronary intervention,stent implantation,0.8946538,0.9121046,0.82485056
5726,53079,60574,patient satisfaction,procedure trends,0.89464927,0.9114076,0.8276159
5727,6858,43613,bariatric procedure,metabolic changes,0.8946361,0.911823,0.8258886
5728,16623,40963,cox regression,lower limbs,0.89462817,0.90021735,0.87227124
5729,17648,37548,cytoreductive surgery,kappa statistic,0.89460653,0.8953429,0.8916609
5730,23835,65563,estimated blood loss,risk factor association,0.8946014,0.8766383,0.9664538
5731,382,5143,30-day survival,aortic morphology,0.89457047,0.942758,0.70182014
5732,30135,54925,hepatic metastasis,peritoneal cytology,0.8945476,0.9098048,0.83351845
5733,497,58358,5-year overall survival,postoperative splenic infarction,0.894531,0.89185166,0.90524834
5734,2398,45241,advanced stage,modified frailty index-11,0.8945194,0.91502434,0.8124996
5735,5269,38768,aortic valve replacement,leaflet preservation,0.8945189,0.9782074,0.55976474
5736,2963,64612,albumin-alkaline phosphatase ratio,resection rate,0.89450586,0.9276858,0.76178604
5737,973,52641,absolute neutrophil count,pathologic features,0.8944955,0.9334427,0.7387066
5738,34130,39428,infected pancreatic necrosis,limb salvage,0.89449215,0.878176,0.95975655
5739,13062,51889,clavien-dindo iv complications,pan-immune inflammation value,0.89444095,0.95922977,0.6352857
5740,16607,41248,cox proportional hazard models,lung transplant,0.8944318,0.9736481,0.5775668
5741,8687,19740,body image,distal gastrectomy,0.8944264,0.87303454,0.9799938
5742,51796,52785,pain relief,pathological stage,0.89442337,0.871753,0.98510486
5743,2318,23382,advanced glycation end products,epidermal growth factor receptor,0.89442277,0.92594206,0.7683457
5744,3974,26760,aneurysmal subarachnoid hemorrhage,functional status at discharge,0.8944112,0.9518571,0.6646274
5745,47472,60711,neoadjuvant chemoradiation,prognostic importance,0.8943877,0.89487016,0.8924581
5746,34843,65094,institutional volume,retrospective cohort analysis,0.89436686,0.9104131,0.8301819
5747,33509,69914,in-hospital stay,sphincter-preserving surgery,0.89435595,0.88708264,0.923449
5748,39428,64290,limb salvage,renal infarction,0.89435035,0.91110396,0.8273358
5749,51352,63527,ovarian cancer,recurrence outcomes,0.8943462,0.9156216,0.8092444
5750,47405,59559,negative predictive value,preoperative malnutrition,0.8943429,0.88378537,0.93657297
5751,26981,46471,gallstone ileus,multivariate logistic regression analysis,0.89431775,0.92830414,0.75837237
5752,9165,16339,brain natriuretic peptide,coronary surgery,0.89428645,0.9020146,0.8633738
5753,8448,51672,blood loss anemia,packed red blood cells,0.8942783,0.9131217,0.8189046
5754,37523,71808,kaplan-meier curves,superficial incisional surgical site infection,0.89426297,0.8750349,0.97117513
5755,560,50263,90-day complication rates,open colorectal surgery,0.894254,0.9242865,0.7741243
5756,56594,61928,positive end expiratory pressure,pulmonary complications,0.8942488,0.98416305,0.5345917
5757,52352,57728,parastomal hernia,postoperative exhaust time,0.8942276,0.9071224,0.8426483
5758,33865,60709,independent predictor of os,prognostic impact,0.8941995,0.8948335,0.8916635
5759,58388,66593,postoperative surveillance,safety outcomes,0.8941939,0.87090766,0.98733866
5760,57605,67695,postoperative day,serum aspartate aminotransferase,0.8941732,0.9474569,0.68103856
5761,42787,60965,mean arterial pressure,propensity matched analysis,0.89416224,0.8897902,0.9116504
5762,32479,73490,identification of seniors at risk,symptomatic cholelithiasis,0.8941499,0.91270494,0.81992954
5763,18317,72442,delayed surgery,surgical factors,0.8941299,0.87363917,0.9760926
5764,37202,67409,islet autotransplantation,sensitivity and specificity,0.89411676,0.86981326,0.9913306
5765,19832,74580,distant metastasis-free survival,tertiary lymphoid structure,0.89411247,0.9307104,0.747721
5766,31512,72631,hormone changes,surgical outcomes,0.89409906,0.90149057,0.86453277
5767,40505,51721,long-term survival rate,paediatric patients,0.8940979,0.89696205,0.8826415
5768,4986,63313,aortic aneurysm repair,recovery time,0.8940553,0.89698946,0.8823186
5769,51959,75046,pancreatic cancer,thoracic surgery unit,0.8940509,0.88391554,0.93459207
5770,4686,75640,antibiotic use,time to first bowel movement,0.8940214,0.91969794,0.791315
5771,27151,82148,gastric emptying,young adults,0.8940206,0.90376574,0.85504
5772,9983,73827,cancer survival,systemic inflammatory index,0.89401793,0.89682657,0.88278306
5773,5173,11022,aortic reintervention,cause-specific mortality,0.8940079,0.9127819,0.818912
5774,13252,49024,clinical frailty scale,nonmetastatic colon cancer,0.89398885,0.8804223,0.9482551
5775,1492,56412,acute ischaemic stroke,population pharmacokinetic model,0.8939711,0.9649473,0.6100663
5776,18241,75986,delayed appendectomy,tobacco use,0.8939709,0.9008837,0.86631984
5777,18047,81674,deep neck abscess,weight regain,0.8939559,0.93883187,0.71445197
5778,11583,77609,central venous catheters,treatment modality,0.8939506,0.88687134,0.9222673
5779,17033,56621,ctc detection,positive lymph nodes,0.8939484,0.9043392,0.8523851
5780,1164,72631,acid-suppressing medication,surgical outcomes,0.8939469,0.884872,0.93024635
5781,40972,57634,lower platelet count,postoperative delirium,0.89393,0.87210137,0.9812444
5782,12662,78789,chronic post-thoracotomy pain,type 2 diabetes,0.89392734,0.9612009,0.62483317
5783,3633,72938,anastomotic stricture,surgical staples,0.8939253,0.90598387,0.845691
5784,2519,49895,adverse prognostic factors,oesophageal adenocarcinoma,0.8939228,0.9288928,0.7540427
5785,22780,70639,endoscopic ultrasonography,staple-line leak,0.89391655,0.904492,0.8516145
5786,40123,52671,localized gastrointestinal stromal tumor,pathologic response,0.8938885,0.92305523,0.7772212
5787,10430,60708,cardiac surgery-associated acute kidney injury,prognostic immune and nutritional index,0.8938844,0.9401709,0.7087385
5788,50654,74619,operative procedures,textbook oncologic outcome,0.89385486,0.9452694,0.68819666
5789,21652,44447,elective colorectal surgery,midline laparotomy,0.89384234,0.8780912,0.9568466
5790,56936,80995,post-operative stroke,video-assisted thoracic surgery,0.89382106,0.8710693,0.98482794
5791,62834,73249,radiomics model,survival predictive model,0.8937959,0.8955856,0.88663703
5792,5344,45115,apache ii score,model discrimination,0.89377016,0.8798595,0.9494126
5793,75866,81201,tissue oxygenation,visual analog scale,0.89376205,0.87502545,0.9687084
5794,15078,79402,complex surgery,unplanned readmissions,0.89374965,0.97309816,0.57635546
5795,44790,65836,minor hepatectomy,risk stratification models,0.8937111,0.9100743,0.82825816
5796,32675,77692,ileal pouch-anal anastomosis,treatment timing,0.8936912,0.8792516,0.9514495
5797,30287,33842,hepatocellular carcinoma,incurable gastric cancer,0.8936787,0.87004113,0.9882289
5798,38702,49377,lateral pelvic lymph node dissection,number of resected lymph nodes,0.8936698,0.943684,0.69361293
5799,3952,60052,aneurysm-related mortality,previous stroke,0.8936397,0.9280189,0.7561228
5800,35092,71401,inter-reader agreement,subarachnoid hemorrhage,0.89363647,0.936358,0.7227505
5801,14878,54199,complete cytoreductive surgery,periampullary adenocarcinomas,0.8936345,0.92486584,0.7687091
5802,4844,24071,antiobesity medications,excess weight loss percentage,0.89363253,0.9306331,0.74563
5803,40200,72526,locally advanced thymoma,surgical interventions,0.89359045,0.89045787,0.9061208
5804,6989,60967,baseline egfr,propensity matching,0.8935894,0.9040056,0.85192436
5805,38285,42778,laparoscopic roux-en-y gastric bypass,mean age of patients,0.8935816,0.8756349,0.96536845
5806,28635,37964,graft patency,landmark analysis,0.89354587,0.8781838,0.9549941
5807,24572,37708,extraintestinal manifestations,kidney transplant recipients,0.8935425,0.9061516,0.8431061
5808,16270,37721,coronary flow reserve,killip class,0.89349747,0.9636498,0.61288804
5809,40396,68895,long-term functional outcomes,single-port surgery,0.89347863,0.9173529,0.7979814
5810,62881,65707,random forest model,risk factors for recurrence,0.8934637,0.87003034,0.9871968
5811,53554,69043,pediatric patients,skeletal muscle area,0.89346063,0.87326545,0.97424114
5812,15351,59858,computed tomography scans,preoperative ultrasonography,0.8934588,0.94103676,0.70314664
5813,40730,50679,low-energy diet,operative time,0.8934547,0.88277155,0.9361871
5814,8296,43085,bleeding amount,median operation time,0.89343834,0.96008486,0.62685215
5815,38691,41349,lateral lymph node dissection,lymph node noncompliance,0.8934059,0.9117619,0.8199819
5816,5749,68826,arteriovenous malformations,single-cell rna sequencing,0.8934036,0.93911266,0.71056724
5817,31435,36296,holmium laser enucleation of the prostate,intraoperative complication,0.89337623,0.9085231,0.83278877
5818,10837,16574,case-control study,covid-19 severity,0.8933519,0.9443742,0.68926257
5819,44617,48630,minimally invasive distal pancreatectomy,non-hispanic white,0.8933229,0.9072762,0.8375096
5820,29595,29838,heart-lung transplantation,hemodynamic parameters,0.8933202,0.9297683,0.74752784
5821,64355,70972,renin-angiotensin system,stereotactic body radiation therapy,0.8933021,0.9426222,0.69602156
5822,17823,80376,day surgery,vascular surgeons,0.89329493,0.9250331,0.7663423
5823,57913,65230,postoperative inflammatory biomarkers,revision total knee arthroplasty,0.8932825,0.9041213,0.84992695
5824,1389,37535,acute complicated appendicitis,kaplan-meier survival analysis,0.8932722,0.91751194,0.79631317
5825,50461,68612,open total gastrectomy,significant complications,0.8932466,0.95299727,0.6542438
5826,482,7704,5-year disease-free survival,bilirubin level,0.8932262,0.88581073,0.9228878
5827,16859,67505,crp levels,sepsis-associated acute kidney injury,0.89322037,0.9076857,0.835359
5828,36637,60555,intrathecal morphine,procedure duration,0.89320916,0.8744492,0.96824884
5829,41505,67365,lymphovascular invasion,self-supervised learning,0.89320487,0.9780918,0.5536572
5830,26140,65834,follistatin-like 1,risk stratification,0.89317966,0.92231166,0.7766513
5831,863,14485,aberrant left hepatic artery,colorectal liver metastasis,0.8931741,0.8966105,0.8794283
5832,58225,66119,postoperative pulmonary infection,robotic repair,0.8931734,0.89478755,0.8867169
5833,2179,78179,adolescents and young adults,tumor histology,0.8931489,0.8963793,0.88022745
5834,58902,78466,prediction models,tumor vascularity,0.8931397,0.960815,0.6224386
5835,13268,45293,clinical improvement,modified ranking score,0.8931293,0.94500244,0.6856367
5836,72089,73810,surgery duration,systemic infection,0.8931134,0.88437444,0.92806894
5837,58928,78221,predictive factor,tumor localization,0.8931088,0.87014854,0.9849497
5838,28215,57404,glomerular filtration rate,postoperative anxiety,0.8931062,0.87497616,0.9656264
5839,290,39167,30-day follow-up,length of inpatient stay,0.8930973,0.9090108,0.82944316
5840,19537,57877,discriminatory power,postoperative hypoxemia,0.89309394,0.9287331,0.7505371
5841,25628,64612,fine-needle aspiration,resection rate,0.8930911,0.9298889,0.7458996
5842,22075,60973,emergency general surgery,propensity score match,0.8930589,0.87526876,0.9642191
5843,359,38368,30-day readmissions,laparoscopic-assisted anorectoplasty,0.8930467,0.89604056,0.88107115
5844,19515,54695,discrepancy rates,peripheral artery disease,0.89301383,0.93202686,0.73696154
5845,8687,36261,body image,intraoperative bleeding,0.8929997,0.86793625,0.99325365
5846,19885,66689,diverting colostomy,same-day discharge,0.8929844,0.8726379,0.97437006
5847,34247,58037,inferior mesenteric artery,postoperative monitoring,0.8929386,0.87152404,0.9785969
5848,11948,81201,checklist compliance,visual analog scale,0.89293694,0.9097263,0.8257794
5849,13032,79134,clavien-dindo complication rate,umbilical hernia repair,0.89286757,0.95979947,0.6251398
5850,26532,60266,frey procedure,primary patency,0.8928435,0.8766112,0.9577728
5851,41895,52053,major bleeding incidence,pancreatic fistula,0.8928185,0.9155888,0.8017373
5852,25811,72198,flap failure,surgery-related complications,0.8928111,0.89968276,0.8653243
5853,41846,41894,major adverse cardiovascular and cerebrovascular event,major bleeding events,0.8928022,0.95155746,0.65778106
5854,28355,40474,glycemic control,long-term risk,0.89279217,0.873245,0.9709808
5855,4161,43043,ankle surgery,median age,0.89279145,0.9274796,0.75403863
5856,35644,49761,intestinal dysbacteriosis,obstructive sleep apnea,0.89278275,0.88037485,0.9424144
5857,57873,59561,postoperative hypotension,preoperative management,0.8927716,0.9100824,0.82352835
5858,3291,13460,american society of anesthesiologists,clinical stage i lung cancer,0.8927633,0.8924454,0.8940351
5859,4875,43342,antiplatelet therapy,medium-vessel occlusion,0.8927582,0.9540395,0.6476327
5860,2469,80109,adverse event,variceal bleeding,0.8927545,0.8918603,0.89633095
5861,34777,77492,inpatient length of stay,travel time,0.8927318,0.9351058,0.72323567
5862,27251,53290,gastric neuroendocrine tumors,pd-l1 expression,0.8927224,0.8828023,0.9324029
5863,20428,51454,drug-eluting stents,overall survival outcomes,0.8926906,0.88979995,0.9042531
5864,9175,26828,brain tumor surgery,fusion surgery,0.89268965,0.9238024,0.7682385
5865,2058,59147,adjusted hazard ratio,premature coronary artery disease,0.8926848,0.9556373,0.6408749
5866,14955,40819,complete response,low-volume facilities,0.8926815,0.9629042,0.6117904
5867,22953,65547,endovascular aortic aneurysm repair,risk categorization,0.8926525,0.8976516,0.87265617
5868,2980,29453,alcohol consumption,health-care utilization,0.8926377,0.89066166,0.9005419
5869,44731,58295,minimally invasive thoracotomy,postoperative respiratory failure,0.8926224,0.9528869,0.6515645
5870,589,75677,90-day overall complications,time to recurrence,0.892621,0.879472,0.9452166
5871,33008,62330,immune effector cells,quality of life,0.89261746,0.91171086,0.8162439
5872,58133,73340,postoperative pain relief,suture technique,0.89261746,0.8944774,0.88517743
5873,320,77429,30-day mortality rates,trauma center,0.8925831,0.9732478,0.5699241
5874,20272,80236,doxorubicin-eluting microspheres,vascular endothelial growth factor,0.8925775,0.92060673,0.7804604
5875,39532,78651,lipid metabolism,tumour-associated macrophages,0.89255255,0.9436373,0.6882134
5876,64236,79844,renal calculi,urothelial carcinoma,0.8925444,0.926216,0.7578579
5877,30843,80456,high-risk factors,vasoactive-inotropic score,0.8925269,0.8764427,0.9568638
5878,1242,30262,activated partial thromboplastin time,hepatobiliary and pancreatic surgery,0.8925196,0.92249125,0.7726328
5879,2302,48571,advanced esophageal cancer,non-curative resection,0.8924951,0.88540035,0.9208738
5880,86,63344,120-day mortality,rectal cancer surgery,0.89248383,0.869773,0.98332745
5881,2744,37032,aged patients,iron deficiency,0.8924775,0.88654953,0.9161892
5882,16494,54572,cost-effectiveness ratios,perioperative outcomes,0.8924506,0.98332626,0.5289478
5883,62644,77645,radical gastrectomy,treatment process,0.8924437,0.8949959,0.88223493
5884,24556,77234,extrahepatic cholangiocarcinoma,transplant outcomes,0.8924305,0.911052,0.8179444
5885,21753,80546,elective procedures,veno-arterial extracorporeal membrane oxygenation,0.89242,0.8745597,0.96386105
5886,7810,35537,biochemical parameters,intervention group,0.8924128,0.8688738,0.98656845
5887,39853,41258,liver transplantation,lung tumor,0.8924121,0.87966865,0.94338596
5888,12629,58171,chronic obstructive lung disease,postoperative period,0.8924114,0.90343696,0.84830916
5889,35379,40204,internal pudendal artery perforator flap,locally recurrent rectal cancer,0.89236784,0.89781475,0.8705802
5890,53554,58271,pediatric patients,postoperative regimen,0.8923475,0.8858587,0.91830254
5891,37619,73123,key performance indicators,surgical-site infection,0.8923454,0.89596254,0.8778767
5892,58747,72694,pre-existing diabetes,surgical procedure,0.8923365,0.8789585,0.9458482
5893,17224,64117,curative surgery,relative risk reduction,0.89232695,0.88139784,0.93604326
5894,16189,32302,coronary artery bypass grafts,hypothermic circulatory arrest,0.8923141,0.9231802,0.7688494
5895,32140,80201,hypercoagulable disorder,vascular complications,0.8923137,0.92378134,0.7664434
5896,40269,78381,logistic regressions,tumor size,0.8922993,0.92212176,0.7730092
5897,15504,61723,confusion assessment method,psychometric properties,0.89229256,0.9693653,0.5840016
5898,7914,72463,biological mesh,surgical fixation,0.8922888,0.9137125,0.8065939
5899,70426,72388,stage iiia colon cancer,surgical difficulty,0.8922759,0.90099156,0.8574134
5900,8874,72893,bone regeneration,surgical site infections,0.8922694,0.95295227,0.6495378
5901,20650,46452,durable-polymer everolimus-eluting stent,multivariate analysis,0.89226747,0.9115033,0.8153239
5902,32992,40975,immune checkpoint inhibitors,lower respiratory tract infection,0.8922484,0.8730426,0.9690717
5903,51648,63331,p53 protein,rectal cancer,0.8922314,0.9630335,0.60902286
5904,2087,64603,adjuvant chemotherapy compliance,resection margins,0.89223117,0.8877773,0.91004646
5905,23056,70670,endovascular thrombectomy,stat categories,0.89221877,0.89487505,0.88159347
5906,18915,44619,diagnostic performance,minimally invasive drainage,0.8922131,0.8890582,0.9048328
5907,21373,50566,ecog score,operation duration,0.89219457,0.8684446,0.98719424
5908,67580,74965,serious pulmonary complications,thoracic endovascular aortic repair,0.8921852,0.91866183,0.78627867
5909,14516,41782,colorectal polyp,magnifying endoscopy,0.8921806,0.95158166,0.6545765
5910,21590,72575,elderly individuals,surgical margins,0.8921769,0.90017545,0.86018264
5911,20542,48868,duodenal adenomas,nonalcoholic fatty liver disease,0.89217097,0.9252644,0.7597971
5912,7882,52423,biologic treatment,parenteral nutrition,0.8921493,0.95560974,0.63830775
5913,1671,60501,acute stent malapposition,procedural complications,0.8921154,0.94884104,0.66521287
5914,12014,18091,chemotherapy administration,deep venous thrombosis,0.8920899,0.86833525,0.9871084
5915,2293,58930,advanced emphysema,predictive factors,0.8920827,0.8852999,0.9192136
5916,13637,62227,clinicopathological features,pyoderma gangrenosum,0.89204335,0.9505468,0.6580297
5917,7657,49201,biliary tract carcinoma,normothermic intraperitoneal chemotherapy,0.8920412,0.96495247,0.6003961
5918,13184,73434,clinical course,symptom control,0.8919939,0.940584,0.69763345
5919,27717,44852,gene expression,mismatch repair-deficient,0.8919922,0.9083685,0.82648706
5920,7508,78319,bile leakage,tumor progression-free survival,0.89199024,0.88054216,0.9377826
5921,23161,44741,enhanced recovery program,minimally invasive video-assisted thoracic surgery,0.89197576,0.9332314,0.7269531
5922,26358,81155,fraction of inspired oxygen,visceral obesity,0.89195746,0.8776391,0.9492308
5923,46304,56640,multiple hepatocellular carcinomas,positive predictive value,0.8919376,0.9082401,0.82672775
5924,49882,72137,odds ratio,surgery postponement,0.89193213,0.87885034,0.944259
5925,15621,78217,conservative management,tumor length,0.89192915,0.8721078,0.97121453
5926,5134,28621,aortic insufficiency,graft loss,0.8919265,0.93767107,0.70894843
5927,29869,59729,hemoglobin albumin lymphocyte platelet score,preoperative radiotherapy,0.8919213,0.8715413,0.97344095
5928,48178,74331,new-onset atrial fibrillation,tavr risk score,0.8919008,0.91050035,0.8175025
5929,21020,47101,early mortality,national database analysis,0.89189804,0.90895045,0.82368827
5930,65757,75966,risk model development,tnm classification,0.891896,0.9560634,0.6352265
5931,33533,41523,in-stent restenosis,lysyl oxidase-like 2,0.8918759,0.89063907,0.89682347
5932,31019,40506,hip fractures,long-term survival rates,0.8918459,0.8717345,0.9722911
5933,44451,46105,midshaft clavicle fracture,multidisciplinary approach,0.8918438,0.8970933,0.8708457
5934,26939,41994,gallbladder extraction,major morbidity,0.89184016,0.8948341,0.87986434
5935,9209,58930,branched aortic repair,predictive factors,0.8918319,0.8927751,0.88805884
5936,35945,72596,intracardiac extension,surgical mortality,0.8918133,0.93937254,0.7015762
5937,1398,29791,acute coronary syndrome,hemodialysis vascular access,0.891793,0.89608824,0.87461215
5938,13913,71107,cognitive impairment,stomach cancer,0.89178574,0.8730407,0.96676594
5939,10654,32302,cardiovascular support,hypothermic circulatory arrest,0.89177656,0.9489879,0.6629311
5940,50516,76299,operating outcomes,total parenteral nutrition,0.89177454,0.8751445,0.9582944
5941,666,6882,abdominal aortic aneurysm,bariatric surgery protocols,0.89177275,0.8759482,0.95507085
5942,27477,48069,gastrointestinal cancers,neutrophil extracellular traps,0.8917704,0.8869291,0.9111356
5943,22464,73818,endomyocardial biopsy,systemic inflammation response index,0.89176273,0.9600142,0.6187567
5944,20605,60700,duodenal ulceration,prognostic factors,0.8917612,0.9495843,0.66046864
5945,669,77543,abdominal aortic aneurysm rupture,treatment decisions,0.8917495,0.91915697,0.78211963
5946,22301,51414,end-stage renal disease,overall costs,0.8917422,0.8981403,0.8661501
5947,18801,63041,diagnostic accuracy,reactive arthritis,0.8917384,0.90091664,0.8550253
5948,49972,54527,older adult patients,perioperative information,0.8917358,0.9481422,0.6661102
5949,14864,63487,complete blood count inflammatory markers,recurrence free survival,0.891707,0.8886073,0.9041055
5950,36423,78342,intraoperative localization,tumor regression,0.8917018,0.9588534,0.6230954
5951,25576,43906,figo staging,metastatic lymph nodes,0.89169645,0.91720116,0.7896776
5952,54549,69042,perioperative morbidity,skeletal muscle,0.8916857,0.8673723,0.98893946
5953,16021,80781,conversion to laparotomy,ventricular septal defect repair,0.89168465,0.88396454,0.92256516
5954,63149,77556,real-world outcomes,treatment effects,0.89168096,0.955124,0.63790864
5955,445,69204,4d flow mri,sleeve gastrectomy,0.8916643,0.97167134,0.57163626
5956,26951,48746,gallbladder neuroendocrine carcinoma,non-operative management,0.8916596,0.88904196,0.90213025
5957,21024,57557,early mortality rate,postoperative complication rate,0.8916384,0.89354134,0.8840267
5958,9941,65820,cancer recurrence,risk profiles,0.8916159,0.8954702,0.87619877
5959,1174,31608,acinetobacter baumannii infection,hospital mortality,0.8916082,0.87968576,0.93929756
5960,1266,72631,active hemorrhage,surgical outcomes,0.89160526,0.8825519,0.92781866
5961,54683,60812,peripheral arterial disease,progression risk,0.8916032,0.9262244,0.75311816
5962,2575,80036,african american children,valve surgery,0.89160264,0.92729354,0.7488391
5963,25787,76315,five-year relapse-free survival,total proctocolectomy,0.8915962,0.88493025,0.91826
5964,18240,82023,delayed anticoagulation,wound infection,0.89159137,0.87645835,0.9521233
5965,7629,59001,biliary stent,predictive value,0.8915886,0.8738475,0.9625529
5966,13637,78162,clinicopathological features,tumor growth and metastasis,0.89158714,0.93791693,0.7062679
5967,18691,36210,diabetes mellitus,intranasal mupirocin,0.89158547,0.88344735,0.92413795
5968,67889,80677,serum levels,venovenous extracorporeal membrane oxygenation,0.89156324,0.88592297,0.91412413
5969,78087,78355,tumor clearance,tumor resection,0.89153916,0.8817219,0.93080807
5970,41916,73216,major cardiovascular complications,survival benefits,0.8915276,0.9379049,0.70601827
5971,3149,69053,alpha fetal protein,skeletal muscle index,0.8915269,0.88144195,0.93186647
5972,43213,57661,medical costs,postoperative drainage,0.8915131,0.8685601,0.98332524
5973,27105,80928,gastric cancer resection,vessels encapsulating tumor clusters,0.8914916,0.8959649,0.87359804
5974,52679,72573,pathologic stage,surgical margin status,0.8914913,0.8682653,0.9843954
5975,47496,62359,neoadjuvant immunochemotherapy,quality of recovery score,0.8914726,0.8702655,0.9763007
5976,23749,64338,esophageal squamous cell carcinoma,renal transplantation,0.89143795,0.8654183,0.99551636
5977,2477,14652,adverse events,common arterial trunk,0.8914288,0.8736993,0.96234673
5978,40442,57355,long-term outcomes,postoperative agitation,0.8914288,0.89050037,0.89514256
5979,40154,43091,locally advanced colon cancer,median peritoneal cancer index,0.89142543,0.95817035,0.62444556
5980,770,17161,abdominal pain,cumulative risk of colectomy,0.8914089,0.8919392,0.8892875
5981,1639,25003,acute respiratory distress syndrome,fatigue levels,0.8914065,0.9496885,0.6582785
5982,30961,80546,higher body mass index,veno-arterial extracorporeal membrane oxygenation,0.8913927,0.8955457,0.87478054
5983,2991,59043,alcohol use disorder,predictors of failure to rescue,0.89138806,0.90385133,0.84153485
5984,449,81537,5-5-500 rule,watch-and-wait strategy,0.8913653,0.9225133,0.7667732
5985,44043,78343,mib-1 index,tumor regression grade,0.8913628,0.92417365,0.7601194
5986,45978,76197,multi-detector ct,total hip arthroplasty,0.89134663,0.91629654,0.791547
5987,13913,23149,cognitive impairment,enhanced recovery after surgery (eras),0.8913208,0.89411724,0.880135
5988,58036,59876,postoperative mobilization,preoperative warming,0.8913206,0.96555346,0.5943892
5989,23820,74622,esophagojejunal anastomotic fistula,textbook outcome,0.8912869,0.86732537,0.987133
5990,16198,20003,coronary artery disease,donor liver volume,0.8912695,0.8837148,0.92148846
5991,33412,62922,improvement rate,randomized trial,0.8912565,0.9571883,0.6275292
5992,12110,76254,chest pain,total mastectomy,0.89125234,0.9569372,0.6285128
5993,6896,72089,bariatric technique,surgery duration,0.891241,0.8863512,0.9108001
5994,8252,28597,bladder cancer,graft failure,0.8912219,0.8694831,0.97817683
5995,29338,72681,head and neck cancer,surgical postoperative complications,0.89121425,0.8911106,0.891629
5996,37688,51959,kidney injury molecule 1,pancreatic cancer,0.89121246,0.91742724,0.7863533
5997,14513,41359,colorectal peritoneal carcinomatosis,lymph node resection,0.8912062,0.8868715,0.9085449
5998,31721,73803,hospitalisation for heart failure,systemic immune-inflammation index,0.8912013,0.89805424,0.8637896
5999,53802,58218,pentraxin 3,postoperative pulmonary complications,0.89116883,0.8777668,0.9447768
6000,67552,78789,sequential compression devices,type 2 diabetes,0.89116424,0.88413924,0.91926414
6001,46551,61160,muscle mass,prospective monitoring,0.8911565,0.8882974,0.9025927
6002,48203,52671,next generation sequencing,pathologic response,0.8911472,0.90311813,0.8432633
6003,40265,58426,logistic regression model,postoperative thromboembolic complications,0.8911451,0.9320992,0.7273288
6004,7555,30058,biliary complications,hepatic disease-free survival,0.891105,0.92290384,0.7639096
6005,43289,68263,medicare claims,sex disparities,0.89110166,0.9673204,0.58622646
6006,24326,82166,extended venous thromboembolism prophylaxis,younger age,0.8910805,0.89529455,0.8742241
6007,2806,5554,air pollution,area under the curve,0.8910703,0.88148844,0.9293977
6008,39998,70662,local complications,stapler line reinforcement,0.89105,0.9363783,0.70973647
6009,22125,65818,emergency surgery score,risk predictors,0.8910455,0.88652647,0.90912163
6010,33473,47474,in-hospital clinical outcomes,neoadjuvant chemoradiotherapy,0.89102805,0.8736855,0.96039814
6011,43080,52280,median length of stay,papillary thyroid cancer,0.8910268,0.87537366,0.9536391
6012,41750,48655,magnetic resonance cholangiopancreatography,non-invasive assessment,0.8910249,0.9191188,0.7786491
6013,58292,68082,postoperative respiratory complication,severe aortic stenosis,0.8910245,0.88600624,0.91109705
6014,4875,6187,antiplatelet therapy,atrioventricular block,0.8910207,0.87336785,0.9616322
6015,42140,43606,malignancy status,metabolic and bariatric surgery,0.8909919,0.8771265,0.94645333
6016,47502,58914,neoadjuvant nivolumab,predictive biomarker,0.89097595,0.8741906,0.95811725
6017,23637,41091,esophageal cancer incidence,lung adenocarcinoma,0.89091504,0.8862233,0.909682
6018,38781,47412,leak rate,negative pressure therapy,0.8908838,0.92463636,0.75587374
6019,6150,16185,atrial fibrillation incidence,coronary artery bypass graft,0.8908776,0.88719183,0.9056208
6020,29539,63786,heart failure rehospitalization,redo surgical aortic valve replacement,0.89087516,0.92510325,0.7539627
6021,63612,76346,recurrent colorectal cancer,total thyroidectomy,0.8908628,0.8895904,0.8959526
6022,42941,61407,mechanical lithotripsy,prothrombin time,0.89086074,0.92094713,0.77051526
6023,21247,69457,early-stage nsclc,social deprivation index,0.890848,0.93633026,0.7089188
6024,31598,72707,hospital length of stay,surgical procedure standardization,0.8908349,0.86801106,0.98213035
6025,39015,80649,left ventricular aneurysm,venous thromboembolism,0.89082974,0.8668675,0.98667854
6026,31540,75644,hospital anxiety and depression scale,time to first flatus,0.89080775,0.86978334,0.9749051
6027,13513,42991,clinical toxicity,mechanical ventilation,0.89080024,0.8860561,0.9097766
6028,40441,58372,long-term outcome predictors,postoperative stroke,0.8907935,0.9107997,0.81076866
6029,13865,40495,cochlear implant,long-term survival,0.8907725,0.8763416,0.94849616
6030,10716,73674,carotid artery stenting,synergistic interaction,0.8907487,0.9657312,0.59081846
6031,25101,50076,fecal immunochemistry test,oncologic outcomes,0.89073884,0.94785094,0.6622903
6032,29352,59440,head and neck reconstruction,preoperative frailty,0.89073795,0.88345647,0.9198638
6033,58095,76352,postoperative nutritional status,total tumor volume,0.8906996,0.89097613,0.8895936
6034,49167,60378,normal saline,pringle maneuver,0.8906994,0.9387845,0.69835895
6035,34281,42914,inferior vena cava injury,mechanical circulatory support,0.89069736,0.9124362,0.8037422
6036,23109,78210,energy metabolism,tumor invasion,0.89066094,0.94019365,0.6925299
6037,13048,53070,clavien-dindo grade iii,patient safety,0.8906255,0.87099874,0.96913254
6038,319,72484,30-day mortality rate,surgical hospitalization,0.8906248,0.87489015,0.9535635
6039,23558,28818,erectile dysfunction,groningen frailty indicator,0.8906146,0.9176016,0.78266674
6040,55468,78158,physical performance,tumor grade,0.89060724,0.8651687,0.9923611
6041,10918,58144,catheter displacement,postoperative pancreatic fistula,0.89059544,0.8857368,0.91002965
6042,11570,79014,central venous catheter,ultrasound evaluation,0.89059305,0.89141506,0.8873048
6043,19758,62379,distal medium vessel occlusions,quality-adjusted life year,0.8905894,0.9687289,0.5780314
6044,38659,75131,late surgery,thoracoscopic lobectomy,0.8905773,0.8912501,0.8878862
6045,48670,78898,non-invasive imaging,tyrosine kinase inhibitors,0.89055896,0.9295993,0.7343976
6046,7508,42867,bile leakage,mean survival,0.8905576,0.86765003,0.9821876
6047,46151,72484,multidisciplinary team,surgical hospitalization,0.89055014,0.8787051,0.93793017
6048,1513,60539,acute large vessel occlusive stroke,procedural success,0.8905016,0.92577606,0.74940395
6049,23147,81558,enhanced recovery after cardiac surgery,wbc count,0.8905009,0.9287453,0.7375232
6050,12540,13341,chronic inflammation,clinical patency,0.8905001,0.93449306,0.7145283
6051,21612,62382,elective admissions,quality-adjusted life-years,0.8904979,0.91789955,0.7808915
6052,12766,56617,chyle leak,positive lymph node metastasis,0.8904322,0.88415414,0.9155442
6053,3601,24444,anastomotic leakage,extracardiac fontan,0.8904011,0.9067349,0.82506603
6054,49488,69633,nutritional deficiencies,solid food intake,0.89039385,0.92049944,0.76997143
6055,58512,67131,postoperative wound infection,secondary surgery,0.89036053,0.88138044,0.926281
6056,48714,78360,non-metastatic gastric cancer,tumor response,0.8903595,0.8842325,0.9148675
6057,44272,64596,microscopic vessel invasion,resection margin,0.8903407,0.94567585,0.6689997
6058,15547,82276,congenital heart disease,γ-glutamyl transpeptidase,0.8902945,0.8694359,0.97372895
6059,4162,59113,ankle-brachial index,preexisting comorbidities,0.8902743,0.92438996,0.7538115
6060,17925,68111,deceased-donor liver transplant,severe complications,0.89026195,0.9709707,0.5674271
6061,2100,54913,adjuvant gemcitabine,peritoneal carcinomatosis,0.8902547,0.8701881,0.9705209
6062,10218,48388,carcinoma in situ,nodal metastases,0.89024013,0.9180204,0.77911884
6063,1510,59740,acute large vessel occlusion,preoperative risk assessment,0.8902371,0.9443172,0.6739165
6064,44964,60700,mitral valve annuloplasty,prognostic factors,0.89022636,0.93606424,0.70687467
6065,33159,46463,immunohistochemical analysis,multivariate cox regression,0.8902196,0.8659246,0.9873998
6066,40537,81279,longitudinal changes,vitamin d deficiency,0.8902112,0.87927604,0.933952
6067,3266,41912,american college of surgeons,major cardiac surgery,0.89021057,0.87635195,0.94564503
6068,33545,41994,inadequate lymphadenectomy,major morbidity,0.89019054,0.86725336,0.981939
6069,25618,74624,financial outcomes,textbook outcome in liver surgery,0.89017284,0.9299454,0.73108244
6070,36506,44725,intraoperative technique,minimally invasive techniques,0.8901691,0.9361636,0.70619106
6071,20488,50679,dual-modality imaging,operative time,0.89016587,0.8799484,0.93103576
6072,31685,40308,hospital volume,long term outcomes,0.8901419,0.87192976,0.96299046
6073,33496,60539,in-hospital medical complications,procedural success,0.8901319,0.8862543,0.90564215
6074,10123,19828,capsular contracture,distant metastasis,0.8901166,0.9113419,0.80521536
6075,39168,77490,length of intensive care unit stay,travel distance,0.89011085,0.8894111,0.89290977
6076,1554,55078,acute myocardial infarction,peroneal bypass surgery,0.8901107,0.92057633,0.7682478
6077,15238,60522,composite outcomes,procedural myocardial infarction,0.8901008,0.9245652,0.75224304
6078,2522,27961,adverse reactions,gerd management,0.89008105,0.9591024,0.61399543
6079,13253,76252,clinical frailty score,total lymphocyte count,0.89008105,0.88763934,0.8998476
6080,5091,76987,aortic dissection,transforming growth factor beta 1,0.89006174,0.91134113,0.80494386
6081,31703,46763,hospital-acquired sepsis,myocardial infarction,0.89003235,0.9086473,0.81557244
6082,800,29643,abdominal surgery,height-for-age z-score,0.8900313,0.9471367,0.66160953
6083,52952,82178,patient factors,ypn stage,0.8900291,0.8817785,0.9230312
6084,14267,46470,colonoscopic evaluation,multivariate logistic regression,0.8900038,0.95760626,0.6195939
6085,74914,76804,thoracic aortic aneurysm,transcatheter closure,0.88999987,0.9016025,0.8435891
6086,24588,79611,extramural venous invasion,upper-third gastric cancer,0.889994,0.9347159,0.7111062
6087,18168,80275,definitive surgical treatment,vascular injury,0.8899888,0.9575938,0.61956847
6088,31650,53706,hospital resources,pelvic lymph node dissection,0.88998747,0.89154166,0.88377064
6089,15951,79605,conventional laparoscopy,upper tract urothelial cancer,0.88996756,0.92331445,0.7565798
6090,32945,63193,immune activation,receiver operating characteristic analysis,0.8899556,0.9364539,0.7039624
6091,27729,32216,gene expression microarray,hyperthermic intraperitoneal chemotherapy,0.88992786,0.93729043,0.70047754
6092,1495,54638,acute ischemic stroke,perioperative symptoms,0.8899263,0.89921254,0.85278136
6093,33888,67464,independent prognostic factor,sentinel node biopsy,0.8899048,0.90156645,0.8432582
6094,67357,67542,self-reported health status,septic shock,0.88990384,0.89257234,0.87922996
6095,21900,67409,elevated body mass index,sensitivity and specificity,0.8899009,0.89010495,0.8890846
6096,3298,57667,american society of anesthesiologists grades,postoperative drainage volume,0.88987446,0.89095217,0.8855634
6097,38477,54572,large sessile colorectal polyps,perioperative outcomes,0.8898706,0.90359354,0.8349788
6098,36461,72381,intraoperative outcomes,surgical details,0.88983595,0.9409476,0.6853893
6099,15351,55991,computed tomography scans,pleural adhesion,0.8898235,0.9473135,0.65986323
6100,319,63624,30-day mortality rate,recurrent esophageal cancer,0.88977635,0.87720096,0.94007784
6101,20851,58059,e/e' ratio,postoperative myocardial infarction,0.8897578,0.8801996,0.92799056
6102,12070,33499,chemotherapy-associated liver injury,in-hospital mortality,0.8897488,0.86565524,0.9861232
6103,14547,67569,colorectal surgical procedures,serious adverse events,0.8897356,0.9152522,0.787669
6104,12318,76240,choledochal cyst,total length of stay,0.8897328,0.88352,0.91458374
6105,22123,34001,emergency surgery,indocyanine green administration,0.88967603,0.9244606,0.75053775
6106,9603,39921,c-c motif chemokine ligand 5,living donor liver transplantation,0.88966006,0.9591464,0.6117147
6107,14527,53337,colorectal resection,peak oxygen uptake,0.8896451,0.872664,0.9575693
6108,42766,57635,md anderson symptom inventory,postoperative depression,0.8896437,0.9144434,0.79044527
6109,46825,73712,myocardial salvage index,syntax score,0.8896402,0.9271101,0.7397606
6110,8857,77645,bone mineral density,treatment process,0.88961935,0.9023023,0.8388874
6111,37144,45643,ischemic left ventricular dysfunction,mortality outcomes,0.889614,0.9464498,0.66227037
6112,39677,48465,liver cirrhosis,nomogram for prognosis,0.88960874,0.8712582,0.9630109
6113,63667,66046,recurrent laryngeal nerve paralysis,robotic gastrectomy,0.8896036,0.867015,0.9799579
6114,52713,60571,pathological confirmation,procedure time,0.88959956,0.90738106,0.81847334
6115,18759,29927,diabetic status,hemorrhagic stroke,0.88959193,0.9060197,0.82388085
6116,21177,25034,early surgery,favorable discharge,0.88958883,0.9250535,0.74772996
6117,13165,49094,clinical characteristics,nonsurgical treatments,0.889585,0.86969477,0.969146
6118,19564,65096,disease extent,retrospective cohort study,0.88958406,0.9519079,0.6402887
6119,67895,81674,serum lipase levels,weight regain,0.8895772,0.9316563,0.72126096
6120,3300,9114,american society of anesthesiologists score,braden scale score,0.8895606,0.9222361,0.75885874
6121,52490,68896,partial nephrectomy,single-port technique,0.88955355,0.9498401,0.6484069
6122,50242,76188,open bariatric surgery,total gastrectomy,0.889536,0.89595664,0.86385345
6123,20678,64089,duration of disease,relapse-free survival,0.8895157,0.9000257,0.8474756
6124,45002,49238,mitral valve replacement,novel oral anticoagulants,0.88951427,0.8841454,0.9109897
6125,6740,74205,balloon pulmonary angioplasty,target lesion restenosis,0.8895026,0.9402689,0.68643755
6126,36297,77686,intraoperative complication rate,treatment success rate,0.8894762,0.9196296,0.7688625
6127,41090,68202,lung abscess,severe sepsis,0.88947064,0.90160376,0.8409381
6128,33316,53282,immunotherapy response,pd-1 inhibitors,0.889469,0.9671176,0.57887465
6129,42030,54683,major procedural complications,peripheral arterial disease,0.8894668,0.9220419,0.7591664
6130,52928,58605,patient demographics,postsurgical patients,0.8894644,0.8726987,0.956527
6131,2709,60754,age-adjusted charlson comorbidity index,prognostic scoring,0.88944554,0.9368233,0.6999343
6132,78968,80553,ultrafiltration rate,venoarterial extracorporeal membrane oxygenation,0.8894439,0.9540812,0.6308946
6133,21591,33104,elderly lung cancer patients,immune-inflammation index,0.889433,0.93932676,0.6898577
6134,39732,57705,liver function tests,postoperative endoscopic retrograde cholangiopancreatography,0.8894275,0.929096,0.7307536
6135,2254,62192,advanced age,purse string technique,0.88942105,0.87332165,0.95381856
6136,34564,59802,infrainguinal lower extremity bypass,preoperative statin use,0.8894206,0.93676096,0.7000591
6137,31513,69483,hormone levels,social support,0.8894058,0.9446773,0.66831964
6138,65627,71135,risk factors for delayed gastric emptying,stone-free rate,0.8894042,0.8937352,0.8720799
6139,16973,41873,ct scan diagnosis,major amputation,0.8893932,0.8739186,0.9512917
6140,10339,62391,cardiac mortality,quality-of-life outcomes,0.88939023,0.8833127,0.91370016
6141,26036,35580,fluoroscopic guidance,interventional procedures,0.8893485,0.9259301,0.7430222
6142,57848,75134,postoperative hospitalization,thoracoscopic lung cancer surgery,0.88932186,0.92453295,0.74847764
6143,6205,34381,attachment insecurity,inflammatory biomarkers,0.8893009,0.95604247,0.62233454
6144,62777,80282,radiologic-pathologic correlation,vascular invasion,0.8892772,0.91313016,0.7938652
6145,30169,62398,hepatic steatosis,quantitative analysis,0.8892674,0.95286524,0.63487583
6146,31633,60029,hospital readmission,previous abdominal operations,0.8892668,0.88475883,0.9072986
6147,711,18242,abdominal distension,delayed bleeding,0.8892516,0.8755367,0.94411117
6148,499,70343,5-year overall survival rates,stage i-iii colorectal cancer,0.88924414,0.8731435,0.9536465
6149,25069,66595,feasibility and safety,safety profile,0.88920784,0.9493996,0.64844054
6150,57581,58182,postoperative course,postoperative physiotherapy,0.88919896,0.9271098,0.7375556
6151,19920,43611,dna methylation,metabolic biomarkers,0.8891662,0.8948995,0.8662327
6152,20714,46465,dutch leakage score,multivariate cox regression analysis,0.88916564,0.9149254,0.7861265
6153,7853,77671,bioelectrical impedance analysis,treatment safety,0.8891172,0.87436056,0.94814354
6154,37266,54964,isolated lung metastasis,peritoneal metastasis,0.8891135,0.8981916,0.85280126
6155,45156,50646,moderate to severe osa,operative outcomes,0.889105,0.91528666,0.78437835
6156,10205,27429,carcinoembryonic antigen levels,gastroenteropancreatic neuroendocrine neoplasms,0.88907784,0.9201205,0.76490724
6157,46434,54914,multivariable logistic regression analysis,peritoneal carcinomatosis index,0.88906795,0.9002122,0.84449077
6158,11709,52863,cerebral metastasis,patient age,0.8890663,0.9116359,0.79878783
6159,49187,64164,normalized iodine concentration,remnant liver ischemia,0.88904953,0.9375362,0.69510293
6160,30548,63537,high pd-l1 expression,recurrence risk,0.88904816,0.954563,0.62698877
6161,44647,66146,minimally invasive liver surgery,robotic surgery outcomes,0.8890361,0.88118553,0.9204384
6162,39465,79468,limited resection,unresectable perihilar cholangiocarcinoma,0.88896215,0.96113956,0.60025257
6163,40013,70325,local failure,stage i non-small-cell lung cancer,0.8889446,0.90924567,0.8077403
6164,24878,59001,fap expression,predictive value,0.88894355,0.89549506,0.8627376
6165,30456,56340,high altitude,poor prognosis,0.8889148,0.9397835,0.6854401
6166,17225,67736,curative surgical resection,serum cancer antigen 19-9,0.8889123,0.937804,0.6933456
6167,1639,49710,acute respiratory distress syndrome,observed-to-expected mortality ratios,0.8888598,0.89927095,0.8472151
6168,980,77461,absolute risk reduction,traumatic brain injury,0.8888441,0.9103544,0.80280274
6169,638,50238,aast grading system,open approach,0.8888397,0.87846684,0.9303312
6170,50854,67409,optimization method,sensitivity and specificity,0.88881546,0.8897039,0.8852616
6171,27116,79417,gastric cancer treatment,unplanned surgery,0.8887979,0.88296264,0.91213876
6172,10181,64912,carbon footprint,restorative proctocolectomy,0.8887815,0.9657263,0.58100224
6173,14926,80171,complete occlusion rate,vascular anatomy,0.8887757,0.9603833,0.60234517
6174,9581,31682,bypass surgery,hospital variability,0.88876593,0.9228903,0.75226843
6175,2173,15165,adolescent idiopathic scoliosis,complications during hospitalization,0.8887452,0.93537575,0.7022227
6176,17948,81499,decision tree model,walled-off pancreatic necrosis,0.88868827,0.9388359,0.68809754
6177,47525,67823,neoadjuvant therapy,serum homocysteine levels,0.8886875,0.9233828,0.7499061
6178,18482,79392,depth of anesthesia,unplanned intubation,0.88867456,0.9241303,0.7468516
6179,59651,71520,preoperative period,subgroup analyses,0.8886724,0.87920266,0.9265513
6180,3387,61005,amputation-free survival,propensity scores,0.8886706,0.8660283,0.97923994
6181,53201,82172,patient-reported outcomes measures,younger patients,0.88866764,0.9379382,0.69158524
6182,20861,48057,early allograft dysfunction,neutrophil counts,0.8886585,0.9030274,0.83118284
6183,37527,49701,kaplan-meier estimation,observational study,0.8886553,0.925046,0.7430921
6184,52482,64289,partial liver graft,renal impairment,0.888635,0.9022149,0.83431536
6185,38908,56832,left hemicolectomy,post-operative bleeding,0.88861257,0.8735431,0.9488903
6186,29198,35042,harvest site complications,intensive care unit stay,0.8886083,0.91926134,0.76599604
6187,18936,63331,diagnostic reproducibility,rectal cancer,0.88858694,0.95420325,0.62612164
6188,11603,56899,centralization of surgery,post-operative mortality,0.888552,0.88564456,0.90018183
6189,63213,78424,receiver-operating characteristic curve,tumor stroma ratio,0.8885319,0.9293016,0.725453
6190,21015,54469,early mobilization,perioperative death,0.8885292,0.8662787,0.9775309
6191,20725,73531,dvt risk factors,symptomatic intracranial hemorrhage,0.88849145,0.9434019,0.6688497
6192,33898,73587,independent risk factor,symptoms after surgery,0.888478,0.9045054,0.8243683
6193,48126,69877,new bone formation,spectral-domain optical coherence tomography,0.88845366,0.94961786,0.6437968
6194,13327,46297,clinical outcome,multiple colorectal liver metastases,0.8884497,0.89360756,0.8678182
6195,11786,74205,cerebrovascular events,target lesion restenosis,0.8884271,0.9597954,0.6029538
6196,41836,54777,major adverse cardiac events,peripheral nerve blocks,0.88839597,0.86169416,0.99520326
6197,9257,59655,breast cancer,preoperative phase angle,0.88838726,0.87393177,0.9462091
6198,44065,63196,microbial biomarkers,receiver operating characteristic curves,0.8883807,0.9158426,0.7785332
6199,580,33694,90-day mortality,incidence rates of complications,0.8883777,0.8913504,0.8764869
6200,4682,60551,antibiotic treatment,procedure complexity,0.888376,0.88126385,0.91682446
6201,14497,18028,colorectal neoplasia,deep learning framework,0.88837445,0.9413438,0.67649704
6202,1280,60291,active surveillance,primary repair,0.8883687,0.8754311,0.940119
6203,62616,73818,radiation treatment,systemic inflammation response index,0.88836634,0.90298873,0.8298768
6204,4417,66364,anthropometric measurements,roux-en-y bypass,0.8883634,0.97437245,0.54432726
6205,57439,70135,postoperative bleeding,spontaneous hemopneumothorax,0.8883405,0.89337134,0.86821693
6206,30432,57445,hiatal hernia repair,postoperative bleeding risk,0.8883161,0.949658,0.6429484
6207,3309,49752,american society of anesthesiology scores,obstructive jaundice,0.8883039,0.9522082,0.6326864
6208,48469,62361,nomogram model,quality of recovery-15,0.8882495,0.86154705,0.99505913
6209,24715,39806,factor x,liver resection,0.8882233,0.92648035,0.7351948
6210,43168,48469,mediastinal nodes,nomogram model,0.8882104,0.868091,0.96868825
6211,12846,65266,circulating microparticles,rheumatoid arthritis,0.8882086,0.94479203,0.6618751
6212,17230,71643,curative treatment,subtotal cholecystectomy,0.8881949,0.86330646,0.9877488
6213,40204,68602,locally recurrent rectal cancer,signet ring histology,0.88817954,0.88823247,0.8879677
6214,29460,58957,healthcare access,predictive model,0.88817084,0.86216617,0.9921894
6215,4002,19611,angiogenic effects,disease-free survival,0.88816416,0.9024762,0.830916
6216,30466,31007,high bmi,hip circumference,0.8881597,0.93652606,0.6946943
6217,24454,70816,extracellular matrix,stent fracture,0.8881565,0.9238477,0.74539155
6218,9967,43287,cancer stage,medicare advantage,0.88815606,0.88795614,0.8889555
6219,30978,59744,hilar cholangiocarcinoma,preoperative risk factors,0.8881399,0.86061996,0.99821943
6220,22552,72430,endoscopic eradication therapy,surgical excision,0.88813794,0.887021,0.89260536
6221,15634,77544,consolidation chemotherapy,treatment delay,0.8881347,0.88792074,0.88899034
6222,8986,46463,bowel anastomosis,multivariate cox regression,0.888128,0.8997284,0.84172595
6223,8724,23145,body surface area,enhanced recovery,0.88808113,0.87426156,0.94335943
6224,24241,50570,expert opinions,operation time,0.8880769,0.94342214,0.6666959
6225,16559,59740,covid-19 lockdown,preoperative risk assessment,0.8880615,0.8988044,0.8450898
6226,39753,78791,liver injuries,type 2 diabetes mellitus,0.8880423,0.9667149,0.5733516
6227,580,36600,90-day mortality,intraportal islet autotransplantation,0.88802636,0.908727,0.805224
6228,71020,75154,sternotomy approach,thoracoscopic repair,0.8880073,0.9263767,0.73452955
6229,755,70501,abdominal lymph node metastasis,staging laparoscopy,0.8880042,0.90814567,0.80743814
6230,14395,56927,colorectal anastomosis,post-operative recovery,0.88797486,0.8736304,0.9453525
6231,15255,31519,comprehensive complication index,hormone therapy,0.88793695,0.8957691,0.8566083
6232,326,72020,30-day outcomes,surgeon decision-making,0.88793254,0.88829964,0.88646394
6233,50383,75758,open repair,timing of intervention,0.88791734,0.8691209,0.96310323
6234,66184,74398,robotic-assisted approach,technical feasibility,0.8878898,0.9007414,0.8364831
6235,21163,47087,early stage gastric cancer,national cancer database,0.887884,0.9084113,0.80577457
6236,37330,79318,ivor-lewis esophagectomy,uniportal approach,0.8877989,0.95774657,0.6080082
6237,19766,23557,distal pancreatectomy,ercp-related perforation,0.88779736,0.88140637,0.9133612
6238,47528,66145,neoadjuvant treatment,robotic surgery education,0.8877485,0.86330104,0.9855379
6239,21865,51706,electronic health record data,paediatric cardiac surgery,0.8877459,0.91412115,0.7822447
6240,67760,78115,serum creatinine,tumor differentiation,0.8877406,0.86025774,0.997672
6241,482,756,5-year disease-free survival,abdominal lymph nodes,0.88772744,0.9125876,0.78828686
6242,44946,77324,mitral prosthesis,transthoracic echocardiography,0.88769805,0.9740918,0.5421229
6243,8296,72433,bleeding amount,surgical expertise,0.88762957,0.9064043,0.8125304
6244,30957,44786,high-volume surgeons,minor complications,0.8876146,0.8621787,0.98935807
6245,57961,72567,postoperative karnofsky performance status,surgical margin,0.887596,0.92171204,0.7511319
6246,5727,64517,arteriovenous fistula,rescue stenting,0.8875922,0.8960099,0.8539212
6247,62660,63947,radical nephrectomy,regional lymph node dissection,0.88759005,0.8717954,0.95076865
6248,16273,30456,coronary heart disease,high altitude,0.88757217,0.91495454,0.7780427
6249,3300,77746,american society of anesthesiologists score,trendelenburg position,0.88757205,0.956426,0.61215615
6250,3735,66162,anatomical landmarks,robotic technique,0.8875711,0.9608735,0.59436154
6251,3251,34568,ambulatory status,infrainguinal revascularization,0.8875699,0.91762173,0.76736224
6252,14155,45513,colon carcinoma,morbidity rate,0.88755834,0.8639587,0.98195684
6253,78102,81118,tumor deposit,visceral adipose tissue,0.88755727,0.8844417,0.90001965
6254,7720,68442,billroth-i reconstruction,short-term postoperative outcomes,0.8875211,0.8885841,0.883269
6255,8524,67159,blood transfusion,sedation levels,0.88750964,0.90922517,0.80064744
6256,37522,62836,kaplan-meier curve analysis,radiomics nomogram,0.8874923,0.90308726,0.82511234
6257,13821,81756,coagulation index,whipple procedure,0.88749045,0.90630955,0.8122141
6258,364,74608,30-day reoperation rate,tetralogy of fallot,0.88748145,0.9125576,0.7871766
6259,5739,36530,arteriovenous graft,intraoperative ultrasound,0.887477,0.9227299,0.7464652
6260,53557,59870,pediatric population,preoperative venous thromboembolism,0.88747656,0.91899294,0.7614107
6261,68788,72526,single stage procedure,surgical interventions,0.8874654,0.9073419,0.80795944
6262,51699,57873,pacu length of stay,postoperative hypotension,0.8874618,0.93964326,0.6787358
6263,2990,81475,alcohol use,waiting time for surgery,0.88745815,0.9357583,0.6942576
6264,54219,65221,perianal disease,revision surgery,0.8874567,0.88634956,0.89188504
6265,16970,75997,ct scan,tokyo guidelines,0.8874514,0.89750475,0.8472381
6266,9201,23842,branch vessel stenting,estimated glomerular filtration rate,0.8874453,0.867675,0.96652627
6267,19303,63194,digestive diseases,receiver operating characteristic curve,0.88743305,0.88836473,0.88370615
6268,37270,61945,isolated mesenteric artery dissection,pulmonary embolism,0.88743263,0.9220163,0.74909765
6269,13492,74757,clinical success rate,therapeutic effects,0.88742244,0.92684776,0.729721
6270,21090,72405,early postoperative period,surgical drains,0.88739413,0.89008415,0.8766342
6271,280,38054,30-day complication rates,laparoscopic curative resection,0.88737965,0.88420105,0.90009373
6272,43609,60760,metabolic bariatric surgery,prognostic significance,0.8873648,0.8597553,0.9978029
6273,30269,42107,hepatobiliary pancreatic surgery,male sex,0.8873644,0.9018653,0.8293607
6274,14485,40715,colorectal liver metastasis,low-dose ct screening,0.887357,0.9397826,0.6776545
6275,28635,42536,graft patency,matched analysis,0.88735473,0.87625706,0.9317456
6276,22936,72884,endotracheal tube cuff pressure,surgical site infection,0.88735044,0.932584,0.7064162
6277,12093,57490,chest drain duration,postoperative cardiopulmonary complications,0.8873398,0.9337115,0.7018528
6278,19582,59651,disease progression,preoperative period,0.8873272,0.8683056,0.9634135
6279,19180,63796,differentially expressed genes,reduced glutathione,0.8873253,0.9232003,0.7438252
6280,24149,58974,exertional dyspnea,predictive performance,0.8873198,0.9072212,0.807714
6281,15970,60571,conventional radiotherapy,procedure time,0.887316,0.9144813,0.7786548
6282,13033,76198,clavien-dindo complication rates,total hip replacement,0.8873151,0.8865546,0.8903569
6283,50265,65948,open conversion,robot-assisted laparoscopic partial nephrectomy,0.88731503,0.92176074,0.7495322
6284,14484,46542,colorectal liver metastases,muscle function,0.88730496,0.86635673,0.9710978
6285,50383,70707,open repair,statin usage,0.88728213,0.88104194,0.9122429
6286,68425,72999,short-term efficacy,surgical therapy,0.88727313,0.8806229,0.91387385
6287,7494,76346,bile duct stones,total thyroidectomy,0.88727033,0.87296635,0.9444863
6288,59979,60677,pretreatment biopsies,prognostic biomarkers,0.8872693,0.91421676,0.7794794
6289,56371,57558,poorly differentiated early gastric cancer,postoperative complication rates,0.8872262,0.8769358,0.92838794
6290,17219,78569,curative resection,tumoral expression,0.8872199,0.8968308,0.8487764
6291,13126,50291,clinical anastomotic leak,open gastrectomy,0.88720304,0.881689,0.9092589
6292,21015,28023,early mobilization,gestational age,0.8872009,0.8853102,0.8947638
6293,49,70540,1-year survival,standard medical therapy,0.8871923,0.91659445,0.76958346
6294,20561,44920,duodenal gastrointestinal stromal tumor,mitotic index,0.88718116,0.9024704,0.8260241
6295,6859,65091,bariatric procedures,retrospective case-control study,0.8871583,0.88406795,0.89951944
6296,68747,81606,single balloon enteroscopy,weight loss,0.88715345,0.9486738,0.6410721
6297,26419,58245,frailty scores,postoperative readmissions,0.88709736,0.91380936,0.7802492
6298,53554,73174,pediatric patients,surveillance intervals,0.8870865,0.8675918,0.9650654
6299,3380,77461,amputation predictors,traumatic brain injury,0.8870836,0.9499222,0.635729
6300,9165,72743,brain natriuretic peptide,surgical re-intervention,0.8870784,0.88825357,0.8823776
6301,76789,79977,transcatheter aortic valve replacement,validation set,0.88707733,0.8629064,0.9837609
6302,23636,56710,esophageal cancer,post-cabg complications,0.8870574,0.8665301,0.9691663
6303,57384,72058,postoperative anastomotic leakage,surgeon volume,0.88705444,0.86574566,0.9722893
6304,21263,73217,eastern cooperative oncology group score,survival comparison,0.8870522,0.9435824,0.66093117
6305,3099,58232,allogeneic hematopoietic stem cell transplantation,postoperative quality of life,0.887015,0.96025974,0.594036
6306,8857,35499,bone mineral density,interstitial lung abnormalities,0.88700724,0.8852922,0.89386725
6307,18696,80857,diabetes mellitus resolution,vertical sleeve gastrectomy,0.88699275,0.92782277,0.7236724
6308,57667,80126,postoperative drainage volume,vas pain score,0.8869762,0.8944677,0.85700977
6309,9934,39419,cancer patients,limb loss,0.8869695,0.89612496,0.8503476
6310,54551,77534,perioperative mortality rate,treatment costs,0.8869581,0.86915594,0.95816684
6311,104,81772,16s rrna gene,white blood cell count,0.8869502,0.9772373,0.5258018
6312,41168,62116,lung function,pulmonary ventilation function,0.88692415,0.98098075,0.51069754
6313,31519,42257,hormone therapy,malignant pleural mesothelioma,0.88691115,0.8727719,0.9434679
6314,12192,12864,child-pugh grade,circulating tumor dna,0.8869047,0.86384296,0.9791518
6315,12728,31710,chronic total occlusion,hospital-level differences,0.8868976,0.89186156,0.867042
6316,58293,73268,postoperative respiratory complications,survival time,0.88689417,0.8619583,0.9866375
6317,22042,43269,emergency department admission,medical therapy,0.8868901,0.8708442,0.9510737
6318,58202,69193,postoperative prognosis,sleep disturbance,0.8868893,0.900434,0.83271015
6319,12430,72388,chronic antithrombotic therapy,surgical difficulty,0.8868811,0.8845268,0.8962983
6320,13491,35085,clinical success,inter-observer reliability,0.88687974,0.9115908,0.78803533
6321,43067,47367,median follow-up,negative appendectomy rate,0.8868724,0.88927287,0.8772704
6322,7986,41091,biomarker of inflammation,lung adenocarcinoma,0.886846,0.9068401,0.80686945
6323,11653,55227,cerebral blood flow,petrous internal carotid artery,0.88684046,0.9875479,0.48401076
6324,53197,77789,patient-reported outcome measures,tricuspid annulus plane systolic excursion,0.88682604,0.95954716,0.5959415
6325,12728,74725,chronic total occlusion,therapeutic adherence,0.88682413,0.9122523,0.7851116
6326,243,396,3-year mortality,365-day mortality,0.8868012,0.8889796,0.8780872
6327,69455,72552,social continence,surgical management,0.8867926,0.8781131,0.9215104
6328,36962,50875,inverse probability of treatment weighting,oral anticoagulant use,0.8867904,0.93038416,0.71241534
6329,46874,66209,n stage,robotic-assisted laparoscopic surgery,0.8867891,0.861717,0.9870775
6330,40015,76346,local failure rates,total thyroidectomy,0.88678056,0.9599969,0.5939153
6331,30448,64240,hierarchical logistic regression,renal cell carcinoma,0.8867737,0.87404466,0.93768984
6332,53987,54695,percutaneous fixation,peripheral artery disease,0.88676727,0.8966781,0.847124
6333,21866,31657,electronic health record systems,hospital stay,0.88673896,0.92423445,0.73675686
6334,17565,44576,cytokine-induced killer cells,minimal residual disease,0.88672626,0.9440882,0.65727824
6335,52939,63720,patient education,recurrent symptoms,0.88671476,0.88277555,0.9024715
6336,24364,43054,extent of resection,median blood loss,0.8867131,0.8931445,0.86098725
6337,7302,60969,bicuspid aortic valve,propensity score,0.8867112,0.89417785,0.8568445
6338,16257,54264,coronary computed tomography angiography,pericardial drainage,0.8866986,0.92734706,0.72410446
6339,3894,15317,aneurysm embolization,computed tomography angiography,0.8866923,0.9423946,0.6638827
6340,34000,49502,indocyanine green,nutritional impairment,0.8866894,0.9246654,0.73478544
6341,39176,50377,length of postoperative stay,open rectal resection,0.8866654,0.8749691,0.9334505
6342,25015,81994,fatty acid oxidation,wound healing,0.8866631,0.88468593,0.8945715
6343,7831,71354,biodegradable polymer coated stent,structural valve deterioration,0.88664746,0.93290824,0.70160407
6344,16437,74965,cost advantage,thoracic endovascular aortic repair,0.8866176,0.8944173,0.8554186
6345,41829,72820,major acute cardiovascular events,surgical revascularization,0.8865982,0.893854,0.85757506
6346,31164,56244,histological features,polyp detection,0.8865523,0.9209737,0.7488664
6347,38302,76273,laparoscopic sleeve gastrectomy,total mucosal visibility score,0.88653564,0.9742778,0.535567
6348,2477,44525,adverse events,mineral trioxide aggregate,0.8865307,0.9372687,0.6835788
6349,21212,78898,early-onset colorectal cancer,tyrosine kinase inhibitors,0.88651013,0.8641033,0.9761372
6350,57622,78843,postoperative death,type ia endoleak,0.8864847,0.8868308,0.8851
6351,29,33548,1-year mortality,inadequate weight loss,0.8864695,0.86345226,0.97853845
6352,14955,46299,complete response,multiple complications,0.88644904,0.88042116,0.9105604
6353,62555,68260,radial artery graft,sex differences,0.8864485,0.8894974,0.87425286
6354,12191,22693,child-pugh classification,endoscopic retrograde biliary drainage,0.88644224,0.90771437,0.8013538
6355,23293,79598,eortc qlq-cr38,upper rectal cancer,0.886441,0.9460475,0.64801466
6356,54413,58957,perioperative antiplatelet therapy,predictive model,0.8864299,0.8811498,0.9075501
6357,77730,78376,treatment-related toxicity,tumor shrinkage,0.88642555,0.94166064,0.6654853
6358,43,50630,1-year readmission,operative intervention,0.8864194,0.9456221,0.6496086
6359,38058,40235,laparoscopic d2 gastrectomy,locoregional recurrence,0.88641644,0.8911133,0.8676291
6360,32459,54584,icu stay duration,perioperative period,0.886414,0.86395043,0.976268
6361,35134,53079,interdisciplinary cooperation,patient satisfaction,0.88641375,0.88337094,0.8985851
6362,10521,81893,cardiopulmonary bypass,withaferin a,0.8864037,0.9727887,0.54086363
6363,30928,74524,high-sensitivity c-reactive protein,temporary ventricular assist device,0.88640296,0.8760529,0.9278033
6364,7060,46443,bclc classification,multivariable regression,0.8863947,0.9109613,0.78812844
6365,1331,65563,acute aortic dissection,risk factor association,0.88638556,0.9294853,0.71398646
6366,4133,51004,angiotensin-converting enzyme inhibitors,orbital atherectomy,0.8863854,0.91035146,0.7905209
6367,4615,65109,anti-tumour necrosis factor therapy,retrospective observational study,0.8863731,0.89586955,0.8483872
6368,34383,53824,inflammatory bowel disease,peptic ulcer bleeding,0.88634455,0.8684749,0.957823
6369,19986,41168,donation after cardiac death,lung function,0.88634145,0.9386025,0.6772972
6370,3558,50350,anastomosis type,open pancreaticoduodenectomy,0.88633364,0.8853136,0.8904137
6371,18973,54147,diagnostic value,peri-appendicular abscess,0.88631666,0.9574104,0.60194165
6372,16464,79161,cost of surgery,uncomplicated appendicitis,0.8862988,0.94131464,0.6662353
6373,18925,65319,diagnostic procedures,right colectomy,0.8862949,0.8779985,0.9194805
6374,4863,8323,antiplatelet drugs,bleeding rates,0.8862929,0.9214566,0.74563795
6375,50840,80951,optimal medical therapy,viable myocardium,0.8862868,0.92710567,0.7230112
6376,34233,40265,infectious pleural effusion,logistic regression model,0.8862852,0.90398407,0.81548953
6377,7851,66380,bioelectric impedance analysis,roux-en-y reconstruction,0.8862823,0.9128512,0.7800065
6378,3974,68270,aneurysmal subarachnoid hemorrhage,sex-based differences,0.88628,0.8752515,0.9303939
6379,11570,18307,central venous catheter,delayed procedures,0.8862761,0.89815927,0.8387434
6380,45537,49539,morphine equivalent daily dose,nutritional status,0.88624763,0.8664285,0.965524
6381,50321,72439,open liver resection,surgical extent,0.88624734,0.941939,0.6634808
6382,25382,53554,fetal macrosomia,pediatric patients,0.88619965,0.9059265,0.8072921
6383,24780,38209,failure to rescue,laparoscopic pancreatic enucleation,0.8861822,0.87776613,0.91984636
6384,33289,60443,immunosuppressive macrophages,pro-inflammatory cytokines,0.886166,0.9726567,0.54020274
6385,45184,78176,modifiable risk factors,tumor height,0.8861563,0.9136256,0.7762793
6386,55590,81994,pilot trial,wound healing,0.88614845,0.9423307,0.66141945
6387,1005,65987,academic medical center,robot-assisted surgery,0.8861263,0.8991441,0.83405495
6388,14863,66091,complete blood count,robotic pancreaticoduodenectomy,0.8861235,0.8638448,0.9752381
6389,48760,56640,non-polypoid growth,positive predictive value,0.8861122,0.9021466,0.8219744
6390,13204,55607,clinical decision support,pittsburgh sleep quality index,0.88610935,0.9060974,0.8061568
6391,10642,46565,cardiovascular risk,muscle quality,0.8861071,0.9033739,0.8170398
6392,3051,50167,all-cause deaths,one-year survival,0.88610363,0.95162016,0.6240373
6393,40705,72631,low-density lipoprotein receptor,surgical outcomes,0.8860829,0.87686205,0.9229662
6394,1382,65664,acute cholecystitis,risk factors for malignancy,0.8860738,0.9661885,0.5656149
6395,4875,68985,antiplatelet therapy,sirolimus release,0.88605225,0.95289606,0.6186767
6396,68656,70609,silicone implants,staphylococcus aureus,0.88604814,0.9732152,0.5373796
6397,41354,56057,lymph node ratio,pn classification,0.886042,0.8751495,0.9296118
6398,10122,68422,caprini scores,short-term complications,0.88599604,0.89637023,0.8444992
6399,3187,82028,altered mental status,wound infections,0.88598704,0.8742167,0.9330685
6400,49,77868,1-year survival,triple valve replacement,0.88596964,0.9514836,0.62391376
6401,2358,60424,advanced neoplasia,private insurance,0.8859502,0.9614702,0.58387023
6402,38611,66267,late complications,rockwood frailty score,0.88591796,0.8919726,0.8616993
6403,63535,73552,recurrence rate,symptomatic pleural effusion,0.8859013,0.86887264,0.95401585
6404,38317,52913,laparoscopic surgery,patient cooperation,0.8858961,0.9432794,0.6563626
6405,12885,59262,circumferential resection margin,preoperative cally index,0.88584757,0.86124474,0.9842589
6406,36397,54387,intraoperative hypotension,periooperative factors,0.88580835,0.9494878,0.6310902
6407,7047,58902,bayesian multilevel logistic regression,prediction models,0.8857882,0.9085716,0.79465455
6408,13636,31789,clinicopathological factors,hounsfield unit,0.88578385,0.9255104,0.7268775
6409,58309,62827,postoperative risk stratification,radiomic signature,0.88576365,0.96037436,0.5873205
6410,9585,73716,bypass time,syntax score ii,0.8857513,0.8932122,0.85590786
6411,18797,66224,diagnosis-related groups,robotic-assisted procedures,0.88573307,0.92880774,0.7134342
6412,319,66432,30-day mortality rate,rural areas,0.8857251,0.93210274,0.70021456
6413,2288,81079,advanced disease,virgin abdomen,0.8856745,0.8937674,0.8533027
6414,26732,66409,functional outcomes,ruptured aaa repair,0.8856709,0.90784496,0.7969745
6415,46454,51445,multivariate cox analysis,overall survival benefit,0.88565886,0.9099949,0.78831446
6416,358,66250,30-day readmission risk,robotic-assisted total knee arthroplasty,0.88565177,0.94593644,0.6445131
6417,63535,80959,recurrence rate,vicryl sutures,0.8856467,0.88533676,0.8868865
6418,42177,64519,malignant disease,rescue surgery,0.885646,0.9159679,0.7643582
6419,51416,58218,overall health status,postoperative pulmonary complications,0.8856079,0.8823756,0.898537
6420,40287,46486,long hospital stay,multivessel coronary artery disease,0.8855976,0.9185183,0.75391454
6421,5329,76785,aortoiliac disease,transcatheter aortic valve implantation,0.88558847,0.8824149,0.8982828
6422,40818,62683,low-volume centers,radical right hemicolectomy,0.8855775,0.93340385,0.69427186
6423,2651,72596,age factors,surgical mortality,0.88557655,0.87710494,0.91946304
6424,5344,60808,apache ii score,progression free survival,0.8855601,0.85889643,0.9922146
6425,22095,65279,emergency operation,rib fractures,0.8855434,0.8790219,0.91162944
6426,69446,81674,snf length of stay,weight regain,0.88552856,0.877205,0.9188225
6427,29988,39853,heparin-binding egf-like growth factor,liver transplantation,0.8855121,0.95780355,0.5963463
6428,49549,49828,nyha class,octogenarian patients,0.88550764,0.8837201,0.8926575
6429,47439,77548,neighborhood socioeconomic status,treatment discontinuation,0.8855063,0.90532,0.80625147
6430,327,44733,30-day overall complications,minimally invasive total gastrectomy,0.8855049,0.8989152,0.83186376
6431,40157,79466,locally advanced disease,unresectable pancreatic ductal adenocarcinoma,0.88548803,0.9569183,0.59976685
6432,43656,79755,metabolic parameters,urinary free cortisol,0.88546485,0.95846844,0.59345037
6433,32256,70859,hypogastric artery preservation,stent patency,0.8854605,0.98195004,0.49950203
6434,10988,31737,catheter-related bloodstream infection,hospitalization duration,0.8854396,0.88077253,0.90410775
6435,14572,80378,combat casualty care,vascular surgery,0.88543344,0.9911969,0.4623796
6436,57451,72721,postoperative blood loss,surgical pulmonary embolectomy,0.8854288,0.89254034,0.85698235
6437,16713,80649,creatine kinase myocardial band,venous thromboembolism,0.88542706,0.87986237,0.9076857
6438,34383,42279,inflammatory bowel disease,malignant tumor resection,0.88542557,0.88315094,0.8945243
6439,20858,65938,early adverse events,robot-assisted gastrectomy,0.88540936,0.9300646,0.70678824
6440,9865,38330,calot's triangle,laparoscopic technique,0.88537043,0.8867876,0.87970173
6441,32419,62479,icg fluorescence angiography,r0 resection rate,0.8853459,0.90992355,0.7870351
6442,2082,23853,adjuvant chemotherapy,estrogen receptor beta,0.8853429,0.92526233,0.72566515
6443,20933,40555,early diagnosis,longitudinal study,0.88534254,0.8713322,0.9413839
6444,54555,77044,perioperative myocardial injury,transfusion requirement,0.88534254,0.8716647,0.9400537
6445,31261,35014,histopathologic diagnosis,intensive care unit,0.88531053,0.87830704,0.9133243
6446,19841,21120,distant recurrence,early recurrence prediction,0.8852855,0.8679886,0.95447284
6447,355,80454,30-day readmission,vasoactive support,0.88527435,0.88200504,0.8983516
6448,3649,70973,anatomic classification,stereotactic body radiotherapy,0.8852647,0.92997736,0.7064139
6449,54610,66346,perioperative risk factors,routine discharge,0.8852638,0.9024319,0.8165914
6450,15335,36373,computed tomography images,intraoperative frozen section analysis,0.8852534,0.90738535,0.7967256
6451,10521,49913,cardiopulmonary bypass,oesophageal reconstruction,0.88522696,0.86655146,0.95992905
6452,58974,67723,predictive performance,serum ca 19-9 levels,0.885201,0.9026931,0.81523234
6453,38826,46825,left anterior descending artery,myocardial salvage index,0.8851937,0.940282,0.6648405
6454,23295,72956,eortc qlq-lmc21,surgical success,0.88517654,0.9067886,0.798728
6455,4754,75747,anticoagulation therapy,timi risk score,0.885152,0.94597536,0.6418584
6456,1242,24653,activated partial thromboplastin time,extubation timing,0.8851476,0.91727126,0.75665265
6457,21958,65795,elixhauser comorbidity score,risk of recurrence,0.8851348,0.869715,0.9468142
6458,65561,78772,risk factor analysis,type 1 diabetes,0.8851208,0.9104126,0.7839537
6459,38126,81430,laparoscopic hepatectomy,vte risk,0.88511777,0.87929916,0.90839213
6460,42082,78794,malabsorptive surgeries,type 2 diabetes remission,0.8850949,0.9063111,0.80022985
6461,5091,82040,aortic dissection,wound ischemia foot infection stages,0.8850666,0.89985424,0.82591623
6462,35042,75162,intensive care unit stay,thoracoscopic sympathectomy,0.8850513,0.86206865,0.9769818
6463,16769,33902,critical covid-19,independent risk factors,0.8850446,0.90375227,0.81021374
6464,23056,62403,endovascular thrombectomy,quantitative coronary angiography,0.8850426,0.86120075,0.9804099
6465,3279,77557,american shoulder and elbow surgeons score,treatment efficacy,0.8850419,0.90644157,0.799443
6466,44660,69423,minimally invasive mitral valve repair,smoking history,0.8850012,0.88039297,0.9034339
6467,19420,59489,direct oral anticoagulation,preoperative identification,0.88497764,0.925476,0.72298396
6468,45214,65935,modified clavien-dindo classification,robot-assisted distal gastrectomy,0.88497293,0.9344347,0.68712574
6469,18248,78289,delayed cerebral infarction,tumor necrosis factor-α,0.88494205,0.9217328,0.7377791
6470,35504,79974,interstitial pneumonia,validation cohort,0.88492286,0.8716874,0.9378645
6471,510,40664,5-year survival rate,low psoas muscle area,0.88490885,0.8841242,0.8880473
6472,19908,61964,dna damage response,pulmonary function,0.88489187,0.8973271,0.83515084
6473,299,65976,30-day infection rate,robot-assisted radical prostatectomy,0.8848909,0.9509452,0.6206737
6474,3295,51974,american society of anesthesiologists class iv,pancreatic cancer surgery,0.8848864,0.9111314,0.77990603
6475,2504,65574,adverse outcomes,risk factor for phlf,0.88487226,0.891934,0.85662544
6476,26715,81654,functional measures,weight loss surgery,0.88486105,0.91011846,0.78383154
6477,19766,58451,distal pancreatectomy,postoperative troponin elevation,0.8848548,0.8674915,0.9543079
6478,1587,13335,acute phase proteins,clinical outcomes,0.8848392,0.88225913,0.89515936
6479,13354,21157,clinical practice,early stage colorectal cancer,0.88482785,0.93811977,0.67165995
6480,36360,60722,intraoperative fluid balance,prognostic nomogram,0.8848263,0.86917925,0.9474143
6481,3003,39428,alcoholic cirrhosis,limb salvage,0.88480645,0.870894,0.9404561
6482,21595,21866,elderly patients,electronic health record systems,0.88478094,0.94060713,0.66147625
6483,59484,66009,preoperative hypoalbuminemia,robotic approach,0.88477707,0.8572508,0.9948821
6484,951,68826,abscess formation,single-cell rna sequencing,0.88477296,0.88411486,0.88740534
6485,34433,44078,inflammatory factors,microbial diversity,0.88477254,0.87765527,0.91324157
6486,23485,43472,epithelial ovarian cancer,mesenchymal circulating tumor cells,0.8847541,0.95625824,0.5987377
6487,2884,54925,ajcc classification,peritoneal cytology,0.88474935,0.94500923,0.6437098
6488,12848,19582,circulating micrornas,disease progression,0.88473994,0.8768882,0.9161466
6489,52352,77765,parastomal hernia,triangle operation,0.88472325,0.8823122,0.8943674
6490,19599,73060,disease stage,surgical treatments,0.8847172,0.888773,0.86849374
6491,62494,80344,r1 rate,vascular resection,0.88469434,0.908547,0.7892838
6492,1600,51796,acute postoperative complications,pain relief,0.8846639,0.88750803,0.8732874
6493,63513,72714,recurrence of hepatocellular carcinoma,surgical procedures,0.88465583,0.85935426,0.9858619
6494,24292,38093,extended length of stay,laparoscopic gastric bypass,0.88465494,0.8584292,0.9895578
6495,53952,65220,percutaneous coronary intervention,revision surgeries,0.88464916,0.85700196,0.99523795
6496,39897,81636,liver-related complications,weight loss outcomes,0.8846426,0.87561,0.9207727
6497,61621,75160,psoas muscle area,thoracoscopic surgery,0.8846256,0.85913616,0.9865833
6498,9639,62837,c-reactive protein-lymphocyte ratio,radiomics score,0.88459945,0.94366306,0.64834505
6499,34872,39558,insulin dependent diabetes,lipid-lowering therapy,0.8845742,0.96465546,0.5642489
6500,2467,7208,adverse effects,benign prostate hyperplasia,0.88455033,0.8798568,0.9033243
6501,12724,18390,chronic thromboembolic pulmonary hypertension,demographic features,0.88454133,0.88654476,0.87652737
6502,6848,41983,bariatric frailty score,major lower extremity amputation,0.88453406,0.8997176,0.82379967
6503,33536,81994,in-stent thrombus,wound healing,0.88452864,0.9366531,0.67603076
6504,12123,70233,chest tube drainage,ssi prevention measures,0.8845264,0.9310988,0.6982365
6505,47806,54845,neuroendocrine liver metastases,periprocedural complications,0.8845118,0.8726195,0.9320811
6506,27377,39163,gastro-esophageal reflux,length of hospitalization,0.8844857,0.8928531,0.8510164
6507,26410,52952,frailty indices,patient factors,0.8844844,0.90540254,0.8008118
6508,59288,68168,preoperative characteristics,severe morbidity,0.8844508,0.8606094,0.9798164
6509,69483,78185,social support,tumor immune dysfunction,0.8844231,0.91167414,0.7754188
6510,3393,48097,amylase levels,neutrophil to lymphocyte ratio,0.8844086,0.8917325,0.85511297
6511,24149,62595,exertional dyspnea,radiation exposure,0.8844011,0.9240955,0.7256233
6512,482,59067,5-year disease-free survival,predictors of overall survival,0.8843986,0.93830836,0.66875917
6513,32503,60717,idiopathic normal pressure hydrocephalus,prognostic information,0.88439375,0.9442378,0.6450173
6514,1390,43273,acute complicated diverticulitis,medical treatment,0.88438594,0.9211244,0.73743176
6515,51355,53105,ovarian cancer surgery,patient survival,0.8843685,0.8656742,0.9591453
6516,44571,70847,minimal lumen area,stent length,0.8843631,0.9871361,0.47327104
6517,10483,29457,cardio-metabolic risk factors,health-related quality of life,0.88436246,0.86481047,0.96257025
6518,1729,22010,acute uncomplicated appendicitis,emergency appendicectomy,0.8843566,0.95341235,0.6081337
6519,8246,52946,black patients,patient engagement technologies,0.88435286,0.8661455,0.9571824
6520,15547,22551,congenital heart disease,endoscopic enucleation,0.8843455,0.8756853,0.9189862
6521,15188,58037,complications rates,postoperative monitoring,0.88433194,0.8787049,0.9068401
6522,62676,70325,radical resection,stage i non-small-cell lung cancer,0.88432825,0.857084,0.99330527
6523,21116,46584,early recurrence,muscle-sparing technique,0.88432246,0.94990605,0.6219883
6524,4228,54173,anorectal melanoma,peri-operative complications,0.8843094,0.9122884,0.7723932
6525,30170,55960,hepatic steatosis index,platelet-lymphocyte ratio,0.8842999,0.918557,0.74727154
6526,31551,33498,hospital charge,in-hospital morbidity,0.8842824,0.8945119,0.84336454
6527,8501,30277,blood products,hepatobiliary surgery,0.8842807,0.9080921,0.789035
6528,9342,60905,bridge to elective surgery,prolonged hospital stay,0.88426423,0.93473864,0.6823664
6529,39176,51119,length of postoperative stay,orthognathic surgery,0.8842596,0.88755226,0.8710889
6530,43209,47204,medical complications,natural orifice specimen extraction,0.8842577,0.8573252,0.99198747
6531,20686,29838,duration of hospital stay,hemodynamic parameters,0.8842517,0.8859908,0.87729526
6532,57745,68811,postoperative fever,single-access laparoscopic surgery,0.88424957,0.90977603,0.78214365
6533,43068,44377,median follow-up duration,mid-term outcomes,0.8842375,0.92987007,0.7017072
6534,29195,49769,hartmann's procedure,obstructive symptoms,0.8841991,0.9322078,0.692164
6535,28841,41399,ground-glass opacity,lymph-node dissection,0.8841985,0.8719419,0.93322444
6536,44674,78851,minimally invasive pancreaticoduodenectomy,type ii diabetes,0.8841984,0.86262196,0.97050416
6537,57912,68202,postoperative inflammation,severe sepsis,0.8841868,0.86154354,0.97475976
6538,18561,46151,destroyed lung,multidisciplinary team,0.8841337,0.87971485,0.90180904
6539,28283,33849,glucose metabolism,independent factors,0.8841197,0.8930313,0.84847325
6540,42542,58489,matched control group,postoperative vte,0.88408434,0.90704256,0.7922516
6541,41975,47472,major laparoscopic liver resection,neoadjuvant chemoradiation,0.8840792,0.8638972,0.9648071
6542,30286,72141,hepatocellular cancer,surgery prognosis,0.88404554,0.9382496,0.6672292
6543,21650,44745,elective colorectal resection,minimally-invasive surgery,0.8840303,0.90411305,0.80369925
6544,16185,44607,coronary artery bypass graft,minimally invasive colorectal resection,0.88402826,0.8633491,0.9667449
6545,7655,16031,biliary tract cancer,conversion to open procedure,0.88402534,0.868993,0.9441546
6546,36295,79333,intraoperative complexity,univariate analysis,0.88400626,0.8916382,0.85347813
6547,28354,58247,glycemia reduction,postoperative recovery,0.88397783,0.8596129,0.98143744
6548,45210,65055,modified charlson comorbidity index,retroperitoneal approach,0.883961,0.8765028,0.9137936
6549,21595,38174,elderly patients,laparoscopic living donor hepatectomy,0.8839549,0.86229295,0.97060263
6550,1495,19105,acute ischemic stroke,diet-induced obesity,0.88395023,0.90460664,0.8013246
6551,14708,39174,common terminology criteria for adverse events,length of postoperative hospital stay,0.88394237,0.8749427,0.9199406
6552,40742,72436,low-grade appendiceal mucinous neoplasm,surgical exploration,0.8839275,0.8765269,0.91353
6553,60765,71647,prognostic tool,subtotal gastrectomy,0.88388777,0.8610609,0.9751952
6554,46191,51426,multidrug-resistant organisms,overall mortality rate,0.88388306,0.94110847,0.65498143
6555,3529,71647,anastomosis dehiscence,subtotal gastrectomy,0.88387036,0.8807522,0.8963431
6556,17209,30286,curative options,hepatocellular cancer,0.88385683,0.9826512,0.48867947
6557,33182,67369,immunohistochemical staining,semantic segmentation,0.8838568,0.88642913,0.87356716
6558,2369,49513,advanced ovarian cancer,nutritional monitoring,0.8838172,0.9031252,0.80658495
6559,27470,57498,gastrointestinal bleeding,postoperative cdi,0.8838019,0.8811203,0.8945279
6560,51,74386,1-year survival rate,technical difficulty,0.88380176,0.87867,0.9043287
6561,36964,43572,inverse probability weighting,mesorectal excision,0.8837993,0.8599898,0.9790371
6562,6797,39853,bap1 loss,liver transplantation,0.8837987,0.8702917,0.93782675
6563,54578,59201,perioperative parameters,preoperative antibiotics,0.88379776,0.8787748,0.9038895
6564,47774,76777,neurocognitive dysfunction,transcarotid artery revascularization,0.88379425,0.9304606,0.69712865
6565,16955,78594,ct imaging,tumour diameter,0.88378304,0.88173944,0.89195734
6566,32998,74695,immune checkpoints,th17 cells,0.8837827,0.9620593,0.57067615
6567,36547,70973,intraparenchymal hematoma,stereotactic body radiotherapy,0.88378066,0.95442027,0.6012223
6568,39224,41505,leptomeningeal disease,lymphovascular invasion,0.8837799,0.90439105,0.80133516
6569,45656,76293,mortality risk,total oxidant status,0.8837605,0.8830626,0.886552
6570,16193,38917,coronary artery calcium,left internal mammary artery,0.8837426,0.9240006,0.72271025
6571,2716,41834,age-related complications,major adverse cardiac event,0.883741,0.8894205,0.86102295
6572,10011,41863,cancer-related deaths,major adverse events,0.88372904,0.87192553,0.9309429
6573,66171,73015,robotic total gastrectomy,surgical training,0.8837256,0.8648101,0.9593875
6574,5805,65975,asa class,robot-assisted radical nephroureterectomy,0.8837252,0.864573,0.9603338
6575,15064,59060,complex lesions,predictors of mortality,0.88370186,0.89225787,0.84947765
6576,11303,60258,cea levels,primary outcome,0.8837012,0.8593043,0.9812889
6577,72079,72714,surgery completion rate,surgical procedures,0.8836994,0.87209773,0.93010604
6578,3265,62055,american college of chest physicians guidelines,pulmonary resection,0.8836976,0.9322737,0.68939316
6579,25577,73026,filamin a,surgical treatment,0.883688,0.8929602,0.84659916
6580,9009,66649,bowel function,salvage abdominoperineal resection,0.88368505,0.9567583,0.591392
6581,24257,50519,exploratory laparotomy,operating risk,0.8836806,0.90998226,0.77847373
6582,17981,77680,decreased mortality,treatment strategies,0.88367087,0.9290318,0.70222706
6583,27717,48210,gene expression,nf-kappab signaling pathway,0.88365996,0.9583729,0.58480835
6584,63067,70012,readmission causes,spine surgery,0.88364756,0.90234745,0.8088478
6585,30016,80283,hepatic arterial infusion pump chemotherapy,vascular involvement,0.88364685,0.922289,0.729078
6586,51782,53197,pain numerical rating scale,patient-reported outcome measures,0.8836297,0.8982433,0.8251749
6587,43098,77615,median progression-free survival,treatment option,0.8836274,0.8776267,0.90763
6588,22953,59365,endovascular aortic aneurysm repair,preoperative decision-making,0.88362104,0.935032,0.67797726
6589,27120,41451,gastric cancers,lymphocyte count,0.88359284,0.92470956,0.7191257
6590,42716,81141,maximum transverse diameter,visceral fat area,0.88357306,0.9336071,0.68343675
6591,13224,42672,clinical efficacy,maximal voluntary ventilation,0.8835652,0.88656676,0.8715589
6592,2978,58221,alcohol abuse,postoperative pulmonary embolism,0.883564,0.8680333,0.9456865
6593,38659,73090,late surgery,surgical volume,0.88355327,0.8965818,0.8314387
6594,336,50297,30-day post-operative outcomes,open heart surgery,0.88354224,0.892821,0.8464271
6595,68173,74792,severe obesity,therapeutic option,0.88353956,0.87455654,0.9194715
6596,2522,4868,adverse reactions,antiplatelet medications,0.883513,0.9395869,0.6592171
6597,26732,65260,functional outcomes,rheumatic mitral stenosis,0.88351226,0.8843473,0.880172
6598,22253,72214,en bloc resection rate,surgical accuracy,0.8835102,0.96638507,0.55201066
6599,41315,59694,lymph node count,preoperative preparation,0.88350374,0.9054607,0.7956758
6600,52490,62382,partial nephrectomy,quality-adjusted life-years,0.8834781,0.86387366,0.96189594
6601,36895,39540,invasive carcinoma,lipid profile,0.88346046,0.8642258,0.9603989
6602,8447,36427,blood loss,intraoperative manometry,0.8834419,0.89063674,0.8546625
6603,7990,69746,biomarker panel,soluble st2,0.88339543,0.939133,0.660445
6604,30460,36517,high asa grade,intraoperative transfusion,0.883394,0.8762565,0.9119438
6605,58337,73026,postoperative serum creatinine,surgical treatment,0.8833833,0.8571465,0.98833036
6606,20922,73566,early death,symptomatic severe aortic stenosis,0.8833615,0.94389147,0.64124167
6607,14985,69301,complete tumour resection,small cell lung cancer,0.8833378,0.9294652,0.6988281
6608,3974,29095,aneurysmal subarachnoid hemorrhage,haemorrhagic transformation,0.8833302,0.9767957,0.5094684
6609,30889,46110,high-risk population,multidisciplinary care,0.88330984,0.8689136,0.9408946
6610,60981,76153,propensity score matching analysis,total complications,0.8832791,0.9351027,0.67598474
6611,27939,81480,geographic region,waitlist mortality,0.88326937,0.9474697,0.626468
6612,15488,49575,cone-beam ct,obese patients,0.88325584,0.8956807,0.83355623
6613,17099,21634,cumulative costs,elective cholecystectomy,0.88320327,0.90924853,0.77902216
6614,47815,68324,neuroendocrine tumor liver metastases,shared decision-making,0.8831613,0.9114834,0.7698729
6615,48807,79430,non-st-segment elevation acute coronary syndrome,unrecognized myocardial infarction,0.8831099,0.9522786,0.60643536
6616,8014,70609,biomarkers for lung cancer,staphylococcus aureus,0.88309336,0.9336815,0.6807409
6617,33792,65812,incomplete resection,risk prediction models,0.88308793,0.8664062,0.949815
6618,58936,60724,predictive factors for overall survival,prognostic nutrition index,0.8830644,0.94019395,0.65454614
6619,33483,81538,in-hospital deaths,watchful waiting,0.88306344,0.9363659,0.66985327
6620,19123,81454,dietary fat intake,waist circumference,0.88305616,0.97163606,0.5287363
6621,8700,14850,body mass index,complete ablation,0.88305026,0.8545478,0.9970599
6622,19766,30207,distal pancreatectomy,hepatic venous pressure,0.8830413,0.9327408,0.6842433
6623,38211,60266,laparoscopic pancreatic surgery,primary patency,0.8830343,0.888446,0.86138743
6624,14955,49235,complete response,novel biomarkers,0.8830288,0.90630686,0.7899164
6625,54299,56577,perihilar cholangiocarcinoma,positive circumferential resection margin,0.8830215,0.8563691,0.98963124
6626,5805,70342,asa class,stage i-iii colon cancer,0.88301826,0.8742252,0.91819036
6627,17263,61643,current smoking,psychiatric comorbidity,0.8830001,0.9533366,0.601654
6628,58040,77348,postoperative morbidities,transurethral resection of the prostate,0.8829997,0.89824617,0.82201385
6629,29550,67766,heart rate,serum creatinine level,0.88297796,0.8838802,0.879369
6630,39018,54636,left ventricular assist device,perioperative survival,0.8829559,0.91277444,0.7636819
6631,19334,80912,digital subtraction angiography,vessel recanalisation,0.8829444,0.9660158,0.5506586
6632,11716,30287,cerebral near infrared spectroscopy,hepatocellular carcinoma,0.8829409,0.87923235,0.89777493
6633,8537,13152,blood transfusions,clinical benefits,0.8829072,0.87056386,0.9322804
6634,745,41065,abdominal infection,lumen-apposing metal stents,0.8829037,0.91015583,0.77389497
6635,24726,80857,faecal calprotectin,vertical sleeve gastrectomy,0.88290226,0.8855933,0.872138
6636,26720,62380,functional morbidity,quality-adjusted life years,0.8828912,0.9590235,0.578362
6637,8457,57751,blood loss volume,postoperative flatus time,0.88286895,0.9078405,0.78298277
6638,30433,75114,hiatal hernia surgery,thoracoscopic approach,0.88282645,0.87923384,0.8971969
6639,42014,50487,major pathologic response,open-label study,0.8828146,0.8804181,0.8924004
6640,21041,74622,early onset scoliosis,textbook outcome,0.8828076,0.9067051,0.7872177
6641,24667,43690,f-fdg pet/ct,metabolic tumour volume,0.88280654,0.96521395,0.55317676
6642,65786,76215,risk of mortality,total intravenous anesthesia,0.88280267,0.8623678,0.9645421
6643,25081,55757,febrile neutropenia,plasma cytokines,0.88276726,0.9468398,0.62647694
6644,18801,57008,diagnostic accuracy,post-surgery assessment,0.8827641,0.8757433,0.9108471
6645,46480,71837,multivariate regression analysis,superficial vein thrombosis,0.88275707,0.8982282,0.8208723
6646,1337,66959,acute appendicitis,screening method,0.88274175,0.95310265,0.60129833
6647,23636,24249,esophageal cancer,explant pathology,0.8827364,0.8597107,0.97483903
6648,67670,77045,serum albumin level,transfusion requirements,0.88272834,0.854022,0.9975535
6649,15255,48458,comprehensive complication index,nomogram accuracy,0.88272685,0.8625761,0.96332973
6650,23842,24976,estimated glomerular filtration rate,fat loss,0.8827179,0.900066,0.8133252
6651,57561,67232,postoperative complications,seizure recurrence,0.88271326,0.983658,0.47893393
6652,62373,76227,quality outcomes,total knee replacement,0.8827102,0.8917362,0.8466063
6653,39833,57330,liver surgery,postoperative acute renal failure,0.8827012,0.897099,0.82510996
6654,25446,32458,fibrinogen/albumin ratio,icu stay,0.8826946,0.86955667,0.9352462
6655,8310,56726,bleeding events,post-coronary artery bypass graft,0.882672,0.92881227,0.69811094
6656,2473,52928,adverse event profiles,patient demographics,0.88266397,0.90466785,0.7946482
6657,27051,30159,gastric adenocarcinoma,hepatic recurrence-free survival,0.88266164,0.87962526,0.894807
6658,9443,43176,bronchopleural fistula,mediastinal staging,0.88265914,0.88900995,0.8572558
6659,35020,72304,intensive care unit care,surgical characteristics,0.88265496,0.9328803,0.68175375
6660,57561,70679,postoperative complications,stat3 activation,0.88262796,0.8592597,0.97610086
6661,6851,21957,bariatric metabolic surgery,elixhauser comorbidity measure,0.8826195,0.8873619,0.8636497
6662,4861,76787,antiplatelet agents,transcatheter aortic valve intervention,0.8826157,0.9628941,0.561502
6663,45537,74426,morphine equivalent daily dose,technical success,0.88261366,0.8750537,0.9128536
6664,9692,48748,ca19-9 levels,non-operative treatment,0.88260317,0.86166275,0.9663648
6665,25581,54550,filling defects,perioperative mortality,0.88259745,0.91331017,0.75974643
6666,36564,43606,intraperitoneal drainage,metabolic and bariatric surgery,0.8825453,0.8556925,0.98995614
6667,17829,41589,days alive and out of hospital,machine learning model,0.88250196,0.8539216,0.9968232
6668,23056,34879,endovascular thrombectomy,insulin infusion,0.8824949,0.8783392,0.89911777
6669,16489,23903,cost-effectiveness analysis,european countries,0.88249433,0.8928543,0.8410546
6670,511,52733,5-year survival rates,pathological grading,0.8824941,0.8892033,0.8556571
6671,13437,61964,clinical score,pulmonary function,0.8824588,0.9282377,0.69934344
6672,17718,81143,d3 lymph node dissection,visceral fat index,0.88244045,0.90101147,0.8081565
6673,25903,69204,flow patterns,sleeve gastrectomy,0.88241726,0.9584483,0.57829314
6674,58909,65477,predictive accuracy,right-sided colonic resection,0.88240576,0.8813557,0.886606
6675,15279,41576,compression stockings,machine learning,0.88239336,0.8889186,0.85629267
6676,18941,41113,diagnostic sensitivity,lung cancer management,0.88239276,0.9255231,0.7098713
6677,12540,38918,chronic inflammation,left internal mammary artery graft,0.882391,0.8905363,0.8498096
6678,12108,55874,chest masculinization surgery,plastic and reconstructive surgery,0.88238925,0.9530695,0.5996681
6679,13456,59294,clinical stage i,preoperative chemoradiotherapy,0.88238686,0.8580996,0.97953576
6680,10600,39180,cardiovascular diseases,length of stay in hospital,0.8823849,0.8790766,0.895618
6681,3601,62954,anastomotic leakage,rapid on-site cytological evaluation,0.8823726,0.9446808,0.6331398
6682,31550,53105,hospital characteristics,patient survival,0.8823664,0.8544631,0.9939797
6683,32216,59630,hyperthermic intraperitoneal chemotherapy,preoperative oral carbohydrates,0.882357,0.8706784,0.9290712
6684,33081,77716,immune status,treatment-related adverse effects,0.88233215,0.953422,0.5979725
6685,52717,72590,pathological diagnosis,surgical modality,0.8823304,0.89506763,0.8313812
6686,57759,74048,postoperative follow-up,t1 colorectal cancer,0.8823133,0.8553719,0.9900789
6687,8509,39694,blood samples,liver enzyme levels,0.8822981,0.92747265,0.7015999
6688,33064,60840,immune response enhancement,proinflammatory cytokines,0.8822887,0.93061423,0.6889865
6689,15148,66951,complication rates,screening indication,0.8822805,0.97252357,0.5213083
6690,50344,69082,open operation,skilled nursing facility,0.88226783,0.8871716,0.8626528
6691,5806,78472,asa class 3,tumor volume,0.88226426,0.8910729,0.8470294
6692,19613,74626,disease-free survival rate,textural features,0.882264,0.91968495,0.73257995
6693,5649,12567,arterial hypotension,chronic kidney disease,0.88225794,0.86072457,0.9683912
6694,3587,21701,anastomotic fistula,elective laparoscopic resection,0.8822536,0.88108253,0.8869377
6695,17219,18078,curative resection,deep surgical site infection,0.88224554,0.8530425,0.9990577
6696,47815,52053,neuroendocrine tumor liver metastases,pancreatic fistula,0.8822455,0.8600511,0.97102284
6697,15147,46619,complication rate,musculoskeletal tumor society scoring,0.8822433,0.97300774,0.51918525
6698,21240,59336,early-stage lung adenocarcinoma,preoperative contrast-enhanced computed tomography,0.8822401,0.952932,0.5994726
6699,17116,62717,cumulative incidence of bsi,radiofrequency ablation,0.8822356,0.92864466,0.6965991
6700,6154,77461,atrial fibrillation recurrence,traumatic brain injury,0.88222414,0.8696405,0.9325584
6701,50566,52033,operation duration,pancreatic ductal cell adenocarcinoma,0.8822073,0.8701682,0.93036336
6702,56520,65338,portal vein thrombosis,right gastroepiploic vein,0.8821995,0.9240234,0.7149042
6703,45813,50679,msh2 gene,operative time,0.88218826,0.9075486,0.7807468
6704,1641,26199,acute respiratory failure,fontan conversion,0.882097,0.94105685,0.6462576
6705,13256,40262,clinical guidance,logistic regression,0.8820898,0.9538944,0.5948714
6706,44597,55451,minimally invasive approaches,physical function,0.88207674,0.8555653,0.98812264
6707,4027,20421,angiographic coronary stenosis,drug-eluting stent,0.8820767,0.91068506,0.76764315
6708,26228,70447,food insecurity,stage iv disease,0.8820746,0.86787266,0.9388822
6709,40031,48069,local inflammatory responses,neutrophil extracellular traps,0.88204986,0.97102857,0.5261351
6710,2504,54952,adverse outcomes,peritoneal lavage cytology,0.8820421,0.856213,0.9853587
6711,40389,61625,long-term follow up,psoas muscle index,0.88203454,0.8943833,0.8326392
6712,29527,57618,heart disease,postoperative day one,0.8820228,0.8977335,0.8191801
6713,384,60969,30-day unplanned readmission,propensity score,0.88200486,0.85450876,0.9919891
6714,71928,81003,supportive care,video-assisted thoracoscopic lobectomy,0.88199115,0.86533207,0.94862723
6715,7539,74591,biliary atresia,test-retest reliability,0.8819823,0.8826933,0.8791384
6716,3494,38171,analgesic effect,laparoscopic liver resection,0.88196933,0.86422014,0.9529659
6717,24008,29829,evidence-based treatment,hemodynamic instability,0.8819641,0.88844734,0.8560308
6718,40899,78772,lower extremity peripheral arterial disease,type 1 diabetes,0.88196075,0.93271893,0.67892784
6719,48097,59053,neutrophil to lymphocyte ratio,predictors of lnm,0.8819583,0.87216556,0.9211292
6720,852,77348,abdominoperineal excision,transurethral resection of the prostate,0.8819431,0.89859325,0.8153424
6721,48785,67749,non-small-cell lung cancer,serum cholinesterase levels,0.8819275,0.85663956,0.9830791
6722,52631,73799,pathologic complete response rate,systemic immune inflammation index,0.8819076,0.8711147,0.9250792
6723,16057,57056,convolutional neural network,post-transplant complications,0.8819059,0.9035024,0.7955198
6724,1311,25454,acute abdomen,fibrinolytic therapy,0.8819053,0.9117538,0.76251143
6725,57908,72439,postoperative infections,surgical extent,0.8818969,0.9033645,0.7960265
6726,21844,72503,electrolyte imbalance,surgical infection,0.8818756,0.90156704,0.8031097
6727,44786,67310,minor complications,self-expandable stents,0.8818644,0.94935876,0.6118871
6728,13165,79555,clinical characteristics,upper gastrointestinal diseases,0.881855,0.9758765,0.5057691
6729,27841,30287,genetic counselling,hepatocellular carcinoma,0.8818411,0.91736174,0.7397585
6730,10548,54600,cardiorespiratory fitness,perioperative recovery,0.8818306,0.91201043,0.761111
6731,25371,53554,fetal bovine acellular dermal matrix,pediatric patients,0.88178,0.91490185,0.7492928
6732,13491,80557,clinical success,venous anastomosis,0.8817562,0.9680558,0.5365577
6733,800,60938,abdominal surgery,prolonged recovery,0.88174397,0.9553723,0.5872306
6734,8661,54483,body composition,perioperative fasting,0.8817407,0.87484986,0.90930396
6735,54129,67760,perfusion ct,serum creatinine,0.88173527,0.9305365,0.68653005
6736,33476,79739,in-hospital complication rates,urinary complications,0.8817017,0.90014154,0.80794245
6737,41357,58902,lymph node regression grade,prediction models,0.88169384,0.8821046,0.8800511
6738,19021,73026,diamond anastomosis,surgical treatment,0.8816684,0.86504626,0.9481567
6739,12586,45619,chronic limb threatening ischemia,mortality during follow-up,0.8816542,0.9180857,0.73592806
6740,16880,77661,cryoballoon ablation,treatment response,0.88164765,0.8919945,0.8402603
6741,13224,81574,clinical efficacy,web-based application,0.8816441,0.92344445,0.7144428
6742,25627,48781,fine-needle aspirates,non-small cell lung cancer,0.8816426,0.9038988,0.79261774
6743,35032,51706,intensive care unit length-of-stay,paediatric cardiac surgery,0.88164055,0.9406012,0.6457977
6744,10821,56899,case mix index,post-operative mortality,0.88162786,0.90854996,0.7739394
6745,12093,25441,chest drain duration,fibrinogen levels,0.88161755,0.879646,0.8895037
6746,46874,78204,n stage,tumor infiltration depth,0.8816175,0.862895,0.95650727
6747,37695,48815,kidney stones,non-steroidal anti-inflammatory drugs,0.88160515,0.8892064,0.8511998
6748,51292,75319,outcome predictors,thromboembolic complications,0.8815844,0.90883374,0.7725872
6749,20632,41931,duplex ultrasound findings,major complications,0.8815769,0.92644525,0.7021035
6750,2310,6396,advanced gastric cancer,automated deep learning,0.8815766,0.91230905,0.75864667
6751,26523,33410,fresh frozen plasma,improved survival,0.88156754,0.8727293,0.91692036
6752,26010,74426,fluorescent lymph nodes,technical success,0.8815587,0.87335694,0.91436553
6753,14145,72185,colon cancer resection,surgery-associated complications,0.8815563,0.9175016,0.7377746
6754,37177,71261,ischemic time,stroke incidence,0.8815452,0.8914705,0.8418439
6755,5940,77557,aspiration thrombectomy,treatment efficacy,0.88152575,0.86214083,0.9590654
6756,17691,34379,d-dimer levels,inflammatory arthritis,0.88151497,0.87988853,0.88802075
6757,9857,77685,caloric intake,treatment success,0.8814911,0.86422735,0.95054615
6758,54683,55059,peripheral arterial disease,permanent pacemakers,0.8814907,0.8920913,0.8390884
6759,12824,64004,circulating cytokines,regulatory t cells,0.8814903,0.9839156,0.4717889
6760,6004,53079,asymptomatic aaa,patient satisfaction,0.88148016,0.87587756,0.9038903
6761,20908,79483,early cognitive dysfunction,unruptured intracranial aneurysms,0.88145095,0.96010935,0.56681734
6762,39037,73900,left ventricular end systolic volume,systolic blood pressure,0.88145036,0.8888394,0.8518939
6763,12071,40044,chemotherapy-associated steatohepatitis,local recurrence,0.88143575,0.9140304,0.75105727
6764,25185,64403,female sex,repair technique,0.88138956,0.894652,0.82833964
6765,43874,73434,metastatic disease,symptom control,0.88138777,0.8710065,0.92291296
6766,24494,30391,extracorporeal anastomosis,hernia recurrence,0.8813816,0.8531494,0.99431014
6767,30610,47100,high volume centers,national database,0.8813565,0.87619007,0.9020222
6768,6865,8661,bariatric surgeries,body composition,0.8813456,0.85911417,0.97027147
6769,40264,55748,logistic regression analysis,plasma cortisol,0.8813416,0.8638756,0.9512052
6770,3633,66040,anastomotic stricture,robotic donor hepatectomy,0.88133603,0.87769127,0.8959151
6771,27025,67889,gas chromatography-mass spectrometry,serum levels,0.88133293,0.96929514,0.5294843
6772,2082,14668,adjuvant chemotherapy,common bile duct stone removal,0.8813304,0.90286887,0.7951763
6773,9624,44046,c-reactive protein,michels classification,0.881324,0.94086736,0.6431504
6774,2175,43320,adolescent patients,medication reconciliation,0.8812997,0.9434123,0.632849
6775,25523,48069,fibrosis stages,neutrophil extracellular traps,0.8812641,0.94348764,0.6323698
6776,38806,72620,learning curve analysis,surgical operation time,0.8812543,0.9420988,0.63787633
6777,12049,63344,chemotherapy rates,rectal cancer surgery,0.88124365,0.8997255,0.80731636
6778,40464,69365,long-term quality of life,small vessel disease,0.88124204,0.9353595,0.6647722
6779,59798,63532,preoperative staging,recurrence predictors,0.88123286,0.88501525,0.86610305
6780,20927,48945,early detection,nonfunctional pnets,0.8812069,0.9055066,0.7840082
6781,50441,63667,open technique,recurrent laryngeal nerve paralysis,0.88118166,0.8686735,0.93121415
6782,45494,67320,morbid obesity,self-expanding metal stents,0.88114136,0.8541449,0.9891272
6783,31562,81481,hospital costs,waitlist outcomes,0.8811274,0.9495737,0.6073422
6784,1500,71696,acute kidney injury,successful outcome,0.8811246,0.96138686,0.5600756
6785,54845,68529,periprocedural complications,side branch patency,0.8811133,0.9378509,0.6541629
6786,43244,45126,medical management,model validation,0.88110054,0.8921283,0.83698946
6787,23636,26885,esophageal cancer,gadoxetate disodium-enhanced mri,0.8810924,0.901672,0.798774
6788,5558,24838,area under the roc curve,false-positive rate,0.88109154,0.9497983,0.60626453
6789,6166,73450,atrial septal defect,symptom recurrence,0.8810843,0.88758254,0.85509163
6790,18576,45652,detection rates,mortality rate,0.8810828,0.86274725,0.95442474
6791,16949,22009,ct findings,emergency appendectomy,0.88106537,0.9085751,0.7710264
6792,15949,66223,conventional laparoscopic surgery,robotic-assisted procedure,0.8810512,0.9291596,0.6886176
6793,7596,59323,biliary leak,preoperative complications,0.88103956,0.87576264,0.90214723
6794,5269,16765,aortic valve replacement,critical care units,0.88098055,0.87759084,0.89453924
6795,10310,63785,cardiac implantable electronic device,redo surgery,0.8809624,0.90959877,0.76641667
6796,1337,13212,acute appendicitis,clinical deterioration,0.88096106,0.8589262,0.96910065
6797,31415,41639,hla-dr expression,macrophage infiltration,0.8809577,0.93966126,0.6461436
6798,36261,72226,intraoperative bleeding,surgical algorithm,0.8809391,0.88010305,0.8842834
6799,8245,65087,black men,retrospective analysis,0.88093203,0.89028215,0.8435314
6800,49591,50607,obesity classes,operative complications,0.8809314,0.87515384,0.90404165
6801,44502,51525,mild stroke,oxidative stress,0.8809035,0.9040505,0.78831524
6802,9019,44596,bowel incarceration,minimally invasive approach,0.8808991,0.89043546,0.84275323
6803,64965,73531,reticulated platelets,symptomatic intracranial hemorrhage,0.8808746,0.91316324,0.75171983
6804,45002,59636,mitral valve replacement,preoperative oxygen saturation,0.88086367,0.8639111,0.9486739
6805,33597,40644,incidence of complications,low left ventricular ejection fraction,0.88086253,0.8570154,0.97625107
6806,7414,71042,bilateral total knee arthroplasty,steroid use,0.8808559,0.87117153,0.9195933
6807,17926,40311,deceased-donor liver transplantation,long term survival,0.88085544,0.91896474,0.72841823
6808,1993,30639,adipose tissue,high-density lipoprotein levels,0.88084173,0.94441503,0.62654835
6809,39921,40515,living donor liver transplantation,long-term treatment outcomes,0.88083816,0.90007955,0.8038726
6810,27105,49631,gastric cancer resection,obesity treatment,0.8808308,0.86177117,0.9570694
6811,7147,46105,benign anastomotic stricture,multidisciplinary approach,0.8808258,0.9067796,0.7770107
6812,16340,37140,coronary thrombosis,ischemic heart disease,0.8808249,0.91376376,0.7490695
6813,29,60312,1-year mortality,primary spontaneous pneumothorax,0.88080716,0.85462564,0.9855333
6814,32309,59248,hypovitaminosis d,preoperative bmi,0.8807997,0.9320988,0.6756031
6815,29126,57908,hand sewn anastomosis,postoperative infections,0.88078636,0.88896483,0.8480724
6816,40004,47521,local disease,neoadjuvant systemic therapy,0.8807783,0.9367417,0.6569244
6817,2457,20919,adverse clinical events,early complications,0.8807755,0.86543626,0.94213235
6818,31393,43874,hiv-infected patients,metastatic disease,0.8807546,0.8871211,0.8552884
6819,17744,78355,da vinci xi platform,tumor resection,0.8807501,0.90324616,0.79076576
6820,5817,41025,asa iv,lumbar fusion surgery,0.8807426,0.912059,0.75547695
6821,21999,27985,emergence delirium,geriatric depression scale,0.88073844,0.97816044,0.4910505
6822,31567,58954,hospital discharge,predictive marker,0.8807376,0.85717887,0.9749724
6823,5810,40986,asa classification,lower-extremity bypass,0.8807009,0.88940156,0.8458981
6824,16186,29085,coronary artery bypass graft surgery,haemolytic anaemia,0.88068134,0.8966791,0.81669027
6825,39602,75644,liposomal bupivacaine,time to first flatus,0.88063574,0.864397,0.9455907
6826,4939,59585,antiviral therapy,preoperative mri,0.8806177,0.8845155,0.8650261
6827,26409,72087,frailty index,surgery delays,0.88059705,0.9126164,0.7525196
6828,44781,62356,minor bleeding,quality of recovery,0.880596,0.86916167,0.92633295
6829,31539,68166,hospital admissions,severe mitral regurgitation,0.8805873,0.8696882,0.92418337
6830,14755,75160,comorbid patients,thoracoscopic surgery,0.880585,0.90375805,0.7878928
6831,39781,61625,liver metastasis-free survival,psoas muscle index,0.8805826,0.8899681,0.84304017
6832,267,40044,30-day adverse outcomes,local recurrence,0.8805421,0.8554314,0.9809849
6833,11023,38672,cause-specific survival,late-onset rectal cancer,0.8805235,0.92670923,0.6957805
6834,72957,78963,surgical success rate,ultra-low rectal cancer,0.880511,0.8873423,0.8531856
6835,50075,69923,oncologic outcome,sphincter-sparing surgery,0.88050044,0.88220996,0.87366235
6836,21376,39704,economic analysis,liver fibrosis,0.8804932,0.89485157,0.8230597
6837,33693,66190,incidence rates,robotic-assisted colorectal surgery,0.8804778,0.86689293,0.9348171
6838,4063,70263,angiographic patency,st-segment elevation myocardial infarction,0.88047516,0.8764628,0.8965244
6839,65328,72820,right colon resection,surgical revascularization,0.88046986,0.8898706,0.84286696
6840,31681,45509,hospital utilization,morbidity prediction,0.8804617,0.8721753,0.913607
6841,22768,39176,endoscopic thyroidectomy,length of postoperative stay,0.88044226,0.94068897,0.63945526
6842,17262,28635,current smokers,graft patency,0.8804413,0.85817,0.9695264
6843,42572,65110,maternal mortality rate,retrospective review,0.8804162,0.9611802,0.55735993
6844,19828,52565,distant metastasis,patch closure,0.88040555,0.86526674,0.9409606
6845,23754,60709,esophageal squamous-cell carcinoma,prognostic impact,0.8804021,0.97394073,0.50624764
6846,6894,43656,bariatric surgical procedures,metabolic parameters,0.88039124,0.8790256,0.88585377
6847,8537,42460,blood transfusions,marijuana use,0.8803664,0.8584632,0.9679787
6848,29990,50570,heparin-bonded expanded polytetrafluoroethylene graft,operation time,0.8803623,0.8981205,0.80932903
6849,5269,5562,aortic valve replacement,arginase 1,0.8803512,0.91275346,0.7507421
6850,30287,61591,hepatocellular carcinoma,pseudoaneurysm rupture,0.8803356,0.85569793,0.9788865
6851,41227,69797,lung resection,sorafenib treatment,0.880325,0.860243,0.9606527
6852,12110,41577,chest pain,machine learning algorithm,0.8803219,0.87700313,0.89359695
6853,32984,70757,immune cells,stem cell transplantation,0.8803172,0.946794,0.6144099
6854,3645,66675,anastomotic-related complications,salvage surgery,0.88030756,0.8858181,0.8582652
6855,31598,63856,hospital length of stay,reflux symptom index,0.88029486,0.87435335,0.90406096
6856,2992,26651,alcohol use disorders,functional capacity,0.8802661,0.87222713,0.9124215
6857,40953,53090,lower limb muscle strength,patient selection,0.8802371,0.8805764,0.8788799
6858,27245,27576,gastric neoplasms,gastrointestinal surgery,0.8802356,0.86704504,0.93299764
6859,38826,60994,left anterior descending artery,propensity score-matched cohort,0.880234,0.8707701,0.91808933
6860,17144,31633,cumulative opioid use,hospital readmission,0.8802296,0.8825966,0.8707616
6861,17648,31716,cytoreductive surgery,hospital-related factors,0.8802271,0.8553969,0.9795476
6862,12602,63196,chronic lung diseases,receiver operating characteristic curves,0.88020164,0.8948063,0.821783
6863,8857,19183,bone mineral density,differentially expressed metabolites,0.8802001,0.9787774,0.4858909
6864,34456,68014,inflammatory marker,serum tumor markers,0.88018763,0.87850314,0.8869254
6865,5901,41131,asian patients,lung cancer stage,0.8801824,0.9276737,0.69021684
6866,5204,54542,aortic root repair,perioperative management,0.88018066,0.8645069,0.9428756
6867,49045,80995,nonopioid pain medications,video-assisted thoracic surgery,0.8801751,0.8701399,0.92031604
6868,50169,63562,one-year survival rates,recurrence-free survival,0.88016814,0.8603897,0.959282
6869,11128,38029,cd3+ t cells,laparoscopic cholecystectomy,0.8801581,0.85363066,0.9862678
6870,29555,64814,heart rate monitoring,respiratory failure,0.88014376,0.91748565,0.7307761
6871,497,22343,5-year overall survival,endobronchial valve placement,0.88014346,0.8729838,0.90878177
6872,5458,78518,appendiceal mucinous neoplasms,tumor-infiltrating lymphocytes,0.8801217,0.91215944,0.7519707
6873,13369,50577,clinical prediction model,operation-related complications,0.88010764,0.8774956,0.8905557
6874,6708,23547,balloon angioplasty,ercp,0.8801006,0.8583737,0.96700805
6875,2122,67303,adjuvant radiotherapy,self-expandable metal stent,0.88009125,0.85993737,0.9607068
6876,7126,43269,below-the-knee arteries,medical therapy,0.8800783,0.9034953,0.7864101
6877,29927,36273,hemorrhagic stroke,intraoperative blood transfusion,0.8800756,0.8544385,0.982624
6878,30287,31777,hepatocellular carcinoma,host-microbiome interactions,0.8800731,0.94355917,0.62612844
6879,21240,48382,early-stage lung adenocarcinoma,nodal downstaging,0.8800689,0.93785477,0.6489252
6880,23957,41994,eus-guided pancreatic duct drainage,major morbidity,0.8800156,0.88517976,0.859359
6881,7247,80236,best medical treatment,vascular endothelial growth factor,0.880007,0.9117319,0.7531072
6882,41864,52895,major adverse kidney events,patient cohort,0.87999904,0.8658219,0.9367074
6883,15553,30787,congenital heart surgery,high-quality hospitals,0.8799691,0.88678676,0.8526984
6884,15313,39270,computed tomography,letermovir prophylaxis,0.87993044,0.8921115,0.8312061
6885,16830,44990,cross-clamp time,mitral valve prolapse,0.8799021,0.9372453,0.6505291
6886,74625,76153,textbook outcomes,total complications,0.87989545,0.8531405,0.98691505
6887,22140,38265,emergency visits,laparoscopic repair,0.8798862,0.92615306,0.69481874
6888,15148,57478,complication rates,postoperative carcinoembryonic antigen,0.8798826,0.85130465,0.994194
6889,31562,63937,hospital costs,regional disease,0.8798743,0.8549014,0.97976595
6890,54448,78087,perioperative chemotherapy,tumor clearance,0.8798714,0.8766437,0.8927821
6891,30485,37103,high endothelial venule,ischemia-reperfusion injury,0.8798699,0.9741194,0.5028715
6892,60728,63056,prognostic outcomes,reactive oxygen species,0.8798693,0.94170135,0.6325408
6893,15323,73989,computed tomography characteristics,t stage,0.87986326,0.9772461,0.49033207
6894,20483,63744,dual-energy x-ray absorptiometry,red blood cell count,0.8798392,0.9305807,0.6768729
6895,15976,36147,conventional surgery,intrahepatic recurrence,0.8798374,0.85563713,0.9766384
6896,48388,56068,nodal metastases,pn2 stage,0.87983555,0.92833513,0.6858372
6897,45437,81606,monocyte hla-dr expression,weight loss,0.8798102,0.9162641,0.7339946
6898,59623,73548,preoperative opioid use,symptomatic patients,0.87976485,0.8516256,0.99232167
6899,9398,49898,bronchial closure,oesophageal cancer,0.87975025,0.8567573,0.9717219
6900,17173,77490,curable colorectal cancer,travel distance,0.8797455,0.9120376,0.750577
6901,46422,79974,multivariable cox proportional hazards analysis,validation cohort,0.87973946,0.93774885,0.6477019
6902,70379,75687,stage ii-iii disease,time to surgery,0.8797363,0.88149965,0.87268275
6903,32959,49882,immune cell distribution,odds ratio,0.8797308,0.9008771,0.79514575
6904,18022,52166,deep learning,pancreatic stricture,0.8797028,0.92195654,0.71068794
6905,63196,73842,receiver operating characteristic curves,systemic inflammatory status,0.87968546,0.9001391,0.7978707
6906,40358,44978,long-term clinical outcomes,mitral valve insufficiency,0.87967485,0.9286775,0.6836641
6907,38080,62660,laparoscopic excision,radical nephrectomy,0.8796588,0.87892216,0.8826054
6908,25491,75975,fibrolamellar carcinoma,tnm staging,0.8796305,0.87604874,0.89395756
6909,36722,45652,intravenous antibiotic,mortality rate,0.8796187,0.8653109,0.9368498
6910,13307,15446,clinical model,concurrent chemoradiotherapy,0.87961525,0.8555501,0.9758759
6911,36734,63340,intravenous chemotherapy,rectal cancer resection,0.8795948,0.89982694,0.7986662
6912,25106,70631,fecal incontinence,staple line leak,0.87958086,0.8646309,0.93938076
6913,3149,50103,alpha fetal protein,oncological outcomes,0.87957156,0.8614813,0.95193225
6914,60178,80457,primary graft dysfunction,vasoactive-inotropic scores,0.8795643,0.92310756,0.70539117
6915,64667,80995,residual cancer,video-assisted thoracic surgery,0.87955296,0.8641604,0.94112295
6916,669,45655,abdominal aortic aneurysm rupture,mortality reduction,0.87953526,0.9174478,0.72788507
6917,41047,47405,lumbar spondylosis,negative predictive value,0.8795158,0.8719536,0.90976477
6918,13621,40845,clinicopathologic characteristics,lower esophageal cancer,0.8795036,0.9036477,0.7829269
6919,20686,39183,duration of hospital stay,length of stay in pacu,0.87949514,0.89740324,0.80786246
6920,45773,50570,mri sequences,operation time,0.87947696,0.87292224,0.9056959
6921,31539,63344,hospital admissions,rectal cancer surgery,0.87945634,0.85150295,0.9912698
6922,13340,16287,clinical parameters,coronary microcirculatory dysfunction,0.8794497,0.93934643,0.6398627
6923,21015,38129,early mobilization,laparoscopic hernia repair,0.8794453,0.85858035,0.9629048
6924,26743,54637,functional recovery,perioperative symptom assessment,0.8794417,0.8606913,0.9544431
6925,4062,41859,angiographic parameters,major adverse clinical events,0.8794284,0.9778155,0.48587975
6926,23640,50619,esophageal cancer recurrence,operative duration,0.8794257,0.86086476,0.9536694
6927,13252,58892,clinical frailty scale,predicting anastomotic leakage,0.87941045,0.9311743,0.672355
6928,35613,35690,intestinal anastomosis,intestinal malrotation,0.87940985,0.95234853,0.58765495
6929,382,48177,30-day survival,new-onset arrhythmia,0.87938654,0.86716706,0.92826456
6930,29648,81267,helicobacter pylori,vitamin b12 levels,0.8793613,0.96728164,0.52767956
6931,666,61666,abdominal aortic aneurysm,psychological care,0.87936103,0.86583495,0.9334655
6932,3286,41203,american society of anaesthesiologists score,lung metastases,0.87932545,0.8580641,0.96437067
6933,42249,60719,malignant pericardial effusion,prognostic markers,0.8793223,0.8903793,0.8350942
6934,9636,49506,c-reactive protein to prealbumin ratio,nutritional indices,0.8793112,0.9216892,0.7097992
6935,5727,65844,arteriovenous fistula,risk stratification tools,0.87930614,0.91869485,0.7217511
6936,27058,28348,gastric antrum,glycated hemoglobin,0.8792695,0.90316486,0.7836879
6937,8453,52863,blood loss minimization,patient age,0.8792694,0.86439306,0.9387749
6938,50381,80092,open reduction internal fixation,vancomycin powder,0.8792633,0.94186914,0.6288397
6939,28830,72406,gross type c esophageal atresia,surgical duration,0.87925637,0.89642316,0.8105893
6940,33898,65418,independent risk factor,right ventricular diastolic dysfunction,0.87925637,0.91949004,0.7183214
6941,20993,46486,early infective endocarditis,multivessel coronary artery disease,0.87925476,0.87676275,0.88922256
6942,17193,53100,curative intent,patient subgroups,0.8792042,0.9026765,0.7853149
6943,39465,65812,limited resection,risk prediction models,0.87920344,0.85858315,0.9616845
6944,13375,70378,clinical predictors,stage ii-iii colorectal cancer,0.8792033,0.93140763,0.6703858
6945,52891,60654,patient characteristics,prognosis marker,0.8792003,0.867408,0.9263694
6946,2636,79414,age at surgery,unplanned revision,0.879185,0.96223813,0.5469726
6947,27830,30744,genetic alterations,high-grade serous ovarian cancer,0.87917984,0.9082042,0.7630822
6948,24860,46967,family history of coronary artery disease,naples prognostic score,0.8791686,0.86788255,0.92431265
6949,20430,48781,drug-induced liver injury,non-small cell lung cancer,0.87915957,0.9010614,0.7915521
6950,18590,75033,developmental disorders,thoracic surgery,0.87915623,0.8949039,0.8161655
6951,7610,81520,biliary pancreatitis,warm ischemia time,0.879128,0.92613995,0.69108015
6952,33305,68425,immunosuppressive therapy,short-term efficacy,0.87912464,0.8984827,0.80169237
6953,19623,57078,disease-specific mortality,post-transplant outcomes,0.8791208,0.8760115,0.8915581
6954,46875,49066,n stages,nonsmall cell lung cancer,0.87911373,0.88433266,0.8582379
6955,21216,59849,early-onset pancreatic cancer,preoperative treatment,0.8791046,0.88883483,0.84018385
6956,27169,62381,gastric esd,quality-adjusted life-year,0.8790937,0.92799574,0.6834855
6957,27480,38133,gastrointestinal complications,laparoscopic hyperthermic intraperitoneal chemotherapy,0.8790717,0.8978517,0.8039516
6958,50721,75319,opioid analgesia,thromboembolic complications,0.87905085,0.86051893,0.9531785
6959,40156,45239,locally advanced colorectal cancer,modified frailty index 11,0.8790395,0.86689454,0.92761934
6960,16504,50430,costs of care,open surgical repair,0.8790167,0.8578272,0.96377456
6961,59756,73900,preoperative selection,systolic blood pressure,0.87900996,0.8987893,0.7998924
6962,24563,58192,extrahepatic metastasis,postoperative portal vein thrombosis,0.87900716,0.91009176,0.7546686
6963,14555,53105,colostomy closure,patient survival,0.8789753,0.86268824,0.9441234
6964,64089,76992,relapse-free survival,transforming growth factor beta-1,0.8789712,0.91317993,0.74213606
6965,4954,77492,anxiety and depression,travel time,0.87895554,0.8972942,0.8056008
6966,14541,30039,colorectal surgery,hepatic artery variation,0.8789302,0.8562126,0.9698008
6967,53199,80377,patient-reported outcomes,vascular surgeries,0.87886906,0.88288736,0.8627956
6968,18065,81654,deep sedation,weight loss surgery,0.87886786,0.90004736,0.79414994
6969,36552,69543,intrapartum cesarean delivery,socioeconomic status,0.8788619,0.89905334,0.7980959
6970,24719,80236,factor xi deficiency,vascular endothelial growth factor,0.87885505,0.94361967,0.6197964
6971,31733,44376,hospitalization costs,mid-term outcome,0.87884796,0.8907839,0.8311041
6972,313,59267,30-day morbidity,preoperative carbohydrate drinks,0.87882745,0.8728009,0.9029338
6973,35298,76227,intermittent pneumatic compression therapy,total knee replacement,0.87882185,0.9487108,0.5992661
6974,11880,46478,cervical spondylotic myelopathy,multivariate regression,0.87881845,0.8590538,0.9578771
6975,17707,59181,d2 lymph node dissection,preoperative albumin concentration,0.87880725,0.8992555,0.79701424
6976,45498,51896,morbidity and mortality,pancoast tumors,0.8788028,0.8609503,0.95021284
6977,61927,80075,pulmonary complication rates,valvular heart surgery,0.87879515,0.95763993,0.56341577
6978,43606,45547,metabolic and bariatric surgery,morphine requirements,0.8787848,0.88347656,0.8600176
6979,47213,65221,nausea improvement,revision surgery,0.8787809,0.88922346,0.8370107
6980,36530,59849,intraoperative ultrasound,preoperative treatment,0.87876797,0.86934805,0.9164477
6981,765,66380,abdominal obesity,roux-en-y reconstruction,0.87873757,0.9040186,0.77761334
6982,57081,60744,post-transplant survival,prognostic risk factors,0.87871647,0.86724645,0.9245964
6983,9104,58125,brachiocephalic arteriovenous fistula,postoperative pain,0.8787108,0.90409935,0.7771566
6984,11001,80331,catheterization time,vascular reconstruction,0.8787005,0.9066535,0.76688826
6985,15052,46325,complex endovascular aortic repair,multiple organ failure,0.8786508,0.9120257,0.74515104
6986,28220,79333,glomular filtration rate,univariate analysis,0.8786343,0.8914509,0.8273679
6987,281,1583,30-day complications,acute periprosthetic joint infection,0.87862307,0.9446753,0.61441404
6988,43072,67555,median hospital length of stay,sequential organ failure assessment,0.8786174,0.86846954,0.91920865
6989,53053,81604,patient recruitment,weight gain,0.8785883,0.89646584,0.8070781
6990,15862,79848,contrast-enhanced ultrasonography,ursodeoxycholic acid,0.87856776,0.9527232,0.5819459
6991,43677,72770,metabolic status,surgical repair,0.87856627,0.9184689,0.71895576
6992,1337,54440,acute appendicitis,perioperative care program,0.8785648,0.8617329,0.9458923
6993,16004,75651,conversion rate,time to first treatment,0.8785383,0.8694379,0.91494
6994,6166,44967,atrial septal defect,mitral valve area,0.87853444,0.93514144,0.6521065
6995,37337,60719,iwate criteria,prognostic markers,0.87851536,0.8535528,0.97836566
6996,18245,72388,delayed breast reconstruction,surgical difficulty,0.8785062,0.89143336,0.8267975
6997,25508,62824,fibrosis grade,radiomic model,0.8784914,0.9468348,0.6051177
6998,68790,77100,single stenting,transient ischemic attack,0.87847674,0.9171879,0.7236319
6999,39944,70501,ln metastases,staging laparoscopy,0.8784662,0.89806426,0.8000738
7000,21956,62234,elixhauser comorbidity index,pyogenic vertebral osteomyelitis,0.87845534,0.9093063,0.75505143
7001,27151,59413,gastric emptying,preoperative esophagogastroduodenoscopy,0.878451,0.9759715,0.48836884
7002,48508,72723,non-anatomic liver resection,surgical quality,0.8784442,0.8869849,0.84428144
7003,14527,40092,colorectal resection,local wound care,0.8784352,0.943482,0.6182481
7004,32467,53497,icu transfer,pediatric intensive care unit,0.8784304,0.95793414,0.5604153
7005,30394,70996,hernia repair,sternal dehiscence,0.8783977,0.86924845,0.91499466
7006,38268,48455,laparoscopic resection,nodule size,0.8783886,0.8906081,0.82951075
7007,28564,66046,grade ≥3 adverse events,robotic gastrectomy,0.87837845,0.89578754,0.80874205
7008,46059,55628,multicenter randomized study,placebo-controlled trial,0.87837243,0.9485811,0.5975379
7009,59200,74427,preoperative antibiotic treatment,technical success rate,0.8783682,0.871361,0.9063968
7010,4939,64121,antiviral therapy,relative survival,0.8783442,0.8902422,0.8307519
7011,41847,51445,major adverse cardiovascular and cerebrovascular events,overall survival benefit,0.8783027,0.8587086,0.956679
7012,51106,52785,oropharyngeal squamous cell cancer,pathological stage,0.878291,0.8758145,0.88819695
7013,16618,34297,cox proportional hazards regression model,inferior vena cava tumor thrombus,0.87828696,0.9041219,0.77494705
7014,23207,29683,enteral nutrition,hematocrit values,0.87827367,0.9298072,0.6721394
7015,17709,33689,d2 lymphadenectomy,incidence rate,0.8782524,0.8539465,0.975476
7016,13628,14385,clinicopathologic parameters,colorectal adenocarcinoma,0.8782495,0.87315667,0.8986206
7017,11655,47128,cerebral blood flow changes,national institutes of health stroke scale,0.87824225,0.9750036,0.49119687
7018,21091,72567,early postoperative phase,surgical margin,0.87822855,0.88470405,0.85232633
7019,10159,73254,carbohydrate antigen 19-9,survival profiles,0.87821877,0.867691,0.92033005
7020,2319,63213,advanced glycation end-products,receiver-operating characteristic curve,0.87820816,0.93169665,0.66425395
7021,7560,16472,biliary decompression,cost savings,0.8781995,0.86847365,0.917103
7022,5172,65592,aortic regurgitation,risk factors for al,0.87819505,0.8973734,0.8014815
7023,38743,39428,ldl-c reduction,limb salvage,0.87818575,0.8897812,0.83180386
7024,11645,48056,cerebral angiography,neutrophil count,0.87814516,0.8865957,0.8443427
7025,18057,36268,deep organ space infection,intraoperative blood loss,0.87812984,0.8498854,0.99110764
7026,2469,76232,adverse event,total laparoscopic donor right hepatectomy,0.8781295,0.90543246,0.7689176
7027,9642,71463,c-reactive protein/albumin ratio,subcutaneous adiposity,0.87812334,0.88791126,0.8389718
7028,34422,50455,inflammatory cytokines,open tibial fractures,0.87812245,0.9074448,0.76083314
7029,27442,43078,gastroesophageal junction,median length of hospital stay,0.87811595,0.9016805,0.78385764
7030,6505,73934,axillary lymph node dissection,t category,0.8780924,0.9332919,0.6572944
7031,34493,66179,inflammatory response,robotic transanal surgery,0.8780851,0.91985816,0.7109927
7032,4903,38508,antithrombotic agents,large-vessel occlusion,0.8780778,0.9342605,0.6533471
7033,4376,46428,anterior resection,multivariable cox regression model,0.87806636,0.8746604,0.89169014
7034,8121,56757,biopsy techniques,post-ercp pancreatitis,0.87804186,0.9638996,0.53461087
7035,27681,62479,gemcitabine-based chemoradiotherapy,r0 resection rate,0.87802124,0.87029994,0.9089063
7036,18268,29000,delayed extubation,gynecologic surgery,0.87798595,0.8785764,0.87562424
7037,4152,58430,ankle fracture,postoperative thrombosis,0.8779685,0.9199329,0.71011066
7038,23382,70385,epidermal growth factor receptor,stage ii/iii colorectal cancer,0.877964,0.95998985,0.54986066
7039,49973,58874,older adults,prediabetes remission,0.8779443,0.88599586,0.8457381
7040,40390,65793,long-term follow-up,risk of progression,0.8779269,0.8786244,0.8751368
7041,5792,81013,artificial neural network,video-assisted thoracoscopic thymectomy,0.87792146,0.9013909,0.7840436
7042,31766,70609,hospitalized adult patients,staphylococcus aureus,0.87791634,0.95109314,0.585209
7043,3053,59219,all-cause hospitalization,preoperative atrial fibrillation,0.87791014,0.94508624,0.6092057
7044,1337,59711,acute appendicitis,preoperative psychiatric evaluation,0.8778998,0.8847531,0.85048676
7045,61310,68074,protective diverting stoma,severe adverse events,0.8778896,0.8988307,0.7941249
7046,10296,21177,cardiac function,early surgery,0.87787616,0.85166043,0.9827389
7047,51234,60258,osteoporotic fracture,primary outcome,0.8778664,0.9012863,0.78418666
7048,13587,38611,clinically relevant postoperative pancreatic fistulas,late complications,0.8778638,0.9203126,0.7080686
7049,21791,60266,elective total hip replacement,primary patency,0.8778523,0.880719,0.86638546
7050,5793,68347,artificial neural network model,shock index,0.87782764,0.94863963,0.59457964
7051,5076,69494,aortic cross-clamping time,society of thoracic surgeons database,0.8778187,0.88062525,0.8665925
7052,6663,76197,bacterial sequencing,total hip arthroplasty,0.87781775,0.93188554,0.6615466
7053,27567,37384,gastrointestinal stromal tumor,japanese classification,0.8778037,0.92658937,0.68266094
7054,18915,62523,diagnostic performance,racial and ethnic differences,0.8777987,0.8647576,0.92996305
7055,685,26409,abdominal body contouring surgery,frailty index,0.8777912,0.9431311,0.6164318
7056,46457,62838,multivariate cox models,radiomics signature,0.87776935,0.8941262,0.8123417
7057,24120,62361,exercise group,quality of recovery-15,0.87774044,0.9291185,0.672228
7058,63082,63942,readmission risk,regional hospitals,0.87774026,0.8996905,0.789939
7059,16366,64722,correlation analysis,residual stenosis,0.8777299,0.86555594,0.92642564
7060,18847,39778,diagnostic criteria,liver metastasis,0.87772775,0.8558377,0.9652878
7061,3294,45513,american society of anesthesiologists class iii,morbidity rate,0.8777144,0.85748476,0.95863277
7062,23014,58972,endovascular repair,predictive parameter,0.87769496,0.878188,0.8757229
7063,30233,60700,hepatitis b virus replication,prognostic factors,0.87769353,0.87273234,0.89753824
7064,56907,60944,post-operative outcomes,prolonged time to surgery,0.87769055,0.8798456,0.8690703
7065,32714,73113,ileorectal anastomosis,surgical wound dehiscence,0.8776885,0.8874703,0.8385612
7066,72175,75524,surgery type,thyroid surgery,0.8776869,0.89315677,0.8158075
7067,5917,11931,aspartate transaminase to platelet ratio index,charlson comorbidity index,0.8776843,0.8508396,0.98506296
7068,9708,41469,cachexia index,lymphocyte to monocyte ratio,0.8776832,0.87796223,0.876567
7069,50761,79517,opioid use,upper airway surgery,0.8776799,0.88657266,0.84210867
7070,12863,59502,circulating tumor cells,preoperative inflammation markers,0.87763876,0.8920326,0.8200634
7071,32415,58188,icg angiography,postoperative pneumonia,0.8776375,0.87079895,0.9049915
7072,11997,18024,chemoradiation therapy,deep learning algorithms,0.8776289,0.9092669,0.75107676
7073,66596,73879,safety profiles,systemic treatment,0.8775928,0.88957834,0.82965046
7074,19594,26117,disease severity,folic acid,0.87759227,0.8980604,0.79571956
7075,73123,79140,surgical-site infection,umbilical stoma,0.8775877,0.8835986,0.8535438
7076,51352,79469,ovarian cancer,unresectable recurrence,0.8775874,0.866756,0.92091256
7077,1554,29322,acute myocardial infarction,hcv-positive donors,0.8775761,0.8867681,0.8408081
7078,63344,81208,rectal cancer surgery,visual analog scales,0.8775754,0.931246,0.66289306
7079,561,4755,90-day complications,anticoagulation timing,0.8775648,0.92797744,0.675914
7080,18684,57542,diabetes insipidus,postoperative cognitive dysfunction,0.8775537,0.9129886,0.73581403
7081,38590,51804,lasso regression model,pain score,0.87754816,0.86324966,0.93474215
7082,27473,45174,gastrointestinal cancer,moderately differentiated tumors,0.87753916,0.88651365,0.8416412
7083,34422,75961,inflammatory cytokines,tnfsf15 gene,0.8775314,0.89470583,0.8088336
7084,43212,77045,medical cost,transfusion requirements,0.87752753,0.8623631,0.93818504
7085,4875,28282,antiplatelet therapy,glucose management,0.87752515,0.8973002,0.79842496
7086,35435,73900,international study group on pancreatic fistula,systolic blood pressure,0.87749743,0.9032637,0.7744324
7087,1546,68141,acute mesenteric ischemia,severe hypertriglyceridemia,0.8774965,0.91023576,0.7465393
7088,51914,72431,pancreas thickness,surgical experience,0.87747854,0.95243376,0.5776576
7089,6119,33870,atherosclerotic risk factors,independent predictors,0.8774771,0.9030623,0.77513635
7090,40425,52704,long-term mortality,pathological characteristics,0.8774661,0.8486778,0.9926191
7091,56993,60976,post-recurrence survival,propensity score matched analysis,0.8774581,0.85168236,0.9805611
7092,36291,57128,intraoperative cholangiography,postcholecystectomy complications,0.8774548,0.9851885,0.44652024
7093,31539,31570,hospital admissions,hospital discharge rates,0.87744945,0.9327323,0.656318
7094,42029,76290,major postoperative pulmonary complications,total operative time,0.87743855,0.92478925,0.6880358
7095,35004,81994,intensive care duration,wound healing,0.87743354,0.9069836,0.75923306
7096,58066,76881,postoperative nausea and vomiting,transcranial electrical stimulation,0.8774219,0.97707933,0.4787921
7097,24701,72254,facility discharge,surgical approaches,0.87741977,0.910675,0.74439883
7098,41576,54047,machine learning,percutaneous transcatheter closure,0.87741256,0.90825474,0.75404376
7099,29877,68470,hemoglobin drop,shoulder arthroplasty,0.8774117,0.8550984,0.9666649
7100,42715,70429,maximum tolerated dose,stage iiia non-small cell lung cancer,0.87740517,0.9400542,0.626809
7101,424,41091,3d virtual model,lung adenocarcinoma,0.87738574,0.89095294,0.8231169
7102,17128,50566,cumulative incidence of sbo,operation duration,0.8773666,0.8763426,0.8814626
7103,5982,47474,association analysis,neoadjuvant chemoradiotherapy,0.87735796,0.97422767,0.4898788
7104,3580,37710,anastomotic diameter,kidney transplantation,0.87735623,0.9245831,0.6884489
7105,45994,53678,multi-institutional cohort,pelvic exenteration,0.87730515,0.88325906,0.85348934
7106,46105,72029,multidisciplinary approach,surgeon factors,0.8773002,0.8569526,0.9586905
7107,14412,39539,colorectal cancer liver metastases,lipid peroxidation,0.8772961,0.9169886,0.718526
7108,15229,54876,composite morbidity,periprosthetic infection,0.8772657,0.89841235,0.792679
7109,25295,44777,femoropopliteal revascularization,minor amputation,0.8772615,0.9473016,0.5971012
7110,8747,81674,boerhaave syndrome,weight regain,0.87724924,0.8686216,0.91175985
7111,39652,53929,liver abscess,percutaneous biliary drainage,0.8772473,0.9798803,0.46671498
7112,73244,73808,survival prediction,systemic immunoinflammatory index,0.87724334,0.8708352,0.9028759
7113,66091,72056,robotic pancreaticoduodenectomy,surgeon variability,0.87723494,0.8944763,0.8082695
7114,27932,72626,geographic differences,surgical outcome,0.87716925,0.87201786,0.89777464
7115,5831,25210,ascending aorta,femoral artery cannulation,0.87714374,0.9323939,0.65614325
7116,30945,48388,high-volume center,nodal metastases,0.8771215,0.88474685,0.84662014
7117,281,79281,30-day complications,unilateral biportal endoscopy,0.8771116,0.86267316,0.9348654
7118,27072,46470,gastric biopsies,multivariate logistic regression,0.8771085,0.9221098,0.69710344
7119,65786,80325,risk of mortality,vascular quality initiative database,0.8771085,0.94675106,0.59853816
7120,13036,52116,clavien-dindo complications,pancreatic neck cancer,0.8770896,0.88447046,0.847566
7121,23167,58324,enhanced recovery setting,postoperative sepsis,0.8770851,0.8905966,0.82303894
7122,21090,41329,early postoperative period,lymph node harvest,0.877061,0.84875077,0.9903018
7123,35150,70617,interferon gamma,staphylococcus epidermidis,0.87705326,0.9092789,0.74815047
7124,800,70722,abdominal surgery,statistically significant improvement,0.8770525,0.89393795,0.8095106
7125,60807,80864,progress-free survival,very early recurrence,0.8770525,0.8811538,0.86064696
7126,4141,72893,anhepatic time,surgical site infections,0.8770491,0.87338364,0.8917108
7127,21366,77056,ecmo support,transfusion volume,0.8770437,0.93835515,0.6317979
7128,54905,74795,peritoneal adhesions,therapeutic outcomes,0.8770405,0.9189808,0.7092793
7129,17936,59983,decision curve analysis,pretreatment neutrophil to lymphocyte ratio,0.877031,0.8668002,0.9179543
7130,33658,73216,incidence of postoperative complications,survival benefits,0.8770292,0.8701196,0.9046677
7131,37769,73818,knee function,systemic inflammation response index,0.8770135,0.85859483,0.9506882
7132,15634,78379,consolidation chemotherapy,tumor site,0.87701255,0.8858213,0.8417776
7133,34433,66405,inflammatory factors,rupture risk,0.87700444,0.92557824,0.6827091
7134,4420,34871,anthropometric parameters,insulin dependence,0.877004,0.90814835,0.7524266
7135,19669,57398,disseminated cancer,postoperative antibiotics,0.87699044,0.86011803,0.9444799
7136,13938,77642,cohort study,treatment preference,0.8769903,0.91122013,0.74007106
7137,12757,39178,chronic wound treatment,length of stay,0.87697804,0.9175806,0.71456766
7138,12086,60020,chest computed tomography,preventive measures,0.87697214,0.86793697,0.91311276
7139,36890,62612,invasive cancer,radiation therapy,0.87695396,0.90004283,0.7845982
7140,12728,81671,chronic total occlusion,weight reduction,0.87694716,0.84868747,0.9899856
7141,44947,65743,mitral regurgitation,risk for complications,0.876927,0.9287402,0.6696741
7142,1289,78222,activities of daily living scale,tumor location,0.87691385,0.85181874,0.97729415
7143,41588,62904,machine learning methods,randomized controlled trial,0.87691325,0.8481084,0.99213237
7144,37171,49660,ischemic stroke,obesity-related quality of life,0.8768832,0.8781621,0.8717676
7145,1405,30286,acute decompensated heart failure,hepatocellular cancer,0.87688076,0.96679664,0.51721734
7146,22679,78802,endoscopic remission,type 2 inflammation,0.87684864,0.968734,0.5093071
7147,72994,74447,surgical techniques,telemedicine consultation,0.8768455,0.88423723,0.84727865
7148,13280,49950,clinical instability,off-pump coronary artery bypass grafting,0.87682205,0.87329346,0.8909363
7149,31599,62361,hospital length-of-stay,quality of recovery-15,0.87681276,0.8617424,0.93709403
7150,20964,73614,early gastric cancer,synchronous colorectal neoplasia,0.8768108,0.86425406,0.92703754
7151,53048,78410,patient reassurance,tumor stage,0.87680507,0.9298948,0.664446
7152,54538,81201,perioperative lymphopenia,visual analog scale,0.8767899,0.8771621,0.8753012
7153,44304,72326,microsurgical treatment,surgical complexity,0.87678945,0.89584666,0.8005604
7154,40562,54122,longterm survival,performance status,0.87678003,0.8728574,0.89247054
7155,39178,52399,length of stay,parenchymal hematoma type 2,0.87676954,0.87139946,0.89824957
7156,38825,46773,left anterior descending,myocardial injury,0.87676495,0.92335415,0.69040805
7157,7505,67566,bile leak,serious adverse effects,0.87675637,0.8937677,0.80871093
7158,39675,78210,liver carcinoma,tumor invasion,0.87673974,0.91283196,0.732371
7159,31017,58336,hip fracture repair,postoperative serum c-reactive protein,0.8767176,0.9496109,0.5851444
7160,2525,80456,adverse remodeling,vasoactive-inotropic score,0.8767132,0.9488729,0.5880744
7161,30162,42830,hepatic resection,mean liver dose,0.8767067,0.9702106,0.5026909
7162,14530,73989,colorectal segmental resection,t stage,0.8767017,0.933819,0.6482323
7163,4287,39194,anterior cervical diskectomy,lengths of stay,0.8766729,0.9221041,0.694948
7164,41979,50620,major liver resection,operative efficiency,0.8766655,0.87875885,0.8682918
7165,2054,53143,adjustable gastric banding,patient-controlled intravenous analgesia,0.8766643,0.8520642,0.97506475
7166,38670,81977,late-onset neonatal sepsis,wound complications,0.87665534,0.8823861,0.8537323
7167,60015,65834,preventive care,risk stratification,0.8766527,0.92036533,0.70180196
7168,57325,67764,postoperative acute kidney injury,serum creatinine elevation,0.8766476,0.89146554,0.8173756
7169,7764,40442,bioactive adrenomedullin,long-term outcomes,0.876645,0.8538052,0.9680044
7170,4873,20422,antiplatelet strategy,drug-eluting stent implantation,0.8766422,0.9282966,0.67002434
7171,40218,77557,loco-regional treatment,treatment efficacy,0.87663716,0.86966515,0.9045253
7172,70377,77680,stage ii-iii colon cancer,treatment strategies,0.8766317,0.86961544,0.90469664
7173,2426,57903,advanced tumor stages,postoperative infection,0.87662613,0.84860647,0.988705
7174,33480,73441,in-hospital death,symptom improvement,0.8766135,0.85387397,0.9675715
7175,34344,42027,inflammation levels,major postoperative complications,0.8766112,0.8834762,0.8491509
7176,24780,77211,failure to rescue,transperitoneal access,0.8766098,0.9038524,0.7676392
7177,29196,80378,hartmann's resection,vascular surgery,0.8766088,0.8754444,0.8812662
7178,34775,72463,inpatient hospitalization,surgical fixation,0.87658966,0.9323711,0.6534637
7179,35510,68389,intertrochanteric fracture surgery,short physical performance battery,0.87657565,0.9420851,0.6145378
7180,22692,29472,endoscopic retrograde appendicitis therapy,healthcare costs,0.87655544,0.85461235,0.96432763
7181,44917,54932,mitotic count,peritoneal dissemination,0.8765546,0.8594589,0.94493717
7182,38063,60975,laparoscopic distal gastrectomy,propensity score matched,0.8765237,0.89513326,0.8020854
7183,27118,34458,gastric cancer-specific mortality,inflammatory markers,0.8765203,0.8704628,0.9007501
7184,21373,43763,ecog score,metachronous lung metastases,0.87652016,0.9406237,0.620106
7185,5935,38009,aspiration rates,laparoscopic approach,0.876516,0.90170735,0.7757507
7186,26032,31169,fluoropyrimidine-based chemotherapy,histological grade,0.8764978,0.8840812,0.8461643
7187,22613,38317,endoscopic marking,laparoscopic surgery,0.87649137,0.85784596,0.95107275
7188,34924,68389,insulin-like growth factor-1,short physical performance battery,0.87648124,0.9006597,0.7797672
7189,13033,72500,clavien-dindo complication rates,surgical indications,0.87647295,0.92179316,0.69519204
7190,63056,80450,reactive oxygen species,vasoactive intestinal peptide,0.87646776,0.93574494,0.6393591
7191,43023,64791,meconium ileus,resource utilization,0.8764648,0.883159,0.84968805
7192,452,75985,5-factor modified frailty index,tobacco smoking,0.87644196,0.8769529,0.874398
7193,2460,58459,adverse complications,postoperative urinary retention,0.87644166,0.9796805,0.46348625
7194,20289,81982,drain fluid analysis,wound dehiscence,0.876439,0.8708877,0.8986439
7195,47473,61779,neoadjuvant chemoradiation therapy,pt4 colorectal cancer,0.8764113,0.85788107,0.95053226
7196,17140,43301,cumulative mortality,medicare patients,0.87640613,0.8808431,0.8586582
7197,4157,29882,ankle open reduction and internal fixation,hemoglobin levels,0.8764028,0.85368645,0.96726805
7198,5783,61287,artificial intelligence,prosthetic valve replacement,0.87639624,0.8996703,0.78329986
7199,24980,57022,fat mass loss,post-surgical complications,0.87639064,0.87846047,0.8681112
7200,29457,32969,health-related quality of life,immune cell population,0.8763903,0.92075133,0.69894606
7201,9055,46107,bowel resection,multidisciplinary assessment,0.87638414,0.91045535,0.7400993
7202,33898,59147,independent risk factor,premature coronary artery disease,0.8763779,0.9028733,0.77039635
7203,3769,46083,anatomical resection,multicentre trial,0.87637275,0.864818,0.9225916
7204,40156,73828,locally advanced colorectal cancer,systemic inflammatory indices,0.8763584,0.86188155,0.93426555
7205,8663,40704,body composition analysis,low-density lipoprotein levels,0.8763322,0.9498538,0.58224577
7206,64572,72714,resectable tumors,surgical procedures,0.8763169,0.8657181,0.91871214
7207,20422,25271,drug-eluting stent implantation,femoropopliteal artery disease,0.8763158,0.88323784,0.8486273
7208,14484,74025,colorectal liver metastases,t-cell receptor clonality,0.8763073,0.8969022,0.7939275
7209,5433,51568,apparent diffusion coefficient,oxygen saturation,0.87630415,0.84857535,0.98721933
7210,31750,66438,hospitalization outcomes,rural hospitals,0.87626207,0.9131856,0.72856784
7211,854,75718,abdominoperineal resection,time-to-treatment initiation,0.8762535,0.8665835,0.9149334
7212,2991,47763,alcohol use disorder,neuraxial anesthesia,0.87625045,0.85377574,0.9661492
7213,24906,68260,fast track protocol,sex differences,0.87623656,0.8714976,0.8951924
7214,1535,80492,acute lung injury,vats wedge resection,0.87620693,0.9454538,0.5992192
7215,6837,16456,bariatric and metabolic surgery,cost of care,0.8761892,0.8900512,0.8207411
7216,14525,53205,colorectal procedures,patient-reported quality of life,0.8761832,0.91366184,0.7262685
7217,2181,77685,adolescents with obesity,treatment success,0.87618154,0.9151318,0.7203805
7218,2774,60266,aging process,primary patency,0.87616944,0.91784763,0.70945656
7219,50183,72820,onset-to-balloon time,surgical revascularization,0.8761612,0.92392844,0.6850921
7220,16185,51037,coronary artery bypass graft,organ hemoglobin index,0.8761408,0.9724398,0.49094436
7221,12682,15313,chronic recurrent multifocal osteomyelitis,computed tomography,0.87608963,0.90478164,0.76132154
7222,13208,69957,clinical decision-making,spinal cord stimulation,0.876054,0.89375204,0.8052618
7223,36261,51789,intraoperative bleeding,pain prevalence,0.87602687,0.8789335,0.8644002
7224,54426,71010,perioperative blood loss,sternal stability,0.87601423,0.9357539,0.6370557
7225,52771,53012,pathological reporting,patient outcomes,0.8760133,0.8622699,0.93098676
7226,48670,78161,non-invasive imaging,tumor growth,0.8759585,0.90269333,0.7690192
7227,18800,65536,diagnostic ability,risk assessment model,0.8759583,0.9063919,0.7542238
7228,30970,50103,higher volume centers,oncological outcomes,0.8759572,0.8618096,0.9325475
7229,40276,60725,long bone fractures,prognostic nutritional index,0.87595636,0.9631969,0.52699405
7230,10418,23154,cardiac surgery patients,enhanced recovery after surgery programs,0.87595373,0.9334716,0.64588207
7231,29633,41384,heavy smoking,lymph nodes dissected,0.87595356,0.929349,0.66237164
7232,46771,70706,myocardial infarctions,statin treatment,0.87595326,0.91449136,0.72180086
7233,49061,80713,nonroutine discharge,ventilator weaning failure,0.8759499,0.92432064,0.68246686
7234,44617,50763,minimally invasive distal pancreatectomy,opioid use reduction,0.8759235,0.9013892,0.77406085
7235,15336,39246,computed tomography imaging,lesion location,0.8759227,0.86580676,0.9163861
7236,22317,50430,end-to-side technique,open surgical repair,0.87591505,0.8758457,0.8761923
7237,21864,65748,electronic health record,risk index,0.8758927,0.9092496,0.74246496
7238,37495,70820,juxta-anastomotic stenosis,stent graft,0.8758871,0.9721887,0.49068066
7239,507,82158,5-year survival,young population,0.8758714,0.9027544,0.76833916
7240,2319,58188,advanced glycation end-products,postoperative pneumonia,0.8758686,0.85932916,0.94202626
7241,3586,66263,anastomotic failure,roc curves,0.87586254,0.86931914,0.9020361
7242,27507,66139,gastrointestinal function,robotic staplers,0.8758045,0.88509244,0.8386525
7243,25037,53139,favorable outcome,patient-controlled analgesia,0.87580323,0.85868764,0.94426525
7244,16198,24387,coronary artery disease,external oblique intercostal block,0.8757802,0.85251105,0.9688569
7245,17230,56858,curative treatment,post-operative death,0.875775,0.9259052,0.6752538
7246,21615,81982,elective aortic surgery,wound dehiscence,0.8757674,0.8693142,0.9015802
7247,13065,43450,clavien-dindo score,mental illness,0.87576395,0.85027426,0.97772264
7248,25896,50076,flow diverters,oncologic outcomes,0.8757625,0.94110656,0.6143863
7249,4645,72326,antibiotic dosing,surgical complexity,0.87575984,0.91653514,0.7126583
7250,5075,76777,aortic cross-clamping duration,transcarotid artery revascularization,0.8757544,0.9065039,0.75275636
7251,359,13516,30-day readmissions,clinical treatment,0.87575287,0.8770808,0.8704412
7252,54455,58051,perioperative complication,postoperative mortality rate,0.8757431,0.853376,0.9652114
7253,22953,43978,endovascular aortic aneurysm repair,methicillin-resistant staphylococcus aureus,0.87572104,0.84997827,0.9786921
7254,1414,50410,acute diverticulitis,open subtotal colectomy,0.8757106,0.8952036,0.79773885
7255,3266,72811,american college of surgeons,surgical residents,0.8756918,0.9510531,0.5742462
7256,61435,78317,proton pump inhibitors,tumor progression,0.8756892,0.84832746,0.985136
7257,23835,60643,estimated blood loss,prognosis analysis,0.8756839,0.86518896,0.9176634
7258,16728,76398,creatinine levels,tourniquet use,0.87568057,0.8506791,0.97568625
7259,8418,39704,blood flow velocity,liver fibrosis,0.8756585,0.86386067,0.9228496
7260,19013,23976,dialysis-free survival,event-free survival,0.8756531,0.9520402,0.5701047
7261,4276,40156,anterior approach,locally advanced colorectal cancer,0.8756479,0.8474473,0.9884503
7262,24398,65879,external validation,risk-benefit analysis,0.8756357,0.927829,0.6668622
7263,56729,80995,post-discharge care,video-assisted thoracic surgery,0.87562543,0.85502416,0.9580305
7264,63353,74626,rectal carcinoma,textural features,0.8756193,0.92759705,0.66770834
7265,5537,39160,arch aneurysm,length of hospital stay,0.8756184,0.8579456,0.9463096
7266,30022,44354,hepatic artery dissection,microwave ablation,0.8756149,0.877968,0.86620224
7267,28635,68533,graft patency,side branches,0.8756122,0.9398791,0.6185444
7268,15874,67049,control group,second-line therapy,0.87560797,0.8797166,0.85917354
7269,41468,78641,lymphocyte to c-reactive protein ratio,tumour size,0.87559736,0.8694851,0.9000466
7270,46017,72089,multi-port laparoscopic gastrectomy,surgery duration,0.87559634,0.8586267,0.9434747
7271,32699,79951,ileocolic anastomosis,vaginal natural orifice transluminal endoscopic surgery,0.8755812,0.892027,0.80979794
7272,16719,22282,creatinine clearance,end-organ dysfunction,0.8755781,0.8835623,0.8436411
7273,37026,41576,irisin levels,machine learning,0.8755764,0.85400033,0.9618805
7274,2709,50664,age-adjusted charlson comorbidity index,operative risk factors,0.8755704,0.92824924,0.66485494
7275,29172,75033,haptic feedback,thoracic surgery,0.8755616,0.93081564,0.6545455
7276,5727,34556,arteriovenous fistula,infrainguinal arteries,0.87555164,0.92601484,0.6736987
7277,10406,28596,cardiac surgery,graft explantation,0.8755351,0.856751,0.95067114
7278,13474,44629,clinical stage iii disease,minimally invasive gastrectomy,0.8755337,0.8765687,0.87139356
7279,5212,57318,aortic stenosis,postoperative abdominal pain,0.87552744,0.8783976,0.8640468
7280,10339,79894,cardiac mortality,utilization trends,0.8755046,0.8739606,0.88168067
7281,50180,60717,onodera's prognostic nutritional index,prognostic information,0.87549347,0.9457451,0.5944868
7282,41124,51073,lung cancer resection,organ-space surgical site infection,0.8754863,0.85579187,0.95426404
7283,29018,40748,h&e-stained whole-slide images,low-grade dysplasia,0.8754786,0.9488037,0.5821782
7284,18751,74219,diabetic patients,target revascularization,0.87546384,0.96617717,0.5126103
7285,6291,78789,autoimmune conditions,type 2 diabetes,0.87544966,0.95032036,0.5759669
7286,42994,80711,mechanical ventilation hours,ventilator use,0.8754423,0.949142,0.58064365
7287,42788,61964,mean artery pressure,pulmonary function,0.8754281,0.9204413,0.69537497
7288,60726,65834,prognostic nutritional index score,risk stratification,0.8754212,0.85464996,0.9585061
7289,30882,47879,high-risk patients,neurologic symptoms,0.87541485,0.87038594,0.8955302
7290,26673,58218,functional endoscopic sinus surgery,postoperative pulmonary complications,0.8754126,0.8823599,0.84762317
7291,23485,34967,epithelial ovarian cancer,integrated predictive model,0.87540424,0.957221,0.5481372
7292,24080,58104,excessive intraoperative bleeding,postoperative opioid consumption,0.875404,0.8874695,0.8271421
7293,27078,49211,gastric bypass,norwood procedure,0.8754018,0.8560468,0.95282173
7294,28604,51142,graft function,orthopedic surgery,0.87537354,0.9002534,0.77585405
7295,38362,49041,laparoscopic vertical sleeve gastrectomy,nonoperative management,0.8753579,0.8539516,0.9609832
7296,33074,40487,immune responses,long-term success,0.8753482,0.9120702,0.7284603
7297,62472,81537,r0 radical resection,watch-and-wait strategy,0.87534386,0.91289437,0.7251418
7298,7642,13059,biliary stricture,clavien-dindo grades,0.8753335,0.8884497,0.8228683
7299,15985,77461,conventional treatment,traumatic brain injury,0.87533283,0.91856766,0.70239335
7300,23880,64336,ethnic differences,renal transplant recipients,0.8753326,0.9373828,0.62713164
7301,30947,71547,high-volume centres,sublobar resection,0.8753217,0.85218143,0.96788263
7302,63535,79881,recurrence rate,uterine serous carcinoma,0.87531024,0.86192095,0.9288675
7303,1675,35044,acute stroke,intensive care unit stays,0.87527853,0.9496149,0.57793325
7304,18832,25087,diagnostic challenges,fecal calprotectin,0.8752727,0.8765444,0.8701857
7305,42227,56007,malignant melanoma,pleural effusion,0.87526745,0.86495423,0.91652024
7306,23532,55874,eras compliance,plastic and reconstructive surgery,0.8752618,0.9407839,0.6131732
7307,29888,65230,hemoglobin value,revision total knee arthroplasty,0.8752394,0.89094055,0.81243443
7308,36768,80456,intravenous infusion,vasoactive-inotropic score,0.87523395,0.98029435,0.45499232
7309,56670,64336,positron emission tomography,renal transplant recipients,0.87522733,0.8599157,0.93647397
7310,65584,77320,risk factors,transthoracic device closure,0.8752136,0.8487021,0.9812595
7311,16874,40599,crural repair,low anterior resection,0.875209,0.9297861,0.6569004
7312,2727,62475,age-related prevalence,r0 resection,0.8751989,0.89811224,0.7835453
7313,35896,74427,intra-operative perforation,technical success rate,0.8751761,0.8690886,0.899526
7314,22845,72994,endoscopists training,surgical techniques,0.8751436,0.94217086,0.60703444
7315,13357,43221,clinical practice guidelines,medical error,0.8751309,0.92743105,0.6659301
7316,13925,14541,cognitive task analysis,colorectal surgery,0.8751303,0.93553674,0.63350445
7317,27807,60700,general well-being,prognostic factors,0.875119,0.8565939,0.9492193
7318,48403,72663,nodal status,surgical peritoneal cancer index,0.87511486,0.88328165,0.84244746
7319,29691,53590,hematologic disorders,pediatric surgery,0.87510276,0.92769647,0.664728
7320,27505,32432,gastrointestinal fistula,icu admissions,0.875084,0.88187534,0.8479183
7321,2106,64578,adjuvant hyperthermic intraperitoneal chemotherapy,resected lymph nodes,0.8750807,0.8839394,0.8396457
7322,22991,53040,endovascular lower extremity revascularization,patient quality of life,0.8750755,0.9117726,0.728287
7323,26941,72770,gallbladder histopathology,surgical repair,0.8750538,0.8693952,0.89768827
7324,43293,79509,medicare data,upfront surgery,0.8750256,0.87654567,0.868945
7325,36964,63260,inverse probability weighting,recombinant factor viia,0.875008,0.9340421,0.6388714
7326,5269,58039,aortic valve replacement,postoperative months,0.87500596,0.8673536,0.9056152
7327,23976,32129,event-free survival,hydroxyethyl starch,0.8750021,0.8482083,0.98217726
7328,15734,39529,continuous renal replacement therapy,lipid lowering therapy,0.87499255,0.90281934,0.7636853
7329,28635,51681,graft patency,paclitaxel delivery,0.87499166,0.96223986,0.5259989
7330,62095,80998,pulmonary vascular resistance,video-assisted thoracoscopic,0.87497485,0.971651,0.48827013
7331,8377,74965,blood conservation techniques,thoracic endovascular aortic repair,0.8749678,0.87244385,0.88506377
7332,36390,76313,intraoperative hemorrhage,total procedure time,0.8749526,0.9747059,0.4759395
7333,26142,77681,follow-up adherence,treatment strategy,0.8749462,0.8947711,0.79564625
7334,18679,49765,diabetes duration,obstructive sleep apnea syndrome,0.87492454,0.935946,0.6308385
7335,30286,36318,hepatocellular cancer,intraoperative detection,0.8749241,0.9531815,0.56189454
7336,20885,27473,early cancer detection,gastrointestinal cancer,0.87490094,0.93834096,0.62114084
7337,40342,81977,long-term benefits,wound complications,0.8748974,0.90761954,0.74400896
7338,36276,78410,intraoperative bowel perforation,tumor stage,0.87489176,0.8856699,0.8317793
7339,2960,22301,albumin to alkaline phosphatase ratio,end-stage renal disease,0.87485373,0.8674913,0.90430343
7340,46151,52923,multidisciplinary team,patient delay,0.87485135,0.90607446,0.7499587
7341,21625,48063,elective cardiac surgery,neutrophil elastase,0.87483823,0.91819847,0.7013973
7342,2709,78804,age-adjusted charlson comorbidity index,type 2 myocardial infarction,0.8748281,0.8851189,0.83366466
7343,23165,59735,enhanced recovery protocol,preoperative renal function,0.8748195,0.85342586,0.9603941
7344,8543,69537,blood utilization,socioeconomic factors,0.87481344,0.8902298,0.81314766
7345,9934,43888,cancer patients,metastatic lesions,0.8747976,0.8654671,0.9121194
7346,3252,9361,ambulatory surgery,brief resilience scale,0.874787,0.9093697,0.7364558
7347,9257,44734,breast cancer,minimally invasive total knee arthroplasty,0.8747742,0.87469923,0.8750738
7348,21787,80201,elective thoracic surgery,vascular complications,0.8747651,0.84722656,0.98491895
7349,4737,71029,anticoagulant therapy,steroid administration,0.874753,0.9452072,0.59293616
7350,42691,54584,maximum hemoglobin drop,perioperative period,0.8747393,0.8674345,0.9039584
7351,13327,79649,clinical outcome,ureteral stent placement,0.8747389,0.85793126,0.9419691
7352,2475,75498,adverse event rates,thyroid carcinoma,0.87473524,0.9092411,0.73671204
7353,30277,44568,hepatobiliary surgery,minimal invasive surgery,0.87469447,0.8771558,0.864849
7354,23388,51463,epidermal growth factor receptor-tyrosine kinase inhibitor,overall survival rates,0.8746909,0.9000657,0.77319133
7355,39265,49987,less invasive surgery,older patients,0.8746729,0.85070586,0.97054076
7356,7016,66558,baseline systolic blood pressure,safety and efficacy,0.8746725,0.9069426,0.7455919
7357,5269,71998,aortic valve replacement,surface modification,0.8746655,0.95663273,0.54679674
7358,27973,38117,gerd-hrql scores,laparoscopic heller myotomy,0.87462395,0.9904682,0.4112471
7359,36390,78618,intraoperative hemorrhage,tumour necrosis,0.87461036,0.86630696,0.90782404
7360,34392,51525,inflammatory cascade,oxidative stress,0.8745852,0.9671348,0.50438714
7361,34422,38840,inflammatory cytokines,left atrial appendage amputation,0.87458277,0.90693647,0.74516785
7362,50052,67668,on-pump procedure,serum albumin,0.8745624,0.89902335,0.77671856
7363,54458,78132,perioperative complications,tumor dynamics,0.87454116,0.86210006,0.9243056
7364,30034,44645,hepatic artery reconstruction,minimally invasive liver resection,0.8745195,0.90818685,0.73985016
7365,8836,23307,bone marrow transplantation,eosinophil count,0.87450325,0.8944416,0.79475
7366,32458,80798,icu stay,ventriculoperitoneal shunting,0.87449116,0.95760417,0.54203886
7367,31733,42860,hospitalization costs,mean pulmonary arterial pressure,0.8744908,0.85105145,0.9682482
7368,56595,82070,positive end-expiratory pressure,wound-related complications,0.87448597,0.8793739,0.8549341
7369,58022,60967,postoperative mechanical ventilation time,propensity matching,0.8744589,0.8721323,0.88376516
7370,19878,52950,diverticular disease,patient experience,0.87445635,0.86925673,0.8952546
7371,749,23636,abdominal injury,esophageal cancer,0.8744551,0.85685027,0.9448744
7372,33205,65912,immunological biomarkers,rna sequencing,0.8744418,0.98284644,0.44082314
7373,6530,41103,b cell activation,lung cancer,0.8744409,0.96829355,0.49903032
7374,41863,53164,major adverse events,patient-level costs,0.8744409,0.8569276,0.94449425
7375,49062,60272,nonroutine discharge disposition,primary percutaneous coronary intervention,0.8744393,0.8646296,0.91367775
7376,39806,76810,liver resection,transcatheter electrosurgical septotomy,0.87443405,0.85876447,0.93711215
7377,39677,63310,liver cirrhosis,recovery rates,0.8744272,0.860805,0.92891616
7378,15346,33889,computed tomography radiomic features,independent prognostic factors,0.8744127,0.85921615,0.935199
7379,14708,56320,common terminology criteria for adverse events,poor differentiation,0.8744066,0.8586525,0.9374229
7380,21090,31564,early postoperative period,hospital days,0.87438834,0.88139147,0.8463759
7381,15564,53199,congenital lung malformations,patient-reported outcomes,0.874378,0.847607,0.981462
7382,11997,56206,chemoradiation therapy,polymetastatic disease,0.8743774,0.9404226,0.61019665
7383,3266,63750,american college of surgeons,red blood cell transfusion,0.8743768,0.843542,0.9977157
7384,50566,54593,operation duration,perioperative prophylactic antibiotics,0.874372,0.902133,0.76332796
7385,68082,78756,severe aortic stenosis,two-year overall survival,0.87434506,0.87007385,0.89142966
7386,63499,77567,recurrence of atrial fibrillation,treatment failure,0.87433887,0.8967466,0.7847081
7387,50566,67575,operation duration,serious infections,0.8743341,0.8640009,0.9156668
7388,28267,69042,glucose control,skeletal muscle,0.87433195,0.902037,0.76351166
7389,57351,82116,postoperative adverse events,xgboost prediction model,0.8743135,0.876032,0.86743927
7390,2956,65748,albumin levels,risk index,0.8742915,0.8548841,0.95192105
7391,43244,76153,medical management,total complications,0.8742899,0.8606089,0.92901367
7392,27771,73013,general anesthesia,surgical trainee exposure,0.87428784,0.934799,0.6322431
7393,23351,80283,epicardial adipose tissue,vascular involvement,0.87428653,0.85765344,0.9408186
7394,31156,74795,histological diagnosis,therapeutic outcomes,0.8742396,0.95312625,0.558693
7395,12696,37523,chronic rhinosinusitis,kaplan-meier curves,0.8742205,0.9684257,0.49739945
7396,20428,62274,drug-eluting stents,qualitative study,0.8742151,0.86028737,0.9299259
7397,8457,57985,blood loss volume,postoperative liver function recovery,0.8742148,0.9533268,0.55776674
7398,9774,53090,calcified lesion,patient selection,0.87421215,0.9452387,0.59010583
7399,41353,74048,lymph node positivity ratio,t1 colorectal cancer,0.87420726,0.8608336,0.9277018
7400,29190,76146,hartman's procedure,total colectomy,0.8741974,0.9556917,0.5482202
7401,35813,60976,intra-abdominal infections,propensity score matched analysis,0.87415457,0.8976455,0.78019077
7402,7847,54845,biodegradable-polymer sirolimus-eluting stent,periprocedural complications,0.8741505,0.8921517,0.80214566
7403,588,73512,90-day outcomes,symptomatic hemorrhage,0.8741494,0.9711808,0.4860236
7404,48258,74608,nicu stay,tetralogy of fallot,0.87412494,0.9480305,0.57850283
7405,38037,62195,laparoscopic colectomy,purse-string suture,0.87411326,0.867528,0.9004541
7406,39666,43644,liver cancer,metabolic imaging,0.87411094,0.90451103,0.7525103
7407,51,7607,1-year survival rate,biliary obstruction,0.87409586,0.8546825,0.9517491
7408,5477,51869,appendiceal tumors,palliative surgery,0.87408316,0.8927807,0.7992929
7409,14544,53012,colorectal surgery residency,patient outcomes,0.8740806,0.8959029,0.7867913
7410,33509,57410,in-hospital stay,postoperative arrhythmias,0.87406725,0.89980775,0.77110523
7411,17946,74626,decision tree analysis,textural features,0.8740333,0.956604,0.5437502
7412,40194,77026,locally advanced rectal cancer,transfusion incidence,0.8740267,0.8470247,0.9820348
7413,3622,55032,anastomotic recurrence,permanent colostomy rate,0.874001,0.942586,0.59966105
7414,34425,72334,inflammatory diseases,surgical complications,0.87398684,0.8959287,0.7862195
7415,9581,23977,bypass surgery,event-free survival rate,0.87398565,0.8710762,0.8856233
7416,372,30394,30-day serious morbidity,hernia repair,0.8739816,0.87965995,0.8512683
7417,18131,61144,deficient mismatch repair,prospective cohort,0.8739694,0.8746041,0.87143034
7418,39176,40459,length of postoperative stay,long-term prognosis,0.8739688,0.8439011,0.99423945
7419,20919,31575,early complications,hospital duration,0.8739447,0.9116097,0.7232844
7420,36322,75427,intraoperative diagnosis,thrombus formation,0.87393993,0.90427643,0.7525938
7421,3331,69301,ammonia levels,small cell lung cancer,0.87393695,0.9114835,0.72375065
7422,3042,73531,alkaline phosphatase,symptomatic intracranial hemorrhage,0.87393177,0.86183757,0.9223085
7423,15147,19997,complication rate,donor exposure,0.8739241,0.85840446,0.93600243
7424,40594,74426,low albumin,technical success,0.87392366,0.851528,0.96350646
7425,37523,61155,kaplan-meier curves,prospective database,0.8739185,0.84884274,0.9742212
7426,14949,66365,complete resection,roux-en-y choledochojejunostomy,0.8738939,0.86634743,0.90407956
7427,35894,41863,intra-operative mortality,major adverse events,0.87388754,0.88373137,0.834512
7428,10426,41576,cardiac surgery services,machine learning,0.8738841,0.85449684,0.95143294
7429,21367,50297,ecmo support duration,open heart surgery,0.87387455,0.9195705,0.69109035
7430,43606,56541,metabolic and bariatric surgery,portal venous thrombosis,0.8738716,0.85130554,0.96413577
7431,28118,71574,glasgow prognostic score,submucosal invasion,0.87381303,0.86454,0.9109053
7432,14483,79017,colorectal lesions,ultrasound features,0.87381077,0.96102893,0.5249381
7433,41284,72631,lv end-diastolic volume index,surgical outcomes,0.8738031,0.90686166,0.7415687
7434,309,11935,30-day major complications,charlson score,0.8737999,0.8573476,0.939609
7435,14484,60415,colorectal liver metastases,prior surgical score,0.8737987,0.84946483,0.97113425
7436,53082,79065,patient satisfaction score,ultrasound-guided erector spinae plane block,0.8737947,0.9191942,0.6921964
7437,59326,77822,preoperative computed tomography angiography,tricuspid valve repair,0.8737884,0.9133921,0.7153734
7438,29633,81126,heavy smoking,visceral adiposity index,0.8737875,0.93567616,0.6262329
7439,6213,39853,attentional impulsivity,liver transplantation,0.87378585,0.853446,0.9551451
7440,6400,54017,automated methods,percutaneous nephrolithotomy,0.87374496,0.9567415,0.54175895
7441,2467,45817,adverse effects,msts score,0.8737323,0.87859976,0.8542624
7442,16616,65978,cox proportional hazards regression,robot-assisted rectal cancer surgery,0.8737279,0.85609275,0.9442682
7443,13049,75644,clavien-dindo grade iii complication,time to first flatus,0.87372696,0.86349005,0.9146745
7444,40676,62055,low risk,pulmonary resection,0.8736955,0.8865282,0.82236475
7445,57634,62888,postoperative delirium,randomised clinical trials,0.8736658,0.88132143,0.8430433
7446,14772,21665,comorbidity index,elective endovascular aortic aneurysm repair,0.87366366,0.8916558,0.8016949
7447,3509,51772,analgesic use,pain management strategy,0.873654,0.9600899,0.52791035
7448,31656,39697,hospital size,liver failure,0.87365067,0.856895,0.94067293
7449,36306,42840,intraoperative conversion rate,mean operating time,0.87364626,0.921341,0.68286717
7450,4858,32225,antiphospholipid syndrome,hypertrophic obstructive cardiomyopathy,0.8736382,0.91797864,0.69627637
7451,15623,79448,conservative medical management,unresectable hepatocellular carcinoma,0.8736225,0.92041147,0.68646646
7452,5810,24928,asa classification,fast-track setup,0.8736105,0.8725425,0.8778824
7453,357,36907,30-day readmission rates,invasive ductal adenocarcinoma,0.87359107,0.8808723,0.8444662
7454,28474,68111,grade 1-2 complications,severe complications,0.8735871,0.85946715,0.9300666
7455,30319,80236,hepatocyte nuclear factor 4α,vascular endothelial growth factor,0.87358415,0.92802024,0.65583956
7456,58446,77326,postoperative treatment,transthoracic esophagectomy,0.87356937,0.8532811,0.9547223
7457,5114,41863,aortic flow,major adverse events,0.87356406,0.95320237,0.5550107
7458,44711,46860,minimally invasive surgery,myotomy length,0.873555,0.8900222,0.80768603
7459,2434,81126,advanced-stage disease,visceral adiposity index,0.8734987,0.9385676,0.6132231
7460,1463,78789,acute hydrocephalus,type 2 diabetes,0.87349665,0.9023763,0.75797784
7461,62401,66675,quantitative computed tomography,salvage surgery,0.8734939,0.8968748,0.7799702
7462,51264,71843,oswestry disability index,superficial wound infections,0.8734914,0.86265266,0.91684645
7463,14875,67453,complete cytoreduction,sentinel basin dissection,0.8734829,0.9078115,0.7361682
7464,3300,53444,american society of anesthesiologists score,pediatric congenital cardiac surgery,0.8734811,0.8811253,0.8429044
7465,60501,69680,procedural complications,solitaire fr stent retriever,0.8734621,0.9507903,0.5641492
7466,4975,36700,aorta-related death,intravascular lithotripsy,0.87346196,0.9054696,0.7454316
7467,7458,47816,bile duct carcinoma,neuroendocrine tumors,0.8734387,0.91290545,0.71557164
7468,13008,69422,clavien dindo classification,smoking habits,0.8734369,0.87196696,0.87931657
7469,13282,43630,clinical intervention,metabolic dysfunction-associated steatotic liver disease,0.87342966,0.855134,0.9466121
7470,28617,51151,graft interposition,orthotopic liver transplantation,0.8734249,0.91925406,0.69010806
7471,5288,61945,aortic wall inflammation,pulmonary embolism,0.8734038,0.93844503,0.61323875
7472,21076,65619,early postoperative feeding,risk factors for complications,0.8734025,0.88445455,0.82919407
7473,5777,18083,articulating instruments,deep vein thrombosis,0.87339085,0.85168433,0.96021676
7474,60302,67922,primary sclerosing cholangitis,serum mirnas,0.8733821,0.9198611,0.68746585
7475,36289,72286,intraoperative cholangiogram,surgical candidates,0.87338066,0.8881198,0.8144239
7476,31650,73775,hospital resources,systemic complications,0.87337905,0.8510007,0.96289206
7477,11935,78920,charlson score,uicc stage,0.8733788,0.84596753,0.983024
7478,598,53399,90-day readmission,pediatric appendicitis score,0.87337846,0.9197791,0.6877755
7479,8646,54811,bmi ≥ 50 kg/m2,peripheral vascular disease,0.8733778,0.8478911,0.9753245
7480,10607,78689,cardiovascular events,tv replacement,0.8733536,0.8740588,0.8705328
7481,15571,77823,congenital pulmonary airway malformation,tricuspid valve replacement,0.8733497,0.85884345,0.9313747
7482,57221,75033,posterior lumbar surgery,thoracic surgery,0.87333953,0.8780953,0.8543164
7483,9409,56007,bronchial obstruction,pleural effusion,0.8732933,0.9666454,0.4998847
7484,55848,81606,plasma s100β protein,weight loss,0.8732874,0.86392564,0.9107341
7485,14149,62384,colon cancer surgery,quality-improvement initiatives,0.8732834,0.87717897,0.85770106
7486,18690,66689,diabetes medications,same-day discharge,0.8732804,0.88503885,0.8262465
7487,18385,72217,demographic characteristics,surgical acuity,0.8732773,0.93278664,0.6352396
7488,32863,76346,imaging diagnostics,total thyroidectomy,0.87326837,0.90884,0.7309818
7489,19899,41512,dmmr colorectal cancer,lynch syndrome,0.87326777,0.9296692,0.6476619
7490,16563,53943,covid-19 pandemic,percutaneous cholecystostomy tube,0.87326765,0.85173947,0.95938027
7491,41873,48253,major amputation,nicotine replacement therapy,0.8732621,0.86504644,0.9061246
7492,10347,16625,cardiac operation,cox regression analysis,0.8732574,0.89514863,0.7856923
7493,22029,72168,emergency colorectal cancer surgery,surgery time,0.87325245,0.8496968,0.96747476
7494,46480,73750,multivariate regression analysis,systematic nodal dissection,0.873229,0.8666346,0.89960676
7495,16728,64722,creatinine levels,residual stenosis,0.87322795,0.8681943,0.8933625
7496,16605,62000,cox proportional hazard model,pulmonary infections,0.8732265,0.8499674,0.9662628
7497,21655,51669,elective coronary artery bypass graft,packed red blood cell transfusion,0.8732196,0.890123,0.805606
7498,21900,31615,elevated body mass index,hospital outcomes,0.8732081,0.8660949,0.90166086
7499,47525,82069,neoadjuvant therapy,wound-healing complications,0.8732052,0.85027736,0.96491617
7500,36234,52437,intraoperative adverse events,parkinson's disease,0.87320435,0.8820595,0.8377836
7501,13208,46137,clinical decision-making,multidisciplinary meetings,0.8732028,0.86433965,0.90865505
7502,11691,14099,cerebral infarction,collateral grade,0.8731781,0.9723168,0.47662362
7503,19271,67760,diffusing capacity,serum creatinine,0.87317324,0.8866156,0.8194038
7504,20664,35042,duration of antibiotic therapy,intensive care unit stay,0.8731668,0.84835714,0.9724052
7505,22739,52669,endoscopic submucosal dissection,pathologic reflux,0.87316126,0.9380843,0.613469
7506,2504,64704,adverse outcomes,residual neuromuscular blockade,0.87315863,0.91311336,0.7133398
7507,2254,27846,advanced age,genetic factors,0.8731261,0.90219665,0.75684357
7508,251,38806,3-year survival rate,learning curve analysis,0.87312305,0.8540789,0.94929975
7509,570,60722,90-day hospital readmission,prognostic nomogram,0.8731184,0.88030994,0.84435236
7510,7853,68027,bioelectrical impedance analysis,serum vitamin d,0.873118,0.94152445,0.5994922
7511,7051,19599,bayesian networks,disease stage,0.8731081,0.9413705,0.6000583
7512,10240,65254,cardiac arrest,rheumatic aortic stenosis,0.87308395,0.91541123,0.7037747
7513,54908,61928,peritoneal cancer,pulmonary complications,0.8730598,0.84807557,0.97299653
7514,50173,60258,online calculator,primary outcome,0.87305963,0.87563527,0.862757
7515,3633,68463,anastomotic stricture,shorter hospitalization,0.87302846,0.86381096,0.90989816
7516,57970,58036,postoperative leakage,postoperative mobilization,0.8730216,0.8814629,0.83925617
7517,59576,72330,preoperative medications,surgical complication,0.8730199,0.87549573,0.86311626
7518,54759,78334,peripheral intrahepatic cholangiocarcinoma,tumor recurrence rate,0.8730082,0.94013846,0.6044872
7519,22105,72536,emergency procedure,surgical learning curve,0.87299776,0.90726477,0.73592955
7520,24316,80533,extended right hepatectomy,vein resection,0.87299573,0.9523016,0.5557721
7521,23022,35326,endovascular revascularization,internal carotid artery stenosis,0.8729928,0.85012704,0.9644559
7522,16187,58742,coronary artery bypass grafting,pre-engraftment bsi,0.87297404,0.95760345,0.5344565
7523,70705,75405,statin therapy,thrombotic risk,0.8729674,0.9317948,0.6376575
7524,36233,80857,intraoperative administration,vertical sleeve gastrectomy,0.8729595,0.8901828,0.8040664
7525,16563,19094,covid-19 pandemic,diet adherence,0.8729546,0.88387877,0.82925785
7526,23164,70250,enhanced recovery programs,st elevation myocardial infarction,0.8729515,0.8537389,0.94980174
7527,16013,68234,conversion surgery,severity index,0.87293345,0.88958925,0.80631006
7528,25167,65334,female gender,right coronary artery disease,0.8729227,0.86278623,0.9134686
7529,1226,34111,activated clotting time,infarct size,0.8728965,0.88146,0.8386424
7530,27322,79750,gastric surgery,urinary dysfunction,0.8728739,0.8787186,0.8494949
7531,2806,59319,air pollution,preoperative comorbidities,0.8728488,0.9336904,0.62948227
7532,3731,81010,anatomical integrity,video-assisted thoracoscopic surgery,0.8728459,0.9399923,0.6042604
7533,10521,29598,cardiopulmonary bypass,heartburn improvement,0.87283915,0.861852,0.9167877
7534,5089,80274,aortic disease,vascular injuries,0.8728324,0.90524834,0.7431685
7535,10320,36359,cardiac intensive care unit,intraoperative fluid administration,0.8728142,0.87621635,0.8592054
7536,51151,78418,orthotopic liver transplantation,tumor status,0.8727971,0.86394155,0.9082192
7537,17648,64282,cytoreductive surgery,renal functional reserve,0.87279123,0.8444597,0.98611706
7538,47034,72526,nasal screening,surgical interventions,0.8727897,0.89032173,0.80266154
7539,56653,62688,positive surgical margin,radical surgical treatment,0.8727823,0.8729089,0.8722758
7540,17948,43269,decision tree model,medical therapy,0.8727703,0.84780765,0.97262096
7541,37535,80658,kaplan-meier survival analysis,venous thromboembolism risk,0.8727571,0.8513254,0.9584838
7542,19585,39439,disease recurrence,limb salvage treatment,0.8727568,0.87727684,0.8546763
7543,54470,63536,perioperative deaths,recurrence rates,0.87275475,0.8457033,0.9809605
7544,21262,65558,eastern cooperative oncology group performance status,risk estimation,0.8727525,0.87427425,0.8666651
7545,22776,56187,endoscopic treatment,polyglycolic acid,0.8727519,0.87624365,0.8587848
7546,49987,69861,older patients,specimen retrieval,0.87274796,0.87878877,0.8485847
7547,15268,38643,comprehensive treatment,late recurrence,0.872692,0.9192237,0.68656516
7548,13008,69921,clavien dindo classification,sphincter-saving surgery,0.87267137,0.9344296,0.6256383
7549,18008,62897,deep hypothermic circulatory arrest,randomized clinical trial,0.8726638,0.8449361,0.9835746
7550,37171,48651,ischemic stroke,non-intubated patients,0.87265587,0.8703266,0.88197297
7551,58118,76835,postoperative outcomes,transcatheter pulmonary valve implantation,0.87264884,0.9739915,0.46727803
7552,29102,78328,hair loss,tumor recurrence,0.8726479,0.8654891,0.90128267
7553,24647,58014,extubation failure,postoperative major complications,0.8726411,0.88501567,0.8231429
7554,40464,52565,long-term quality of life,patch closure,0.8726385,0.908104,0.73077655
7555,8184,72370,bismuth-corlette classification,surgical decision-making,0.8726367,0.8658173,0.8999143
7556,47433,80028,neighborhood characteristics,valve replacement,0.8726341,0.9184882,0.6892178
7557,69914,74418,sphincter-preserving surgery,technical safety,0.87263197,0.9052908,0.74199677
7558,64269,65824,renal function impairment,risk score,0.87261546,0.8579783,0.931164
7559,4516,47775,anti-inflammatory properties,neurocognitive function,0.872595,0.92474174,0.6640079
7560,50636,82088,operative management,xanthogranulomatous cholecystitis,0.8725897,0.883943,0.8271762
7561,3635,61147,anastomotic technique,prospective cohort study,0.87257504,0.84827137,0.96978945
7562,320,26537,30-day mortality rates,fried frailty scale,0.8725638,0.92960614,0.6443941
7563,13535,64604,clinical utility,resection of liver metastases,0.8725571,0.91095406,0.7189691
7564,34555,68324,infrainguinal arterial bypass,shared decision-making,0.8725531,0.9369682,0.6148926
7565,12864,33765,circulating tumor dna,income disparities,0.8725455,0.8778465,0.8513415
7566,22986,50695,endovascular intervention,operatively treated patients,0.8725405,0.897558,0.77247053
7567,356,12309,30-day readmission rate,cholecystectomy techniques,0.8725308,0.87024426,0.8816768
7568,14166,73209,colon leakage score,survival analysis,0.8725127,0.8513171,0.95729494
7569,26370,79268,fracture classification,unicompartmental knee arthroplasty,0.8725079,0.92131346,0.67728585
7570,24166,69773,exocrine insufficiency,somatostatin analogs,0.8725068,0.91342753,0.7088238
7571,3860,69202,anesthesia time,sleep-disordered breathing,0.87249947,0.87171423,0.8756402
7572,46884,53590,n-butyl cyanoacrylate,pediatric surgery,0.87249064,0.8948974,0.7828634
7573,43629,47174,metabolic dysfunction-associated steatohepatitis,native liver survivors,0.87248504,0.968545,0.48824513
7574,41994,50752,major morbidity,opioid requirement,0.8724662,0.84740144,0.9727251
7575,13224,28623,clinical efficacy,graft loss rate,0.8724654,0.8727624,0.8712771
7576,668,52867,abdominal aortic aneurysm repair,patient age groups,0.8724617,0.87496865,0.8624336
7577,7008,78343,baseline predictors,tumor regression grade,0.8724502,0.97675735,0.45522144
7578,70324,78093,stage i non-small cell lung cancer,tumor control,0.87244844,0.9160966,0.6978555
7579,22123,27803,emergency surgery,general thoracic surgeons,0.87242776,0.9652907,0.5009759
7580,12454,37698,chronic complications,kidney transplant,0.8724228,0.94744074,0.5723508
7581,8310,27592,bleeding events,gastrointestinal tract perforation,0.872419,0.8694779,0.88418335
7582,36814,79399,intravenous tissue plasminogen activator,unplanned readmission,0.87241894,0.8619395,0.91433674
7583,13701,61025,closed-suction drainage,propensity-score matching,0.8724166,0.8653047,0.9008643
7584,382,7508,30-day survival,bile leakage,0.8724104,0.8420034,0.99403834
7585,46515,72519,muramyl dipeptide,surgical intervention,0.87240773,0.95347565,0.54813606
7586,14932,37530,complete pathological response,kaplan-meier methods,0.87240714,0.87595814,0.85820305
7587,11544,76296,central pancreatectomy,total pancreatectomy with islet autotransplantation,0.8723955,0.9469799,0.5740581
7588,476,64562,5-year cancer-specific survival,resectable nsclc,0.87239194,0.91612023,0.69747865
7589,6855,81670,bariatric outcomes longitudinal database,weight recurrence,0.872366,0.97554547,0.4596481
7590,14130,53682,colon cancer,pelvic floor distress inventory,0.87235165,0.8761944,0.85698044
7591,5810,81743,asa classification,wexner score,0.8723356,0.84872127,0.96679294
7592,12540,20397,chronic inflammation,drug transfer efficiency,0.87232655,0.9160419,0.6974649
7593,22138,73239,emergency treatment,survival outcome,0.8723239,0.8884562,0.80779433
7594,15838,54904,contrast-enhanced computed tomography,peritoneal adhesion index,0.87229496,0.8778733,0.8499816
7595,9934,33731,cancer patients,incision infection,0.8722827,0.87920743,0.84458345
7596,15313,80581,computed tomography,venous diameter,0.8722793,0.8795855,0.8430543
7597,6926,24204,barrett's esophagus,expanded polytetrafluoroethylene graft,0.87227595,0.88763577,0.8108367
7598,3421,23148,anaesthetic agents,enhanced recovery after surgery,0.8722498,0.8942122,0.7844
7599,71015,72526,sternal wound healing,surgical interventions,0.8722338,0.8901069,0.8007414
7600,4719,68826,anticancer agents,single-cell rna sequencing,0.8721955,0.9466048,0.57455796
7601,19334,33898,digital subtraction angiography,independent risk factor,0.87219536,0.8462644,0.97591907
7602,15099,22301,complicated acute diverticulitis,end-stage renal disease,0.87219507,0.87316066,0.8683327
7603,50449,72526,open thrombectomy,surgical interventions,0.87219036,0.9453838,0.5794165
7604,2467,52651,adverse effects,pathologic major response,0.87215734,0.9148379,0.70143473
7605,254,68260,30 day death,sex differences,0.8721567,0.8586728,0.9260923
7606,21461,68324,educational tool,shared decision-making,0.8721508,0.9914187,0.395079
7607,18399,49105,demographic variables,nontobacco nicotine dependence,0.87214255,0.8944642,0.7828559
7608,2718,50236,age-related differences,open appendectomy,0.8721212,0.8522061,0.9517815
7609,50463,80201,open total pancreatectomy,vascular complications,0.8721082,0.8520647,0.95228237
7610,13042,61168,clavien-dindo grade 3 complications,prospective observational study,0.87209845,0.86295784,0.90866077
7611,8329,58896,bleeding risk,predicting outcomes,0.87207395,0.93342775,0.62665886
7612,3042,81413,alkaline phosphatase,von willebrand factor antigen,0.87206423,0.9046389,0.7417655
7613,5824,66180,asa status,robotic transhiatal esophagectomy,0.87205094,0.9381602,0.607614
7614,12116,74610,chest radiography,tetralogy of fallot repair,0.8720508,0.9483414,0.5668884
7615,15676,76315,contaminated wound,total proctocolectomy,0.87202716,0.9244831,0.66220313
7616,39833,63561,liver surgery,recurrence-free status,0.87199837,0.9094864,0.7220462
7617,19294,64540,diffusion-weighted mri,resectability rate,0.87198514,0.8910183,0.7958526
7618,10416,43088,cardiac surgery mortality,median overall survival,0.871984,0.8857682,0.8168472
7619,56057,59594,pn classification,preoperative neoadjuvant chemotherapy,0.87193346,0.9538937,0.5440925
7620,49701,68826,observational study,single-cell rna sequencing,0.8719061,0.8591344,0.9229929
7621,15351,36903,computed tomography scans,invasive coronary angiography,0.871896,0.88732696,0.81017226
7622,48379,78633,nodal classification,tumour regression grade,0.8718934,0.93409765,0.6230762
7623,49481,77661,nutritional challenges,treatment response,0.87188274,0.893486,0.78546935
7624,66716,67569,saphenous vein conduit,serious adverse events,0.87188095,0.8779847,0.847466
7625,17688,73827,d-dimer concentration,systemic inflammatory index,0.871867,0.9452463,0.5783499
7626,6018,55966,asymptomatic cerebral infarction,platelet-to-lymphocyte ratio,0.8718551,0.9494403,0.5615141
7627,13327,56778,clinical outcome,post-gastrectomy syndrome assessment scale,0.8718292,0.88257074,0.828863
7628,38126,79756,laparoscopic hepatectomy,urinary function,0.8718081,0.85142046,0.9533586
7629,18973,72479,diagnostic value,surgical hepatectomy,0.87175965,0.93136126,0.63335323
7630,22062,70705,emergency department visits,statin therapy,0.87175035,0.8411307,0.99422896
7631,10607,59628,cardiovascular events,preoperative oral carbohydrate,0.87174606,0.90865064,0.7241274
7632,41929,52997,major complication rate,patient mortality,0.8717391,0.84294367,0.9869206
7633,21231,76207,early-stage disease,total hospitalization costs,0.8717379,0.9338374,0.6233397
7634,318,69996,30-day mortality prediction,spinal surgery,0.871729,0.87687343,0.85115117
7635,20570,51959,duodenal involvement,pancreatic cancer,0.871722,0.9052394,0.73765224
7636,26696,45004,functional independence measure,mitral valve surgery,0.87172043,0.8474788,0.96868694
7637,10290,29457,cardiac event,health-related quality of life,0.8717147,0.8420565,0.9903475
7638,40604,57368,low back pain,postoperative ambulation,0.8717058,0.94295144,0.58672297
7639,23382,58447,epidermal growth factor receptor,postoperative treatment strategies,0.8717021,0.9559413,0.5347451
7640,57580,79781,postoperative counseling,urinary retention,0.87169105,0.8739799,0.8625355
7641,33857,42019,independent predictor,major pelvic surgery,0.87169,0.8611674,0.9137804
7642,5793,54571,artificial neural network model,perioperative outcome,0.87167925,0.86301696,0.90632826
7643,58930,73381,predictive factors,suzuki stage,0.87167144,0.8744374,0.8606075
7644,2773,73076,aging population,surgical valve replacement,0.8716545,0.92050254,0.6762623
7645,19857,63336,distressed communities index,rectal cancer outcomes,0.8716482,0.92949194,0.640273
7646,41591,46551,machine learning prediction model,muscle mass,0.8716408,0.85978705,0.91905564
7647,22029,41338,emergency colorectal cancer surgery,lymph node metastases,0.87163466,0.842431,0.98844904
7648,22820,63525,endoscopic vacuum therapy,recurrence of symptoms,0.87162906,0.924647,0.6595573
7649,64381,77272,reoperation rates,transposition of great arteries,0.87161005,0.89944255,0.7602799
7650,3596,76680,anastomotic leak,transabdominal ultrasound,0.8715787,0.8894824,0.7999637
7651,8751,81977,bogota bag technique,wound complications,0.8715616,0.9276861,0.6470636
7652,19334,58128,digital subtraction angiography,postoperative pain intensity,0.87155795,0.8585638,0.9235345
7653,52127,70040,pancreatic neuroendocrine tumor,spleen salvage,0.8715392,0.8744891,0.85973907
7654,24008,49886,evidence-based treatment,odds ratios,0.8715378,0.913995,0.70170885
7655,2435,77680,advanced-stage epithelial ovarian cancer,treatment strategies,0.87153196,0.89602035,0.7735781
7656,42095,64079,male gender,relapse free survival,0.8715112,0.8722765,0.8684499
7657,345,32085,30-day postoperative morbidity,hybrid revascularization,0.87150896,0.86274946,0.90654707
7658,32430,41851,icu admission rate,major adverse cardiovascular events,0.8714861,0.84130734,0.9922013
7659,22722,33745,endoscopic sleeve gastroplasty,incisional hernia rate,0.871472,0.8584851,0.9234197
7660,21830,62595,electrode insertion,radiation exposure,0.87147194,0.94673884,0.5704041
7661,52916,77501,patient counselling,treatment adherence,0.87146175,0.95618653,0.5325625
7662,56640,71107,positive predictive value,stomach cancer,0.87144357,0.863512,0.9031698
7663,13492,77167,clinical success rate,transmural healing,0.8714297,0.9440366,0.5810018
7664,1842,62322,adenoma detection,quality of bowel preparation,0.87141263,0.968838,0.4817114
7665,36037,58974,intracranial hypotension,predictive performance,0.8714116,0.9159951,0.6930775
7666,7456,34445,bile duct cancer,inflammatory indexes,0.8714098,0.90696174,0.72920156
7667,66689,67322,same-day discharge,self-expanding metallic stents,0.8714001,0.84130824,0.99176747
7668,50566,78016,operation duration,tubulovillous adenoma,0.87139016,0.9336035,0.6225365
7669,20319,58901,drainage period,prediction model,0.8713867,0.87272555,0.86603135
7670,30065,70984,hepatic encephalopathy,stereotactic radiotherapy,0.87137574,0.8808114,0.8336328
7671,40198,73199,locally advanced resectable gastric cancer,survival advantage,0.8713745,0.9016685,0.7501983
7672,51626,70708,p2y12 receptor inhibitor,statin use,0.8713739,0.94021565,0.59600693
7673,39654,54458,liver allograft,perioperative complications,0.8713698,0.961317,0.51158065
7674,42263,78084,malignant progression,tumor characteristics,0.87136555,0.8693694,0.87935
7675,26703,72431,functional limitations,surgical experience,0.87135935,0.9592678,0.5197255
7676,36339,76290,intraoperative endoscopic retrograde cholangiopancreatography,total operative time,0.8713592,0.93171,0.62995607
7677,13354,31219,clinical practice,histological types,0.87135005,0.8741888,0.85999507
7678,29438,69534,health services utilization,socioeconomic disadvantage,0.871343,0.9692535,0.47970116
7679,4824,77692,antimicrobial prophylaxis,treatment timing,0.8713416,0.89565766,0.7740773
7680,46058,67112,multicenter randomized controlled trial,secondary prevention,0.87133825,0.9620833,0.50835824
7681,8541,71122,blood urea nitrogen,stone density,0.87132496,0.9171029,0.68821317
7682,21636,53030,elective colectomy,patient preferences,0.8713225,0.8477562,0.96558785
7683,55755,74820,plasma cytokine levels,therapeutic target,0.87131906,0.9433616,0.58314884
7684,27078,59639,gastric bypass,preoperative pain scores,0.8713082,0.92137307,0.67104864
7685,257,45002,30 day mortality rate,mitral valve replacement,0.871289,0.89984953,0.75704676
7686,34462,55804,inflammatory mediators,plasma interleukin-6,0.8712858,0.97570235,0.45361963
7687,39853,82012,liver transplantation,wound healing pathways,0.8712762,0.9441867,0.57963425
7688,18739,44297,diabetic foot ulcers,microsurgical reconstruction,0.87126714,0.91448504,0.6983953
7689,13671,61435,clopidogrel discontinuation,proton pump inhibitors,0.87123984,0.96039087,0.5146358
7690,13704,51669,clostridioides difficile infection,packed red blood cell transfusion,0.8712116,0.85220706,0.9472296
7691,65196,81606,revised atlanta classification,weight loss,0.87120587,0.8610971,0.9116407
7692,2082,9294,adjuvant chemotherapy,breast imaging reporting and data system,0.87120533,0.8880086,0.80399215
7693,38047,58918,laparoscopic colorectal resection,predictive capacity,0.87118685,0.86245614,0.9061095
7694,594,72727,90-day postoperative complications,surgical quality improvement,0.8711759,0.93263894,0.62532353
7695,59248,61712,preoperative bmi,psychological status,0.87114507,0.8606785,0.9130115
7696,75033,80719,thoracic surgery,ventilator-free days,0.8711416,0.84494936,0.9759103
7697,35880,76118,intra-operative blood transfusion,total blood loss,0.87113893,0.8982886,0.76254016
7698,64553,79974,resectable gastric cancer,validation cohort,0.8711382,0.8819623,0.8278419
7699,13249,52891,clinical follow-up data,patient characteristics,0.8711314,0.92695767,0.6478264
7700,1535,32810,acute lung injury,illness severity,0.8710881,0.9656809,0.4927168
7701,53070,55574,patient safety,pigtail catheter,0.8710073,0.885643,0.8124648
7702,23903,77324,european countries,transthoracic echocardiography,0.8710043,0.9224383,0.66526794
7703,22719,23630,endoscopic sinus surgery,esophageal atresia,0.87100005,0.8916217,0.7885134
7704,505,46265,5-year relative survival,multimodality treatment,0.8709899,0.8966081,0.7685169
7705,49761,81145,obstructive sleep apnea,visceral fat reduction,0.8709892,0.90286314,0.74349326
7706,7980,71471,biomarker levels,subcutaneous fat,0.87097967,0.9200321,0.6747698
7707,55087,81636,peroperative outcomes,weight loss outcomes,0.87097275,0.85005355,0.95464945
7708,39489,41255,linear regression models,lung transplantation,0.8709581,0.911689,0.7080344
7709,15313,16521,computed tomography,covered endovascular reconstruction,0.87095296,0.8994725,0.7568749
7710,62670,72057,radical prostatectomy,surgeon variation,0.87094885,0.88762236,0.8042547
7711,10249,63971,cardiac catheterization,regional variation,0.8709472,0.8976912,0.76397115
7712,65969,68853,robot-assisted partial nephrectomy,single-incision robotic cholecystectomy,0.8709355,0.8690738,0.87838227
7713,71589,72331,submucosal tumors,surgical complication rate,0.87093234,0.85601187,0.93061423
7714,9153,77041,brain injury,transfusion rates,0.87091744,0.86615443,0.8899694
7715,45476,67216,monopolar transurethral resection,segmental resection,0.87090653,0.8729408,0.86276954
7716,13245,53640,clinical features,pedunculated colorectal polyps,0.8709045,0.96556437,0.4922648
7717,33499,67937,in-hospital mortality,serum pancreatic enzymes,0.8709021,0.8521372,0.94596183
7718,2648,70719,age disparities,statistical significance,0.87089854,0.9351943,0.61371547
7719,31058,57404,hispanic patients,postoperative anxiety,0.8708863,0.85347104,0.9405471
7720,37749,76772,klebsiella pneumoniae,transbronchial needle aspiration,0.8708638,0.92462564,0.6558163
7721,64043,81589,rehospitalization rates,weekend discharge,0.8708577,0.93159264,0.6279178
7722,40268,57789,logistic regression models,postoperative glasgow prognostic score,0.8708432,0.8996416,0.7556494
7723,31294,49917,histopathological data,oesophageal squamous cell carcinoma,0.8708349,0.91538477,0.69263524
7724,40442,74456,long-term outcomes,telestroke network,0.8708205,0.87676513,0.847042
7725,57605,68484,postoperative day,shoulder tip pain,0.87080383,0.9051429,0.73344725
7726,489,78897,5-year mortality,tyrosine kinase inhibitor therapy,0.8707968,0.8954506,0.7721813
7727,27771,58924,general anesthesia,predictive discrimination,0.8707808,0.84618,0.96918386
7728,8329,75145,bleeding risk,thoracoscopic pneumonectomy,0.8707667,0.90990835,0.7142
7729,24311,51054,extended resection,organ resection,0.8707554,0.9277298,0.64285755
7730,59427,59821,preoperative factors,preoperative systemic immune-inflammation index,0.8707499,0.89195496,0.7859296
7731,16165,46100,coronary angiography,multidetector row computed tomography,0.8707334,0.9053133,0.73241365
7732,19823,76238,distant lymph node metastasis,total laryngectomy,0.870731,0.857792,0.9224867
7733,21891,54265,elephant trunk procedure,pericardial effusion,0.8707306,0.96882635,0.47834766
7734,29554,47474,heart rate measurement,neoadjuvant chemoradiotherapy,0.87072486,0.93131846,0.62835026
7735,29871,68321,hemoglobin changes,shapley additive explanations,0.8707209,0.8742489,0.8566088
7736,29919,57908,hemorrhagic events,postoperative infections,0.87070185,0.8481094,0.96107143
7737,43888,48470,metastatic lesions,nomogram models,0.87069476,0.88195413,0.82565737
7738,14193,81473,colonic cancer,waiting time,0.8706258,0.94792336,0.5614356
7739,600,48628,90-day readmission rates,non-hispanic black race,0.87062573,0.9006978,0.75033736
7740,356,7670,30-day readmission rate,biliary tract surgery,0.87062126,0.93245876,0.6232713
7741,16187,23054,coronary artery bypass grafting,endovascular thoracic aortic repair,0.8706133,0.8448816,0.97353995
7742,6253,73123,augmented reality,surgical-site infection,0.87057066,0.85170084,0.94604987
7743,21538,56007,egfr status,pleural effusion,0.8705426,0.88240707,0.82308465
7744,59369,68186,preoperative delirium,severe postoperative complications,0.8705375,0.8550068,0.9326605
7745,36810,48026,intravenous thrombolysis,neurovascular complications,0.8705183,0.91491675,0.6929244
7746,10257,27933,cardiac comorbidities,geographic disparities,0.87051606,0.8598991,0.91298366
7747,58185,67669,postoperative platelet count,serum albumin concentration,0.87051296,0.9636988,0.49776945
7748,15582,50586,congestive heart failure,operational morbidity,0.8704908,0.8999914,0.75248843
7749,15951,62683,conventional laparoscopy,radical right hemicolectomy,0.87047863,0.9325845,0.622055
7750,25338,72061,fenestrated-branched endovascular aortic repair,surgeon's experience,0.8704711,0.8623303,0.9030341
7751,3974,80827,aneurysmal subarachnoid hemorrhage,vertebral artery stenting,0.8704582,0.94780844,0.56105715
7752,24506,73563,extracorporeal membrane oxygenation,symptomatic response,0.87045425,0.9189751,0.6763708
7753,23,10572,1-year all-cause mortality,cardiothoracic surgical procedures,0.8704499,0.95462245,0.5337595
7754,5658,57745,arterial lactate,postoperative fever,0.8704108,0.8495607,0.95381105
7755,11055,29229,cbd diameter,hazard ratios,0.8704049,0.8744956,0.85404193
7756,57844,61402,postoperative hospital stay,prothrombin fragment 1 + 2,0.87039804,0.88689744,0.8044005
7757,23207,64808,enteral nutrition,respiratory disorders,0.87038815,0.9086949,0.7171611
7758,13025,66042,clavien-dindo classification grade,robotic esophagectomy,0.87036455,0.903722,0.7369349
7759,42257,70980,malignant pleural mesothelioma,stereotactic radiation,0.8703595,0.8693975,0.87420726
7760,8464,72406,blood neutrophil-to-lymphocyte ratio,surgical duration,0.87035596,0.88256246,0.82153
7761,5205,40489,aortic root replacement,long-term success rates,0.8703413,0.9157588,0.68867123
7762,11424,26111,cell-free dna,folfox adjuvant chemotherapy,0.8703375,0.9229681,0.65981495
7763,45924,62900,mucosal healing,randomized control trial,0.87030363,0.9580188,0.5194428
7764,26495,35837,freedom from macce,intra-aortic balloon pump,0.87025166,0.86590546,0.8876361
7765,60411,60501,prior revascularization,procedural complications,0.8702147,0.9073436,0.7216988
7766,11615,39853,centrifugal pump,liver transplantation,0.8702117,0.84490806,0.9714263
7767,13041,77858,clavien-dindo grade 3,trimodality therapy,0.87019,0.8536514,0.9363444
7768,21374,72430,ecog status,surgical excision,0.8701884,0.9410893,0.5865849
7769,1278,70285,active smoking,stable ischaemic heart disease,0.8701883,0.8860899,0.80658156
7770,27084,72205,gastric bypass surgery,surgery-related risk factors,0.87018275,0.9102744,0.7098162
7771,31562,63391,hospital costs,rectal neoplasm,0.87018275,0.87107533,0.8666123
7772,5675,62903,arterial partial pressure of oxygen,randomized controlled study,0.870182,0.93232787,0.6215985
7773,14887,55093,complete esophageal obstruction,peroral endoscopic myotomy,0.8701572,0.90855515,0.71656513
7774,38291,73812,laparoscopic salpingectomy,systemic inflammation,0.87014925,0.8815267,0.82463956
7775,7210,73431,benign prostatic enlargement,symptom burden,0.8701476,0.91775006,0.6797375
7776,13536,37771,clinical validation,knee injury and osteoarthritis outcome score,0.8701323,0.90850824,0.71662885
7777,54574,57368,perioperative pain,postoperative ambulation,0.8701265,0.9575305,0.5205103
7778,29355,51796,head and neck surgeries,pain relief,0.87012464,0.9269403,0.6428618
7779,60654,73199,prognosis marker,survival advantage,0.87012213,0.91540164,0.68900394
7780,60539,69968,procedural success,spinal epidural abscess,0.87012166,0.8738125,0.85535824
7781,12199,21165,child-pugh status,early stage hepatocellular carcinoma,0.8701164,0.97430927,0.45334482
7782,40154,61665,locally advanced colon cancer,psychological burden,0.8701074,0.9494329,0.5528054
7783,73465,79392,symptomatic abdominal aortic aneurysm,unplanned intubation,0.87008595,0.88557833,0.80811644
7784,39752,80546,liver inflammation,veno-arterial extracorporeal membrane oxygenation,0.8700692,0.93167365,0.62365144
7785,60736,80929,prognostic prediction model,vessels that encapsulate tumor clusters,0.8700619,0.9723636,0.46085504
7786,10837,26442,case-control study,free flap reconstruction,0.870053,0.8447066,0.97143865
7787,4354,57493,anterior lumbar fusion,postoperative care,0.8700501,0.85076386,0.9471951
7788,46057,70398,multicenter prospective study,stage iii colon cancer,0.8700491,0.8733456,0.85686296
7789,1615,58760,acute pulmonary embolism,pre-operative anemia,0.87004405,0.92503643,0.65007436
7790,10181,26651,carbon footprint,functional capacity,0.87003046,0.9114801,0.7042319
7791,75423,81201,thrombus development,visual analog scale,0.8700276,0.8738957,0.85455495
7792,16337,25788,coronary stenting,five-year survival,0.870012,0.8599689,0.9101844
7793,43968,49575,metformin therapy,obese patients,0.8700119,0.94692373,0.5623649
7794,41851,60214,major adverse cardiovascular events,primary knee osteoarthritis,0.87000453,0.85007286,0.9497313
7795,13872,41326,coefficient of variation,lymph node examination,0.8699974,0.8956983,0.7671938
7796,33568,37535,incidence density,kaplan-meier survival analysis,0.8699965,0.9744712,0.4520977
7797,23145,66225,enhanced recovery,robotic-assisted proctectomy,0.86999637,0.8899556,0.7901594
7798,13708,49895,clostridium difficile infection,oesophageal adenocarcinoma,0.8699709,0.84657735,0.96354496
7799,16449,63068,cost effectiveness,readmission costs,0.8699703,0.94537634,0.5683462
7800,44492,73490,mild complications,symptomatic cholelithiasis,0.869925,0.89670855,0.76279074
7801,3678,14850,anatomic resection,complete ablation,0.8699224,0.8463387,0.9642571
7802,28957,59440,gut microbiota,preoperative frailty,0.86989677,0.8738432,0.85411096
7803,21344,44993,echocardiographic outcomes,mitral valve reconstruction,0.8698905,0.9731635,0.45679858
7804,6986,81977,baseline demographics,wound complications,0.8698697,0.85398716,0.9333999
7805,13771,77142,cmv viremia,transjugular intrahepatic portosystemic shunt,0.86980766,0.9392137,0.5921835
7806,6926,26915,barrett's esophagus,gallbladder adenoma,0.86979115,0.9043627,0.7315048
7807,319,63611,30-day mortality rate,recurrent colon cancer,0.869788,0.8672713,0.87985456
7808,60723,78245,prognostic nomograms,tumor metastasis,0.8697875,0.863113,0.8964853
7809,60192,64603,primary hepatic sarcomatoid carcinoma,resection margins,0.8697839,0.8714586,0.8630852
7810,41408,78355,lymphadenectomy quality,tumor resection,0.86978304,0.8592452,0.9119342
7811,12630,33947,chronic obstructive pulmonary disease,indexed stroke volume,0.8697647,0.9387649,0.59376353
7812,23594,70250,erythrocyte transfusion,st elevation myocardial infarction,0.86976033,0.88074404,0.8258254
7813,29229,30576,hazard ratios,high risk score,0.869748,0.8675014,0.87873423
7814,16186,59380,coronary artery bypass graft surgery,preoperative diagnosis,0.8697402,0.83877945,0.99358314
7815,4754,65232,anticoagulation therapy,revision total shoulder arthroplasty,0.8697212,0.91660845,0.6821717
7816,803,73215,abdominal surgical history,survival benefit,0.8697209,0.8575803,0.9182832
7817,21162,67190,early stage esophageal cancer,seer database,0.8697156,0.89732707,0.7592694
7818,18031,62984,deep learning model,ras status,0.86970466,0.8650127,0.88847256
7819,14756,27991,comorbid risk factors,geriatric patients,0.86970437,0.85230577,0.9392984
7820,5822,25817,asa score,flap procedures,0.8696829,0.88571244,0.8055649
7821,25618,36034,financial outcomes,intracranial hemorrhage,0.86968076,0.8806801,0.8256835
7822,486,57956,5-year follow-up,postoperative ischemic stroke,0.8696747,0.94885576,0.5529501
7823,16727,42145,creatinine level,malignant ascites,0.86965126,0.88295376,0.81644106
7824,14971,49364,complete surgical resection,number of lymph nodes retrieved,0.86963737,0.8903585,0.78675276
7825,32714,65349,ileorectal anastomosis,right hemicolon cancer,0.86963564,0.95837724,0.5146691
7826,1535,7701,acute lung injury,bilirubin concentration,0.8696328,0.9651782,0.48745096
7827,27988,72829,geriatric hip fracture surgery,surgical risk calculator,0.86962223,0.86680496,0.8808914
7828,28223,58957,glove perforation,predictive model,0.86959624,0.84146696,0.98211306
7829,21748,78222,elective pediatric surgery,tumor location,0.8695841,0.8482171,0.9550517
7830,59216,65786,preoperative assessment,risk of mortality,0.8695674,0.8387409,0.9928733
7831,24978,66363,fat mass,roux-en-y bariatric surgery,0.8695292,0.90577817,0.7245332
7832,15255,80492,comprehensive complication index,vats wedge resection,0.8695252,0.8779808,0.83570284
7833,15628,56337,conservative therapy,poor performance status,0.86952055,0.8646581,0.88897026
7834,3151,38249,alpha fetoprotein,laparoscopic radical resection,0.8695184,0.84522635,0.9666864
7835,41505,56954,lymphovascular invasion,post-pancreatectomy haemorrhage,0.8695167,0.8416554,0.980962
7836,264,17210,30-d mortality,curative pancreatectomy,0.86951274,0.9443594,0.5701258
7837,19614,66218,disease-free survival rates,robotic-assisted pancreatic surgery,0.8695014,0.90821904,0.7146308
7838,15920,60501,conventional emr,procedural complications,0.8694961,0.91819245,0.6747104
7839,35767,81994,intestine obstruction,wound healing,0.86949414,0.92926985,0.6303911
7840,58981,69641,predictive risk factors,solid nodules,0.86948824,0.9249311,0.64771676
7841,54368,70609,periodontal pathogens,staphylococcus aureus,0.8694878,0.9728563,0.4560139
7842,28623,41928,graft loss rate,major complication,0.86947244,0.8851855,0.8066202
7843,10321,46480,cardiac intensive care unit stay,multivariate regression analysis,0.8694684,0.9227733,0.6562486
7844,43148,52699,mediastinal lymph node metastasis,pathologic upstaging,0.86945665,0.87167275,0.86059195
7845,1226,78772,activated clotting time,type 1 diabetes,0.86942315,0.8887634,0.792062
7846,18131,31895,deficient mismatch repair,human epidermal growth factor receptor-2,0.8694154,0.91186935,0.6995995
7847,8537,18352,blood transfusions,delirium severity,0.86941,0.862934,0.8953139
7848,60331,76197,primary suture,total hip arthroplasty,0.8693976,0.8495857,0.94864494
7849,16058,30747,convolutional neural networks,high-grade squamous intraepithelial lesion,0.8693913,0.9543429,0.529585
7850,10521,42656,cardiopulmonary bypass,maximal aortic diameter,0.8693837,0.84338826,0.9733652
7851,51463,76777,overall survival rates,transcarotid artery revascularization,0.8693806,0.83759576,0.99652004
7852,13065,19785,clavien-dindo score,distal rectal cancer,0.8693802,0.84806263,0.9546502
7853,5319,81480,aortofemoral bypass,waitlist mortality,0.86937535,0.89650106,0.7608724
7854,13021,58283,clavien-dindo class iii complications,postoperative renal function,0.8693596,0.9171199,0.6783183
7855,8299,59921,bleeding complications,preserved liver function,0.8693592,0.85632396,0.9214999
7856,2302,46466,advanced esophageal cancer,multivariate cox regression model,0.8693456,0.88085467,0.8233095
7857,13171,39840,clinical comorbidities,liver transplant,0.86934227,0.9555814,0.5243857
7858,18022,33453,deep learning,in vivo detection,0.8693028,0.91860116,0.6721095
7859,52476,70566,partial hepatectomy,standardised uptake value,0.86929655,0.8935511,0.7722783
7860,4417,35031,anthropometric measurements,intensive care unit length of stay,0.86928535,0.83988,0.9869065
7861,51808,79961,pain scores,vagus nerve,0.86926967,0.871287,0.86120033
7862,36905,76197,invasive disease,total hip arthroplasty,0.86925966,0.88178825,0.8191452
7863,13292,62837,clinical lymph node metastasis,radiomics score,0.8692546,0.9212818,0.66114575
7864,14631,49061,combined surgery,nonroutine discharge,0.8692528,0.8442627,0.96921307
7865,6508,58512,axillary lymphadenectomy,postoperative wound infection,0.8692492,0.93523115,0.6053214
7866,19233,65990,difficulty score,robot-assisted thoracic surgery,0.86921483,0.8500569,0.9458463
7867,10592,80428,cardiovascular disease,vascular wall inflammation,0.86921084,0.97624755,0.44106403
7868,16936,31657,ct attenuation values,hospital stay,0.86920595,0.84042877,0.9843146
7869,50073,77443,oncologic history,trauma patients,0.8692056,0.9016148,0.73956865
7870,15816,51425,contrast media,overall mortality,0.8691938,0.92533094,0.644645
7871,29939,67608,hemostatic agents,seroma rates,0.869185,0.9030412,0.7337599
7872,41505,48875,lymphovascular invasion,nonampullary duodenal epithelial tumors,0.8691813,0.95028245,0.5447766
7873,1745,38621,acute-on-chronic liver failure,late gadolinium enhancement,0.8691671,0.9570443,0.51765835
7874,5908,43604,aspartate aminotransferase,metabolic analysis,0.86916596,0.9488153,0.55056864
7875,65534,67883,risk assessment,serum lactate levels,0.8691567,0.8470676,0.95751303
7876,24841,43044,familial adenomatous polyposis,median age at diagnosis,0.8691494,0.9273828,0.6362154
7877,8996,32714,bowel complications,ileorectal anastomosis,0.869133,0.92358553,0.65132284
7878,40657,52630,low physical activity,pathologic complete response,0.8691329,0.8493343,0.94832724
7879,38237,62361,laparoscopic pyloromyotomy,quality of recovery-15,0.86910814,0.88220227,0.8167315
7880,11931,20042,charlson comorbidity index,donor-site complications,0.8690889,0.87262094,0.85496074
7881,29528,69816,heart failure,spatial distribution,0.86908096,0.89760923,0.754968
7882,24505,54480,extracorporeal life support,perioperative events,0.8690779,0.8818109,0.8181458
7883,2493,63027,adverse limb events,re-intervention rates,0.869056,0.89687496,0.7577799
7884,20919,22096,early complications,emergency operations,0.86900043,0.87302196,0.8529143
7885,7915,66369,biological mesh closure,roux-en-y gastric bypass,0.868992,0.8437265,0.97005355
7886,30389,53090,hernia occurrence,patient selection,0.8689884,0.8589008,0.909339
7887,36517,70584,intraoperative transfusion,standardized protocol,0.86898035,0.8733014,0.85169613
7888,51703,81877,padua score,win ratio,0.86895597,0.90293574,0.7330367
7889,1480,31264,acute inflammation,histopathologic examination,0.86894757,0.9540915,0.5283718
7890,17936,70036,decision curve analysis,spleen preservation,0.868937,0.84004503,0.9845048
7891,22294,53181,end-stage kidney disease,patient-related factors,0.86892885,0.8685821,0.8703157
7892,8533,51293,blood transfusion requirement,outcomes after surgery,0.8689054,0.9338087,0.6092925
7893,59999,72631,prevalence rates,surgical outcomes,0.86888456,0.9467681,0.5573503
7894,32443,81220,icu length of stay,visual analogue scale score,0.8688631,0.84367204,0.96962714
7895,31608,75125,hospital mortality,thoracoscopic esophageal resection,0.8688531,0.8500831,0.9439327
7896,17466,35706,cyto-reductive surgery,intestinal obstruction,0.8688411,0.8619778,0.89629406
7897,56920,64245,post-operative pneumonia,renal complications,0.86884075,0.86999696,0.8642157
7898,37418,77621,jejunal interposition,treatment outcomes,0.86883986,0.8428279,0.97288764
7899,50382,72332,open reoperation,surgical complication rates,0.8688069,0.9209987,0.66003966
7900,6450,81773,average hospital stay,white blood cell counts,0.8688014,0.9349245,0.60430926
7901,50467,79402,open transhiatal esophagectomy,unplanned readmissions,0.86878896,0.87987375,0.8244496
7902,54894,72994,peristomal dermatitis,surgical techniques,0.86878747,0.854921,0.9242534
7903,54883,65266,periprosthetic tissues,rheumatoid arthritis,0.8687861,0.9654665,0.48206457
7904,64714,73258,residual pressure gradient,survival rate,0.8687831,0.894532,0.7657872
7905,10339,45632,cardiac mortality,mortality in icu,0.8687807,0.92212754,0.65539294
7906,21194,73799,early tumor stage,systemic immune inflammation index,0.8687744,0.85262966,0.9333532
7907,23624,45638,esophageal adenocarcinoma,mortality model,0.86876774,0.8952113,0.76299334
7908,31739,72649,hospitalization expenditure,surgical patients,0.86876214,0.9214322,0.65808177
7909,35015,47435,intensive care unit admission,neighborhood deprivation index,0.86875117,0.9037597,0.7287168
7910,11930,79268,charlson comorbidities,unicompartmental knee arthroplasty,0.8687481,0.8900975,0.7833504
7911,5212,64102,aortic stenosis,relative adrenal insufficiency,0.8687319,0.9656541,0.4810432
7912,60672,70609,prognostic analysis,staphylococcus aureus,0.8686993,0.85510296,0.9230846
7913,62493,66195,r1 margins,robotic-assisted gastrectomy,0.86869204,0.9079439,0.71168464
7914,2467,81432,adverse effects,vte risk assessment model,0.86868274,0.8955161,0.7613493
7915,23495,72956,epithelial-to-mesenchymal transition,surgical success,0.86866796,0.88556784,0.8010683
7916,19471,56732,discharge destination,post-discharge follow-up,0.8686628,0.8873074,0.794084
7917,36397,41881,intraoperative hypotension,major aortic surgery,0.86866176,0.929556,0.6250845
7918,22780,49239,endoscopic ultrasonography,novel scoring system,0.8686585,0.9337156,0.6084299
7919,10490,32024,cardiogenic shock,hunt and hess grade,0.8686552,0.8871796,0.7945577
7920,35660,63056,intestinal fistula,reactive oxygen species,0.8686348,0.9362254,0.5982724
7921,66690,81636,same-day discharge protocol,weight loss outcomes,0.86863077,0.85955626,0.90492857
7922,3596,75712,anastomotic leak,time-of-flight magnetic resonance angiography,0.86862063,0.9406977,0.5803124
7923,36416,39778,intraoperative lactate,liver metastasis,0.86861694,0.8444931,0.96511227
7924,15546,46465,congenital heart defects,multivariate cox regression analysis,0.8686116,0.8555038,0.9210427
7925,25731,57906,fistula formation,postoperative infection rates,0.8686087,0.93483925,0.6036866
7926,65096,66532,retrospective cohort study,sac size reduction,0.86860794,0.9184775,0.6691298
7927,27431,63687,gastroenteropancreatic neuroendocrine tumors,recurrent pancreatic ductal adenocarcinoma,0.86860293,0.93280274,0.61180353
7928,13208,38810,clinical decision-making,learning curve phases,0.8685988,0.8646313,0.8844687
7929,13061,64598,clavien-dindo grading system,resection margin involvement,0.8685958,0.87868994,0.828219
7930,30821,73215,high-risk candidates,survival benefit,0.8685663,0.93578386,0.59969574
7931,543,48785,7th ajcc staging,non-small-cell lung cancer,0.8685655,0.85808194,0.91049963
7932,21069,82210,early postoperative complications,zenker diverticulum,0.8685638,0.8913062,0.77759385
7933,11544,47156,central pancreatectomy,nationwide inpatient sample database,0.8685461,0.9160286,0.6786162
7934,53012,57391,patient outcomes,postoperative ankle-brachial index,0.8685369,0.87508667,0.8423376
7935,281,54723,30-day complications,peripheral blood neutrophil-to-lymphocyte ratio,0.8684987,0.8916565,0.7758675
7936,2122,2880,adjuvant radiotherapy,ajcc 8th edition,0.86849135,0.8709071,0.8588282
7937,10442,72588,cardiac surgical outcomes,surgical mitral valve replacement,0.8684802,0.9454691,0.56052476
7938,9892,68229,cancer cachexia,severely obese patients,0.868466,0.88113606,0.81778586
7939,8329,44993,bleeding risk,mitral valve reconstruction,0.8684657,0.8772193,0.8334512
7940,23240,72851,enterococcus species,surgical safety,0.8684644,0.8728616,0.85087526
7941,5554,45334,area under the curve,modified vancouver scar scale,0.86845374,0.8821048,0.8138491
7942,20243,76384,double-stapling anastomosis,totally laparoscopic total gastrectomy,0.86845183,0.9219207,0.65457624
7943,2664,79499,age groups,unsupervised machine learning,0.86844295,0.90229124,0.73304987
7944,10273,59740,cardiac death,preoperative risk assessment,0.8684346,0.8396586,0.9835386
7945,13995,25621,colectomy patients,financial toxicity,0.8684328,0.89921814,0.7452915
7946,21373,46586,ecog score,muscle-specific strength,0.8684076,0.8989807,0.74611515
7947,47211,52873,nausea and vomiting,patient anxiety,0.8684068,0.9310779,0.6177222
7948,10204,59631,carcinoembryonic antigen level,preoperative osteopenia,0.8684066,0.89982927,0.7427158
7949,13491,66577,clinical success,safety in surgery,0.868405,0.9239765,0.64611864
7950,18915,64436,diagnostic performance,repeat procedures,0.8683823,0.8971327,0.75338066
7951,254,79333,30 day death,univariate analysis,0.86837244,0.8766228,0.83537114
7952,43054,49362,median blood loss,number of lymph nodes removed,0.86836636,0.8877928,0.7906605
7953,27322,66171,gastric surgery,robotic total gastrectomy,0.8683602,0.9473242,0.55250394
7954,51131,72198,orthopaedic trauma patients,surgery-related complications,0.8683442,0.86145276,0.89590985
7955,27909,79509,genomic profiling,upfront surgery,0.86833644,0.95474756,0.52269197
7956,22866,81772,endothelial activation and stress index,white blood cell count,0.8683274,0.93523103,0.6007127
7957,13518,62483,clinical trial,r0 status,0.8683255,0.85498077,0.921704
7958,23630,46860,esophageal atresia,myotomy length,0.8683139,0.95769846,0.51077586
7959,31710,39840,hospital-level differences,liver transplant,0.86831206,0.86120564,0.8967375
7960,63028,72770,re-intervention risk,surgical repair,0.8683016,0.895641,0.7589435
7961,27694,72624,gender disparities,surgical options,0.86829525,0.9264419,0.63570863
7962,60720,75036,prognostic model,thoracic surgery database,0.8682952,0.86184996,0.894076
7963,23063,42618,endovascular treatment,matrix metalloproteinase-2,0.86827826,0.84132284,0.97609997
7964,10563,36294,cardiothoracic surgery,intraoperative communication,0.8682771,0.97118294,0.4566535
7965,15734,80406,continuous renal replacement therapy,vascular surgical patients,0.8682767,0.8493735,0.94388944
7966,32992,71464,immune checkpoint inhibitors,subcutaneous administration,0.8682716,0.91814077,0.66879475
7967,22004,50577,emergency admission,operation-related complications,0.86825734,0.85441667,0.9236198
7968,14180,18022,colon resection surgery,deep learning,0.8682545,0.9564209,0.5155887
7969,2504,79638,adverse outcomes,ureteral catheterization,0.86825126,0.8680072,0.8692276
7970,16191,34174,coronary artery bypass surgery,infection prevention measures,0.8682408,0.90845823,0.7073709
7971,10628,59450,cardiovascular outcomes,preoperative glomerular filtration rate,0.8682287,0.9239594,0.64530575
7972,29223,45149,hazard ratio,moderate pain,0.868214,0.84950036,0.94306844
7973,46306,80995,multiple imputation,video-assisted thoracic surgery,0.8682015,0.8542369,0.92405987
7974,38029,46284,laparoscopic cholecystectomy,multiplanar reconstruction,0.86818504,0.85229504,0.931745
7975,62338,68074,quality of life improvement,severe adverse events,0.86817205,0.84099764,0.9768698
7976,23022,25818,endovascular revascularization,flap reconstruction,0.8681542,0.841188,0.97601897
7977,35885,61426,intra-operative complications,proton pump inhibitor,0.8681539,0.8654129,0.8791181
7978,1398,53496,acute coronary syndrome,pediatric intensive care,0.86815315,0.9455984,0.55837214
7979,64186,73881,remote ischemic preconditioning,systemic vascular resistance,0.86814314,0.8904284,0.7790019
7980,46470,55575,multivariate logistic regression,pigtail catheters,0.8681345,0.9470404,0.55251086
7981,28978,60980,gvhd-free relapse-free survival,propensity score matching,0.86813235,0.97278214,0.44953322
7982,24652,57577,extubation time,postoperative cortisol levels,0.86811537,0.94940805,0.5429447
7983,46166,81119,multidisciplinary treatment,visceral adipose tissue area,0.868113,0.8755199,0.8384853
7984,21908,60721,elevated cea levels,prognostic models,0.86810493,0.90556496,0.71826494
7985,28251,53207,glucagon-like peptide-1 receptor agonists,patient-reported satisfaction,0.86810434,0.8925312,0.7703969
7986,3601,42411,anastomotic leakage,mapk pathway activation,0.8680998,0.9120236,0.6924045
7987,255,5783,30 day morbidity,artificial intelligence,0.86809576,0.86446154,0.8826323
7988,28710,74426,gram-negative bloodstream infection,technical success,0.86808634,0.8835035,0.8064176
7989,9413,41928,bronchial sleeve lobectomy,major complication,0.8680703,0.84664726,0.9537626
7990,19585,31745,disease recurrence,hospitalization impact,0.8680694,0.8506004,0.93794537
7991,16719,77789,creatinine clearance,tricuspid annulus plane systolic excursion,0.8680648,0.9314073,0.61469483
7992,41204,64886,lung metastasis,restenosis prediction,0.86805785,0.8807681,0.81721675
7993,26661,49583,functional decline,obesity and type 2 diabetes,0.8680389,0.9497384,0.54124075
7994,18016,58419,deep inferior epigastric perforator flap,postoperative textbook outcome,0.86803627,0.90757304,0.7098893
7995,17160,70866,cumulative risk,stent placement,0.86802876,0.90110636,0.73571837
7996,49241,65110,novel surgical technique,retrospective review,0.86798453,0.9491888,0.54316735
7997,5769,68422,arthroscopic techniques,short-term complications,0.8679837,0.9438093,0.5646812
7998,10936,60539,catheter malfunction,procedural success,0.867983,0.9504206,0.5382324
7999,54879,81456,periprosthetic joint infection,waist-hip ratio,0.8679785,0.8529227,0.9282016
8000,12728,73179,chronic total occlusion,surveillance practices,0.8679721,0.94035333,0.5784469
8001,12596,77846,chronic low-grade inflammation,triglyceride levels,0.86792874,0.9322414,0.6106782
8002,27431,78428,gastroenteropancreatic neuroendocrine tumors,tumor suppressor,0.8679252,0.88852084,0.78554267
8003,1641,56215,acute respiratory failure,polymicrobial infections,0.867924,0.8788229,0.82432806
8004,25176,27942,female patients,geographic variation,0.8678954,0.84246975,0.969598
8005,6851,21590,bariatric metabolic surgery,elderly individuals,0.8678874,0.86872494,0.86453694
8006,41157,58221,lung decortication,postoperative pulmonary embolism,0.8678693,0.95461905,0.5208705
8007,58942,74608,predictive factors for weight loss,tetralogy of fallot,0.86786616,0.8713415,0.8539648
8008,58966,78192,predictive nomogram,tumor immune status,0.86785626,0.9361779,0.5945696
8009,45251,76226,modified inflation-deflation method,total knee arthroplasty,0.86785364,0.8939571,0.76343966
8010,14911,40973,complete mesocolic excision,lower rectal adenocarcinoma,0.8678446,0.8638376,0.8838726
8011,23494,57217,epithelial-mesenchymal transition,posterior lumbar fusion,0.8678291,0.8614526,0.8933351
8012,16616,42426,cox proportional hazards regression,margin assessment,0.8678284,0.9518328,0.53181124
8013,21093,50828,early postoperative recurrence,optimal cutoff values,0.86782795,0.8704627,0.8572889
8014,55093,63884,peroral endoscopic myotomy,refractory gastroparesis,0.8678253,0.92341864,0.6454522
8015,19736,63088,distal femur fracture,readmission to hospital,0.86782014,0.9190629,0.662849
8016,31012,43657,hip fracture,metabolic pathways,0.8678111,0.91257465,0.6887565
8017,3292,34840,american society of anesthesiologists class,institutional surgical volume,0.86780804,0.8690322,0.86291134
8018,59641,73803,preoperative patient characteristics,systemic immune-inflammation index,0.8678063,0.8378959,0.98744804
8019,19353,80546,dilutional anemia,veno-arterial extracorporeal membrane oxygenation,0.86780584,0.95395947,0.5231915
8020,1675,72880,acute stroke,surgical site complications,0.86779165,0.8495626,0.940708
8021,7252,28481,best supportive care,grade 3 adverse events,0.8677641,0.88172174,0.8119336
8022,62479,68439,r0 resection rate,short-term patient outcomes,0.86775774,0.8485135,0.94473475
8023,57634,80577,postoperative delirium,venous complications,0.8677547,0.88353705,0.80462503
8024,45106,62922,mobilization time,randomized trial,0.8677507,0.91960496,0.66033363
8025,355,33964,30-day readmission,indirect bypass,0.86772734,0.912954,0.6868207
8026,12911,62502,cirrhotic patients,r1 surgery,0.86772335,0.87997776,0.8187057
8027,43681,55055,metabolic syndrome,permanent pacemaker implantation,0.867719,0.8355296,0.9964765
8028,31562,66849,hospital costs,scarless surgery,0.86771363,0.9202912,0.6574035
8029,7995,81010,biomarker predictive value,video-assisted thoracoscopic surgery,0.8676867,0.8594309,0.9007096
8030,60918,68108,prolonged length of stay,severe complication,0.8676838,0.83547884,0.99650383
8031,26640,29197,functional anastomosis,hartmann's reversal,0.8676832,0.9477607,0.5473731
8032,59607,66042,preoperative nomogram,robotic esophagectomy,0.86767143,0.9184165,0.6646911
8033,36273,47246,intraoperative blood transfusion,near-infrared fluorescence,0.86766416,0.8660864,0.8739752
8034,5899,69411,asian americans,smoking cessation,0.867663,0.88214123,0.8097502
8035,45657,78816,mortality risk adjustment,type b aortic dissection,0.8676589,0.90245867,0.72846
8036,41918,80644,major cardiovascular events,venous thromboembolic complications,0.8676485,0.8799409,0.8184787
8037,55739,75966,plasma circulating tumor dna,tnm classification,0.86764437,0.8968697,0.7507428
8038,27476,58078,gastrointestinal cancer surgery,postoperative neurological complications,0.8676342,0.8924661,0.76830626
8039,44854,76798,mismatch repair-deficient tumors,transcatheter arterial chemoembolization,0.86763334,0.87791216,0.82651776
8040,45728,65337,moyamoya disease,right gastroepiploic artery,0.86759734,0.9044335,0.7202527
8041,30287,30325,hepatocellular carcinoma,hepatocyte transplantation,0.86758524,0.9611216,0.49343985
8042,18751,59203,diabetic patients,preoperative anticoagulation,0.8675838,0.8960284,0.7538053
8043,32375,78055,iatrogenic complications,tumor burden,0.8675815,0.8994467,0.7401203
8044,30244,39697,hepatitis c virus cirrhosis,liver failure,0.86755407,0.96518075,0.4770472
8045,40459,54531,long-term prognosis,perioperative intraperitoneal chemotherapy,0.8675524,0.8443579,0.9603305
8046,22433,30863,endometrial cancer,high-risk lesions,0.8675483,0.94473946,0.5587835
8047,44725,68412,minimally invasive techniques,short-form health survey,0.8675427,0.84555036,0.9555118
8048,951,55965,abscess formation,platelet-to-albumin ratio,0.86754066,0.9319963,0.609718
8049,26487,66312,freedom from cardiac death,ross procedure,0.8675263,0.96013945,0.49707347
8050,24780,70348,failure to rescue,stage i-iiia lung cancer,0.8675256,0.87148213,0.8516995
8051,36637,60260,intrathecal morphine,primary outcomes,0.86749434,0.89853,0.7433515
8052,43606,71897,metabolic and bariatric surgery,superoxide dismutase,0.86747956,0.84330994,0.96415794
8053,18554,20933,desmoplastic reaction,early diagnosis,0.8674769,0.85943246,0.8996547
8054,23947,78791,eus-guided fine needle aspiration,type 2 diabetes mellitus,0.86747617,0.8860861,0.7930363
8055,28068,36261,giant hepatic haemangioma,intraoperative bleeding,0.8674742,0.8439902,0.96141
8056,36397,76074,intraoperative hypotension,total abdominal colectomy,0.8674731,0.83591694,0.9936978
8057,60539,71875,procedural success,superior mesenteric vessels,0.86747134,0.87980884,0.81812125
8058,28668,64380,graft survival rate,reoperation rate,0.86746913,0.8635912,0.8829809
8059,41433,66656,lymphatic recurrence,salvage esophagectomy,0.8674597,0.9433503,0.56389713
8060,48163,60258,new york heart association class iv,primary outcome,0.8674534,0.86367005,0.8825867
8061,72526,76589,surgical interventions,trainee participation,0.86745125,0.8621326,0.8887259
8062,26732,32144,functional outcomes,hyperdense artery sign,0.8674392,0.9543256,0.5198934
8063,64327,77824,renal support,tricuspid valve surgery,0.8674341,0.91851276,0.6631192
8064,28765,30287,granulosa cell apoptosis,hepatocellular carcinoma,0.86743283,0.98279047,0.406002
8065,29498,41015,healthcare utilization,lumbar disc herniation,0.86742896,0.9396283,0.57863134
8066,49493,54880,nutritional disorders,periprosthetic joint infections,0.8674281,0.89643556,0.75139815
8067,18016,41863,deep inferior epigastric perforator flap,major adverse events,0.8674191,0.8373911,0.98753124
8068,53012,57571,patient outcomes,postoperative congestive heart failure,0.8674127,0.84724045,0.9481014
8069,13527,72271,clinical trials,surgical best practices,0.8673978,0.90636283,0.7115374
8070,5564,53554,arginine biosynthesis,pediatric patients,0.8673717,0.8961971,0.75206983
8071,18751,36952,diabetic patients,invasive therapy,0.8673616,0.94249797,0.5668161
8072,37778,55420,knee prosthesis,physical activity,0.86735773,0.8828098,0.8055493
8073,39972,52679,local advanced rectal cancer,pathologic stage,0.86733186,0.8508049,0.9334394
8074,2143,9934,adjuvant treatments,cancer patients,0.8673241,0.8882909,0.7834567
8075,33476,63193,in-hospital complication rates,receiver operating characteristic analysis,0.86732006,0.8538406,0.92123777
8076,55093,76299,peroral endoscopic myotomy,total parenteral nutrition,0.8672794,0.85998863,0.89644265
8077,63207,67555,receiver operator characteristic curves,sequential organ failure assessment,0.86727566,0.96256196,0.48613042
8078,18283,36034,delayed liver function recovery,intracranial hemorrhage,0.86725646,0.8800851,0.81594175
8079,48411,74285,node negative disease,targeted therapy,0.8672559,0.9159553,0.6724583
8080,3099,55637,allogeneic hematopoietic stem cell transplantation,placental dysfunction,0.8672514,0.9139557,0.6804342
8081,511,71861,5-year survival rates,superior mesenteric artery margin,0.8672498,0.94104534,0.57206744
8082,1638,64814,acute respiratory distress,respiratory failure,0.8672339,0.9858337,0.39283448
8083,15152,59216,complication risk factors,preoperative assessment,0.86723167,0.87145424,0.8503413
8084,33499,75503,in-hospital mortality,thyroid function,0.86722875,0.8359632,0.9922908
8085,43747,58957,metachronous colorectal neoplasms,predictive model,0.8672205,0.8880291,0.78398615
8086,38806,47248,learning curve analysis,near-infrared fluorescence cholangiography,0.86722016,0.92312586,0.64359707
8087,9678,64121,ca 19-9,relative survival,0.86721164,0.83784205,0.98468995
8088,46151,52217,multidisciplinary team,pancreaticoduodenal resection,0.8671973,0.8712144,0.85112864
8089,49932,60742,oesophagogastric cancer,prognostic relevance,0.8671605,0.86629766,0.87061167
8090,66033,68758,robotic colorectal surgery,single incision laparoscopic surgery,0.8671581,0.8402858,0.9746473
8091,54572,70030,perioperative outcomes,spleen enlargement,0.86715394,0.89535207,0.7543615
8092,43067,72238,median follow-up,surgical aortic repair,0.8671222,0.89434785,0.7582195
8093,4643,25167,antibiotic consumption,female gender,0.86711496,0.9016152,0.7291137
8094,3888,70542,anesthetic time,standard of care,0.8671029,0.95728403,0.50637835
8095,14911,43771,complete mesocolic excision,metachronous ovarian metastases,0.86709785,0.85640913,0.9098526
8096,56850,71353,post-operative complications,structural valve degeneration,0.86706907,0.8444193,0.95766807
8097,59375,60722,preoperative detection,prognostic nomogram,0.86705947,0.9039868,0.71934986
8098,40013,56650,local failure,positive resection margins,0.8670525,0.8523983,0.92566943
8099,29743,67997,hematopoietic stem cell transplantation,serum total bilirubin,0.86703056,0.9345586,0.59691834
8100,48187,72994,new-onset organ failure,surgical techniques,0.8669938,0.8489247,0.9392701
8101,5783,11833,artificial intelligence,cervical esophagostomy,0.8669902,0.8497534,0.93593746
8102,42107,55202,male sex,personalized treatment strategies,0.86698854,0.8398583,0.9755096
8103,3292,22110,american society of anesthesiologists class,emergency repair,0.8669769,0.850566,0.9326204
8104,1554,60586,acute myocardial infarction,procedure-related death,0.8669633,0.8962972,0.74962765
8105,27682,66091,gemcitabine-based chemotherapy,robotic pancreaticoduodenectomy,0.8669614,0.84164494,0.96822727
8106,32721,45184,ileostomy formation,modifiable risk factors,0.86691713,0.8551621,0.9139373
8107,37669,71643,kidney function,subtotal cholecystectomy,0.8669002,0.84110785,0.97006947
8108,11908,75564,cha2ds2-vasc score,ticagrelor discontinuation,0.8668549,0.91258776,0.6839235
8109,8724,80540,body surface area,vena cava thrombus,0.8668248,0.8827197,0.80324537
8110,56340,77710,poor prognosis,treatment-emergent adverse events,0.86681336,0.8776616,0.82342017
8111,16631,60376,cox regression models,principal component analysis,0.8667921,0.9637441,0.4789837
8112,37247,41867,isolated distal dvt,major adverse limb events,0.8667672,0.90294975,0.72203696
8113,30843,67320,high-risk factors,self-expanding metal stents,0.86676264,0.9390456,0.5776307
8114,59395,77621,preoperative echocardiogram,treatment outcomes,0.8667347,0.8676214,0.8631876
8115,6488,65110,awakening time,retrospective review,0.8666754,0.95602936,0.5092593
8116,5822,70096,asa score,splenic vessels,0.86664885,0.8614663,0.88737893
8117,23157,36962,enhanced recovery after thoracic surgery,inverse probability of treatment weighting,0.86663455,0.9190498,0.65697336
8118,17141,66091,cumulative mortality rate,robotic pancreaticoduodenectomy,0.86661315,0.91348404,0.67912954
8119,19526,49886,discrimination power,odds ratios,0.86660963,0.9086865,0.69830215
8120,15609,27434,conscious sedation,gastroepiploic artery,0.86659396,0.88478637,0.79382414
8121,48679,81674,non-invasive method,weight regain,0.8665932,0.9562129,0.50811446
8122,12461,61100,chronic coronary syndrome,prophylactic treatment,0.8665879,0.85842633,0.89923424
8123,34829,77450,institutional case volume,trauma surgery,0.86655873,0.94735897,0.54335785
8124,26564,40459,frozen sections,long-term prognosis,0.86655813,0.8616224,0.88630116
8125,1495,38803,acute ischemic stroke,lean soft tissue,0.8665534,0.861621,0.886283
8126,41144,56471,lung capacity,portal hypertension,0.8665358,0.88849956,0.77868086
8127,60987,67719,propensity score overlap weighting,serum c-reactive protein,0.8665354,0.85428536,0.9155356
8128,42538,60078,matched cohort,primary angioplasty,0.86653465,0.8717271,0.84576476
8129,13479,63951,clinical stages,regional lymph node metastasis,0.866533,0.94400054,0.5566628
8130,800,51339,abdominal surgery,outpatient spine surgery,0.8665108,0.8516752,0.92585313
8131,34630,48347,inguinal hernia,no recurrence,0.86651,0.9098394,0.6931922
8132,6740,76098,balloon pulmonary angioplasty,total arch replacement,0.8665033,0.8405666,0.97025
8133,25370,62475,ferumoxytol-enhanced mri,r0 resection,0.8664993,0.9306449,0.60991687
8134,10203,46176,carcinoembryonic antigen,multidrug regimen,0.8664941,0.91837245,0.65898067
8135,2467,49127,adverse effects,norepinephrine application,0.8664939,0.8842318,0.79554194
8136,7184,59817,benign lesions,preoperative surgical planning,0.86648375,0.96167815,0.485706
8137,16798,67485,critically ill patients,sepsis occurrence,0.86647946,0.93972474,0.57349837
8138,16623,25183,cox regression,female recipients,0.86647713,0.88733596,0.78304183
8139,292,42369,30-day hospital readmission,manipulation under anesthesia,0.8664745,0.8963062,0.7471474
8140,42359,63666,mandibular reconstruction,recurrent laryngeal nerve palsy,0.86645246,0.8767089,0.82542664
8141,24948,67883,fasting plasma glucose,serum lactate levels,0.86644155,0.8809492,0.80841094
8142,18094,75982,deep wound infection,tobacco consumption,0.8664375,0.89541745,0.75051755
8143,34008,38186,indocyanine green fluorescence,laparoscopic management,0.8664294,0.8542233,0.91525376
8144,47806,74775,neuroendocrine liver metastases,therapeutic index,0.86641806,0.9015148,0.72603106
8145,38043,56849,laparoscopic colorectal cancer resection,post-operative complication rates,0.86640507,0.9510136,0.52797073
8146,2122,18874,adjuvant radiotherapy,diagnostic factors,0.8663862,0.8761105,0.82748884
8147,20692,58901,duration of intubation,prediction model,0.8663794,0.8594286,0.89418274
8148,18203,75986,degenerative mitral regurgitation,tobacco use,0.86637104,0.8408607,0.96841204
8149,70231,81428,ssi prevention,vte prophylaxis,0.86635983,0.9123675,0.6823288
8150,7508,45608,bile leakage,mortality benefit,0.8663559,0.8428044,0.96056175
8151,29785,59846,hemodialysis patients,preoperative transfusions,0.8663539,0.9248545,0.6323515
8152,40856,59742,lower extremity amputation,preoperative risk evaluation,0.8663529,0.95056814,0.5294919
8153,53528,69952,pediatric moyamoya disease,spinal cord ischemia,0.86632216,0.9491161,0.5351464
8154,21262,63805,eastern cooperative oncology group performance status,reduced renal function,0.86630744,0.93734175,0.5821701
8155,26759,45759,functional status,mri features,0.8663025,0.84315753,0.95888215
8156,19393,37533,direct bilirubin,kaplan-meier survival,0.86630017,0.87891996,0.8158209
8157,29838,40473,hemodynamic parameters,long-term results,0.8662935,0.8433752,0.9579665
8158,14464,63032,colorectal disease,re-operation rate,0.8662891,0.8653864,0.8698997
8159,26228,74285,food insecurity,targeted therapy,0.86628205,0.8398996,0.97181165
8160,29428,81770,health outcomes,white americans,0.86627936,0.95725286,0.5023853
8161,9999,55545,cancer-associated fibroblasts,pi3k/akt/mtor pathway,0.86627907,0.96464944,0.4727974
8162,7815,46172,biochemical recurrence,multidisciplinary tumor boards,0.86627275,0.97211343,0.44290996
8163,1382,35591,acute cholecystitis,interventional strategies,0.8662603,0.909881,0.6917775
8164,16684,23148,craniotomy for tumor resection,enhanced recovery after surgery,0.86626,0.8363357,0.985957
8165,2943,73835,albi grade,systemic inflammatory response,0.8662541,0.835954,0.9874542
8166,34239,43406,infective endocarditis,mendelian randomization analysis,0.86624885,0.88431185,0.7939968
8167,13994,22075,colectomy outcomes,emergency general surgery,0.8662483,0.8545343,0.913104
8168,39460,47525,limited life expectancy,neoadjuvant therapy,0.86624223,0.91325206,0.6782027
8169,16442,76397,cost comparison,tourniquet time,0.8662321,0.8657306,0.86823815
8170,10026,22961,cancer-specific survival,endovascular approaches,0.8662257,0.84596753,0.9472584
8171,34791,58104,inpatient recovery,postoperative opioid consumption,0.8662243,0.9146126,0.6726708
8172,30735,67738,high-grade patterns,serum carbohydrate antigen 19-9,0.8662143,0.95588505,0.50753117
8173,7879,66675,biologic mesh,salvage surgery,0.86620367,0.8459164,0.9473526
8174,20091,38265,dor fundoplication,laparoscopic repair,0.86618835,0.9706081,0.44850913
8175,2804,38180,air leakage,laparoscopic lymph node dissection,0.86618286,0.9171415,0.6623482
8176,31533,35789,hospital admission,intra-abdominal abscesses,0.86616004,0.8647624,0.87175053
8177,50641,78643,operative mortality rate,tumour stage,0.86613804,0.8732382,0.8377373
8178,50086,51970,oncologic surgery,pancreatic cancer resection,0.8661327,0.8730458,0.83848006
8179,34314,58171,inflamatory markers,postoperative period,0.86613184,0.84896374,0.934804
8180,58974,66977,predictive performance,screening programs,0.8661078,0.8516401,0.9239786
8181,2931,78705,alanine transaminase,two-dimensional shear wave elastography,0.8661062,0.9029119,0.7188832
8182,6726,73258,balloon expandable stent,survival rate,0.866073,0.92759216,0.61999655
8183,36566,66144,intraperitoneal free cancer cells,robotic surgery,0.8660664,0.8417178,0.96346074
8184,8157,69996,bipolar coagulation,spinal surgery,0.8660617,0.91399974,0.6743093
8185,36658,63193,intratumor heterogeneity,receiver operating characteristic analysis,0.8660525,0.88364935,0.7956651
8186,32999,78285,immune competence,tumor necrosis factor-alpha,0.8660516,0.9395748,0.571959
8187,15159,52863,complications after surgery,patient age,0.86604744,0.8474029,0.94062555
8188,58844,67955,prealbumin serum level,serum prealbumin,0.86603856,0.96017665,0.48948604
8189,62642,67047,radical esophagectomy,second-line chemotherapy,0.86603165,0.8723046,0.84093946
8190,24428,78093,extra-mural venous invasion,tumor control,0.8660101,0.959237,0.4931027
8191,5822,77439,asa score,trauma mechanism,0.86600196,0.9539882,0.51405704
8192,57992,81533,postoperative local recurrence,watch-and-wait approach,0.865991,0.95429045,0.5127932
8193,2139,2611,adjuvant treatment,age and sex,0.8659829,0.95716923,0.5012374
8194,72751,81143,surgical recovery,visceral fat index,0.8659743,0.9025419,0.7197039
8195,86,37657,120-day mortality,kidney disease,0.86597013,0.88230044,0.8006489
8196,31742,58226,hospitalization expenses,postoperative pulmonary infections,0.8659647,0.8759667,0.82595646
8197,11691,47582,cerebral infarction,neonatal congenital heart disease,0.8659642,0.8996328,0.7312898
8198,48299,68516,nitric oxide,sickle cell disease,0.865956,0.9062721,0.70469147
8199,40818,50499,low-volume centers,operating approach,0.8659384,0.8531779,0.9169804
8200,19664,74381,dissection speed,technical complications,0.8659328,0.9115211,0.6835797
8201,486,36188,5-year follow-up,intramural hematoma,0.86589897,0.8924575,0.7596649
8202,17413,46151,cyst formation,multidisciplinary team,0.8658806,0.97734773,0.4200122
8203,58168,69531,postoperative patients,socioeconomic deprivation,0.8658639,0.8387824,0.9741898
8204,8530,72735,blood transfusion rates,surgical quality outcomes,0.86585784,0.8998693,0.7298118
8205,43206,50238,medical comorbidity,open approach,0.8658552,0.85851794,0.8952041
8206,54175,65990,peri-operative factors,robot-assisted thoracic surgery,0.86583906,0.881567,0.80292726
8207,60194,73456,primary hepatolithiasis,symptom resolution,0.86583036,0.89325976,0.7561126
8208,45748,46279,mri assessment,multiparametric magnetic resonance imaging,0.8658167,0.9316978,0.6022924
8209,29,44637,1-year mortality,minimally invasive implantation,0.8657972,0.8897211,0.7701015
8210,37990,72056,laparoscopic adjustable gastric banding,surgeon variability,0.8657757,0.8708258,0.84557515
8211,10159,78254,carbohydrate antigen 19-9,tumor microenvironment characteristics,0.8657586,0.9259963,0.6248078
8212,62647,69039,radical hepatectomy,skeletal mass index,0.8657476,0.8989183,0.73306453
8213,26547,71855,frozen elephant trunk,superior mesenteric artery calcification,0.8657255,0.9595072,0.4905986
8214,46222,58016,multimodal analgesia,postoperative malnutrition,0.86571944,0.8427403,0.9576358
8215,13422,50393,clinical results,open revascularization,0.8656871,0.9328797,0.5969166
8216,2522,36161,adverse reactions,intralobar pulmonary sequestration,0.8656743,0.8962222,0.74348265
8217,78748,81215,two-team approach,visual analogue scale,0.86564946,0.86452466,0.87014854
8218,38236,73258,laparoscopic pyeloplasty,survival rate,0.86563843,0.8374727,0.9783014
8219,50282,56870,open esophagectomy,post-operative follow-up,0.86563224,0.8737822,0.8330321
8220,41460,67767,lymphocyte percentage,serum creatinine levels,0.86562645,0.87133205,0.84280413
8221,24799,71853,false lumen area,superior mesenteric artery,0.86562496,0.9674549,0.45830518
8222,23744,60977,esophageal resection,propensity score matched cohort,0.8656161,0.8647108,0.8692372
8223,37390,54122,japanese national clinical database,performance status,0.865605,0.8404059,0.96640146
8224,35181,49219,interhospital transfers,nosocomial infections,0.86558366,0.91106004,0.6836779
8225,239,63397,3-year disease-free survival,rectal neuroendocrine tumours,0.8655745,0.945616,0.54540855
8226,16612,75500,cox proportional hazards model,thyroid dysfunction,0.8655555,0.9011566,0.72315115
8227,10656,70102,cardiovascular surgery,spline regression analysis,0.86554277,0.8625454,0.87753224
8228,10058,62585,cannabis use,radiation dose,0.86552787,0.86740464,0.85802084
8229,60326,80649,primary surgical repair,venous thromboembolism,0.8654856,0.9013601,0.72198737
8230,27576,58643,gastrointestinal surgery,potassium levels,0.86546916,0.92236173,0.6378986
8231,6865,63752,bariatric surgeries,red blood cell transfusions,0.86546487,0.8696213,0.8488392
8232,47404,82028,negative outcomes,wound infections,0.8654533,0.88923043,0.7703448
8233,41834,78755,major adverse cardiac event,two-year outcomes,0.86545205,0.9600824,0.48693046
8234,20548,49528,duodenal bypass,nutritional risk index,0.86544997,0.9166404,0.66068816
8235,6926,26185,barrett's esophagus,follow-up study,0.8654493,0.9607556,0.48422426
8236,29785,42025,hemodialysis patients,major postoperative bleeding,0.86544824,0.93597746,0.5833313
8237,52586,54017,patency rates,percutaneous nephrolithotomy,0.86544734,0.8376994,0.976439
8238,1631,58937,acute renal failure,predictive factors for popf,0.86544347,0.84378403,0.95208114
8239,38841,60728,left atrial appendage closure,prognostic outcomes,0.86544126,0.8978896,0.7356477
8240,29444,54811,health status improvement,peripheral vascular disease,0.86543864,0.8673604,0.85775125
8241,37428,67409,jejunostomy complications,sensitivity and specificity,0.8654379,0.8450747,0.9468907
8242,39163,67171,length of hospitalization,sedation score,0.8654335,0.9226263,0.6366621
8243,49889,67760,odontogenic infections,serum creatinine,0.86541843,0.8581674,0.89442253
8244,43598,73816,metabolic acidosis,systemic inflammation markers,0.8653781,0.89234257,0.7575201
8245,21015,34763,early mobilization,inpatient colectomy,0.86537164,0.9078938,0.69528306
8246,25784,76222,five-year overall survival rate,total joint arthroplasty,0.8653676,0.836366,0.9813737
8247,319,30959,30-day mortality rate,higher asa scores,0.86536705,0.8665179,0.8607634
8248,11327,55420,cecum cancer,physical activity,0.86536205,0.8683731,0.8533176
8249,65824,73001,risk score,surgical thrombectomy,0.86534476,0.85425377,0.90970874
8250,13518,21388,clinical trial,economic model,0.8653435,0.8916951,0.75993717
8251,42451,54153,marginal bone loss,peri-implant health,0.8653401,0.9600333,0.48656747
8252,30009,48205,hepatic apoptosis,next-generation sequencing,0.8653274,0.9543941,0.5090607
8253,15257,62691,comprehensive complications index,radical total gastrectomy,0.8653189,0.9140813,0.6702693
8254,256,29998,30 day mortality,hepatectomy outcomes,0.8653091,0.8893328,0.76921415
8255,32704,52863,ileocolic resections,patient age,0.865276,0.8668116,0.85913354
8256,4512,74824,anti-inflammatory pathways,therapeutic targets,0.8652737,0.95742744,0.49665874
8257,24195,71521,expanded criteria for endoscopic resection,subgroup analysis,0.86523557,0.876082,0.82184976
8258,38021,59491,laparoscopic biopsy,preoperative imaging,0.86521983,0.89638495,0.7405595
8259,23593,64257,erythrocyte sedimentation rate,renal failure complications,0.8652152,0.87071115,0.8432314
8260,38093,72245,laparoscopic gastric bypass,surgical apgar score,0.86521316,0.8414434,0.9602918
8261,25167,59461,female gender,preoperative hba1c level,0.8651683,0.84356046,0.9515995
8262,3266,37749,american college of surgeons,klebsiella pneumoniae,0.8651583,0.86861485,0.85133225
8263,32724,39690,ileostomy reversal,liver dysfunction,0.86515427,0.83729863,0.9765767
8264,58968,71853,predictive nomograms,superior mesenteric artery,0.8651282,0.87911606,0.80917674
8265,52904,69957,patient compliance,spinal cord stimulation,0.8651145,0.91510934,0.6651351
8266,65811,69324,risk prediction model,small intestinal neuroendocrine tumor,0.8650998,0.86233264,0.87616813
8267,41833,73822,major adverse cardiac and cerebrovascular events,systemic inflammatory biomarkers,0.86508095,0.83734185,0.97603726
8268,39768,46414,liver mass,multivariable analysis,0.86506855,0.8716046,0.8389243
8269,18271,21505,delayed gastric conduit emptying,efficacy and safety,0.86505955,0.97821236,0.41244838
8270,48077,48472,neutrophil infiltration,nomogram prediction model,0.8650555,0.882737,0.7943297
8271,41791,70719,main duct intraductal papillary mucinous neoplasm,statistical significance,0.86504865,0.9306606,0.602601
8272,13426,50263,clinical risk factors,open colorectal surgery,0.8649976,0.84825635,0.9319628
8273,41350,66093,lymph node number,robotic pancreatoduodenectomy,0.8649912,0.8750303,0.82483464
8274,4976,75319,aorta-related deaths,thromboembolic complications,0.86493266,0.9258812,0.6211386
8275,510,79742,5-year survival rate,urinary continence recovery,0.86493015,0.84720415,0.9358339
8276,6814,72173,barcelona clinic liver cancer stage,surgery treatment,0.86490935,0.9489456,0.5287643
8277,38009,65689,laparoscopic approach,risk factors for pod,0.86489815,0.8360016,0.9804844
8278,16624,41946,cox regression analyses,major gastrointestinal surgery,0.86489165,0.85471046,0.9056164
8279,61680,78317,psychological distress,tumor progression,0.864888,0.8345353,0.98629886
8280,3227,68111,alveolar-pleural fistula,severe complications,0.86486894,0.8848247,0.7850458
8281,18663,76787,dexmedetomidine infusion,transcatheter aortic valve intervention,0.8648537,0.9537153,0.509407
8282,19987,71737,donation after circulatory death,sudden death,0.8648429,0.93231326,0.5949612
8283,28597,29591,graft failure,heart-kidney transplantation,0.864801,0.9619883,0.4760518
8284,1334,2725,acute aortic syndrome,age-related mortality,0.86479086,0.9139967,0.6679674
8285,12132,58808,chest tube output,pre-operative risk stratification,0.86478794,0.91543365,0.66220504
8286,31028,80654,hip replacement,venous thromboembolism prevention,0.8647819,0.94679946,0.5367119
8287,60232,71909,primary lung cancer,supervised machine learning,0.8647814,0.85018814,0.9231542
8288,37535,69665,kaplan-meier survival analysis,solid pulmonary nodules,0.8647616,0.9595971,0.4854194
8289,2351,3382,advanced malignancy,amputation rates,0.8647551,0.9180949,0.65139586
8290,21378,30286,economic benefits,hepatocellular cancer,0.86473966,0.97507143,0.42341247
8291,2435,63056,advanced-stage epithelial ovarian cancer,reactive oxygen species,0.86473346,0.9741751,0.42696697
8292,18915,64184,diagnostic performance,remote ischemic perconditioning,0.86471474,0.8543168,0.9063063
8293,16628,52696,cox regression model,pathologic tumor size,0.864708,0.84722334,0.93464667
8294,60965,72500,propensity matched analysis,surgical indications,0.8647053,0.8504923,0.9215573
8295,19180,76247,differentially expressed genes,total lung capacity,0.86469513,0.8768588,0.8160407
8296,6866,10883,bariatric surgery,cataract surgery outcomes,0.86466277,0.95214975,0.51471466
8297,46069,59416,multicenter trial,preoperative evaluation,0.86466193,0.8536591,0.90867317
8298,18091,52181,deep venous thrombosis,pancreatic thickness,0.86465085,0.83764946,0.9726562
8299,10396,48069,cardiac rupture,neutrophil extracellular traps,0.86464906,0.9543811,0.5057208
8300,722,30286,abdominal emergency surgery,hepatocellular cancer,0.86464864,0.981878,0.3957312
8301,46151,70523,multidisciplinary team,standard deviation,0.864642,0.858693,0.88843775
8302,4680,34422,antibiotic therapy duration,inflammatory cytokines,0.8646411,0.8961614,0.73855954
8303,34447,72716,inflammatory indices,surgical prognosis,0.86462617,0.8746519,0.82452315
8304,10742,40542,carotid intervention,longitudinal follow-up,0.8646259,0.9288354,0.6077877
8305,11396,42319,cell proliferation,mammalian target of rapamycin inhibitors,0.8646255,0.8965325,0.7369976
8306,1958,46414,adhesive obstruction,multivariable analysis,0.8646251,0.84059715,0.960737
8307,3003,57844,alcoholic cirrhosis,postoperative hospital stay,0.8646242,0.83350605,0.9890967
8308,40264,50665,logistic regression analysis,operative risks,0.8646109,0.8389924,0.9670847
8309,46463,65798,multivariate cox regression,risk of reoperation,0.86460894,0.87822413,0.8101482
8310,11526,51215,central macular thickness,osteogenic differentiation,0.8645963,0.8883812,0.7694565
8311,36261,37560,intraoperative bleeding,kasai hepatoportoenterostomy,0.86457705,0.8876708,0.77220213
8312,56798,72770,post-laparoscopic pain,surgical repair,0.8645586,0.8558914,0.89922726
8313,41351,73658,lymph node positivity,synchronous prostate cancer,0.8645308,0.8824024,0.79304415
8314,56892,79218,post-operative length of stay,underweight status,0.8645289,0.8895076,0.76461405
8315,16623,74204,cox regression,target lesion reintervention,0.8645267,0.93898267,0.5667027
8316,55087,58406,peroperative outcomes,postoperative symptoms,0.86452067,0.8409056,0.95898074
8317,2122,52364,adjuvant radiotherapy,parathyroid hormone levels,0.8645049,0.9109044,0.6789067
8318,11424,36899,cell-free dna,invasive cervical cancer,0.8645022,0.9624703,0.47262958
8319,19977,40194,domain adaptation,locally advanced rectal cancer,0.8644825,0.9468883,0.53485936
8320,67,51901,10-year survival,pancreas cancer,0.8644655,0.8608857,0.8787845
8321,64603,69608,resection margins,soft tissue reconstruction,0.8644637,0.8763544,0.8169006
8322,3343,29199,amount of bleeding,harvested lymph nodes,0.8644527,0.84992653,0.9225573
8323,3382,46448,amputation rates,multivariable regression models,0.86444855,0.883866,0.78677857
8324,37410,68263,jehovah's witness patients,sex disparities,0.86444426,0.8525813,0.91189593
8325,41361,72733,lymph node retrieval,surgical quality metrics,0.86441594,0.84191036,0.9544381
8326,14780,31552,comorbidity profile,hospital charges,0.864402,0.8854319,0.7802824
8327,3042,69707,alkaline phosphatase,solitary pulmonary nodules,0.8643953,0.9071591,0.6933402
8328,40044,61740,local recurrence,psychosocial consequences,0.86438847,0.9086475,0.6873524
8329,33182,52031,immunohistochemical staining,pancreatic ductal adenocarcinomas,0.86437637,0.9437362,0.54693687
8330,49698,66595,observational follow-up,safety profile,0.86436784,0.92001253,0.64178926
8331,16510,57112,coughing exercises,postanesthesia care unit,0.8643413,0.9807982,0.39851376
8332,23053,51761,endovascular therapy,pain intensity scores,0.86432993,0.8463436,0.9362753
8333,50679,67524,operative time,septal thickness,0.8643118,0.8871861,0.7728145
8334,14749,65319,comorbid conditions,right colectomy,0.8643044,0.84584475,0.93814296
8335,40390,71422,long-term follow-up,subclavian artery stenting,0.86429816,0.8913692,0.75601405
8336,2288,51996,advanced disease,pancreatic cysts,0.8642898,0.93704116,0.5732843
8337,7246,25043,best medical therapy,favorable recanalization,0.86427784,0.96930724,0.44416022
8338,36954,77846,invasive treatment,triglyceride levels,0.8642711,0.86888456,0.8458173
8339,11763,45721,cerebrospinal fluid,mouse model,0.8642615,0.910514,0.6792516
8340,41863,73668,major adverse events,syndrome of inappropriate antidiuretic hormone secretion,0.86426127,0.83916825,0.9646332
8341,6091,60976,atherosclerotic cardiovascular disease,propensity score matched analysis,0.8642554,0.901119,0.71680087
8342,655,62175,abdominal abscess,pure laparoscopic donor hepatectomy,0.8642384,0.86562425,0.85869473
8343,29131,51410,hand-assisted laparoscopic colectomy,overall complication rate,0.8642277,0.83893967,0.96537983
8344,4737,58760,anticoagulant therapy,pre-operative anemia,0.8642188,0.9007547,0.7180749
8345,9363,63667,brier score,recurrent laryngeal nerve paralysis,0.8641938,0.85401696,0.9049011
8346,19334,34948,digital subtraction angiography,insurance coverage,0.86419266,0.8498255,0.92166126
8347,44354,58367,microwave ablation,postoperative stress response,0.864187,0.8566581,0.89430255
8348,13068,58209,clavien-dindo scoring system,postoperative prophylaxis,0.8641784,0.9629564,0.46906614
8349,27295,49648,gastric remnant volume,obesity-related comorbidities,0.8641582,0.9072989,0.69159526
8350,33877,76968,independent predictors of mortality,transfemoral transcatheter aortic valve implantation,0.86415803,0.8700955,0.84040827
8351,35015,37780,intensive care unit admission,knee replacement,0.86415684,0.83365047,0.98618245
8352,16615,75187,cox proportional hazards models,three year survival,0.86415195,0.8669247,0.8530606
8353,16004,41816,conversion rate,maintenance therapy,0.8641262,0.86345327,0.86681765
8354,598,17246,90-day readmission,curative-intent treatment,0.86410844,0.83271074,0.98969907
8355,55904,57636,platelet count,postoperative desaturation,0.86410165,0.84541017,0.9388677
8356,60646,60709,prognosis comparison,prognostic impact,0.8640859,0.87681985,0.8131501
8357,27983,29428,geriatric co-management,health outcomes,0.8640664,0.93425226,0.583323
8358,22586,70266,endoscopic hemostasis,st-segment-elevation myocardial infarction,0.86404735,0.8914835,0.75430274
8359,36388,72351,intraoperative hemodynamics,surgical costs,0.86404437,0.87287724,0.8287129
8360,6692,47405,bailout procedure,negative predictive value,0.86402965,0.87064326,0.837575
8361,13245,19462,clinical features,disappearing liver metastases,0.8640238,0.90245706,0.71029073
8362,45036,72575,mixed neuroendocrine non-neuroendocrine neoplasms,surgical margins,0.8640161,0.89336926,0.74660367
8363,14485,68589,colorectal liver metastasis,signal-to-background ratio,0.8640097,0.981743,0.39307666
8364,5212,82015,aortic stenosis,wound healing questionnaire,0.86399287,0.85094064,0.9162017
8365,51568,68351,oxygen saturation,shock status,0.8639705,0.90323305,0.70692015
8366,14869,58435,complete clinical response,postoperative toxicity,0.8639553,0.95995116,0.4799718
8367,17648,80431,cytoreductive surgery,vascularization assessment,0.863949,0.9260163,0.6156798
8368,2138,53036,adjuvant transcatheter arterial chemoembolization,patient prognosis,0.86394477,0.854478,0.90181166
8369,43664,81835,metabolic profiling,whole-exome sequencing,0.8639416,0.9800292,0.39959103
8370,36361,66042,intraoperative fluid management,robotic esophagectomy,0.86390305,0.88453835,0.7813619
8371,61908,78497,pulmonary blastoma,tumor-associated macrophages,0.86388916,0.9676549,0.4488262
8372,19058,78508,diaphragmatic resection,tumor-free survival,0.86386055,0.8497018,0.9204954
8373,19471,81516,discharge destination,warfarin use,0.86385834,0.89855796,0.72505987
8374,1600,82149,acute postoperative complications,young age,0.86384696,0.89105374,0.75501984
8375,16045,50265,conversion to sternotomy,open conversion,0.86383754,0.8761958,0.8144045
8376,1530,43213,acute lower limb ischemia,medical costs,0.8638358,0.8828647,0.78772014
8377,44623,62055,minimally invasive esophagectomies,pulmonary resection,0.8638345,0.8814067,0.7935455
8378,595,78816,90-day postoperative morbidity,type b aortic dissection,0.8638288,0.88332576,0.7858408
8379,35628,63419,intestinal blood flow,rectal surgery,0.8638273,0.95749456,0.48915792
8380,10439,80995,cardiac surgical intensive care unit,video-assisted thoracic surgery,0.8638244,0.868157,0.8464937
8381,18080,68422,deep surgical-site infection,short-term complications,0.86382294,0.8508377,0.9157638
8382,18751,68394,diabetic patients,short- and long-term outcomes,0.86381,0.856026,0.8949458
8383,49,33863,1-year survival,independent predictor of mace,0.8637876,0.87181944,0.8316601
8384,29882,44404,hemoglobin levels,middle cerebral artery occlusion,0.86378014,0.85045195,0.917093
8385,40047,73852,local recurrence rate,systemic metastasis,0.8637712,0.8724362,0.8291111
8386,10045,32450,candida species,icu patients,0.86376524,0.90185183,0.7114186
8387,35964,74183,intracerebral hemorrhage,tapse/pasp ratio,0.86375684,0.90948486,0.68084466
8388,62636,65535,radical cystectomy,risk assessment and prediction tool,0.86375564,0.852606,0.90835416
8389,51292,63750,outcome predictors,red blood cell transfusion,0.86375535,0.8665321,0.8526484
8390,26732,71060,functional outcomes,stockholm stroke triage system,0.86373943,0.88410866,0.7822623
8391,5655,49743,arterial invasion,obstructive colorectal cancer,0.86373734,0.8625331,0.86855423
8392,36466,77461,intraoperative parameters,traumatic brain injury,0.86373717,0.92530644,0.61745995
8393,10406,79537,cardiac surgery,upper extremity lymphedema,0.8637292,0.8664632,0.85279304
8394,22893,60138,endothelial dysfunction,primary composite endpoint,0.86372095,0.9350586,0.5783705
8395,27337,56471,gastric tube reconstruction,portal hypertension,0.86371464,0.8344719,0.9806857
8396,30437,61435,hiatal surface area,proton pump inhibitors,0.8637073,0.97509766,0.41814598
8397,15644,59744,consolidation-tumor ratio,preoperative risk factors,0.86370534,0.86845803,0.84469426
8398,47243,81215,near-infrared camera,visual analogue scale,0.8636979,0.8678696,0.84701097
8399,44616,59610,minimally invasive distal gastrectomy,preoperative nutrition status,0.86369026,0.8873676,0.7689806
8400,38029,44085,laparoscopic cholecystectomy,microbial growth,0.8636866,0.9191854,0.64169145
8401,11908,80470,cha2ds2-vasc score,vasopressor dependency index,0.8636691,0.9611616,0.47369906
8402,8059,58017,bioprosthetic mitral valve,postoperative management,0.86365426,0.86787015,0.8467907
8403,13046,51983,clavien-dindo grade ii,pancreatic carcinoma,0.8636466,0.86471385,0.85937774
8404,35128,41255,intercostal space,lung transplantation,0.8636372,0.9354026,0.57657576
8405,15621,22766,conservative management,endoscopic thoracic sympathectomy,0.86362123,0.9017695,0.71102804
8406,13538,38493,clinical value,large vessel occlusion stroke,0.8636203,0.88521796,0.7772293
8407,17796,76226,data capture,total knee arthroplasty,0.8635821,0.97896886,0.4020349
8408,8857,25107,bone mineral density,fecal incontinence quality of life,0.8635727,0.8932337,0.74492884
8409,2254,67996,advanced age,serum total bile acid,0.8635508,0.9037573,0.70272464
8410,19476,38805,discharge instructions,learning curve,0.8635473,0.90423656,0.7007904
8411,980,80488,absolute risk reduction,vats lobectomy,0.8635452,0.83609784,0.97333467
8412,13245,37559,clinical features,kasabach-merritt syndrome,0.8635396,0.9009025,0.71408784
8413,51151,62300,orthotopic liver transplantation,quality improvement opportunities,0.8635353,0.86723113,0.8487519
8414,62660,74970,radical nephrectomy,thoracic epidural analgesia,0.8635079,0.8320003,0.98953843
8415,44782,69430,minor bleeding complications,smoking status,0.86347693,0.89883184,0.7220571
8416,12126,72431,chest tube drainage volume,surgical experience,0.8634678,0.9096756,0.67863685
8417,35812,39254,intra-abdominal infection,lesion size,0.86346644,0.83396137,0.98148674
8418,30010,41505,hepatic arterial chemoembolization,lymphovascular invasion,0.86346364,0.8413047,0.9520994
8419,19334,26075,digital subtraction angiography,focal liver lesions,0.8634598,0.85775113,0.8862945
8420,31888,38633,human development index,late mortality,0.8634533,0.8705721,0.8349782
8421,3587,64797,anastomotic fistula,respiratory comorbidities,0.86340433,0.9172834,0.6478879
8422,21779,81674,elective surgical activity,weight regain,0.8634021,0.84639096,0.9314468
8423,36968,73240,investigational device exemption,survival outcomes,0.8633934,0.9641895,0.46020895
8424,52411,80132,parent artery occlusion,vascular access,0.8633918,0.9132195,0.66408086
8425,19825,43780,distant metastases,metachronous tumors,0.8633886,0.881,0.792943
8426,22739,38508,endoscopic submucosal dissection,large-vessel occlusion,0.86338395,0.8344923,0.97895026
8427,21864,22088,electronic health record,emergency major abdominal surgery,0.863349,0.92759603,0.6063609
8428,48434,75126,node-positive disease,thoracoscopic esophagectomy,0.863345,0.8349887,0.9767701
8429,34184,61936,infection rates,pulmonary disease,0.8633088,0.8356439,0.9739683
8430,18554,72443,desmoplastic reaction,surgical failure,0.86330587,0.8598236,0.8772348
8431,43772,67740,metachronous peritoneal carcinomatosis,serum carcinoembryonic antigen,0.86328506,0.8608453,0.8730437
8432,11591,75130,central venous pressure,thoracoscopic ligation,0.8632754,0.9008915,0.712811
8433,17720,39163,da vinci robot,length of hospitalization,0.8632713,0.8403267,0.95504934
8434,12677,54415,chronic pulmonary disease,perioperative anxiety,0.86324465,0.8729335,0.8244891
8435,39058,48593,left ventricular mass index,non-elective surgery,0.8632288,0.91046506,0.6742837
8436,57621,61925,postoperative days,pulmonary complication,0.863186,0.8389417,0.9601633
8437,10988,47888,catheter-related bloodstream infection,neurological complications,0.8631841,0.8493345,0.91858244
8438,2134,47924,adjuvant therapy,neurological sequelae,0.86316496,0.8647544,0.8568071
8439,59984,74581,pretreatment neutrophil-to-lymphocyte ratio,tertiary lymphoid structures,0.8631504,0.8812742,0.7906549
8440,1353,36917,acute calculous cholecystitis,invasive intervention,0.863148,0.9340957,0.57935727
8441,40376,59856,long-term disease-free survival,preoperative tumor size,0.86313313,0.94414854,0.5390717
8442,6671,7325,bacterial vaginosis,bifidobacterium longum,0.8631166,0.9745685,0.41730922
8443,11773,51426,cerebrospinal fluid leakage,overall mortality rate,0.86309665,0.9159307,0.65176034
8444,12461,22095,chronic coronary syndrome,emergency operation,0.863083,0.83562154,0.9729288
8445,34004,81670,indocyanine green clearance,weight recurrence,0.8630825,0.89527893,0.7342966
8446,47799,56632,neuroendocrine carcinoma,positive nodes,0.86307526,0.8569976,0.8873857
8447,21489,39072,effective orifice area,left ventricular outflow tract pressure gradient,0.8630688,0.9783739,0.40184844
8448,1073,47857,accessory renal arteries,neurologic complications,0.86306804,0.8967147,0.72848135
8449,41594,68901,machine learning techniques,single-port video-assisted thoracoscopic surgery,0.8630649,0.87159175,0.8289571
8450,32198,45484,hypertension requiring medication,montreal cognitive assessment,0.86305547,0.94966906,0.51660085
8451,13030,59320,clavien-dindo complication grades,preoperative comorbidity,0.8630446,0.9243743,0.61772573
8452,31146,63321,histological complete resection rate,rectal adenocarcinoma,0.86304224,0.89273685,0.74426395
8453,497,46989,5-year overall survival,narrow gastric tube,0.8630244,0.84237224,0.94563305
8454,33857,42446,independent predictor,margin-to-tumor ratio,0.8630232,0.9242758,0.61801285
8455,13582,65726,clinically relevant popf,risk factors for surgical site infection,0.8630209,0.8612602,0.8700637
8456,62094,63056,pulmonary vascular remodeling,reactive oxygen species,0.86301434,0.92793924,0.6033147
8457,27517,60694,gastrointestinal hemorrhage,prognostic factor,0.8630022,0.8300704,0.9947292
8458,8524,66381,blood transfusion,roux-en-y stasis syndrome,0.8629988,0.83911604,0.9585298
8459,60327,73879,primary surgical resection,systemic treatment,0.8629776,0.9504281,0.51317537
8460,49531,74624,nutritional risk screening 2002,textbook outcome in liver surgery,0.8629646,0.8519105,0.90718085
8461,27011,46967,gamma-glutamyl transpeptidase-to-platelet ratio,naples prognostic score,0.86295766,0.94466776,0.5361172
8462,2727,37710,age-related prevalence,kidney transplantation,0.8629426,0.8859522,0.77090406
8463,21382,58386,economic costs,postoperative surgical site infection,0.8629243,0.8521864,0.90587586
8464,58041,75532,postoperative morbidity,thyroid-stimulating hormone suppression,0.8629013,0.9226487,0.62391126
8465,1414,37616,acute diverticulitis,ketorolac use,0.8629,0.88094366,0.7907254
8466,49882,58574,odds ratio,postprocedural infection,0.8628897,0.83447945,0.9765305
8467,41310,60747,lymph node assessment,prognostic risk score,0.86288244,0.8871639,0.7657566
8468,35089,56953,inter-rater agreement,post-pancreatectomy acute pancreatitis,0.862881,0.9464501,0.52860427
8469,20616,40600,duodenojejunal bypass,low anterior resection syndrome,0.8628733,0.85052246,0.9122766
8470,33476,54584,in-hospital complication rates,perioperative period,0.86286455,0.85990906,0.87468654
8471,35527,82172,interval metastases,younger patients,0.86283463,0.8796205,0.7956911
8472,24398,62789,external validation,radiological findings,0.86283386,0.8671287,0.8456544
8473,23236,49765,enterococcus faecalis,obstructive sleep apnea syndrome,0.8628185,0.91986907,0.6346159
8474,41393,68430,lymph nodes resected,short-term morbidity,0.8628116,0.8690676,0.83778757
8475,67589,73968,serological markers,t cells,0.86279786,0.9266834,0.6072553
8476,5558,70241,area under the roc curve,ssi risk factors,0.86279774,0.93609065,0.5696262
8477,239,78370,3-year disease-free survival,tumor rupture,0.8627942,0.8374763,0.96406573
8478,21254,33898,early-stage rectal cancer,independent risk factor,0.86279047,0.8337419,0.9789844
8479,35042,70585,intensive care unit stay,standardized protocols,0.8627774,0.8441309,0.93736356
8480,24454,50959,extracellular matrix,oral lichen planus,0.8627692,0.9775998,0.40344664
8481,1420,63032,acute exacerbation,re-operation rate,0.8627687,0.85150295,0.90783167
8482,17224,29471,curative surgery,healthcare cost savings,0.8627659,0.85314995,0.9012295
8483,15351,56098,computed tomography scans,pneumothorax detection,0.86275935,0.9577986,0.48260248
8484,35430,75033,international study group for pancreatic surgery,thoracic surgery,0.8627411,0.84798664,0.9217589
8485,43301,58144,medicare patients,postoperative pancreatic fistula,0.8627356,0.829055,0.9974579
8486,31643,36810,hospital region,intravenous thrombolysis,0.86270607,0.9214176,0.62785995
8487,50727,63077,opioid consumption,readmission prediction,0.86270577,0.83343464,0.9797901
8488,3661,52891,anatomic features,patient characteristics,0.86269516,0.91455376,0.6552607
8489,19841,57973,distant recurrence,postoperative length of hospital stay,0.86269486,0.8304573,0.9916447
8490,22433,62828,endometrial cancer,radiomic signatures,0.86267316,0.86693144,0.8456401
8491,2991,52883,alcohol use disorder,patient blood management program,0.8626712,0.9066062,0.6869309
8492,34489,64089,inflammatory proteins,relapse-free survival,0.8626698,0.9392453,0.55636793
8493,4836,34908,antimicrobial therapy,insulin treatment,0.862652,0.8769331,0.8055275
8494,21050,58746,early outcomes,pre-existing comorbidities,0.86262643,0.8747188,0.8142569
8495,72105,74608,surgery for lung cancer,tetralogy of fallot,0.8626165,0.8972351,0.72414184
8496,47588,65109,neonatal heart surgery,retrospective observational study,0.862613,0.90258276,0.702734
8497,65108,70866,retrospective observational cohort study,stent placement,0.86256003,0.8721985,0.8240058
8498,23148,74125,enhanced recovery after surgery,t4b esophageal cancer,0.8625471,0.86560994,0.8502956
8499,40141,77661,localized stage,treatment response,0.8625457,0.85122406,0.90783244
8500,26307,41124,former smokers,lung cancer resection,0.86252975,0.84293014,0.940928
8501,13658,46471,clock-drawing test,multivariate logistic regression analysis,0.8625173,0.94871205,0.5177382
8502,22279,62903,end-of-life care,randomized controlled study,0.8625072,0.91111517,0.6680753
8503,15640,62045,consolidation tumor ratio,pulmonary pleomorphic carcinoma,0.86250335,0.96520853,0.45168248
8504,26057,77680,foam sclerotherapy,treatment strategies,0.8624786,0.9117075,0.66556305
8505,60721,68550,prognostic models,siewert iii adenocarcinoma,0.86246026,0.87780744,0.8010715
8506,39732,63302,liver function tests,recovery outcomes,0.86245614,0.8930376,0.7401301
8507,18385,51741,demographic characteristics,pain catastrophizing scale,0.8624511,0.867147,0.8436669
8508,388,50369,30-day wound events,open radical cystectomy,0.8624462,0.86464417,0.85365427
8509,35964,47899,intracerebral hemorrhage,neurological disease,0.8624095,0.93554246,0.56987727
8510,36233,57474,intraoperative administration,postoperative c-reactive protein,0.8624078,0.87596434,0.80818135
8511,56898,67009,post-operative morbidity,seasonal variations,0.86239773,0.85017216,0.91129994
8512,44622,58051,minimally invasive enucleation,postoperative mortality rate,0.86236155,0.94491714,0.53213936
8513,6717,80716,balloon dilatation,ventilator-associated pneumonia,0.8623554,0.8550679,0.89150536
8514,15483,75975,cone beam computed tomography,tnm staging,0.8623415,0.9197029,0.63289607
8515,16191,67404,coronary artery bypass surgery,sensewear armband,0.8623397,0.93506247,0.57144845
8516,15783,69430,contralateral recurrence,smoking status,0.8623338,0.9025853,0.7013276
8517,28689,72827,graft-to-recipient weight ratio,surgical risk,0.86232656,0.85742307,0.8819404
8518,13365,61435,clinical practice variation,proton pump inhibitors,0.86232436,0.93228394,0.5824862
8519,39788,80649,liver oligometastasis,venous thromboembolism,0.86231995,0.83261377,0.9811445
8520,26955,65104,gallbladder perforation,retrospective investigation,0.8623173,0.96300405,0.4595703
8521,4982,53079,aortic anatomy,patient satisfaction,0.86230993,0.8588733,0.8760563
8522,56673,76785,positron emission tomography-computed tomography,transcatheter aortic valve implantation,0.8623073,0.83189625,0.98395133
8523,37140,40811,ischemic heart disease,low-risk surgery,0.86229455,0.85725886,0.88243735
8524,36129,77658,intrahepatic cholangiocarcinoma,treatment related complications,0.8622941,0.86354977,0.8572712
8525,29476,71127,healthcare expenditures,stone recurrence,0.8622801,0.92213506,0.62286025
8526,15255,49461,comprehensive complication index,nutrition intervention,0.86227804,0.8445077,0.9333593
8527,4940,59192,antiviral treatment,preoperative anemia,0.86226916,0.8575846,0.8810074
8528,46773,51620,myocardial injury,p2y12 reaction unit,0.86225605,0.8876085,0.7608462
8529,9640,48748,c-reactive protein-to-albumin ratio,non-operative treatment,0.862254,0.8370752,0.96296936
8530,8857,64600,bone mineral density,resection margin positivity,0.8622531,0.8725946,0.82088697
8531,53036,74818,patient prognosis,therapeutic success,0.8622454,0.8961876,0.72647625
8532,5273,45609,aortic valve stenosis,mortality causes,0.86223537,0.8847163,0.7723116
8533,2603,58225,age >60 years,postoperative pulmonary infection,0.8622224,0.9182251,0.63821125
8534,8537,71283,blood transfusions,stroke risk reduction,0.86220026,0.8690998,0.83460206
8535,57869,78222,postoperative hypoglycemia,tumor location,0.86218554,0.83473676,0.97198075
8536,56056,73818,pn category,systemic inflammation response index,0.86218536,0.86757636,0.8406212
8537,1641,77869,acute respiratory failure,triple valve surgery,0.8621811,0.8476454,0.920324
8538,14541,59888,colorectal surgery,preparation quality,0.862175,0.96412027,0.45439383
8539,37340,60501,izbicki pain score,procedural complications,0.86216366,0.8586999,0.8760188
8540,50100,78896,oncological long-term outcomes,tyrosine kinase inhibitor,0.86216336,0.9003458,0.7094336
8541,10644,41898,cardiovascular risk factors,major bleeding risk,0.86215085,0.8468738,0.923259
8542,23022,31453,endovascular revascularization,home oxygen therapy,0.8621486,0.8538082,0.8955101
8543,8279,72403,bland-altman analysis,surgical drainage,0.86212254,0.8508154,0.907351
8544,3495,9631,analgesic effects,c-reactive protein levels,0.8621105,0.9066031,0.6841401
8545,15316,76197,computed tomography angiograms,total hip arthroplasty,0.8620936,0.8657886,0.84731376
8546,50253,52184,open cholecystectomy,pancreatic transection,0.86208224,0.8633469,0.85702354
8547,42726,56649,mayo adhesive probability score,positive resection margin,0.862063,0.85556185,0.8880675
8548,51151,69625,orthotopic liver transplantation,solid component,0.862051,0.86369747,0.8554653
8549,6951,59685,barthel index,preoperative prediction,0.86199427,0.8354546,0.96815276
8550,28177,65424,global constructive work,right ventricular dysfunction,0.86199296,0.94645697,0.5241366
8551,44596,77047,minimally invasive approach,transfusion risk factors,0.86197364,0.848726,0.9149643
8552,540,29195,7-day mortality,hartmann's procedure,0.86196566,0.9063158,0.68456495
8553,41393,63438,lymph nodes resected,rectosigmoid cancer,0.8619629,0.85461336,0.891361
8554,14925,70921,complete occlusion,stent-graft implantation,0.86193305,0.9289163,0.5940003
8555,26732,40431,functional outcomes,long-term nutritional status,0.8619129,0.86563176,0.8470373
8556,41142,41401,lung cancer-specific survival,lymph-node involvement,0.8619096,0.8545338,0.8914128
8557,26547,32390,frozen elephant trunk,iatrogenic vascular injury,0.8618839,0.9500779,0.5091078
8558,41827,58346,major abdominal surgery,postoperative side effects,0.86186886,0.9169128,0.64169323
8559,43844,53290,metastasis sites,pd-l1 expression,0.8618535,0.90516055,0.68862534
8560,24940,42796,fasting glucose,mean body mass index,0.86183786,0.85909706,0.87280095
8561,4811,44078,antimicrobial activity,microbial diversity,0.86183655,0.9462395,0.5242248
8562,5180,80468,aortic repair,vasopressor administration,0.86183095,0.8959492,0.72535765
8563,48727,60720,non-muscle-invasive bladder cancer,prognostic model,0.86182487,0.8751591,0.8084877
8564,47402,60360,negative margins,primary tumor site,0.86180377,0.83709186,0.9606514
8565,20447,49518,dry mouth,nutritional parameters,0.8617951,0.9005273,0.7068664
8566,24292,47772,extended length of stay,neurocognitive disorder,0.8617735,0.89972574,0.70996433
8567,66433,73548,rural communities,symptomatic patients,0.86175966,0.8882703,0.75571686
8568,38333,41996,laparoscopic tme,major morbidity rate,0.8617329,0.8548226,0.889374
8569,21901,62231,elevated c-reactive protein,pyogenic liver abscess,0.8616992,0.8698589,0.8290605
8570,13384,45746,clinical profile,mri,0.86167544,0.89964825,0.7097841
8571,31828,46463,huge hepatocellular carcinoma,multivariate cox regression,0.861671,0.8326503,0.97775364
8572,34422,74160,inflammatory cytokines,talaromyces marneffei,0.86166495,0.9046283,0.68981165
8573,9631,42964,c-reactive protein levels,mechanical small bowel obstruction,0.86165714,0.88214725,0.7796967
8574,70401,81454,stage iii colorectal cancer,waist circumference,0.8616421,0.83159584,0.9818272
8575,8248,63089,black race,readmission to icu,0.86163646,0.87435234,0.81077266
8576,38105,72957,laparoscopic gastropexy,surgical success rate,0.86159503,0.9189265,0.63226914
8577,14662,72214,common bile duct injury,surgical accuracy,0.86159235,0.97026247,0.42691168
8578,10339,51551,cardiac mortality,oxygen consumption,0.86156934,0.9129859,0.6559029
8579,33477,44775,in-hospital complications,minor adverse events,0.8615688,0.86085945,0.86440605
8580,52863,58774,patient age,pre-operative comorbidities,0.86155236,0.86310416,0.855345
8581,4314,10607,anterior circulation occlusion,cardiovascular events,0.8615523,0.84795815,0.91592866
8582,39486,45184,linear regression,modifiable risk factors,0.8615458,0.8825137,0.777674
8583,27120,74759,gastric cancers,therapeutic efficacy,0.86151356,0.9350754,0.567266
8584,3296,58604,american society of anesthesiologists classification,postsurgical pain management,0.86150867,0.84789014,0.9159827
8585,55966,76412,platelet-to-lymphocyte ratio,toxicity management,0.86143816,0.8709505,0.8233886
8586,61111,75013,propofol anesthesia,thoracic paravertebral blockade,0.86143345,0.96240294,0.45755523
8587,39853,69202,liver transplantation,sleep-disordered breathing,0.86141366,0.82913464,0.9905296
8588,19594,77586,disease severity,treatment heterogeneity,0.8613971,0.8964744,0.7210878
8589,28562,48472,grade of tumor,nomogram prediction model,0.8613822,0.8387649,0.95185137
8590,23636,41957,esophageal cancer,major hepatic vein,0.8613762,0.83335376,0.9734659
8591,48069,80279,neutrophil extracellular traps,vascular integrity,0.86135566,0.957939,0.47502205
8592,18896,38599,diagnostic laparoscopy,late anastomotic leak,0.86134064,0.9057997,0.68350416
8593,19183,81201,differentially expressed metabolites,visual analog scale,0.8613211,0.8568644,0.8791478
8594,3163,69684,alpha-fetoprotein level,solitary colorectal liver metastasis,0.86131483,0.86121184,0.8617267
8595,1718,42999,acute type a aortic dissection,mechanical ventilation utilization,0.8613111,0.85538906,0.8849991
8596,16470,37978,cost reduction,laparoendoscopic single-site surgery,0.86130375,0.861071,0.8622349
8597,8552,28348,blood volume loss,glycated hemoglobin,0.8613008,0.86212605,0.8579998
8598,8537,71267,blood transfusions,stroke or death,0.8612398,0.8791928,0.7894276
8599,2955,47526,albumin level,neoadjuvant therapy response,0.8612369,0.8517508,0.8991811
8600,1448,68074,acute graft-versus-host disease,severe adverse events,0.8612264,0.9858606,0.36268958
8601,23624,78939,esophageal adenocarcinoma,ulcer size,0.86122215,0.85927117,0.8690257
8602,29866,58431,hemoglobin a1c,postoperative thrombotic complications,0.8612125,0.9012139,0.701207
8603,12647,25979,chronic pancreatitis,fluorescence detection,0.8611967,0.8787882,0.79083085
8604,59564,59676,preoperative markers,preoperative platelet-to-lymphocyte ratio,0.86118776,0.91707724,0.63762957
8605,1337,78935,acute appendicitis,ulcer presence,0.86114407,0.8675893,0.835363
8606,3678,37380,anatomic resection,japan esophageal society,0.86114025,0.87255985,0.8154617
8607,25725,61025,fistula closure rate,propensity-score matching,0.8611357,0.86449265,0.8477078
8608,47874,55069,neurologic outcome,permanent stroke,0.861125,0.95701385,0.4775694
8609,58135,58898,postoperative pain scores,prediction accuracy,0.8611207,0.8324986,0.9756092
8610,10532,77710,cardiopulmonary complications,treatment-emergent adverse events,0.8610778,0.89556235,0.7231392
8611,32459,66692,icu stay duration,same-day surgery,0.8610674,0.8501093,0.90489984
8612,67471,80964,separation surgery,video assisted thoracoscopic surgery,0.86106503,0.9326691,0.5746486
8613,36013,44503,intracranial atherosclerotic disease,mild symptoms,0.86106193,0.9196844,0.6265721
8614,12724,77537,chronic thromboembolic pulmonary hypertension,treatment crossover,0.8610438,0.89950544,0.7071972
8615,5878,78275,aseptic inflammation,tumor necrosis factor alpha,0.8610098,0.9197068,0.6262216
8616,15055,69952,complex evar,spinal cord ischemia,0.860986,0.9446851,0.5261895
8617,50266,66107,open conversion rate,robotic radical nephrectomy,0.8609735,0.93049985,0.5828679
8618,17946,59686,decision tree analysis,preoperative prediction model,0.8609733,0.8752806,0.8037438
8619,9843,57634,calf circumference reduction,postoperative delirium,0.86097205,0.8833344,0.77152246
8620,42978,72520,mechanical thrombectomy,surgical intervention delay,0.8609566,0.9106783,0.66206956
8621,16427,78970,cosmetic outcome,ultralow rectal cancer,0.86094826,0.941637,0.5381932
8622,33074,54230,immune responses,perianal surgery,0.8609482,0.9366535,0.55812675
8623,32655,70362,ileal conduit,stage ii colon cancer,0.86093366,0.83129805,0.97947603
8624,25348,45550,fentanyl consumption,morphine usage,0.86092424,0.97967404,0.38592473
8625,54280,63331,pericholecystic fluid,rectal cancer,0.8609212,0.8283374,0.9912565
8626,32280,64700,hypoplastic left heart syndrome,residual mr,0.8609142,0.93998116,0.5446462
8627,28393,39370,glycosylated hemoglobin,lifestyle modifications,0.86090946,0.8962018,0.71974
8628,4861,40959,antiplatelet agents,lower limb revascularization,0.860899,0.887708,0.7536629
8629,39840,53022,liver transplant,patient perspectives,0.86086416,0.83873147,0.94939506
8630,326,31779,30-day outcomes,hostile anatomy,0.86086094,0.90173304,0.69737256
8631,23386,68596,epidermal growth factor receptor mutation,signet ring cell carcinoma,0.8608593,0.8360933,0.959923
8632,54397,59571,perioperative adverse events,preoperative mechanical bowel preparation,0.8608488,0.9344348,0.5665049
8633,22661,62644,endoscopic prediction,radical gastrectomy,0.86081487,0.89706063,0.7158319
8634,42842,50430,mean operation time,open surgical repair,0.8607858,0.8375777,0.95361793
8635,4162,43210,ankle-brachial index,medical conditions,0.8607488,0.89751107,0.7136998
8636,17691,37533,d-dimer levels,kaplan-meier survival,0.86074126,0.8475973,0.9133168
8637,28960,47618,gut microbiota composition,neonatal sepsis,0.86074036,0.91902274,0.62761074
8638,15617,78084,conservative approach,tumor characteristics,0.8607179,0.85546994,0.8817097
8639,62219,66261,pyloric stenosis,roc curve,0.8607169,0.8467293,0.91666716
8640,61165,63079,prospective multicenter study,readmission rate,0.8607151,0.8437745,0.9284772
8641,3846,66135,anesthesia outcomes,robotic sleeve gastrectomy,0.86070156,0.9001252,0.7030071
8642,19611,55913,disease-free survival,platelet endothelial cell adhesion molecule-1,0.8606893,0.9741455,0.40686458
8643,8399,35367,blood flow,internal mammary artery,0.8606889,0.9504519,0.50163674
8644,53090,79832,patient selection,urologic procedures,0.86066055,0.84670675,0.91647553
8645,24485,31774,extracellular vesicles,host response,0.86065763,0.96048135,0.46136257
8646,50393,77429,open revascularization,trauma center,0.8606491,0.92408764,0.6068949
8647,5212,40877,aortic stenosis,lower extremity dvt,0.8606474,0.8459026,0.9196264
8648,598,14419,90-day readmission,colorectal cancer mortality,0.8606198,0.88161653,0.77663255
8649,39771,62773,liver metastasectomy,radiologic response,0.86059725,0.87466586,0.80432254
8650,6851,61329,bariatric metabolic surgery,protein breakdown,0.86059046,0.8713183,0.8176793
8651,29743,33217,hematopoietic stem cell transplantation,immunological mechanisms,0.8605818,0.94327277,0.529818
8652,15148,49223,complication rates,nosocomial transmission,0.8605631,0.8419284,0.93510187
8653,51391,81994,ovation abdominal stent graft system,wound healing,0.8605592,0.8594037,0.86518097
8654,57288,73818,posthospital syndrome,systemic inflammation response index,0.8605439,0.848704,0.9079036
8655,1052,40390,access success rate,long-term follow-up,0.8605144,0.87539595,0.800988
8656,20864,58965,early ampullary cancer,predictive models,0.8605128,0.8784362,0.78881913
8657,22986,63531,endovascular intervention,recurrence prediction model,0.86050653,0.8536717,0.8878456
8658,30073,40264,hepatic fat content,logistic regression analysis,0.86050177,0.8777256,0.7916063
8659,839,53825,abdominal wall thickness,peptic ulcer disease,0.8604971,0.8772462,0.79350096
8660,11381,54964,cell free dna,peritoneal metastasis,0.8604918,0.8725211,0.8123747
8661,15148,67939,complication rates,serum parathormone,0.86047757,0.84213847,0.93383384
8662,61940,79317,pulmonary dysfunction,uniport video-assisted thoracoscopic surgery,0.86044264,0.94912,0.5057333
8663,38519,50607,lars scale,operative complications,0.86043036,0.8839392,0.7663949
8664,37177,50048,ischemic time,on-pump coronary artery bypass grafting,0.8604213,0.8732535,0.8090923
8665,52057,60906,pancreatic fistulas,prolonged hospitalization,0.8604,0.8893936,0.74442565
8666,14241,71074,colonic perforation,stoma formation,0.86039186,0.84777087,0.91087574
8667,8523,75986,blood tests,tobacco use,0.8603885,0.864618,0.8434703
8668,69531,76777,socioeconomic deprivation,transcarotid artery revascularization,0.86037576,0.82746977,0.9919996
8669,23670,63744,esophageal endoscopic submucosal dissection,red blood cell count,0.86037236,0.92516875,0.60118675
8670,14594,43196,combined cardiac surgery,medicaid patients,0.86034715,0.87131274,0.8164846
8671,47862,80083,neurologic disorders,valvular surgery,0.8603422,0.90608966,0.67735225
8672,245,57824,3-year overall survival,postoperative hemoglobin levels,0.8603227,0.83998436,0.9416763
8673,5038,77627,aortic arch repair,treatment patterns,0.860317,0.83838326,0.9480518
8674,1719,66262,acute type a dissection,roc curve analysis,0.86031044,0.88461477,0.76309276
8675,42514,67668,massive hepatocellular carcinoma,serum albumin,0.86030304,0.8773132,0.7922624
8676,21864,81410,electronic health record,von willebrand disease,0.86030126,0.92095184,0.6176986
8677,9705,77556,cabg surgery,treatment effects,0.86027884,0.871393,0.8158223
8678,7411,81205,bilateral thoracic paravertebral block,visual analog scale pain scores,0.8602786,0.96680605,0.43416896
8679,43109,61143,median survival,prospective clinical trials,0.86027175,0.8874454,0.75157696
8680,20605,45494,duodenal ulceration,morbid obesity,0.8602349,0.95907557,0.464872
8681,37522,40608,kaplan-meier curve analysis,low body mass index,0.86023486,0.8760297,0.7970556
8682,6901,26421,bariatric-metabolic surgery,frailty screening,0.86021125,0.9074905,0.67109424
8683,2459,45451,adverse clinical outcomes,monocyte-lymphocyte ratio,0.86019623,0.840314,0.9397254
8684,22956,60137,endovascular aortic repair,primary composite end point,0.8601896,0.85915875,0.8643128
8685,51796,78704,pain relief,two-dimensional laparoscopy,0.86018455,0.8843401,0.7635622
8686,60258,72842,primary outcome,surgical risk reduction,0.86017215,0.90397084,0.68497735
8687,64880,72946,restaging magnetic resonance imaging,surgical strategy,0.8601711,0.9056135,0.6784013
8688,52637,73931,pathologic downstaging,t and n stage,0.8601661,0.93123573,0.57588726
8689,31016,57667,hip fracture patients,postoperative drainage volume,0.8601625,0.86550885,0.8387772
8690,26523,38841,fresh frozen plasma,left atrial appendage closure,0.86015505,0.8851334,0.7602417
8691,35694,52612,intestinal microbiome,pathogenic bacteria,0.8601405,0.95680916,0.47346604
8692,21165,76161,early stage hepatocellular carcinoma,total costs,0.86012065,0.86946994,0.8227235
8693,12691,74899,chronic renal insufficiency,thirty-day mortality,0.8601175,0.83556455,0.9583292
8694,16691,62380,crc incidence,quality-adjusted life years,0.8601121,0.9879481,0.34876806
8695,21033,71277,early neurological deterioration,stroke rates,0.8601048,0.9077908,0.66936064
8696,53693,53769,pelvic fractures,penetrating injuries,0.8600679,0.94493306,0.5206073
8697,28393,65524,glycosylated hemoglobin,risk adjustment,0.86006427,0.8356801,0.9576006
8698,8296,23844,bleeding amount,estimated intraoperative blood loss,0.8600457,0.9141954,0.6434467
8699,14955,53055,complete response,patient referrals,0.8600425,0.9109514,0.6564069
8700,13154,45643,clinical biomarkers,mortality outcomes,0.8600315,0.94530284,0.518946
8701,22499,61714,endoscopic bariatric therapies,psychological support,0.860027,0.9485841,0.5057988
8702,47581,69053,neonatal congenital diaphragmatic hernia,skeletal muscle index,0.86002576,0.9166301,0.6336084
8703,5806,70631,asa class 3,staple line leak,0.8600223,0.88801605,0.7480472
8704,39290,46325,leukocyte counts,multiple organ failure,0.860015,0.9405929,0.5377032
8705,70337,72254,stage i tumors,surgical approaches,0.8600118,0.8782426,0.78708863
8706,53158,72430,patient-derived xenografts,surgical excision,0.8600117,0.87451994,0.8019788
8707,31567,49607,hospital discharge,obesity measures,0.8600007,0.84224576,0.93102056
8708,79781,79789,urinary retention,urinary tract endometriosis,0.85997725,0.8755932,0.7975133
8709,19187,43719,differentially expressed proteins,metabolomic changes,0.85997415,0.9816248,0.37337145
8710,251,81150,3-year survival rate,visceral ischemia,0.859965,0.89182544,0.73252314
8711,22003,55434,emergency abdominal surgery,physical component score,0.85995424,0.8805669,0.7775036
8712,43073,63786,median hospital stay,redo surgical aortic valve replacement,0.859952,0.84735537,0.91033846
8713,36351,56506,intraoperative factors,portal vein invasion,0.85994065,0.83088976,0.976144
8714,21958,38370,elixhauser comorbidity score,laparoscopic-assisted colectomy,0.85993695,0.8668625,0.8322348
8715,15546,81688,congenital heart defects,weight-for-age z-score,0.85993665,0.92548347,0.5977494
8716,3050,39044,all-cause death,left ventricular end-systolic dimension,0.8599245,0.94329476,0.5264435
8717,47289,67573,neck radiation,serious complications,0.8599199,0.8997978,0.7004083
8718,48834,58909,non-target lesion revascularization,predictive accuracy,0.8599193,0.8657041,0.8367801
8719,54164,67858,peri-neural invasion,serum inflammatory markers,0.85991216,0.9637564,0.44453532
8720,13571,58908,clinically relevant complications,predictive ability,0.85990125,0.8581484,0.8669126
8721,580,33122,90-day mortality,immunochemical faecal occult blood test,0.85989994,0.8880615,0.74725366
8722,38317,67317,laparoscopic surgery,self-expanding device,0.85989696,0.85460865,0.88105017
8723,11653,48037,cerebral blood flow,neurovascular structures,0.85988414,0.98224705,0.3704324
8724,66690,72975,same-day discharge protocol,surgical technique,0.8598772,0.8319755,0.9714839
8725,22115,41091,emergency room visit,lung adenocarcinoma,0.8598672,0.83597404,0.9554396
8726,30286,48437,hepatocellular cancer,node-positive primary tumor,0.8598596,0.8940551,0.7230772
8727,13480,46334,clinical staging,multiple primary malignancies,0.85985196,0.9045947,0.6808808
8728,15383,74285,computer tomography,targeted therapy,0.8598398,0.9073475,0.66980904
8729,31565,80457,hospital death,vasoactive-inotropic scores,0.85983723,0.9256054,0.5967644
8730,6575,19783,back pain,distal radius fracture,0.8598292,0.94809145,0.5067802
8731,21704,65108,elective laparoscopic surgery,retrospective observational cohort study,0.8598202,0.93262714,0.56859213
8732,41505,67115,lymphovascular invasion,secondary prevention strategies,0.8598167,0.8690622,0.8228346
8733,27112,49603,gastric cancer surgery,obesity indexes,0.8598063,0.8476011,0.908627
8734,14913,49743,complete mesogastric excision,obstructive colorectal cancer,0.8597951,0.83851117,0.94493055
8735,40421,77824,long-term management,tricuspid valve surgery,0.859792,0.89637464,0.71346116
8736,67192,72058,seer-medicare data,surgeon volume,0.8597799,0.872882,0.8073714
8737,15973,70252,conventional revascularization,st segment elevation myocardial infarction,0.85975677,0.9404987,0.53678906
8738,11676,73001,cerebral embolism,surgical thrombectomy,0.8597531,0.9670106,0.43072283
8739,13739,60272,clot formation,primary percutaneous coronary intervention,0.85974765,0.9028846,0.6871999
8740,7213,49343,benign prostatic obstruction,number needed to treat,0.8597472,0.95066404,0.49607977
8741,28672,75418,graft thrombosis,thrombus burden,0.8597304,0.8537869,0.88350445
8742,42255,55987,malignant pleural effusion,pleomorphic carcinoma,0.8597175,0.92316556,0.605925
8743,37150,80047,ischemic mitral regurgitation,valve-in-valve transcatheter aortic valve implantation,0.8596883,0.9037072,0.68361235
8744,16602,74284,cox proportional hazard,targeted therapies,0.85968536,0.9046313,0.6799015
8745,13191,41136,clinical data,lung cancer survivors,0.8596608,0.88858944,0.7439462
8746,1546,43301,acute mesenteric ischemia,medicare patients,0.85965073,0.84037197,0.93676555
8747,9941,51947,cancer recurrence,pancreatic atrophy,0.8596455,0.88710195,0.7498196
8748,26256,48788,forced expiratory volume,non-smoker status,0.8596342,0.92411685,0.6017035
8749,70183,78041,spread through air space,tumor biology,0.8596268,0.8749956,0.79815173
8750,16853,73152,crossover trial,surveillance colonoscopy,0.85962564,0.94690996,0.5104881
8751,49575,58205,obese patients,postoperative progression,0.85961014,0.9082461,0.6650662
8752,18609,63079,device failure rate,readmission rate,0.8596054,0.9431203,0.5255454
8753,41750,53997,magnetic resonance cholangiopancreatography,percutaneous interventions,0.8596052,0.8446666,0.91935974
8754,30821,81674,high-risk candidates,weight regain,0.8595999,0.92587256,0.5945092
8755,36705,51270,intravascular ultrasound,otsc closure,0.859583,0.8883828,0.7443838
8756,570,58187,90-day hospital readmission,postoperative pleural effusion,0.8595708,0.93282586,0.5665504
8757,7801,54874,biochemical markers,periprosthetic fracture,0.859555,0.8337209,0.9628912
8758,30676,46105,high-fat foods,multidisciplinary approach,0.8595458,0.8823211,0.76844466
8759,14786,46386,comorbidity resolution,multiport sleeve gastrectomy,0.85954136,0.8902224,0.7368171
8760,29266,39772,hbv-related acute-on-chronic liver failure,liver metastases,0.8595386,0.9459598,0.5138537
8761,68035,70183,serum α-fetoprotein,spread through air space,0.8595171,0.9423289,0.52827
8762,47502,72571,neoadjuvant nivolumab,surgical margin positivity,0.85951084,0.9037892,0.6823972
8763,17210,69199,curative pancreatectomy,sleep quality,0.8595016,0.8468274,0.9101982
8764,64249,78789,renal dialysis,type 2 diabetes,0.8594908,0.8349233,0.9577609
8765,58324,66038,postoperative sepsis,robotic distal gastrectomy,0.8594901,0.8359511,0.9536459
8766,32441,61958,icu duration,pulmonary failure,0.85948664,0.93907136,0.54114753
8767,29083,42519,haemoglobin level,massive transfusion,0.859486,0.8826664,0.7667644
8768,3142,33099,alloreactive t cells,immune tolerance,0.859449,0.99325055,0.32424298
8769,34618,49882,infrarenal neck diameter,odds ratio,0.85944307,0.95201784,0.4891441
8770,19469,43609,discharge before noon,metabolic bariatric surgery,0.8594217,0.83460724,0.9586793
8771,13293,52497,clinical management,partial pancreaticoduodenectomy,0.8594105,0.91228575,0.6479095
8772,46308,49696,multiple lesions,observational cohort study,0.8593789,0.8851931,0.7561219
8773,5172,46552,aortic regurgitation,muscle mass assessment,0.8593784,0.86910784,0.82046056
8774,48470,76104,nomogram models,total arterial revascularization,0.85934496,0.85018605,0.8959807
8775,47143,65855,national surgery quality improvement program,risk-adjusted cumulative sum,0.8593379,0.9553096,0.4754512
8776,17704,40364,d1+ lymphadenectomy,long-term complications,0.8593292,0.85266006,0.8860056
8777,13208,32084,clinical decision-making,hybrid revascularisation,0.8593252,0.8694744,0.8187281
8778,7931,71101,biological therapy,stoma-free survival,0.8593152,0.92506003,0.5963359
8779,3913,65834,aneurysm occlusion rate,risk stratification,0.859312,0.8906476,0.7339694
8780,37662,72242,kidney disease: improving global outcomes,surgical aortic valve replacement,0.85930705,0.83146346,0.97068137
8781,2829,10607,airway complications,cardiovascular events,0.85930276,0.8402133,0.9356605
8782,65013,72782,retrocolic technique,surgical resection,0.85926545,0.8509422,0.89255834
8783,10296,63858,cardiac function,reflux symptoms,0.8592553,0.83614165,0.95171
8784,31376,79417,history of pulmonary embolism,unplanned surgery,0.85925174,0.9134156,0.642596
8785,393,62676,36-item short form health survey,radical resection,0.859246,0.8602146,0.85537153
8786,31171,54984,histological grading,peritoneal surface malignancies,0.85923845,0.87968385,0.77745664
8787,12696,75808,chronic rhinosinusitis,tissue engineering applications,0.8592181,0.9249009,0.59648687
8788,317,47621,30-day mortality,neonatal surgical repair,0.85921335,0.9365867,0.54972005
8789,36585,57912,intraperitoneal ropivacaine,postoperative inflammation,0.8591895,0.9655446,0.4337692
8790,16243,60675,coronary bypass surgery,prognostic benefit,0.8591788,0.87313277,0.8033626
8791,12630,16387,chronic obstructive pulmonary disease,cortical vein opacification score,0.85917336,0.873844,0.80049056
8792,7681,12630,biliary-enteric anastomosis,chronic obstructive pulmonary disease,0.8591704,0.8276519,0.9852443
8793,10014,79606,cancer-related fatigue,upper tract urothelial carcinoma,0.85916305,0.87241495,0.8061553
8794,10738,74404,carotid endarterectomy,technical modification,0.8591489,0.84008026,0.93542325
8795,12318,41064,choledochal cyst,lumen-apposing metal stent,0.85914224,0.8893628,0.7382598
8796,1105,18385,acellular dermal matrix,demographic characteristics,0.85912794,0.84168565,0.928897
8797,49512,54202,nutritional markers,periampullary carcinoma,0.8591277,0.8406859,0.9328948
8798,10331,80746,cardiac magnetic resonance,ventricular aneurysm,0.8591241,0.9731515,0.40301436
8799,57542,62247,postoperative cognitive dysfunction,qor-15 score,0.8591209,0.897871,0.7041204
8800,23207,35723,enteral nutrition,intestinal resections,0.8591046,0.91245705,0.6456947
8801,17263,47287,current smoking,neck of femur fracture,0.8590757,0.9100814,0.655053
8802,39558,41846,lipid-lowering therapy,major adverse cardiovascular and cerebrovascular event,0.8590719,0.95230746,0.4861295
8803,40892,72326,lower extremity ischemia,surgical complexity,0.85906243,0.8435762,0.9210074
8804,14514,45767,colorectal peritoneal metastases,mri radiomics features,0.8590425,0.93143415,0.56947577
8805,4250,57877,antegrade cerebral perfusion,postoperative hypoxemia,0.8590387,0.8610977,0.85080266
8806,7798,51151,biochemical leakage,orthotopic liver transplantation,0.85898256,0.8402805,0.9337908
8807,25153,38285,feeding tolerance,laparoscopic roux-en-y gastric bypass,0.8589533,0.9383754,0.5412648
8808,2967,78043,albumin-derived neutrophil-to-lymphocyte ratio,tumor biomarkers,0.85895157,0.9228565,0.6033316
8809,16317,68452,coronary revascularization,short-term safety,0.8589423,0.9046419,0.6761435
8810,10305,34217,cardiac hydatid cyst,infectious complications,0.85893834,0.8630225,0.8426016
8811,7665,38348,biliary tract injury,laparoscopic transcystic common bile duct exploration,0.85893315,0.98294395,0.3628898
8812,27885,79750,genitourinary complications,urinary dysfunction,0.8589323,0.9663399,0.42930177
8813,19740,35826,distal gastrectomy,intra-abdominal recurrence,0.85892487,0.87081385,0.81136894
8814,18941,63122,diagnostic sensitivity,real-time quantitative polymerase chain reaction,0.8589055,0.89929044,0.6973657
8815,4057,65110,angiographic occlusion rate,retrospective review,0.8588642,0.9769275,0.38661093
8816,18408,78158,dendritic cell maturation,tumor grade,0.8588114,0.8960537,0.7098421
8817,500,50085,5-year progression-free survival,oncologic safety,0.8587894,0.93485945,0.5545091
8818,30226,44492,hepatitis b virus,mild complications,0.85876906,0.8460775,0.9095351
8819,8061,10586,bioprosthetic mitral valve replacement,cardiovascular complications,0.85876876,0.9128405,0.6424818
8820,16004,46153,conversion rate,multidisciplinary team assessment,0.8587668,0.85809726,0.8614446
8821,25223,28597,femoral cannulation,graft failure,0.85874844,0.84703743,0.90559244
8822,27988,68430,geriatric hip fracture surgery,short-term morbidity,0.8587301,0.8498503,0.8942491
8823,9952,10026,cancer risk factors,cancer-specific survival,0.85870844,0.8429306,0.9218197
8824,45515,59342,morbidity reduction,preoperative counseling,0.85869753,0.8454257,0.9117849
8825,28794,59295,greater curvature,preoperative chemotherapy,0.85869735,0.8321489,0.964891
8826,34009,56488,indocyanine green fluorescence angiography,portal vein,0.85869586,0.94450563,0.5154567
8827,54167,75397,peri-operative blood transfusion,thrombotic complications,0.85868365,0.8774612,0.78357345
8828,23749,45027,esophageal squamous cell carcinoma,mixed lineage kinase domain-like,0.8586744,0.83928657,0.93622553
8829,10729,48097,carotid body tumors,neutrophil to lymphocyte ratio,0.85862446,0.82930064,0.97591954
8830,43058,54199,median disease-free survival,periampullary adenocarcinomas,0.85862285,0.90389,0.677554
8831,5792,64571,artificial neural network,resectable tumor,0.85861707,0.9185351,0.6189447
8832,3606,76329,anastomotic leaks,total retrieved lymph nodes,0.8586095,0.86667645,0.82634157
8833,22340,68826,endobronchial ultrasound-guided transbronchial needle aspiration,single-cell rna sequencing,0.85860103,0.8590257,0.8569022
8834,42017,63953,major pathological response,regional lymph node status,0.8586008,0.8914888,0.72704875
8835,5806,31016,asa class 3,hip fracture patients,0.8585971,0.8985895,0.6986274
8836,2404,47424,advanced stage disease,negative surgical margin,0.8585743,0.87511873,0.79239625
8837,27112,70656,gastric cancer surgery,stapler cartridges,0.8585693,0.84629685,0.9076593
8838,34212,72820,infectious causes,surgical revascularization,0.85856366,0.86266077,0.842175
8839,12121,47104,chest tube,national early warning score,0.8585392,0.9263265,0.58739
8840,16899,43378,cryptogenic liver disease,meld score,0.85853803,0.9226465,0.60210407
8841,41847,46804,major adverse cardiovascular and cerebrovascular events,myocardial perfusion imaging,0.8585255,0.9064081,0.6669953
8842,800,10207,abdominal surgery,carcinoembryonic antigen testing,0.8585248,0.9407483,0.5296308
8843,5180,22013,aortic repair,emergency cabg,0.85851747,0.91076297,0.6495354
8844,19849,42049,distant relapse-free survival,major surgical complications,0.8585041,0.86359745,0.8381308
8845,4903,57759,antithrombotic agents,postoperative follow-up,0.8584968,0.8359854,0.94854194
8846,507,72683,5-year survival,surgical practice changes,0.8584953,0.8535898,0.8781174
8847,16163,70254,coronary angiogram,st-elevated myocardial infarction,0.85848755,0.9538114,0.477192
8848,22301,81540,end-stage renal disease,watchman device,0.8584863,0.86973715,0.81348264
8849,6866,37704,bariatric surgery,kidney transplant outcome,0.8584744,0.9247294,0.5934541
8850,54769,60735,peripheral lymphocyte count,prognostic prediction,0.8584626,0.86118215,0.8475843
8851,60727,65096,prognostic outcome,retrospective cohort study,0.85842437,0.8323066,0.96289515
8852,27151,54658,gastric emptying,perioperative weight loss,0.85842186,0.96611804,0.4276371
8853,35537,54658,intervention group,perioperative weight loss,0.85838974,0.8851334,0.751415
8854,18732,51808,diabetic foot osteomyelitis,pain scores,0.8583811,0.8859412,0.7481406
8855,49045,57379,nonopioid pain medications,postoperative analgesic use,0.85835826,0.95245516,0.48197052
8856,55395,62980,photodynamic therapy,ras mutation,0.85834026,0.887382,0.7421736
8857,24551,57992,extrahepatic bile duct resection,postoperative local recurrence,0.85832846,0.88396114,0.75579756
8858,40862,77567,lower extremity arterial reconstruction,treatment failure,0.85828435,0.8644482,0.833629
8859,19334,37017,digital subtraction angiography,ipsilateral stroke rate,0.858273,0.93060803,0.5689329
8860,24940,37114,fasting glucose,ischemic cardiomyopathy,0.8582678,0.8401898,0.9305795
8861,51940,61661,pancreatic adenocarcinoma,psychological assessment,0.8582446,0.83107466,0.9669243
8862,13293,19140,clinical management,dietary patterns,0.85822195,0.8568934,0.8635359
8863,41863,64471,major adverse events,reperfusion status,0.8582146,0.8628313,0.83974767
8864,57386,71643,postoperative anastomotic stenosis,subtotal cholecystectomy,0.85820395,0.9116914,0.6442541
8865,561,2742,90-day complications,age-stratified analysis,0.8582022,0.8794282,0.7732981
8866,71928,78588,supportive care,tumour characteristics,0.8581961,0.85204965,0.8827817
8867,65756,69496,risk model,society of thoracic surgeons registry,0.8581882,0.8809946,0.7669625
8868,25386,45728,fetal outcomes,moyamoya disease,0.8581815,0.9153706,0.6294249
8869,26728,32465,functional outcome,icu survivors,0.85817546,0.8695116,0.8128308
8870,19878,35552,diverticular disease,intervention timing,0.8581643,0.9185553,0.61660033
8871,40390,65410,long-term follow-up,right ventricle to pulmonary artery shunt,0.85815704,0.8683592,0.81734836
8872,5794,17114,artificial neural networks,cumulative incidence function,0.85813975,0.9082731,0.65760624
8873,52831,54607,pathologically complete response,perioperative results,0.85813016,0.83369184,0.95588315
8874,25697,29622,first-line chemotherapy,heated intraoperative chemotherapy,0.8581245,0.9346192,0.55214554
8875,63535,70420,recurrence rate,stage iii-iv disease,0.85812145,0.8644294,0.8328897
8876,13632,17369,clinicopathological characteristics,cyclin a,0.85811883,0.9052248,0.6696949
8877,50297,56086,open heart surgery,pneumonia incidence,0.85807204,0.83561754,0.94788986
8878,11582,72825,central venous catheterization,surgical revisions,0.85806435,0.93754995,0.5401218
8879,16778,72761,critical limb ischemia,surgical rehabilitation,0.85806227,0.84760505,0.8998908
8880,3302,81475,american society of anesthesiologists status,waiting time for surgery,0.85805285,0.9040974,0.6738747
8881,5901,60733,asian patients,prognostic power,0.85805213,0.9098515,0.65085477
8882,54697,79857,peripheral artery obstructive disease,usual care,0.8580457,0.91522807,0.62931615
8883,58965,59649,predictive models,preoperative performance status,0.858045,0.825824,0.9869287
8884,31649,70262,hospital resource utilization,st-segment elevation mi,0.8580438,0.9154096,0.62858033
8885,52857,72877,patient activation,surgical site,0.85802823,0.89992785,0.69042975
8886,15210,43301,composite complications,medicare patients,0.85800266,0.8628107,0.8387706
8887,12864,82151,circulating tumor dna,young age risk factor,0.85799414,0.9230983,0.59757745
8888,23593,54591,erythrocyte sedimentation rate,perioperative predictors,0.857972,0.8516367,0.8833132
8889,31284,76565,histopathological analysis,traditional serrated adenoma,0.8579576,0.94921225,0.492939
8890,2239,38846,adults with congenital heart disease,left atrial appendage occlusion,0.8579563,0.890561,0.7275375
8891,3296,60947,american society of anesthesiologists classification,prolonged ventilator support,0.8579562,0.8700038,0.8097655
8892,49517,57621,nutritional outcomes,postoperative days,0.8579521,0.8259342,0.9860239
8893,3148,37032,alpha diversity,iron deficiency,0.857951,0.9716073,0.40332562
8894,8375,51766,blood conservation strategies,pain management,0.8579423,0.8405002,0.92771053
8895,3489,54602,analgesic consumption,perioperative rehabilitation,0.8578961,0.9685541,0.41526413
8896,47520,62490,neoadjuvant systemic chemotherapy,r1 margin,0.85787606,0.87653095,0.78325653
8897,1403,54397,acute debakey type i aortic dissection,perioperative adverse events,0.8578705,0.91711,0.62091243
8898,14912,79781,complete mesocolon excision,urinary retention,0.8578504,0.85339904,0.8756556
8899,58043,76693,postoperative morbidity rate,transanal endoscopic surgery,0.8578397,0.89688456,0.70166004
8900,41361,58036,lymph node retrieval,postoperative mobilization,0.85781777,0.82558465,0.98675007
8901,23835,55050,estimated blood loss,permanent neurological deficits,0.85781735,0.8734271,0.7953783
8902,2528,10592,adverse surgical events,cardiovascular disease,0.85781634,0.8337178,0.95421034
8903,73848,81583,systemic lupus erythematosus,wedge resection,0.85779583,0.8346216,0.95049244
8904,41329,71821,lymph node harvest,superficial site infection,0.8577854,0.8271473,0.98033786
8905,40268,72696,logistic regression models,surgical procedure comparison,0.857767,0.8877025,0.73802483
8906,28672,80325,graft thrombosis,vascular quality initiative database,0.85775846,0.94007945,0.52847445
8907,15148,18420,complication rates,dental abscess,0.8577421,0.85246426,0.878853
8908,74422,76260,technical skills assessment,total mesorectal excision,0.8577183,0.93350154,0.5545851
8909,16187,36564,coronary artery bypass grafting,intraperitoneal drainage,0.85770464,0.8237937,0.9933483
8910,31812,35219,hs-crp levels,interleukin 8,0.8576867,0.9200977,0.6080426
8911,10490,72363,cardiogenic shock,surgical data,0.8576784,0.83963245,0.92986226
8912,5038,51292,aortic arch repair,outcome predictors,0.8576779,0.9201481,0.607797
8913,52857,54462,patient activation,perioperative costs,0.85767245,0.91386,0.63292193
8914,32690,60258,ileoanal pouch surgery,primary outcome,0.85766727,0.88618374,0.7436012
8915,53326,80993,peak expiratory flow rate,video-assisted surgery,0.85765886,0.89892256,0.69260395
8916,48470,80550,nomogram models,veno-venous extracorporeal membrane oxygenation,0.8576432,0.8991195,0.6917377
8917,72590,77309,surgical modality,transsphenoidal surgery,0.8576357,0.94192946,0.5204605
8918,12412,61998,chronic alcohol abuse,pulmonary infection,0.8576219,0.8594884,0.8501558
8919,60671,78123,prognostic accuracy,tumor distribution,0.85761315,0.8774755,0.77816355
8920,31464,46480,homeostatic model assessment,multivariate regression analysis,0.85761,0.85449374,0.8700748
8921,30863,73180,high-risk lesions,surveillance program,0.857605,0.9530853,0.4756836
8922,16187,81775,coronary artery bypass grafting,white blood cell recovery,0.85758364,0.94895107,0.4921138
8923,31577,65976,hospital efficiency,robot-assisted radical prostatectomy,0.85756385,0.8757437,0.78484434
8924,43655,76289,metabolic outcomes,total operation time,0.857542,0.8777582,0.776677
8925,65803,78472,risk of surgery,tumor volume,0.85754097,0.933843,0.5523326
8926,58184,68826,postoperative plasma samples,single-cell rna sequencing,0.8575162,0.9586747,0.45288217
8927,6148,58930,atrial fibrillation burden,predictive factors,0.8575015,0.83173203,0.96057904
8928,2068,4168,adjusted odds ratio,ankylosing spondylitis disease activity score,0.8574789,0.92886275,0.57194364
8929,4875,29080,antiplatelet therapy,haemoglobin concentrations,0.8574656,0.8711854,0.8025863
8930,47266,68977,near-infrared spectroscopy,sinusoidal obstruction syndrome,0.85745764,0.8552426,0.86631763
8931,54493,56471,perioperative fluid therapy,portal hypertension,0.8574513,0.85717195,0.85856897
8932,55015,72975,perivalvular abscess,surgical technique,0.8574195,0.8497469,0.88810974
8933,18393,72933,demographic information,surgical staging,0.8574096,0.92358434,0.5927107
8934,46466,52733,multivariate cox regression model,pathological grading,0.8573898,0.93807214,0.53466046
8935,4659,67460,antibiotic prophylaxis,sentinel lymph node mapping,0.8573877,0.8614783,0.841025
8936,5901,57078,asian patients,post-transplant outcomes,0.8573877,0.8392136,0.930084
8937,3419,3575,anaesthesia techniques,anastomotic complications,0.8573847,0.8571658,0.85826
8938,57378,69950,postoperative analgesic requirements,spinal cord injury,0.85736907,0.91841966,0.6131667
8939,2416,46399,advanced t stage,multisite recurrence,0.8573681,0.89865345,0.6922266
8940,23324,31088,eosinophilic chronic rhinosinusitis,histologic diagnosis,0.85736287,0.94562966,0.5042956
8941,14527,49540,colorectal resection,nutritional status assessment,0.8573569,0.9092642,0.6497277
8942,41757,64468,magnetic resonance imaging,reperfusion pulmonary edema,0.8573519,0.855022,0.8666716
8943,13050,73822,clavien-dindo grade iii complications,systemic inflammatory biomarkers,0.8573471,0.8419225,0.91904527
8944,60710,73969,prognostic implications,t classification,0.8573469,0.8595277,0.84862363
8945,15148,51318,complication rates,outpatient colonoscopies,0.85733724,0.9420525,0.51847607
8946,13154,17992,clinical biomarkers,deep brain stimulation,0.85730773,0.9720649,0.39827883
8947,13357,78376,clinical practice guidelines,tumor shrinkage,0.85729825,0.8669032,0.81887853
8948,63331,79585,rectal cancer,upper hemi-sternotomy,0.85727453,0.82577944,0.9832548
8949,27322,43378,gastric surgery,meld score,0.8572639,0.8325046,0.9563014
8950,40364,53051,long-term complications,patient recovery,0.8572546,0.8308838,0.9627377
8951,2475,77756,adverse event rates,tri-staple technology,0.8572383,0.86406624,0.82992655
8952,5792,52154,artificial neural network,pancreatic solid pseudopapillary tumor,0.8572239,0.90683603,0.6587756
8953,43154,63353,mediastinal lymph nodes,rectal carcinoma,0.85721326,0.83552754,0.94395614
8954,7365,65156,bilateral internal mammary artery,revascularization procedure,0.85721284,0.92827547,0.57296216
8955,32280,47334,hypoplastic left heart syndrome,need for re-intervention,0.8572011,0.9319922,0.5580368
8956,36054,62834,intracranial neoplasm,radiomics model,0.8571968,0.89180076,0.71878093
8957,13005,65279,clavien classification,rib fractures,0.8571938,0.8697046,0.8071504
8958,62905,65968,randomized controlled trials,robot-assisted pancreatoduodenectomy,0.8571874,0.8494625,0.88808686
8959,33173,75677,immunohistochemical marker,time to recurrence,0.85718703,0.92274606,0.59495085
8960,30162,36878,hepatic resection,invasion front,0.8571705,0.85065514,0.883232
8961,29187,37785,harris hip score,knee society scores,0.85716707,0.98812765,0.3333247
8962,17236,67321,curative-intent hepatectomy,self-expanding metallic stent,0.8571635,0.84065384,0.92320204
8963,15863,33689,contrast-enhanced ultrasound,incidence rate,0.85715824,0.82612234,0.9813017
8964,5904,40526,asian race,longer hospital stay,0.85714835,0.9441811,0.50901735
8965,65159,80574,revascularization rates,venous clinical severity score,0.85712636,0.9084839,0.65169615
8966,43098,78756,median progression-free survival,two-year overall survival,0.85711527,0.8746781,0.7868638
8967,27308,57388,gastric sleeve surgery,postoperative anemia,0.85710865,0.9090759,0.6492394
8968,8098,46763,biopsy outcomes,myocardial infarction,0.8571029,0.88659275,0.73914313
8969,42034,48389,major pulmonary resections,nodal metastasis,0.8571026,0.8436122,0.9110642
8970,24562,42546,extrahepatic metastases,matched-pair analysis,0.8570968,0.8482143,0.89262664
8971,8668,65230,body composition indices,revision total knee arthroplasty,0.85706735,0.85797215,0.8534483
8972,53835,53897,per oral endoscopic myotomy,percentage total weight loss,0.85706425,0.9079182,0.6536483
8973,5557,68019,area under the receiver-operating characteristic curve,serum uric acid,0.8570595,0.9438011,0.5100929
8974,16036,62845,conversion to open surgery,radiotherapy costs,0.85705096,0.8606259,0.842751
8975,33501,57846,in-hospital mortality rates,postoperative hospital stays,0.8570435,0.84993047,0.8854955
8976,31216,62837,histological tumor regression grade,radiomics score,0.8570386,0.8888639,0.72973734
8977,327,77822,30-day overall complications,tricuspid valve repair,0.85702544,0.8432457,0.9121445
8978,26435,39528,free fatty acids,lipid levels,0.8570248,0.95226204,0.4760756
8979,27112,33999,gastric cancer surgery,individualized treatment strategy,0.8570001,0.87065613,0.8023758
8980,29084,51163,haemoglobin levels,osaka prognostic score,0.856997,0.93129367,0.5598103
8981,13327,24135,clinical outcome,exercise restriction,0.8569927,0.9297739,0.5658676
8982,1420,12590,acute exacerbation,chronic liver disease,0.8569812,0.8295621,0.96665746
8983,711,64732,abdominal distension,residual tumor,0.85696936,0.8655713,0.8225613
8984,40600,44580,low anterior resection syndrome,minimal-access surgery,0.8569347,0.88470554,0.74585146
8985,40265,60703,logistic regression model,prognostic factors for survival,0.8569306,0.830176,0.96394897
8986,12057,80795,chemotherapy resumption,ventriculoperitoneal shunt,0.8569221,0.91789234,0.6130409
8987,70672,72820,stat mortality categories,surgical revascularization,0.85692,0.93709767,0.5362092
8988,17312,62667,cutoff values,radical pancreaticoduodenectomy,0.85690707,0.84575266,0.9015247
8989,57822,75126,postoperative hemoglobin drop,thoracoscopic esophagectomy,0.8568505,0.83548576,0.94230944
8990,2149,18389,administrative databases,demographic factors,0.8568261,0.8669017,0.81652373
8991,33533,52889,in-stent restenosis,patient care improvement,0.85681045,0.8894268,0.72634494
8992,21629,62352,elective cases,quality of life scores,0.8568092,0.87079287,0.80087453
8993,15617,77142,conservative approach,transjugular intrahepatic portosystemic shunt,0.8567991,0.85870147,0.8491898
8994,780,50389,abdominal perineal resection,open resection,0.85679376,0.84906983,0.8876893
8995,3414,66267,anaerobic threshold,rockwood frailty score,0.8567665,0.8817304,0.756911
8996,38908,78232,left hemicolectomy,tumor margins,0.85674983,0.8687458,0.8087658
8997,10563,31715,cardiothoracic surgery,hospital-related costs,0.85674924,0.8674025,0.81413627
8998,37502,54179,juxtarenal aortic aneurysm,peri-operative mortality,0.8567462,0.8780014,0.7717256
8999,34754,61435,inotropic support duration,proton pump inhibitors,0.85673547,0.9199004,0.6040755
9000,36,33503,1-year overall survival,in-hospital myocardial infarction,0.8567233,0.8924915,0.7136503
9001,11782,47737,cerebrovascular disease,net survival,0.8567204,0.877235,0.77466196
9002,29246,34383,hba1c values,inflammatory bowel disease,0.8567194,0.87546074,0.78175384
9003,34744,57844,inotrope score,postoperative hospital stay,0.85671425,0.83912385,0.92707556
9004,24587,28563,extramural vascular invasion,grade ≥ 3 adverse events,0.856707,0.91458005,0.62521446
9005,9752,64256,calcific aortic valve stenosis,renal failure,0.85669374,0.96931446,0.4062108
9006,357,48480,30-day readmission rates,nomograms for survival prediction,0.85666275,0.8491732,0.88662076
9007,11011,43067,caudate lobectomy,median follow-up,0.85665774,0.8353589,0.94185287
9008,21746,74251,elective pci,target-lesion failure,0.85665464,0.9059254,0.65957165
9009,17709,64607,d2 lymphadenectomy,resection of primary lesion,0.85665405,0.8409917,0.9193034
9010,54651,66115,perioperative transfusions,robotic rectal cancer surgery,0.8566266,0.83741426,0.9334757
9011,33283,39806,immunosuppressive drugs,liver resection,0.85659605,0.87617904,0.77826405
9012,21116,37087,early recurrence,ischemia detection,0.85659313,0.87955695,0.76473767
9013,32662,32675,ileal interposition,ileal pouch-anal anastomosis,0.856586,0.88617444,0.73823196
9014,32919,38317,immediate hemostasis,laparoscopic surgery,0.8565809,0.84876764,0.8878338
9015,598,68199,90-day readmission,severe sarcopenia,0.8565557,0.8353278,0.9414674
9016,32171,58965,hyperperfusion syndrome,predictive models,0.85655296,0.84978694,0.8836172
9017,57345,58968,postoperative adjuvant transcatheter arterial chemoembolization,predictive nomograms,0.8565434,0.8857487,0.7397221
9018,19477,79791,discharge location,urinary tract infections,0.85651934,0.83802384,0.9305012
9019,6708,64048,balloon angioplasty,reimplantation timing,0.8565087,0.87724346,0.7735694
9020,6444,49882,avalus valve,odds ratio,0.8564996,0.85578305,0.85936576
9021,4061,65724,angiographic outcomes,risk factors for stroke,0.856493,0.8820819,0.7541373
9022,3165,32992,alpha-fetoprotein model,immune checkpoint inhibitors,0.85648745,0.84205437,0.91421956
9023,44026,61507,mfi-5 score,proximal femoral fracture,0.85648257,0.8712514,0.79740703
9024,13388,52952,clinical progression,patient factors,0.856461,0.8981433,0.68973184
9025,25780,54011,five-year follow-up,percutaneous mitral valve repair,0.8564586,0.95722044,0.45341137
9026,51352,60809,ovarian cancer,progression of disease,0.8564586,0.9123826,0.63276255
9027,13245,57578,clinical features,postoperative costs,0.856437,0.85075295,0.87917334
9028,245,35596,3-year overall survival,interventional therapy,0.8564303,0.8290776,0.965841
9029,8384,42095,blood culture positivity,male gender,0.85641,0.9100794,0.64173263
9030,16559,57621,covid-19 lockdown,postoperative days,0.8563961,0.8559462,0.85819566
9031,32045,38981,hybrid approach,left subclavian artery coverage,0.8563814,0.8744121,0.78425854
9032,43299,61925,medicare insurance,pulmonary complication,0.85635877,0.85109806,0.87740135
9033,3266,41011,american college of surgeons,lumbar degenerative disease,0.8563456,0.83243763,0.9519773
9034,54173,66024,peri-operative complications,robotic cardiac surgery,0.85634047,0.9080534,0.64948857
9035,13184,42150,clinical course,malignant biliary obstruction,0.8563311,0.85354817,0.86746275
9036,10923,73026,catheter dysfunction,surgical treatment,0.8563022,0.90907544,0.64520925
9037,21615,50223,elective aortic surgery,open aneurysm repair,0.8563001,0.91408706,0.62515223
9038,54090,67319,perforated diverticulitis,self-expanding metal stent,0.8562733,0.87235326,0.79195356
9039,3581,73900,anastomotic dilatation,systolic blood pressure,0.8562565,0.8677562,0.8102575
9040,14130,15333,colon cancer,computed tomography follow-up,0.8562536,0.84810215,0.8888592
9041,32018,81994,humoral response,wound healing,0.8562015,0.91790557,0.6093855
9042,46967,59283,naples prognostic score,preoperative cea level,0.85619915,0.8273924,0.9714262
9043,63518,80649,recurrence of mitral regurgitation,venous thromboembolism,0.8561946,0.8271979,0.97218126
9044,60967,65044,propensity matching,retrograde type a aortic dissection,0.85619104,0.92816186,0.56830776
9045,27601,27892,gastrointestinal tumors,genomic alterations,0.8561771,0.8570727,0.8525947
9046,27137,38400,gastric conduit reconstruction,laparoscopy-assisted gastrectomy,0.85617566,0.8346088,0.942443
9047,46433,55395,multivariable logistic regression,photodynamic therapy,0.8561541,0.8221297,0.99225134
9048,14404,21595,colorectal cancer control program,elderly patients,0.85615396,0.90642256,0.65507936
9049,50761,63464,opioid use,rectus femoris,0.85613894,0.87299263,0.78872406
9050,497,20973,5-year overall survival,early gastrointestinal cancer,0.8561287,0.936192,0.5358756
9051,30459,76708,high anterior resection,transanal surgery,0.856119,0.9551136,0.4601404
9052,12123,20490,chest tube drainage,dual-ring wound protector,0.856108,0.88920593,0.72371626
9053,74524,80747,temporary ventricular assist device,ventricular arrhythmia,0.8561025,0.91885984,0.6050734
9054,64625,64667,resection types,residual cancer,0.85609615,0.91271186,0.6296335
9055,26728,61368,functional outcome,protein-energy wasting,0.85608506,0.8683455,0.80704325
9056,39178,64828,length of stay,respiratory microbiome,0.85608476,0.93186295,0.5529719
9057,26958,47155,gallbladder polyps,nationwide inpatient sample,0.85608107,0.9242597,0.5833664
9058,23526,34422,"er,cr:ysgg laser",inflammatory cytokines,0.8560766,0.92586833,0.5769096
9059,26109,49528,folfirinox regimen,nutritional risk index,0.856075,0.85252964,0.8702564
9060,31667,36129,hospital stay reduction,intrahepatic cholangiocarcinoma,0.8560642,0.8222518,0.99131376
9061,13425,80778,clinical risk assessment,ventricular septal defect,0.8560557,0.9098179,0.64100677
9062,8998,81141,bowel continuity,visceral fat area,0.85605425,0.85550165,0.8582646
9063,4988,11782,aortic aneurysm surgery,cerebrovascular disease,0.85603935,0.9433394,0.5068391
9064,18272,34712,delayed gastric emptying,injury mechanisms,0.856037,0.860424,0.8384893
9065,64565,69057,resectable pancreatic ductal adenocarcinoma,skeletal muscle loss,0.8560272,0.8281464,0.9675502
9066,16407,72694,corticosteroid-refractory ulcerative colitis,surgical procedure,0.85600245,0.8841396,0.7434538
9067,33058,47509,immune response,neoadjuvant radiation therapy,0.85599554,0.92265624,0.5893526
9068,14435,48404,colorectal cancer resection,nodal upstaging,0.855985,0.8245615,0.9816789
9069,58051,76592,postoperative mortality rate,trainee surgeons,0.85596323,0.8842661,0.7427515
9070,72945,78518,surgical strategies,tumor-infiltrating lymphocytes,0.8559578,0.8225511,0.9895845
9071,25411,43067,fiberoptic bronchoscopy,median follow-up,0.8559515,0.8960737,0.6954625
9072,18168,77608,definitive surgical treatment,treatment modalities,0.8559304,0.9310711,0.55536735
9073,43654,81671,metabolic outcome,weight reduction,0.85591173,0.92153585,0.5934153
9074,20786,37520,dyslipidemia resolution,kaplan-meier analysis,0.8558788,0.8251158,0.9789305
9075,12567,47467,chronic kidney disease,neoadjuvant camrelizumab,0.85587263,0.82215697,0.9907354
9076,46445,75681,multivariable regression analysis,time to reperfusion,0.8558518,0.88652253,0.7331691
9077,1399,75614,acute coronary syndromes,time series analysis,0.8558431,0.9124219,0.6295282
9078,43104,65533,median sternotomy,risk analysis index score,0.8558401,0.83982265,0.9199096
9079,9027,61316,bowel ischemia,protective loop ileostomy,0.8558371,0.90227365,0.67009103
9080,52857,76303,patient activation,total pelvic exenteration,0.8558365,0.86227494,0.83008265
9081,65148,66593,revascularization events,safety outcomes,0.8558148,0.8654016,0.8174675
9082,14769,41889,comorbidity factors,major bleeding,0.85580724,0.8281246,0.96653795
9083,30373,42095,hereditary diffuse gastric cancer,male gender,0.8558072,0.89033043,0.7177141
9084,15874,23273,control group,environmental sustainability,0.85579354,0.89110154,0.7145613
9085,5568,63498,argon plasma coagulation,recurrence of appendicitis,0.85577,0.93407935,0.5425325
9086,25610,66689,financial costs,same-day discharge,0.85575855,0.8850463,0.73860735
9087,58930,72195,predictive factors,surgery-only treatment,0.8557452,0.83155745,0.9524962
9088,34850,43850,instrumental variable analysis,metastasis-free survival,0.85573834,0.83907646,0.9223858
9089,57428,64680,postoperative bile leakage,residual fragments,0.85571533,0.9428538,0.5071614
9090,21106,58361,early readmission rates,postoperative stay,0.85570323,0.862369,0.82904
9091,17648,56469,cytoreductive surgery,portal flow,0.85569537,0.8821513,0.7498714
9092,25602,81674,financial barriers,weight regain,0.8556804,0.95318484,0.4656626
9093,65987,80219,robot-assisted surgery,vascular disease,0.85567147,0.8325704,0.9480757
9094,8996,39697,bowel complications,liver failure,0.85567105,0.87387276,0.78286403
9095,20262,64564,downstaging rate,resectable pancreatic cancer,0.8556545,0.8568583,0.8508389
9096,13379,41241,clinical presentation,lung surgery,0.85563487,0.8307486,0.9551798
9097,155,48473,2-year overall survival,nomogram prediction models,0.8556205,0.896093,0.69373035
9098,7740,47951,binary logistic regression analysis,neuron-specific enolase,0.8556139,0.89979386,0.67889386
9099,55432,81670,physical changes,weight recurrence,0.8556017,0.96756876,0.4077336
9100,4679,81822,antibiotic therapy,whole exome sequencing,0.8555821,0.8631425,0.82534057
9101,39850,77238,liver transplant recipients,transplant rates,0.8555689,0.96879655,0.40265834
9102,43919,64240,metastatic organs,renal cell carcinoma,0.8555681,0.8972153,0.6889794
9103,63433,79781,recto-vaginal fistula,urinary retention,0.8555606,0.92704296,0.56963116
9104,7597,63592,biliary leakage,recurrent biliary pancreatitis,0.8555562,0.9261188,0.5733057
9105,34948,65821,insurance coverage,risk ratio,0.85555613,0.8512498,0.8727811
9106,36288,46483,intraoperative chemotherapy,multivariate survival analysis,0.85554945,0.9282954,0.5645657
9107,44581,60073,minimal-invasive surgery,primary anastomosis,0.85554886,0.83757645,0.9274383
9108,37764,37784,knee dislocation,knee society score,0.85553956,0.9762091,0.37286144
9109,43273,53978,medical treatment,percutaneous endovascular aneurysm repair,0.85553086,0.9059273,0.65394473
9110,80550,80706,veno-venous extracorporeal membrane oxygenation,ventilator support,0.8555262,0.8920275,0.7095208
9111,16610,68081,cox proportional hazards,severe aortic regurgitation,0.85551476,0.87498593,0.7776298
9112,19026,76188,diaphragm injury,total gastrectomy,0.8555038,0.88362944,0.7430009
9113,13307,56511,clinical model,portal vein occlusion,0.85550153,0.8654889,0.8155522
9114,24506,66296,extracorporeal membrane oxygenation,ropivacaine analgesia,0.8554992,0.8549994,0.8574983
9115,9165,58266,brain natriuretic peptide,postoperative red blood cell transfusion,0.8554886,0.906444,0.6516667
9116,2357,39099,advanced n stage,left-side colon cancer,0.85547984,0.90885353,0.64198476
9117,63321,64571,rectal adenocarcinoma,resectable tumor,0.85547185,0.8458787,0.8938442
9118,48786,69430,non-small-cell lung cancers,smoking status,0.8554691,0.96338254,0.42381516
9119,21323,82148,echocardiographic data,young adults,0.85546887,0.8609898,0.8333849
9120,2310,27321,advanced gastric cancer,gastric subtype,0.85544413,0.91997266,0.59733
9121,16339,37521,coronary surgery,kaplan-meier curve,0.85543716,0.90612364,0.6526912
9122,25185,58269,female sex,postoperative reflux esophagitis,0.85540503,0.8367183,0.93015194
9123,59538,79218,preoperative length of stay,underweight status,0.8554027,0.8855843,0.7346765
9124,31685,42747,hospital volume,mbsaqip database,0.8553995,0.82976884,0.9579221
9125,30792,49575,high-resolution colonic manometry,obese patients,0.8553972,0.88911813,0.7205136
9126,23046,80290,endovascular surgery,vascular malformations,0.85539544,0.9708327,0.3936464
9127,49539,53695,nutritional status,pelvic incidence,0.8553233,0.83493495,0.93687683
9128,54450,79333,perioperative clinical factors,univariate analysis,0.85531443,0.8714469,0.7907843
9129,21613,80028,elective aneurysm repair,valve replacement,0.8553107,0.92241114,0.58690876
9130,29529,67112,heart failure admission,secondary prevention,0.85525835,0.95794284,0.4445204
9131,52497,60714,partial pancreaticoduodenectomy,prognostic indicators,0.85524666,0.8480587,0.88399863
9132,41863,77788,major adverse events,tricuspid annulus dilatation,0.85524017,0.8641967,0.8194139
9133,68370,81282,short form of mini nutritional assessment,vitamin d levels,0.8552101,0.9093358,0.63870734
9134,16007,52180,conversion rate to open surgery,pancreatic texture,0.85518587,0.8299128,0.9562781
9135,36130,59294,intrahepatic cholangiocarcinomas,preoperative chemoradiotherapy,0.8551672,0.8456682,0.89316297
9136,33499,76695,in-hospital mortality,transanal excision,0.85515773,0.8199446,0.9960098
9137,70652,71103,stapled side-to-side anastomosis,stoma-related complications,0.85515547,0.89663845,0.6892235
9138,39163,45690,length of hospitalization,motivational interviewing,0.85514814,0.83801967,0.92366195
9139,10159,40971,carbohydrate antigen 19-9,lower overall survival,0.8551418,0.9257063,0.5728839
9140,50393,68746,open revascularization,single arterial grafts,0.8551398,0.9110156,0.63163626
9141,53181,66093,patient-related factors,robotic pancreatoduodenectomy,0.855139,0.8444135,0.8980409
9142,42978,78161,mechanical thrombectomy,tumor growth,0.855125,0.8225256,0.9855226
9143,10066,35014,cannulation complications,intensive care unit,0.8551246,0.96916527,0.39896196
9144,711,6019,abdominal distension,asymptomatic children,0.85511154,0.9610226,0.43146726
9145,40055,72999,local regrowth-free survival,surgical therapy,0.85510373,0.8935723,0.70122963
9146,33099,62717,immune tolerance,radiofrequency ablation,0.8550976,0.98625803,0.33045596
9147,45345,65534,molecular analysis,risk assessment,0.85507864,0.8379368,0.9236457
9148,59679,81454,preoperative pni,waist circumference,0.8550736,0.83391756,0.9396975
9149,319,26402,30-day mortality rate,frailty as risk factor,0.8550673,0.84111214,0.9108881
9150,2425,49531,advanced tumor stage,nutritional risk screening 2002,0.85505235,0.82348895,0.9813059
9151,67854,73814,serum inflammation markers,systemic inflammation index,0.8550522,0.9611897,0.430502
9152,22774,77686,endoscopic transpapillary gallbladder stenting,treatment success rate,0.85503256,0.9558347,0.45182392
9153,18204,42988,degenerative mitral valve disease,mechanical valve replacement,0.85503113,0.92551154,0.5731094
9154,3320,40169,amino acid metabolism,locally advanced gastric cancer,0.8549987,0.87161154,0.7885472
9155,3252,28809,ambulatory surgery,groin hernia repair,0.854998,0.9307215,0.5521039
9156,35582,41168,interventional pulmonology,lung function,0.8549815,0.95731866,0.4456326
9157,118,33849,18f-fdg pet-ct,independent factors,0.85497534,0.9175334,0.6047431
9158,31386,54572,hiv positive,perioperative outcomes,0.85497224,0.86441684,0.81719357
9159,53523,73548,pediatric management,symptomatic patients,0.85494286,0.91903716,0.5985656
9160,1267,59216,active infection,preoperative assessment,0.8549163,0.8835759,0.7402777
9161,48204,54651,next-day discharge,perioperative transfusions,0.854908,0.8586997,0.8397413
9162,20705,65399,duration of surgery,right upper quadrant pain,0.85490495,0.89029187,0.7133572
9163,18641,72313,device-related adverse events,surgical closure,0.8549025,0.89563805,0.69196004
9164,18714,34559,diabetes status,infrainguinal bypass grafting,0.8549014,0.95367116,0.4598221
9165,58998,70844,predictive tools,stent implantation,0.8548809,0.8693887,0.7968496
9166,50566,54785,operation duration,peripheral neuropathy,0.8548746,0.8700204,0.7942916
9167,21657,66765,elective coronary artery bypass grafting,sarcopenia index,0.85486645,0.8972137,0.68547714
9168,62475,64402,r0 resection,repair surgery,0.854865,0.8251841,0.9735885
9169,37119,60967,ischemic cerebrovascular events,propensity matching,0.8548644,0.8855347,0.73218316
9170,38126,79410,laparoscopic hepatectomy,unplanned return to operating room,0.8548565,0.82654566,0.9680998
9171,15450,56383,concurrent radiotherapy,poorly differentiated tumors,0.8548525,0.8656627,0.8116118
9172,10490,23893,cardiogenic shock,euglycemic diabetic ketoacidosis,0.85483813,0.82789433,0.9626132
9173,16563,73134,covid-19 pandemic,surgically resected patients,0.85483223,0.82750285,0.9641498
9174,50168,65257,one-year survival rate,rheumatic heart disease,0.8548127,0.8503172,0.8727947
9175,13899,58218,cognitive domains,postoperative pulmonary complications,0.85478944,0.854531,0.85582304
9176,24780,45623,failure to rescue,mortality follow-up,0.8547656,0.92466736,0.5751587
9177,2740,61608,age-standardized incidence,pseudomyxoma peritonei,0.8547641,0.8622544,0.8248029
9178,2142,73827,adjuvant treatment strategies,systemic inflammatory index,0.8547409,0.8923727,0.70421374
9179,7544,64431,biliary cancer,repeat liver resection,0.85473764,0.8715718,0.78740084
9180,36034,80817,intracranial hemorrhage,vertebral artery aneurysms,0.8547128,0.9726715,0.38287795
9181,12203,59336,child-turcotte-pugh score,preoperative contrast-enhanced computed tomography,0.8547111,0.92655754,0.5673253
9182,59601,59655,preoperative neutrophil-to-lymphocyte ratio,preoperative phase angle,0.8547046,0.8408119,0.91027534
9183,33480,37812,in-hospital death,korean patients,0.8546996,0.8345741,0.9352015
9184,8342,57824,bleeding volume,postoperative hemoglobin levels,0.85469013,0.96382374,0.4181557
9185,3034,64089,alk fusions,relapse-free survival,0.8546843,0.9298678,0.55395
9186,71589,77669,submucosal tumors,treatment responses,0.85467553,0.91050637,0.63135207
9187,2891,82181,ajcc staging system,ypn0 status,0.85466886,0.8795452,0.75516355
9188,40820,68893,low-volume hospital,single-port robotic surgery,0.85465616,0.9091292,0.6367639
9189,30843,73866,high-risk factors,systemic sepsis,0.8546549,0.86429876,0.81607944
9190,39535,58125,lipid metabolites,postoperative pain,0.8546527,0.8860169,0.7291957
9191,19585,54410,disease recurrence,perioperative antibiotics,0.8546434,0.82480085,0.97401345
9192,43269,67086,medical therapy,secondary intention,0.8546158,0.85792035,0.8413977
9193,16707,28114,creatine kinase,glasgow outcome scale,0.8546037,0.85612,0.84853846
9194,50253,57741,open cholecystectomy,postoperative feeding,0.85459644,0.881077,0.7486743
9195,14422,66438,colorectal cancer patients,rural hospitals,0.85457397,0.9294672,0.55500084
9196,24555,53554,extrahepatic biliary obstruction,pediatric patients,0.85457176,0.8354964,0.93087304
9197,46148,65969,multidisciplinary surgical approach,robot-assisted partial nephrectomy,0.85455847,0.9113226,0.62750196
9198,65650,79392,risk factors for ileus,unplanned intubation,0.8545427,0.8419656,0.904851
9199,53199,65835,patient-reported outcomes,risk stratification model,0.8545412,0.8198938,0.99313086
9200,14485,51787,colorectal liver metastasis,pain prediction,0.8545299,0.90905404,0.63643324
9201,17197,30972,curative intent surgery,higher-volume hospitals,0.8545249,0.8611775,0.8279144
9202,9037,78914,bowel obstruction,uc-related surgery,0.85451305,0.867854,0.80114937
9203,38285,72681,laparoscopic roux-en-y gastric bypass,surgical postoperative complications,0.8545022,0.83951545,0.91444916
9204,20704,26984,duration of stay,gallstone pancreatitis,0.8544911,0.8280731,0.96016324
9205,27427,36268,gastroenteropancreatic neuroendocrine carcinoma,intraoperative blood loss,0.8544851,0.8204104,0.9907838
9206,4738,35039,anticoagulant treatment,intensive care unit readmission,0.8544811,0.90397716,0.6564969
9207,30547,42027,high pathological grade,major postoperative complications,0.85446393,0.83200294,0.9443077
9208,54875,59625,periprosthetic fractures,preoperative optimization,0.85446,0.8485887,0.8779452
9209,33825,66432,incremental cost-effectiveness ratio,rural areas,0.8544461,0.94456565,0.49396795
9210,49975,64332,older age,renal transplant,0.8544416,0.925212,0.57135975
9211,13027,32689,clavien-dindo complication,ileoanal pouch anastomosis,0.8544323,0.92359316,0.5777887
9212,27069,41451,gastric banding,lymphocyte count,0.8544133,0.8222044,0.9832487
9213,2391,11596,advanced rectal cancer,central vessel ligation,0.85441196,0.85937995,0.83453965
9214,280,57210,30-day complication rates,posterior instrumented fusion,0.854408,0.92115325,0.58742696
9215,1681,40264,acute stroke treatment,logistic regression analysis,0.8544063,0.87120914,0.7871949
9216,40161,73930,locally advanced esophageal cancer,t and n categories,0.8544022,0.8527648,0.86095196
9217,21231,40477,early-stage disease,long-term safety,0.854401,0.8468008,0.8848018
9218,52781,58974,pathological scarring,predictive performance,0.8543903,0.9437737,0.49685678
9219,30055,62467,hepatic decompensation,r0 liver resection,0.8543867,0.8895481,0.71374094
9220,12655,54811,chronic periprosthetic joint infection,peripheral vascular disease,0.8543816,0.87940025,0.7543069
9221,41834,46051,major adverse cardiac event,multicenter data,0.8543631,0.9514832,0.46588284
9222,8666,34938,body composition changes,insulin-treated type 2 diabetes,0.85434896,0.8829182,0.74007213
9223,14525,47136,colorectal procedures,national quality improvement,0.85433376,0.9397058,0.5128455
9224,57992,67028,postoperative local recurrence,second primary lung cancer,0.85432214,0.9138722,0.616122
9225,28118,77540,glasgow prognostic score,treatment decision,0.8543082,0.85368854,0.85678655
9226,52637,63563,pathologic downstaging,recurrence-free survival rate,0.8543021,0.83317894,0.9387947
9227,57848,58227,postoperative hospitalization,postoperative pulmonary morbidity,0.8543019,0.8904568,0.7096823
9228,38534,62717,laryngeal mask anesthesia,radiofrequency ablation,0.8542877,0.8606431,0.828866
9229,13083,58282,clear cell renal cell carcinoma,postoperative renal failure,0.85426825,0.84799016,0.87938064
9230,12479,78810,chronic diseases,type a aortic dissection,0.85425276,0.83169425,0.94448674
9231,44682,56456,minimally invasive procedures,port-site infection,0.8542172,0.87113494,0.7865461
9232,26397,31699,frail older adults,hospital-acquired pneumonia,0.854212,0.9034031,0.6574475
9233,17691,68501,d-dimer levels,shunt surgery,0.85420054,0.9182245,0.5981046
9234,54,24995,1-year weight loss,fat-free mass index,0.8541764,0.9106615,0.62823594
9235,51782,81206,pain numerical rating scale,visual analog scale score,0.85417485,0.9663544,0.4054564
9236,58926,63313,predictive efficiency,recovery time,0.8541728,0.880713,0.7480122
9237,9624,49036,c-reactive protein,nonneoplastic polyps,0.8541496,0.9354678,0.5288767
9238,60810,67542,progression rate,septic shock,0.8541441,0.857216,0.8418562
9239,745,13049,abdominal infection,clavien-dindo grade iii complication,0.85414153,0.9048753,0.6512063
9240,6026,73482,asymptomatic disease,symptomatic carotid stenosis,0.8541238,0.9408864,0.50707334
9241,54511,65720,perioperative hypotension,risk factors for ssi,0.8541162,0.87635255,0.7651709
9242,20697,38168,duration of operation,laparoscopic left pancreatectomy,0.8541007,0.8662248,0.8056042
9243,4679,12990,antibiotic therapy,classification and regression tree analysis,0.8540861,0.89855564,0.6762077
9244,281,18311,30-day complications,delayed referral,0.854056,0.8706049,0.7878605
9245,13012,61608,clavien grade complications,pseudomyxoma peritonei,0.8540478,0.8278511,0.9588343
9246,33096,56524,immune therapy,portal vein tumor thrombus,0.854034,0.9044677,0.65229917
9247,24486,38633,extracellular volume,late mortality,0.8540039,0.8399626,0.9101693
9248,72282,73550,surgical bypass,symptomatic peripheral artery disease,0.8540021,0.9538284,0.45469698
9249,31550,39812,hospital characteristics,liver resections,0.8539878,0.8315373,0.9437897
9250,13900,39517,cognitive dysfunction,lipid biomarkers,0.85398257,0.9476455,0.47933063
9251,41576,43057,machine learning,median cost,0.85398084,0.8289965,0.9539181
9252,42907,46324,mechanical bowel obstruction,multiple organ dysfunction syndrome,0.85395795,0.88855267,0.7155791
9253,37083,52996,ischaemic stroke,patient morbidity,0.8539529,0.84149307,0.903792
9254,1615,58927,acute pulmonary embolism,predictive equation,0.8539348,0.9298947,0.5500955
9255,22301,74721,end-stage renal disease,theory of planned behavior,0.85389996,0.8751252,0.7689989
9256,44728,52352,minimally invasive therapy,parastomal hernia,0.8538932,0.89012957,0.70894766
9257,28029,50805,gestational hypertension,optical coherence tomography,0.85388446,0.84451693,0.8913543
9258,13039,26922,clavien-dindo grade,gallbladder cancer resection,0.8538748,0.82612425,0.9648769
9259,22767,73989,endoscopic thyroid surgery,t stage,0.8538741,0.87335384,0.7759551
9260,7743,20458,binary restenosis,dual antiplatelet treatment,0.853863,0.9531373,0.4567659
9261,48527,53199,non-cardiac mortality,patient-reported outcomes,0.8538588,0.8216731,0.9826015
9262,12825,62904,circulating dna,randomized controlled trial,0.85385215,0.84568465,0.8865222
9263,61025,77309,propensity-score matching,transsphenoidal surgery,0.8538486,0.8320367,0.9410963
9264,7456,26045,bile duct cancer,fluoroscopy time,0.8538426,0.8271187,0.96073836
9265,17675,41578,cytotoxic t lymphocytes,machine learning algorithms,0.85383964,0.86040246,0.8275882
9266,32857,41429,imaging biomarkers,lymphatic metastasis,0.85382605,0.8738311,0.77380574
9267,6740,77525,balloon pulmonary angioplasty,treatment comparison,0.8538252,0.86228484,0.8199867
9268,1641,35594,acute respiratory failure,interventional techniques,0.8538046,0.8789957,0.75304
9269,15349,70058,computed tomography scan,splenic artery embolization,0.8538043,0.90156114,0.6627768
9270,7601,50103,biliary malignancies,oncological outcomes,0.85378736,0.93388367,0.53340197
9271,22114,78238,emergency room admission,tumor markers,0.85377043,0.8365038,0.92283696
9272,38037,64024,laparoscopic colectomy,rehabilitation needs,0.8537607,0.8230025,0.9767934
9273,62066,72348,pulmonary stenosis,surgical correction,0.8537575,0.93836534,0.515326
9274,72373,72820,surgical decompression,surgical revascularization,0.8537454,0.8492701,0.8716464
9275,5652,41590,arterial injury,machine learning models,0.8537393,0.83077407,0.94560033
9276,21020,38712,early mortality,lateral thoracotomy,0.85372204,0.83509254,0.9282397
9277,3831,39666,anesthesia complications,liver cancer,0.85371125,0.82959604,0.95017195
9278,3285,56640,american society of anaesthesiologists physical status,positive predictive value,0.85370713,0.8687689,0.79345995
9279,51045,69065,organ preservation,skeletal muscle radiodensity,0.85368735,0.84458095,0.89011276
9280,13586,58309,clinically relevant postoperative pancreatic fistula,postoperative risk stratification,0.85367596,0.833509,0.93434364
9281,22666,69517,endoscopic procedures,sociodemographic data,0.85364896,0.8764429,0.7624731
9282,7581,15559,biliary fistula,congenital intestinal malrotation,0.853647,0.90975815,0.62920254
9283,17432,36406,cystic duct,intraoperative imaging,0.8536461,0.9492151,0.4713699
9284,34493,39265,inflammatory response,less invasive surgery,0.8536427,0.88189834,0.7406201
9285,14494,63563,colorectal metastasis,recurrence-free survival rate,0.8536381,0.8465141,0.8821341
9286,21908,52717,elevated cea levels,pathological diagnosis,0.8536285,0.88359094,0.7337786
9287,11320,81060,cecal ligation and puncture,viral load,0.8536242,0.937303,0.518909
9288,47663,48746,neoplastic process,non-operative management,0.85362023,0.9021262,0.6595962
9289,75751,80378,timing of antibiotic administration,vascular surgery,0.8536041,0.8868117,0.7207736
9290,655,49181,abdominal abscess,normal weight patients,0.8536033,0.8633557,0.8145937
9291,10537,65790,cardiopulmonary exercise testing,risk of pneumonia,0.85358906,0.863891,0.8123811
9292,42991,57317,mechanical ventilation,postoperative abdominal infection,0.8535856,0.83021295,0.94707596
9293,25348,60013,fentanyl consumption,preventive analgesia,0.853565,0.9470392,0.47966796
9294,8682,64152,body fat mass,remission of type 2 diabetes,0.85353553,0.9213425,0.5823076
9295,47055,49583,nasogastric tube,obesity and type 2 diabetes,0.85353464,0.8978625,0.6762231
9296,9635,73851,c-reactive protein to albumin ratio,systemic metastases,0.8535165,0.8754223,0.7658935
9297,59455,72694,preoperative glycemic control,surgical procedure,0.8535106,0.8246309,0.96902937
9298,64064,74925,reintervention rates,thoracic aortic injury,0.8535009,0.9315827,0.54117376
9299,39178,50471,length of stay,open vascular procedures,0.853485,0.97578305,0.3642924
9300,25777,74505,five-year cancer-specific survival,temporary ileostomy,0.85347986,0.8688998,0.7918001
9301,1254,45499,active cancer,morbidity and mortality rates,0.85347843,0.8672944,0.79821473
9302,57587,67409,postoperative creatinine levels,sensitivity and specificity,0.8534725,0.82794225,0.95559317
9303,34009,72906,indocyanine green fluorescence angiography,surgical skills,0.85346806,0.95109904,0.46294424
9304,13160,81201,clinical care pathway,visual analog scale,0.85345125,0.8415117,0.90120953
9305,50840,66687,optimal medical therapy,same-admission mortality,0.8534506,0.8539844,0.8513152
9306,1922,79857,adherence assessment,usual care,0.85344654,0.8856349,0.7246928
9307,1200,43320,acs nsqip,medication reconciliation,0.85344034,0.9063442,0.64182484
9308,33689,55849,incidence rate,plasma samples,0.8534403,0.8358373,0.92385185
9309,45497,51462,morbidity analysis,overall survival rate,0.8534353,0.82240325,0.97756314
9310,3599,38202,anastomotic leak rates,laparoscopic one anastomosis gastric bypass,0.85342413,0.9364716,0.52123433
9311,54397,75109,perioperative adverse events,thoracoscopic anatomic lung resection,0.853418,0.9237563,0.5720647
9312,43710,60719,metabolite profiling,prognostic markers,0.8534134,0.9589247,0.43136802
9313,3557,15271,anastomosis time,compression anastomosis ring,0.85341203,0.8610733,0.82276684
9314,60133,81583,primary colorectal cancer,wedge resection,0.8534023,0.82245,0.9772115
9315,18053,71276,deep neural network,stroke rate,0.85340047,0.848169,0.8743261
9316,278,61147,30-day complication,prospective cohort study,0.8533959,0.8555244,0.8448816
9317,58966,64485,predictive nomogram,replacement growth pattern,0.8533911,0.91635954,0.60151726
9318,30350,52721,her2 expression,pathological examination,0.85338813,0.8692133,0.79008764
9319,27448,32897,gastroesophageal reflux disease,imatinib treatment,0.8533839,0.82210064,0.97851676
9320,4122,71401,angiotensin ii receptor blocker,subarachnoid hemorrhage,0.85338145,0.935164,0.52625126
9321,10203,80073,carcinoembryonic antigen,valvular heart disease,0.85337466,0.8209957,0.9828904
9322,31733,59267,hospitalization costs,preoperative carbohydrate drinks,0.8533741,0.83471924,0.92799354
9323,36517,70814,intraoperative transfusion,stent failure,0.8533635,0.8328691,0.93534094
9324,34775,64089,inpatient hospitalization,relapse-free survival,0.8533555,0.82461506,0.9683174
9325,23801,58895,esophagogastric junction,predicting mortality,0.85334945,0.9370701,0.5184669
9326,18022,77133,deep learning,transition rates,0.8533485,0.9133635,0.61328834
9327,280,73067,30-day complication rates,surgical type,0.8533447,0.8956921,0.683955
9328,15621,57843,conservative management,postoperative hospital mortality,0.85334164,0.86632323,0.8014151
9329,26186,69537,follow-up surveillance,socioeconomic factors,0.85333246,0.9600111,0.42661798
9330,1398,10986,acute coronary syndrome,catheter-related blood stream infection,0.85331666,0.9093925,0.62901354
9331,8711,67760,body mass index percentile,serum creatinine,0.8533012,0.88010395,0.7460904
9332,72334,81612,surgical complications,weight loss comparison,0.853258,0.8185724,0.9920002
9333,24539,47925,extracranial-intracranial bypass,neurological status,0.8532267,0.9626342,0.41559678
9334,39178,74341,length of stay,tea polyphenols,0.85322404,0.87146086,0.7802767
9335,1892,68422,adenomatous polyps,short-term complications,0.8532227,0.8706758,0.7834104
9336,31479,64293,homologous blood transfusion,renal insufficiency,0.8532213,0.85440594,0.84848243
9337,5460,59470,appendiceal neoplasia,preoperative hemoglobin,0.8532207,0.86437947,0.80858564
9338,16617,72278,cox proportional hazards regression analysis,surgical blood loss,0.85317147,0.87693,0.7581372
9339,33533,65697,in-stent restenosis,risk factors for ppcs,0.8531667,0.8532267,0.8529267
9340,43194,57695,medicaid insurance,postoperative emergency department visits,0.85316026,0.91232187,0.6165139
9341,69707,77607,solitary pulmonary nodules,treatment methods,0.85315955,0.9075645,0.6355397
9342,55066,57384,permanent stoma formation,postoperative anastomotic leakage,0.8531588,0.9011379,0.6612422
9343,9082,62382,bpa-related complications,quality-adjusted life-years,0.85313857,0.95078903,0.46253642
9344,8246,58459,black patients,postoperative urinary retention,0.8531341,0.8190765,0.9893644
9345,279,79924,30-day complication rate,vacuum-assisted closure treatment,0.8531291,0.9269727,0.5577546
9346,59727,70980,preoperative radiochemotherapy,stereotactic radiation,0.85312814,0.91689235,0.59807116
9347,3807,49882,androgen deficiency,odds ratio,0.85312515,0.9269509,0.55782235
9348,37710,67186,kidney transplantation,sedentary behavior,0.85312444,0.88333637,0.7322768
9349,31164,34403,histological features,inflammatory cells,0.8531217,0.94969356,0.4668344
9350,15840,24586,contrast-enhanced ct,extramural tumor invasion,0.8531202,0.9545517,0.44739413
9351,40821,81002,low-volume hospitals,video-assisted thoracoscopic esophagectomy,0.85309297,0.88877004,0.7103845
9352,26834,60451,fusobacterium nucleatum,pro-inflammatory mediators,0.85308427,0.9446705,0.4867392
9353,24502,44647,extracorporeal esophagojejunostomy,minimally invasive liver surgery,0.85308415,0.85592973,0.8417017
9354,12609,41124,chronic medical conditions,lung cancer resection,0.8530738,0.83954686,0.90718144
9355,11931,45717,charlson comorbidity index,motor weakness,0.8530596,0.83520746,0.92446804
9356,10628,20691,cardiovascular outcomes,duration of intensive care unit stay,0.853058,0.8992159,0.6684265
9357,35477,77796,intersegmental planes,tricuspid regurgitation,0.85305417,0.8732089,0.7724352
9358,20324,67751,drainage time,serum concentrations,0.8530513,0.917183,0.59652454
9359,10726,41851,carotid blowout syndrome,major adverse cardiovascular events,0.8530478,0.9003127,0.6639879
9360,46135,76587,multidisciplinary management,trainee involvement,0.85304606,0.84300905,0.8931939
9361,13246,72369,clinical findings,surgical decision making,0.8530206,0.97126645,0.3800372
9362,29928,68643,hemorrhagic transformation,silent cerebral ischemic lesions,0.85301596,0.9444671,0.48721135
9363,1278,62712,active smoking,radioactive iodine treatment,0.8530098,0.9039089,0.6494135
9364,64150,72956,remission of metabolic syndrome,surgical success,0.8530087,0.8785106,0.7510009
9365,42235,58188,malignant otitis externa,postoperative pneumonia,0.852983,0.84481525,0.8856538
9366,62382,76104,quality-adjusted life-years,total arterial revascularization,0.85296834,0.82683533,0.95750034
9367,34416,70973,inflammatory cytokine levels,stereotactic body radiotherapy,0.8529589,0.96258867,0.41443965
9368,37554,68013,karnofsky performance status,serum tumor biomarkers,0.8529493,0.8706121,0.78229815
9369,32443,55236,icu length of stay,pgd grade 3,0.8529187,0.9277894,0.55343556
9370,19412,76112,direct intrahepatic portosystemic shunt,total bilirubin,0.8529149,0.9327747,0.53347564
9371,44116,58188,microbiological evaluation,postoperative pneumonia,0.85291207,0.8901964,0.7037745
9372,4939,37091,antiviral therapy,ischemia reperfusion injury,0.85290426,0.88562274,0.7220304
9373,1641,35570,acute respiratory failure,interventional management,0.8528975,0.9338581,0.5290554
9374,9855,50246,cally index,open cardiac surgery,0.8528713,0.8662001,0.7995561
9375,47087,73621,national cancer database,synchronous distant metastases,0.8528695,0.82243925,0.9745905
9376,9317,72896,breast surgery,surgical site occurrence,0.85285556,0.9169598,0.5964384
9377,275,42974,30-day clinical outcomes,mechanical support,0.85283226,0.8901513,0.70355594
9378,17948,80696,decision tree model,ventilator associated pneumonia,0.852831,0.91236275,0.6147038
9379,3050,62339,all-cause death,quality of life improvements,0.8528298,0.85713553,0.83560675
9380,2227,48002,adult patients,neurosurgical clipping,0.8528257,0.88894486,0.708349
9381,50381,66165,open reduction internal fixation,robotic thoracic surgery,0.8528208,0.85974663,0.8251174
9382,52630,66103,pathologic complete response,robotic pulmonary resection,0.8528101,0.87470454,0.765232
9383,9640,73850,c-reactive protein-to-albumin ratio,systemic lymphadenectomy,0.85280436,0.8411199,0.89954233
9384,7090,41576,bedside endoscopy,machine learning,0.85279834,0.8501325,0.8634615
9385,54397,77837,perioperative adverse events,trigeminal neuralgia,0.85279167,0.88370717,0.7291296
9386,20593,37537,duodenal stenting,kaplan-meier survival curves,0.8527787,0.90873027,0.62897223
9387,13307,66923,clinical model,screening biomarker,0.8527784,0.9445238,0.4857965
9388,3004,61426,alcoholic hepatitis,proton pump inhibitor,0.8527733,0.8961074,0.6794368
9389,42280,46437,malignant tumors,multivariable model,0.85274494,0.8331719,0.9310369
9390,28686,37502,graft-related complications,juxtarenal aortic aneurysm,0.8527422,0.9294447,0.5459325
9391,52632,63419,pathologic complete response rates,rectal surgery,0.852738,0.8956551,0.6810697
9392,14541,43894,colorectal surgery,metastatic liver tumors,0.8527325,0.8184686,0.9897882
9393,45667,59740,mortality risk stratification,preoperative risk assessment,0.8527275,0.9100665,0.6233714
9394,19819,63951,distant disease recurrence,regional lymph node metastasis,0.85270995,0.88496053,0.72370756
9395,41429,70373,lymphatic metastasis,stage ii patients,0.85269904,0.9068024,0.63628554
9396,18801,29406,diagnostic accuracy,health checkups,0.8526784,0.8434355,0.8896501
9397,10292,45613,cardiac events,mortality data,0.85266733,0.94031155,0.5020904
9398,36947,78643,invasive staging,tumour stage,0.85266656,0.9392358,0.50638944
9399,4316,60316,anterior circulation stroke,primary stenting,0.8526547,0.9372623,0.5142242
9400,15868,33870,contrast-induced nephrotoxicity,independent predictors,0.8526474,0.9034207,0.6495545
9401,46255,63194,multimodal therapy,receiver operating characteristic curve,0.85260034,0.81694776,0.9952107
9402,25089,65705,fecal contamination,risk factors for readmission,0.8525912,0.87796724,0.75108695
9403,24077,57558,excessive body mass index loss,postoperative complication rates,0.85258484,0.8534019,0.84931624
9404,35686,36299,intestinal length,intraoperative complications,0.8525817,0.8451034,0.8824948
9405,14685,71853,common femoral artery disease,superior mesenteric artery,0.85258037,0.92009217,0.5825332
9406,16176,52721,coronary artery aneurysm,pathological examination,0.8525661,0.90911156,0.62638426
9407,18028,37529,deep learning framework,kaplan-meier method,0.852564,0.8307426,0.9398493
9408,50331,80236,open lung biopsy,vascular endothelial growth factor,0.85253644,0.9509904,0.45872054
9409,38037,75160,laparoscopic colectomy,thoracoscopic surgery,0.85253084,0.81870383,0.98783886
9410,29877,77685,hemoglobin drop,treatment success,0.8525193,0.92626286,0.5575449
9411,22309,55449,end-tidal co2,physical fitness,0.85249746,0.91035855,0.6210529
9412,12630,36172,chronic obstructive pulmonary disease,intraluminal thrombus volume,0.8524869,0.866013,0.7983824
9413,30117,58901,hepatic ischemia,prediction model,0.85248375,0.8753841,0.760882
9414,11586,53557,central venous lines,pediatric population,0.85244745,0.93980384,0.5030218
9415,14410,77643,colorectal cancer incidence,treatment preferences,0.85244703,0.92715293,0.55362356
9416,10285,45003,cardiac dysfunction,mitral valve stenosis,0.8524082,0.9048241,0.6427444
9417,33561,65216,incarcerated inguinal hernia,revision rates,0.8523854,0.96289486,0.41034764
9418,40169,79452,locally advanced gastric cancer,unresectable liver metastases,0.8523832,0.82510245,0.96150607
9419,49094,73004,nonsurgical treatments,surgical time,0.8523671,0.82371765,0.966965
9420,49391,66071,numerical rating scale pain score,robotic liver surgery,0.8523628,0.8804092,0.7401773
9421,2110,77704,adjuvant immunotherapy,treatment variation,0.852351,0.9533367,0.44840825
9422,359,53563,30-day readmissions,pediatric quality of life inventory,0.85233814,0.84426785,0.88461924
9423,64262,79861,renal function,uterine artery,0.8523358,0.92835546,0.54825723
9424,54214,70236,perianal abscess,ssi rate,0.85232466,0.8662787,0.79650855
9425,18602,60539,device design,procedural success,0.85229737,0.9571371,0.43293843
9426,26472,47816,free triiodothyronine,neuroendocrine tumors,0.85229623,0.83303297,0.9293493
9427,62200,73900,push and fluff technique,systolic blood pressure,0.85226953,0.94601905,0.4772713
9428,15571,27691,congenital pulmonary airway malformation,gender differences,0.85226923,0.8202184,0.9804725
9429,23533,28597,eras guidelines,graft failure,0.85225284,0.8266549,0.9546444
9430,18389,57494,demographic factors,postoperative care pathway,0.8522351,0.868599,0.78677905
9431,56479,77765,portal lymphadenectomy,triangle operation,0.85221976,0.9469231,0.47340623
9432,60744,71404,prognostic risk factors,subcapsular tumor location,0.8521879,0.94087666,0.49743256
9433,15662,23056,consulting fees,endovascular thrombectomy,0.85218763,0.8689223,0.7852489
9434,3492,78238,analgesic drug use,tumor markers,0.852185,0.84588826,0.87737215
9435,13030,69199,clavien-dindo complication grades,sleep quality,0.8521776,0.85827875,0.827773
9436,40630,81950,low grade dysplasia,worrisome features,0.85217416,0.9767444,0.35389307
9437,15553,16348,congenital heart surgery,coronary-artery bypass grafting,0.8521598,0.8358712,0.9173139
9438,16607,23502,cox proportional hazard models,epithelioid mesothelioma,0.8521507,0.87326044,0.76771176
9439,13460,60735,clinical stage i lung cancer,prognostic prediction,0.8521313,0.8404916,0.8986901
9440,16009,45991,conversion rates,multi-incision laparoscopic cholecystectomy,0.8521276,0.89174324,0.6936651
9441,5727,42342,arteriovenous fistula,management trends,0.85210854,0.9524518,0.45073542
9442,15641,67216,consolidation tumour ratio,segmental resection,0.85207057,0.89720225,0.6715439
9443,27452,75323,gastroesophageal variceal bleeding,thromboembolic events,0.8520595,0.8531772,0.84758836
9444,1226,80544,activated clotting time,veno-arterial ecmo,0.85203797,0.9005511,0.65798545
9445,57868,67103,postoperative hypoglycaemia,secondary outcomes,0.85203254,0.9551182,0.43969014
9446,29447,72821,health system costs,surgical revision,0.85202634,0.8622188,0.8112564
9447,22664,27261,endoscopic procedure,gastric perforation,0.85201687,0.9178227,0.5887934
9448,5661,66369,arterial lactate levels,roux-en-y gastric bypass,0.8520089,0.8207335,0.97711027
9449,13623,59265,clinicopathologic data,preoperative carbohydrate antigen 19-9,0.85199684,0.94568044,0.47726244
9450,50282,70303,open esophagectomy,stage 3 gastric cancer,0.85197437,0.8611707,0.815189
9451,34983,43681,intellectual and developmental disabilities,metabolic syndrome,0.85196203,0.8272778,0.95069873
9452,357,50228,30-day readmission rates,open aortic arch repair,0.8519564,0.90474796,0.64079005
9453,30444,36962,hidden blood loss,inverse probability of treatment weighting,0.8519563,0.8230269,0.9676739
9454,3575,52982,anastomotic complications,patient involvement,0.8519274,0.86432976,0.80231786
9455,36794,72770,intravenous opioids,surgical repair,0.85192376,0.85955983,0.82137936
9456,14541,55775,colorectal surgery,plasma free fatty acids,0.8519192,0.8482056,0.8667735
9457,5212,23018,aortic stenosis,endovascular reperfusion therapy,0.85191554,0.88684916,0.7121811
9458,2504,66403,adverse outcomes,rupture of membrane,0.8519125,0.8923295,0.69024456
9459,18980,23721,diagnostic yield,esophageal mucosa,0.85191166,0.9268596,0.55212
9460,50383,50425,open repair,open surgical interventions,0.8519045,0.8756856,0.7567802
9461,2469,54554,adverse event,perioperative myocardial infarction,0.8518856,0.8198555,0.98000586
9462,58349,74795,postoperative skeletal muscle loss,therapeutic outcomes,0.8518753,0.8492652,0.8623156
9463,34458,69455,inflammatory markers,social continence,0.8518669,0.8281288,0.9468191
9464,39168,65214,length of intensive care unit stay,revision procedures,0.85185677,0.8716027,0.77287287
9465,36397,62950,intraoperative hypotension,rapid entire body assessment,0.8518563,0.8837917,0.7241148
9466,63559,73456,recurrence-free rate,symptom resolution,0.85184646,0.8648716,0.79974556
9467,17648,45818,cytoreductive surgery,msts scoring system,0.85183424,0.94100404,0.49515483
9468,28957,64096,gut microbiota,relapsed lymphoma,0.8518305,0.9131226,0.60666215
9469,54183,65979,peri-operative outcomes,robot-assisted rectal resection,0.85180473,0.8769561,0.751199
9470,41590,59429,machine learning models,preoperative fasting blood glucose,0.8518009,0.81962854,0.9804904
9471,9930,69462,cancer mortality,social drivers of health,0.85179406,0.98232657,0.32966393
9472,10059,43212,cannabis use disorder,medical cost,0.85178226,0.87564003,0.75635093
9473,21562,25930,ejection fraction,flr hypertrophy,0.85177684,0.83565396,0.91626817
9474,72893,81157,surgical site infections,visceral perforation,0.8517734,0.8251592,0.95823014
9475,26482,66593,freedom from aneurysm-related mortality,safety outcomes,0.8517518,0.925563,0.5565071
9476,38088,68295,laparoscopic fundoplication,sf-12 questionnaire,0.8517439,0.9297437,0.5397446
9477,1147,27559,acid reflux,gastrointestinal quality of life index,0.85173655,0.8768739,0.7511869
9478,9626,48403,c-reactive protein concentration,nodal status,0.85173047,0.85241246,0.84900236
9479,40953,56595,lower limb muscle strength,positive end-expiratory pressure,0.8517164,0.888394,0.70500594
9480,41168,58925,lung function,predictive efficacy,0.8517164,0.84703475,0.8704429
9481,9037,72037,bowel obstruction,surgeon outcomes,0.8517069,0.9157015,0.5957285
9482,42095,69023,male gender,six-month survival,0.8516917,0.8426139,0.888003
9483,42860,45650,mean pulmonary arterial pressure,mortality predictors,0.8516818,0.8274695,0.9485309
9484,42047,58807,major surgery,pre-operative risk factors,0.8516532,0.83644754,0.9124757
9485,4953,64612,anus-preserving surgery,resection rate,0.85164464,0.94178396,0.4910872
9486,16625,16795,cox regression analysis,critically ill children,0.8516397,0.915268,0.5971265
9487,46125,61964,multidisciplinary decision-making,pulmonary function,0.85161895,0.944222,0.48120666
9488,20927,59664,early detection,preoperative planning,0.85159916,0.83056223,0.9357467
9489,14634,61960,combined therapy,pulmonary fibrosis,0.8515983,0.9342711,0.52090716
9490,13054,79408,clavien-dindo grade iiia complications,unplanned reoperations,0.851579,0.85772544,0.8269933
9491,70356,78518,stage ib gastric cancer,tumor-infiltrating lymphocytes,0.8515776,0.8587291,0.82297134
9492,34447,67349,inflammatory indices,self-rating anxiety scale,0.8515686,0.8712208,0.77295953
9493,15582,64872,congestive heart failure,response rate,0.851559,0.8205157,0.9757322
9494,17256,72827,current guidelines,surgical risk,0.85152525,0.9362311,0.5127018
9495,7705,52586,bilirubin levels,patency rates,0.8515197,0.8252985,0.95640457
9496,24589,52808,extranodal extension,pathological tnm staging,0.85145247,0.9494966,0.45927578
9497,13308,40599,clinical monitoring,low anterior resection,0.8514512,0.9088924,0.6216866
9498,21387,73872,economic implications,systemic therapy,0.8514391,0.914545,0.5990156
9499,2108,73632,adjuvant imatinib therapy,synchronous liver metastases,0.8514344,0.8672694,0.78809434
9500,30174,67709,hepatic surgery,serum bilirubin levels,0.85142976,0.8997669,0.6580811
9501,7255,43378,best-j score,meld score,0.8514074,0.86414754,0.80044675
9502,31633,36452,hospital readmission,intraoperative oliguria,0.85139996,0.8258183,0.9537265
9503,15255,33700,comprehensive complication index,incidence trends,0.8513916,0.8172965,0.987772
9504,27769,50637,general anaesthesia,operative metrics,0.85137063,0.84257954,0.886535
9505,5656,78103,arterial involvement,tumor deposits,0.8513698,0.88463426,0.71831185
9506,10521,63894,cardiopulmonary bypass,refractory patients,0.8513497,0.8880333,0.70461524
9507,48781,54440,non-small cell lung cancer,perioperative care program,0.8513207,0.81747466,0.9867047
9508,10847,72351,caseload volume,surgical costs,0.85131866,0.86164457,0.8100148
9509,52802,58388,pathological t stage,postoperative surveillance,0.8513132,0.8323822,0.92703694
9510,10837,57464,case-control study,postoperative body weight loss,0.8512947,0.8785903,0.7421123
9511,22953,70930,endovascular aortic aneurysm repair,stent-graft-induced new entry,0.85127336,0.92292565,0.564664
9512,28690,33050,graft-versus-host disease,immune reactions,0.85125226,0.98333824,0.32290804
9513,4966,81583,anxiety scores,wedge resection,0.85124075,0.8487996,0.8610054
9514,16004,70849,conversion rate,stent malfunction,0.85123706,0.96062964,0.41366655
9515,14843,34493,complement inhibitors,inflammatory response,0.8512355,0.9783927,0.34260672
9516,34911,39714,insulin-dependent diabetes,liver frailty index,0.85122633,0.8632647,0.8030728
9517,19623,64705,disease-specific mortality,residual nodal disease,0.851226,0.90083987,0.65277046
9518,56319,57975,poor clinical outcomes,postoperative length of stay,0.85122335,0.84675896,0.86908084
9519,511,41982,5-year survival rates,major low anterior resection syndrome,0.8511973,0.8328218,0.92469937
9520,11261,38089,cd8+ t cells,laparoscopic gastrectomy,0.85119635,0.81986964,0.97650313
9521,11315,79547,cecal intubation rate,upper gastrointestinal cancer,0.851181,0.9445502,0.47770375
9522,19832,23835,distant metastasis-free survival,estimated blood loss,0.8511715,0.81480205,0.9966492
9523,26523,49138,fresh frozen plasma,norepinephrine treatment,0.8511607,0.96102464,0.41170475
9524,40856,45085,lower extremity amputation,mobile application,0.85115564,0.8440202,0.8796975
9525,31454,72946,home parenteral nutrition,surgical strategy,0.8511483,0.86362207,0.8012532
9526,31740,44457,hospitalization expenditures,midterm mortality,0.8511449,0.85691506,0.8280645
9527,3513,55233,analgesics use,pfannenstiel incision,0.8511355,0.91648144,0.5897516
9528,12479,28275,chronic diseases,glucose homeostasis,0.8511306,0.85629255,0.8304827
9529,72249,73435,surgical approach,symptom development,0.8511258,0.93977463,0.49653035
9530,58144,79674,postoperative pancreatic fistula,urgent admission,0.85112464,0.81727964,0.9865046
9531,34422,79819,inflammatory cytokines,urodynamic parameters,0.8511229,0.8792047,0.73879576
9532,40542,41362,longitudinal follow-up,lymph node sampling,0.8511048,0.8471127,0.8670728
9533,5925,78789,aspergillus spp.,type 2 diabetes,0.8510951,0.8796658,0.73681194
9534,20456,36765,dual antiplatelet therapy,intravenous incoherent motion imaging,0.85108787,0.8507576,0.852409
9535,18274,40235,delayed healing,locoregional recurrence,0.8510814,0.8931262,0.682902
9536,19117,78222,dietary counseling,tumor location,0.8510721,0.82101095,0.9713165
9537,56007,58601,pleural effusion,postsurgical mortality,0.8510716,0.8471975,0.8665681
9538,14414,59440,colorectal cancer liver-only metastases,preoperative frailty,0.85106236,0.83672404,0.9084156
9539,22893,59616,endothelial dysfunction,preoperative nutritional status,0.8510556,0.84805405,0.86306185
9540,2063,73216,adjusted logistic regression,survival benefits,0.8510468,0.8897561,0.69620955
9541,62909,77567,randomized multicenter study,treatment failure,0.8510458,0.9379849,0.5032895
9542,3575,73132,anastomotic complications,surgically resected lung cancer,0.8510379,0.85923356,0.8182553
9543,319,36175,30-day mortality rate,intramedullary nail fixation,0.8510354,0.86210895,0.80674106
9544,12630,26326,chronic obstructive pulmonary disease,four-port laparoscopic cholecystectomy,0.8510248,0.82156175,0.96887714
9545,19888,58035,diverting loop ileostomy,postoperative mobility,0.8510129,0.8261512,0.9504596
9546,31558,69540,hospital complications,socioeconomic inequalities,0.85100985,0.910403,0.6134371
9547,8652,40448,board certification,long-term patency,0.8509942,0.9251409,0.55440766
9548,9614,37822,c-met overexpression,kras mutation,0.85099083,0.8586247,0.8204552
9549,36265,62900,intraoperative bleeding volume,randomized control trial,0.85098785,0.8524063,0.845314
9550,17862,65810,de novo lesions,risk prediction,0.8509848,0.87102425,0.77082705
9551,2961,70366,albumin to globulin ratio,stage ii disease,0.8509597,0.87724006,0.74583817
9552,8533,60912,blood transfusion requirement,prolonged inotropic support,0.8509489,0.88556665,0.71247774
9553,6866,37227,bariatric surgery,isocitrate dehydrogenase,0.85093546,0.8233057,0.9614541
9554,45187,49438,modified 5-factor frailty index,nursing satisfaction,0.8509344,0.84039867,0.8930771
9555,54550,81815,perioperative mortality,whole blood cardioplegia,0.8509338,0.8439672,0.8788
9556,13704,57883,clostridioides difficile infection,postoperative imaging,0.8509297,0.8315321,0.92851996
9557,34859,69283,insufficient weight loss,small bowel obstruction,0.8509294,0.8189146,0.9789884
9558,973,31097,absolute neutrophil count,histologic features,0.85091984,0.8543218,0.8373119
9559,28951,67846,gut microbiome,serum il-6 levels,0.8509167,0.9173071,0.58535504
9560,17419,30936,cystatin c,high-sensitivity troponin i,0.85091394,0.9238166,0.5593032
9561,39921,46558,living donor liver transplantation,muscle metabolism,0.85090244,0.92815375,0.5418972
9562,40424,68168,long-term morbidity,severe morbidity,0.850901,0.8722793,0.7653877
9563,243,23047,3-year mortality,endovascular surgical repair,0.8508888,0.9578734,0.42295036
9564,56649,75267,positive resection margin,three-year survival,0.8508751,0.81798786,0.9824239
9565,26981,79974,gallstone ileus,validation cohort,0.85087425,0.8578623,0.82292205
9566,504,35527,5-year relapse-free survival,interval metastases,0.85086846,0.90059304,0.6519701
9567,54584,80660,perioperative period,venous thromboembolism risk factors,0.8508376,0.8606315,0.8116616
9568,21489,60497,effective orifice area,procedural complexity,0.8508366,0.86424416,0.79720604
9569,41929,71479,major complication rate,subcutaneous fat thickness,0.8508313,0.8279229,0.9424647
9570,73932,76346,t and n stages,total thyroidectomy,0.85082185,0.9530278,0.44199792
9571,26052,78289,fluticasone propionate,tumor necrosis factor-α,0.8508125,0.95057523,0.4517615
9572,50785,62363,opioid-sparing anesthesia,quality of recovery-15 score,0.8508052,0.96138424,0.40848902
9573,8291,58017,bleeding academic research consortium,postoperative management,0.850788,0.8271845,0.94520164
9574,36530,57987,intraoperative ultrasound,postoperative liver injury,0.85078686,0.93878233,0.49880493
9575,10716,60183,carotid artery stenting,primary hemostasis,0.85077256,0.92679244,0.54669285
9576,32905,72198,immature platelets,surgery-related complications,0.85076565,0.8867428,0.70685714
9577,32420,81553,icg fluorescence imaging,water-soluble contrast enema,0.8507624,0.9520175,0.44574198
9578,22739,38819,endoscopic submucosal dissection,learning tool,0.8507581,0.9532754,0.44068888
9579,15553,72047,congenital heart surgery,surgeon proficiency,0.85070527,0.9292205,0.5366443
9580,20983,39680,early hepatocellular carcinoma,liver decompensation,0.85070217,0.9313047,0.52829194
9581,12567,62695,chronic kidney disease,radical vaginal trachelectomy,0.8506998,0.9209923,0.5695296
9582,69345,79508,small pancreatic neuroendocrine tumors,upfront resection,0.850671,0.957577,0.42304695
9583,10592,13852,cardiovascular disease,cobalamin deficiency,0.8506695,0.98501045,0.3133056
9584,312,69534,30-day medical complications,socioeconomic disadvantage,0.85065156,0.8717073,0.7664283
9585,36810,49785,intravenous thrombolysis,occlusion rates,0.85064024,0.8651237,0.7927062
9586,34433,66894,inflammatory factors,scoliosis treatment,0.8506329,0.89033014,0.691844
9587,25618,71521,financial outcomes,subgroup analysis,0.85062885,0.8299203,0.9334628
9588,28759,48063,granulomatous inflammation,neutrophil elastase,0.8506279,0.88449967,0.71514064
9589,13222,38846,clinical effectiveness,left atrial appendage occlusion,0.8506197,0.8726224,0.762609
9590,32727,52173,ileostomy-related complications,pancreatic surgery,0.850613,0.8388126,0.89781463
9591,51151,60783,orthotopic liver transplantation,programmed cell death protein,0.85060936,0.89742225,0.6633577
9592,18091,75597,deep venous thrombosis,time efficiency,0.85059774,0.93392813,0.5172762
9593,19876,21772,diverticular abscess,elective surgery,0.8505901,0.832709,0.9221144
9594,47564,60272,neointimal thickness,primary percutaneous coronary intervention,0.85058945,0.8538732,0.8374544
9595,58319,69940,postoperative seizure,spinal anesthesia,0.85057557,0.94116277,0.48822683
9596,58232,75577,postoperative quality of life,tidal volume,0.85056305,0.83851147,0.89876926
9597,1535,6119,acute lung injury,atherosclerotic risk factors,0.8505555,0.9073878,0.6232263
9598,53931,72957,percutaneous biopsy,surgical success rate,0.8505347,0.90084165,0.6493067
9599,16605,39774,cox proportional hazard model,liver metastases from colorectal cancer,0.85051817,0.88740766,0.70296025
9600,33372,39189,implant removal,length of surgery,0.8505058,0.88649285,0.70655775
9601,31353,63082,historical control group,readmission risk,0.85050255,0.93836606,0.49904856
9602,46279,73771,multiparametric magnetic resonance imaging,systemic chemotherapy,0.8504988,0.82971483,0.93363464
9603,21868,38038,electronic medical record,laparoscopic colon cancer surgery,0.8504984,0.8424862,0.8825468
9604,2134,9227,adjuvant therapy,branched-chain amino acid,0.85049355,0.820086,0.9721238
9605,15029,15863,complex aortic aneurysms,contrast-enhanced ultrasound,0.8504862,0.83589005,0.90887076
9606,47266,81006,near-infrared spectroscopy,video-assisted thoracoscopic lung surgery,0.8504814,0.94694674,0.46462008
9607,346,16041,30-day postoperative mortality,conversion to roux-en-y gastric bypass,0.8504741,0.83366466,0.9177117
9608,31742,44548,hospitalization expenses,minilaparotomy cholecystectomy,0.85046434,0.8791573,0.7356923
9609,507,53982,5-year survival,percutaneous endovascular revascularization,0.85046,0.93107575,0.5279971
9610,35501,61890,interstitial lung disease,pulmonary artery stenosis,0.8504495,0.8624434,0.8024739
9611,346,15098,30-day postoperative mortality,complicated acute appendicitis,0.850416,0.8219694,0.9642023
9612,13357,13924,clinical practice guidelines,cognitive status,0.85041344,0.87764376,0.74149215
9613,21704,71127,elective laparoscopic surgery,stone recurrence,0.8504073,0.96134555,0.4066542
9614,38397,78355,laparoscopy-assisted distal gastrectomy,tumor resection,0.8504019,0.8147953,0.99282795
9615,29648,80441,helicobacter pylori,vasculogenic mimicry,0.8503818,0.8971514,0.6633031
9616,16552,42071,covid-19 history,major vascular surgery,0.8503759,0.86388016,0.7963588
9617,29023,48389,h. pylori infection,nodal metastasis,0.85037076,0.8733348,0.7585145
9618,27816,47816,generalized linear mixed model,neuroendocrine tumors,0.8503694,0.8986713,0.6571614
9619,23148,81931,enhanced recovery after surgery,work-related musculoskeletal disorders,0.85036874,0.9598201,0.41256344
9620,66360,73215,roux-en y reconstruction,survival benefit,0.8503431,0.8355336,0.9095807
9621,18203,72839,degenerative mitral regurgitation,surgical risk prediction,0.85034233,0.8988842,0.6561751
9622,18819,56523,diagnostic biomarkers,portal vein tumor thrombosis,0.85032845,0.84812975,0.8591231
9623,24387,52898,external oblique intercostal block,patient comfort,0.85032254,0.94037116,0.49012816
9624,45650,80995,mortality predictors,video-assisted thoracic surgery,0.8503146,0.81327516,0.9984723
9625,11024,69375,cause-specific survival rate,small-cell lung cancer,0.85031354,0.95850986,0.4175282
9626,22093,48748,emergency midline laparotomy,non-operative treatment,0.8503122,0.92727244,0.542471
9627,61755,79407,psychosocial support,unplanned reoperation,0.8503013,0.84845024,0.8577055
9628,4472,53554,anti-fibrotic effect,pediatric patients,0.85028434,0.9607441,0.40844524
9629,2972,41860,albumin-to-fibrinogen ratio,major adverse coronary events,0.85027266,0.96027786,0.41025203
9630,15148,73903,complication rates,systolic blood pressure improvement,0.8502709,0.95582503,0.42805442
9631,63194,80349,receiver operating characteristic curve,vascular resistance index,0.85027087,0.89222485,0.6824551
9632,9007,41873,bowel fistula,major amputation,0.8502512,0.87677747,0.7441462
9633,2369,41387,advanced ovarian cancer,lymph nodes examined,0.85024154,0.8268777,0.9436969
9634,56616,70320,positive lymph node count,stage i gastric cancer,0.8502345,0.88371015,0.7163317
9635,9911,37826,cancer diagnosis,kras mutations,0.8502292,0.84182703,0.883838
9636,64320,66094,renal replacement therapy,robotic partial nephrectomy,0.850227,0.8162925,0.9859649
9637,10418,59792,cardiac surgery patients,preoperative sleep disorders,0.8502176,0.8971835,0.662354
9638,40660,58382,low pneumoperitoneum pressure,postoperative surgical complications,0.85019475,0.86100584,0.8069502
9639,9011,66172,bowel function index,robotic total mesorectal excision,0.85018545,0.97174466,0.36394855
9640,40603,79974,low attenuation area,validation cohort,0.8501721,0.9200597,0.5706217
9641,61096,81977,prophylactic therapy,wound complications,0.85015535,0.90266764,0.6401062
9642,54821,65584,peripheral vasculopathy,risk factors,0.85015005,0.8502898,0.84959096
9643,47073,64603,nasopharyngeal carcinoma,resection margins,0.8501325,0.89681536,0.66340125
9644,39853,57314,liver transplantation,postoperative abdominal adhesion,0.8501283,0.9133103,0.5974005
9645,9764,76777,calcification severity,transcarotid artery revascularization,0.8501211,0.9735292,0.35648862
9646,13151,78472,clinical benefit rate,tumor volume,0.85011464,0.9113842,0.6050363
9647,78390,82023,tumor size greater than 5 cm,wound infection,0.8501099,0.81747276,0.9806583
9648,1578,66029,acute pancreatitis,robotic colectomy,0.85010576,0.8163718,0.98504144
9649,46643,60801,mutation profiling,programmed death-ligand 1,0.8501052,0.93517137,0.50984055
9650,2082,21588,adjuvant chemotherapy,elderly hip fracture,0.8500676,0.8179557,0.97851527
9651,22540,35692,endoscopic disease severity,intestinal metaplasia,0.8500612,0.95170355,0.44349164
9652,25788,79303,five-year survival,unilateral total hip arthroplasty,0.85004985,0.843084,0.8779132
9653,72885,73805,surgical site infection incidence,systemic immune-inflammatory index,0.85004777,0.9406439,0.48766303
9654,14586,40364,combined adverse events,long-term complications,0.85003537,0.8518755,0.84267485
9655,27537,66260,gastrointestinal motility,roc analysis,0.8500267,0.82076436,0.9670761
9656,64553,73023,resectable gastric cancer,surgical trauma,0.8500084,0.8279424,0.93827254
9657,35493,51033,interstitial fibrosis,organ failure,0.8499797,0.9144985,0.5919045
9658,31519,65348,hormone therapy,right hemicolectomy,0.8499788,0.82708055,0.9415719
9659,20158,58041,double antithrombotic therapy,postoperative morbidity,0.84997714,0.8154122,0.9882367
9660,5087,77273,aortic dilation,transposition of the great arteries,0.84997046,0.9355532,0.5076393
9661,3635,62025,anastomotic technique,pulmonary morbidity,0.8499674,0.83308566,0.91749436
9662,42026,47405,major postoperative complication,negative predictive value,0.8499663,0.825254,0.9488154
9663,10159,78030,carbohydrate antigen 19-9,tumor angiogenesis,0.84996593,0.841337,0.8844812
9664,13241,33205,clinical factors,immunological biomarkers,0.8499456,0.91395074,0.593925
9665,54537,60220,perioperative liver function,primary liver cancer,0.8499307,0.87403387,0.753518
9666,15147,16983,complication rate,ct signs,0.8499288,0.83940095,0.89204
9667,4541,56343,anti-pd-1 antibody,poor prognostic factors,0.8499229,0.84900856,0.8535801
9668,20973,40264,early gastrointestinal cancer,logistic regression analysis,0.8499112,0.8885535,0.695342
9669,8571,80157,bloodstream infection,vascular access team,0.8499111,0.9573469,0.42016762
9670,38417,77551,laparotomy outcomes,treatment duration,0.8499091,0.90445,0.63174546
9671,10713,70500,carotid artery stenosis,staging investigations,0.8498902,0.8496104,0.8510092
9672,18476,41613,depressive symptoms,macronutrient intake,0.8498841,0.9204856,0.5674778
9673,6177,51657,atrial tachycardia,pacemaker implantation,0.84986603,0.9679231,0.37763783
9674,13470,16615,clinical stage ii,cox proportional hazards models,0.8498561,0.84135383,0.883865
9675,18863,23798,diagnostic efficacy,esophagogastric cancer,0.84982413,0.84332925,0.8758036
9676,28635,36355,graft patency,intraoperative findings,0.8498171,0.82114124,0.9645206
9677,18915,54401,diagnostic performance,perioperative analgesia,0.8498146,0.8154265,0.9873668
9678,62380,81974,quality-adjusted life years,wound complication,0.84978396,0.8176978,0.97812825
9679,36705,40048,intravascular ultrasound,local recurrence rates,0.84978014,0.8213392,0.96354395
9680,3745,69186,anatomical lung resection,sleep apnea syndrome,0.8497794,0.87331045,0.75565505
9681,20815,22682,dysplasia grading,endoscopic resection,0.84974766,0.8729195,0.75706017
9682,63198,78252,receiver operating characteristics analysis,tumor microenvironment,0.8497313,0.83988225,0.8891276
9683,39936,43605,living-donor liver transplantation,metabolic and bariatric surgeries,0.84972733,0.8702878,0.76748544
9684,56755,70859,post-ercp cholangitis,stent patency,0.84972614,0.9515841,0.44229427
9685,3489,59627,analgesic consumption,preoperative oral antibiotics,0.84972554,0.94246113,0.47878334
9686,29566,57745,heart surgery complications,postoperative fever,0.849707,0.87763757,0.7379849
9687,39005,80924,left ventricle ejection fraction,vessel-oriented composite endpoint,0.84969586,0.89767414,0.6577825
9688,2522,59580,adverse reactions,preoperative monitoring,0.84968793,0.8916873,0.6816904
9689,58901,72658,prediction model,surgical pericardial window,0.8496857,0.8457596,0.8653903
9690,26269,82172,forearm access,younger patients,0.8496743,0.93321085,0.51552796
9691,22061,48750,emergency department visit,non-opioid analgesics,0.8496733,0.8572446,0.81938756
9692,16608,34387,cox proportional hazard regression,inflammatory bowel diseases,0.84967154,0.8809874,0.7244081
9693,19128,22219,dietary habits,emotional support,0.8496641,0.9180477,0.57612956
9694,28957,30895,gut microbiota,high-risk prostate cancer,0.84966046,0.8620913,0.799937
9695,3087,78289,allogeneic blood products,tumor necrosis factor-α,0.8496511,0.85135514,0.84283483
9696,13184,40807,clinical course,low-risk patients,0.84963393,0.8352425,0.9071997
9697,10526,16710,cardiopulmonary bypass time,creatine kinase levels,0.8496076,0.8906345,0.68549997
9698,18078,60965,deep surgical site infection,propensity matched analysis,0.8496062,0.82544315,0.94625837
9699,12633,65824,chronic occlusion,risk score,0.8496036,0.8618769,0.8005104
9700,6834,60503,bare-metal stents,procedural costs,0.8496022,0.93326896,0.5149353
9701,10331,60989,cardiac magnetic resonance,propensity score weighting,0.849602,0.8827263,0.71710473
9702,448,72893,5% albumin,surgical site infections,0.84959525,0.94994146,0.44821036
9703,46781,62922,myocardial ischaemia,randomized trial,0.8495889,0.8572167,0.8190773
9704,29880,64415,hemoglobin level,repeat crs/hipec,0.8495805,0.8925066,0.67787623
9705,49266,77621,nrs scores,treatment outcomes,0.84954256,0.84254557,0.8775305
9706,3328,22185,aminotransferase levels,emergent surgery,0.84953314,0.8999338,0.64793044
9707,24487,48657,extracellular volume fraction,non-invasive biomarkers,0.84952915,0.8897359,0.6887022
9708,13241,16056,clinical factors,converted to open surgery,0.8495278,0.8467762,0.860534
9709,60501,77059,procedural complications,transfusion-free operation,0.8495184,0.9011864,0.6428464
9710,36275,56694,intraoperative body temperature,post-anesthesia care unit,0.84951556,0.8985947,0.65319896
9711,15499,78345,conformal radiotherapy,tumor regression grading,0.84950656,0.9400036,0.4875184
9712,10998,70518,catheterization laboratory,standard care,0.8495058,0.93419063,0.5107662
9713,1776,54909,adc value,peritoneal cancer index,0.84950554,0.9694865,0.36958173
9714,65584,69603,risk factors,soft tissue inflammation,0.8494959,0.9455476,0.46528912
9715,10836,14130,case-control studies,colon cancer,0.84947944,0.9250831,0.5470648
9716,26728,59543,functional outcome,preoperative liver function,0.84946305,0.8365392,0.9011585
9717,8310,65659,bleeding events,risk factors for leaks,0.8494491,0.87639636,0.74165994
9718,10984,54803,catheter-directed thrombolysis,peripheral revascularization,0.84944886,0.91113067,0.6027217
9719,7548,60740,biliary carcinoma,prognostic predictors,0.8494323,0.93179053,0.5199994
9720,2925,13497,alanine aminotransferase,clinical symptom improvement,0.8494282,0.8766214,0.740655
9721,951,66227,abscess formation,robotic-assisted radical cystectomy,0.8494234,0.91391,0.59147704
9722,20936,51412,early discontinuation,overall complications,0.84941864,0.82378656,0.95194685
9723,22820,71569,endoscopic vacuum therapy,submucosal esophageal cancer,0.84941393,0.9184023,0.5734605
9724,519,36363,6% hes 130/0.4,intraoperative fluid therapy,0.84937483,0.946413,0.4612222
9725,12054,72994,chemotherapy response,surgical techniques,0.8493698,0.81524825,0.98585606
9726,62882,78816,random forest models,type b aortic dissection,0.84936935,0.8705935,0.76447266
9727,53456,72626,pediatric empyema,surgical outcome,0.849354,0.8553132,0.82551754
9728,38302,40236,laparoscopic sleeve gastrectomy,locoregional recurrence rate,0.8493513,0.81560785,0.98432505
9729,22948,49118,endovascular aneurysm repair,nonvariceal upper gastrointestinal bleeding,0.84935105,0.819412,0.9691073
9730,54765,62585,peripheral lung cancer,radiation dose,0.84934044,0.9004947,0.64472336
9731,3907,34217,aneurysm morphology,infectious complications,0.84931976,0.8609891,0.80264235
9732,24332,58512,extended-spectrum beta-lactamase,postoperative wound infection,0.8493063,0.8968253,0.65922993
9733,54851,81772,periprocedural heparin,white blood cell count,0.8492999,0.8954539,0.6646839
9734,26651,57481,functional capacity,postoperative cardiac biomarkers,0.8492982,0.853565,0.832231
9735,10023,21213,cancer-specific death,early-onset gastric cancer,0.8492707,0.91885895,0.5709177
9736,60718,67408,prognostic marker,sensitivity and positive predictive value,0.84926826,0.8787706,0.7312589
9737,31752,57578,hospitalization period,postoperative costs,0.84926623,0.8815047,0.72031224
9738,39941,65824,lln metastasis,risk score,0.8492586,0.8513221,0.8410046
9739,33191,78161,immunohistochemistry assay,tumor growth,0.8492449,0.91792125,0.5745392
9740,4540,61513,anti-pd-1 antibodies,proximal gastrectomy,0.84922564,0.8308602,0.9226874
9741,10559,63663,cardiothoracic ratio,recurrent laryngeal nerve injury,0.8492207,0.8870902,0.6977427
9742,27073,31287,gastric biopsy,histopathological characteristics,0.8492108,0.9685665,0.37178805
9743,49048,67760,nonparoxysmal atrial fibrillation,serum creatinine,0.84919417,0.83623445,0.9010328
9744,52775,69057,pathological response rate,skeletal muscle loss,0.8491857,0.8342516,0.90892214
9745,70505,72975,staging surgery,surgical technique,0.84918386,0.8237221,0.9510308
9746,10607,17131,cardiovascular events,cumulative incidence proportions,0.84916157,0.8879962,0.69382316
9747,23776,61964,esophageal toxicity,pulmonary function,0.849154,0.91692144,0.5780842
9748,2026,42619,adipose-derived mesenchymal stem cells,matrix metalloproteinase-3,0.8491502,0.96632785,0.3804393
9749,5727,79747,arteriovenous fistula,urinary cytokines,0.8491204,0.96752757,0.37549177
9750,21868,77138,electronic medical record,transitional cell carcinoma,0.8491171,0.96262455,0.39508733
9751,7937,59380,biologically borderline resectable,preoperative diagnosis,0.84911567,0.85028577,0.84443516
9752,40000,75858,local control,tissue microarray,0.8491086,0.8571137,0.8170879
9753,16214,65824,coronary artery occlusion,risk score,0.84910506,0.850686,0.84278107
9754,67715,78190,serum biomarkers,tumor immune microenvironment,0.8491012,0.81572574,0.98260295
9755,6378,29872,autologous stem cell transplantation,hemoglobin concentration,0.84909576,0.94650745,0.45944905
9756,25790,50276,five-year survival rates,open distal pancreatectomy,0.84909576,0.8249838,0.9455435
9757,17268,72956,curve progression,surgical success,0.84909207,0.96650267,0.3794496
9758,28158,77044,glioma resection,transfusion requirement,0.8490898,0.88203335,0.71731555
9759,20503,28169,duct-to-mucosa anastomosis,glissonian approach,0.84908026,0.9283384,0.5320477
9760,45411,46443,monitoring strategies,multivariable regression,0.84906465,0.93689245,0.49775326
9761,7502,36299,bile ducts,intraoperative complications,0.8490342,0.955843,0.4217992
9762,7656,29018,biliary tract cancers,h&e-stained whole-slide images,0.849025,0.9250947,0.5447461
9763,28809,77408,groin hernia repair,transversus abdominis release,0.84901136,0.9268124,0.5378071
9764,57277,78852,postgastrectomy syndrome,type ii diabetes mellitus,0.8489591,0.94059646,0.48240945
9765,13492,41590,clinical success rate,machine learning models,0.84894043,0.8126063,0.99427706
9766,19261,69042,diffuse reflectance spectroscopy,skeletal muscle,0.8489392,0.92551386,0.54264045
9767,65132,66326,return to the operating room,rotator cuff repair,0.8489349,0.9249902,0.5447137
9768,50393,52582,open revascularization,patency loss,0.8489147,0.96979094,0.3654095
9769,33747,50762,incisional hernia repair,opioid use disorder,0.8489013,0.81779945,0.9733084
9770,81199,81223,visual analog pain scale,visual analogue score,0.8488917,0.9324475,0.5146683
9771,44785,72198,minor complication rate,surgery-related complications,0.8488858,0.8815774,0.71811956
9772,52287,56644,para-aortic lymph node dissection,positive proximal margin,0.84888256,0.86622804,0.7795007
9773,1195,72326,acquired subglottic stenosis,surgical complexity,0.8488643,0.8731044,0.751904
9774,45115,59080,model discrimination,predictors of prolonged los,0.8488561,0.9440649,0.4680209
9775,38971,63313,left recurrent laryngeal nerve,recovery time,0.8488531,0.8582381,0.8113131
9776,17443,81353,cystic fibrosis,volatile anesthesia,0.8488507,0.8568782,0.81674063
9777,36530,67620,intraoperative ultrasound,serosal invasion,0.84884334,0.8507837,0.8410817
9778,2419,53514,advanced therapies,pediatric liver transplantation,0.8488338,0.93742126,0.4944841
9779,823,81118,abdominal wall defect,visceral adipose tissue,0.8488332,0.8577059,0.8133422
9780,19471,66243,discharge destination,robotic-assisted thoracic surgery,0.8488319,0.8196678,0.9654884
9781,14552,79384,colorectal tumors,unplanned hospitalization,0.8488313,0.9097384,0.60520273
9782,23156,80129,enhanced recovery after surgery protocols,vas scores,0.8488285,0.9356559,0.5015189
9783,13032,66075,clavien-dindo complication rate,robotic major hepatectomy,0.8488025,0.96785694,0.3725848
9784,55192,60728,personalized risk stratification,prognostic outcomes,0.84879667,0.89387554,0.6684809
9785,2957,52813,albumin ratio,pathological tumor response,0.8487945,0.8446602,0.8653315
9786,52630,66933,pathologic complete response,screening criteria,0.84877694,0.8622795,0.7947667
9787,40495,41562,long-term survival,m2 segment occlusion,0.8487561,0.8329141,0.91212404
9788,24296,47806,extended lobectomy,neuroendocrine liver metastases,0.8487534,0.88849735,0.6897775
9789,36472,58313,intraoperative perforation,postoperative sarcopenia,0.84874535,0.8634446,0.7899481
9790,10350,55267,cardiac output,pharmacoinvasive therapy,0.8487442,0.9150399,0.58356124
9791,54173,72935,peri-operative complications,surgical standards,0.84871644,0.89665514,0.6569615
9792,18257,56655,delayed complications,positive surgical margins,0.8487064,0.8514959,0.83754843
9793,30287,80494,hepatocellular carcinoma,ve/vco2 slope,0.84869534,0.8130213,0.99139154
9794,26443,50103,free flap surgery,oncological outcomes,0.84868497,0.84448934,0.8654674
9795,23503,58257,epithelioid morphology,postoperative recurrence,0.84867084,0.8913723,0.67786497
9796,16563,62095,covid-19 pandemic,pulmonary vascular resistance,0.84866506,0.8117473,0.9963361
9797,35,49211,1-year outcomes,norwood procedure,0.8486271,0.8279861,0.9311908
9798,5792,63198,artificial neural network,receiver operating characteristics analysis,0.84862065,0.96278745,0.39195338
9799,31472,56340,homogeneous enhancement,poor prognosis,0.8486126,0.884373,0.70557076
9800,38032,51411,laparoscopic choledochal cyst excision,overall complication rates,0.8485898,0.9268356,0.5356063
9801,55443,55449,physical domain,physical fitness,0.84854716,0.94642025,0.45705464
9802,36299,40463,intraoperative complications,long-term pulmonary function,0.84852344,0.8272383,0.9336638
9803,319,9992,30-day mortality rate,cancer treatment,0.84851426,0.831505,0.91655123
9804,3671,32280,anatomic outcomes,hypoplastic left heart syndrome,0.84851223,0.9321729,0.5138694
9805,21222,78360,early-stage adenocarcinoma,tumor response,0.84850997,0.87787,0.7310697
9806,15564,73835,congenital lung malformations,systemic inflammatory response,0.84848833,0.8213777,0.95693094
9807,11910,55057,cha2ds2vasc score,permanent pacemaker placement,0.8484784,0.91097236,0.5985024
9808,7810,29884,biochemical parameters,hemoglobin measurement,0.848476,0.87206537,0.75411856
9809,19847,65348,distant recurrences,right hemicolectomy,0.84846306,0.83103716,0.91816664
9810,39705,46470,liver fibrosis assessment,multivariate logistic regression,0.8484477,0.9529807,0.4303154
9811,38302,66230,laparoscopic sleeve gastrectomy,robotic-assisted rectal surgery,0.8484165,0.815221,0.98119855
9812,51151,65868,orthotopic liver transplantation,risk-adjusted odds ratio,0.84841263,0.8387442,0.8870861
9813,72118,79310,surgery incidence,uninsured patients,0.8483911,0.9087247,0.6070565
9814,2847,73004,airway injuries,surgical time,0.84838593,0.9523425,0.4325596
9815,34052,63947,induction chemoradiation,regional lymph node dissection,0.8483853,0.9523222,0.4326375
9816,43888,80201,metastatic lesions,vascular complications,0.8483853,0.8156734,0.9792327
9817,20296,65594,drain placement,risk factors for anastomotic leak,0.8483844,0.86988753,0.7623717
9818,49539,64745,nutritional status,residual tumour status,0.8483682,0.8138,0.986641
9819,66115,66243,robotic rectal cancer surgery,robotic-assisted thoracic surgery,0.8483649,0.8172593,0.97278714
9820,13872,65062,coefficient of variation,retroperitoneal liposarcoma,0.8483511,0.9291989,0.5249598
9821,17192,73609,curative hepatic resection,synchronous colorectal cancer liver metastasis,0.8483412,0.9043247,0.6244072
9822,1522,32740,acute limb ischemia,iliac artery aneurysm,0.84832615,0.8567138,0.8147754
9823,69817,81494,spatial frequency domain imaging,wall shear stress,0.8482966,0.97368467,0.34674397
9824,2088,54468,adjuvant chemotherapy cycles,perioperative data,0.848293,0.83568835,0.8987117
9825,51747,76789,pain during colonoscopy,transcatheter aortic valve replacement,0.84825623,0.88259107,0.7109167
9826,18022,78492,deep learning,tumor-associated immune cells,0.8482287,0.91401404,0.58508736
9827,23063,80114,endovascular treatment,variceal recurrence,0.84821796,0.8550241,0.8209933
9828,14800,41863,comparison group,major adverse events,0.84820825,0.8570279,0.8129296
9829,65863,71644,risk-adjusted mortality,subtotal colectomy,0.8482047,0.8147302,0.9821024
9830,23576,65823,erosive esophagitis,risk reduction,0.84819996,0.90231705,0.63173157
9831,41685,47455,macroscopic complete resection,neo-adjuvant chemotherapy,0.84818006,0.83798426,0.8889631
9832,839,61349,abdominal wall thickness,protein intake,0.8481687,0.8941386,0.66428906
9833,8293,47726,bleeding academic research consortium classification,net adverse clinical events,0.848167,0.93058586,0.5184915
9834,50351,71821,open pancreatoduodenectomy,superficial site infection,0.8481555,0.8191703,0.9640963
9835,45620,57428,mortality during hospitalization,postoperative bile leakage,0.8481284,0.85757995,0.81032205
9836,40363,57903,long-term complication rate,postoperative infection,0.84812754,0.8465274,0.85452795
9837,12588,46565,chronic limb-threatening ischemia,muscle quality,0.8481177,0.8193557,0.9631654
9838,45560,60840,morphological analysis,proinflammatory cytokines,0.8481052,0.92049724,0.55853707
9839,14103,19334,collateral robustness,digital subtraction angiography,0.8480924,0.9207704,0.5573804
9840,11008,30200,caudate lobe,hepatic vein tumor thrombus,0.84807825,0.945654,0.4577753
9841,5212,69113,aortic stenosis,skin closure technique,0.8480671,0.8241457,0.94375277
9842,50570,76865,operation time,transcervical access,0.84802425,0.85852903,0.80600506
9843,1970,28281,adipocyte size,glucose levels,0.8480153,0.91699773,0.57208574
9844,48410,78497,node negative,tumor-associated macrophages,0.84801364,0.89184076,0.6727052
9845,31209,73215,histological staging,survival benefit,0.84800655,0.95632863,0.41471797
9846,51842,77254,palliative care,transplant-free survival,0.8480036,0.824164,0.9433621
9847,25167,77672,female gender,treatment satisfaction,0.84799707,0.8219601,0.9521447
9848,396,56878,365-day mortality,post-operative hospital stay,0.8479862,0.8429757,0.8680283
9849,52180,59489,pancreatic texture,preoperative identification,0.8479853,0.84263515,0.8693858
9850,70023,72956,spirometry results,surgical success,0.84798217,0.9480252,0.44781008
9851,18245,41451,delayed breast reconstruction,lymphocyte count,0.84796846,0.8417838,0.8727072
9852,16755,43679,critical care complications,metabolic surgery,0.8479588,0.83994716,0.8800053
9853,29428,41914,health outcomes,major cardiovascular adverse events,0.847954,0.8937296,0.66485125
9854,48541,78273,non-coding rnas,tumor necrosis,0.84794736,0.9182273,0.5668274
9855,10260,71553,cardiac complications,submassive pulmonary embolism,0.8479371,0.8332498,0.9066863
9856,52735,73004,pathological information,surgical time,0.84792626,0.86939913,0.7620345
9857,39164,74989,length of icu stay,thoracic intervention,0.8479141,0.8884767,0.6856634
9858,26,14580,1-year disease-free survival,combination chemotherapy,0.8479118,0.9544318,0.42183164
9859,887,62676,ablation technique,radical resection,0.8478919,0.8598078,0.8002285
9860,40919,42843,lower gastrointestinal bleeding,mean operative time,0.84787655,0.84354925,0.8651856
9861,13938,77959,cohort study,tsh levels,0.84785867,0.83274674,0.90830636
9862,17230,72373,curative treatment,surgical decompression,0.8478452,0.8397784,0.88011235
9863,29648,77178,helicobacter pylori,transnasal esophagoscopy,0.84781224,0.9492162,0.44219655
9864,16035,79791,conversion to open resection,urinary tract infections,0.84780395,0.85452455,0.8209213
9865,28957,69732,gut microbiota,soluble il-6 receptor,0.84776723,0.9282978,0.5256446
9866,12129,44633,chest tube indwelling time,minimally invasive hepatectomy,0.84775907,0.8855544,0.6965777
9867,8299,18017,bleeding complications,deep inferior epigastric perforator flaps,0.84774435,0.84035563,0.87729895
9868,69620,73838,soft-tissue sarcoma,systemic inflammatory response syndrome,0.8477414,0.8175334,0.96857375
9869,37005,59491,ipsilateral lobectomy,preoperative imaging,0.8477366,0.8539199,0.8230032
9870,745,66346,abdominal infection,routine discharge,0.84771097,0.8790685,0.7222806
9871,10277,46036,cardiac deaths,multi-vessel disease,0.84771067,0.8837277,0.7036424
9872,40091,74239,local vascular complications,target vessel revascularization,0.8476987,0.9151029,0.57808185
9873,54966,70184,peritoneal nodules,spread through air spaces,0.847685,0.91397274,0.5825337
9874,1346,40473,acute biliary pancreatitis,long-term results,0.847684,0.8417831,0.8712876
9875,56926,75975,post-operative radiotherapy,tnm staging,0.8476538,0.8676591,0.7676327
9876,65017,75418,retrograde approach,thrombus burden,0.84765375,0.8426437,0.8676939
9877,3308,59659,american society of anesthesiology score,preoperative physical functioning,0.8476484,0.91923934,0.56128436
9878,10545,44450,cardiopulmonary resuscitation,midline sternotomy,0.8476457,0.905401,0.6166244
9879,14952,58232,complete resections,postoperative quality of life,0.8476203,0.91948956,0.5601434
9880,40459,79708,long-term prognosis,urgent surgical intervention,0.84760845,0.88628805,0.6928899
9881,7211,7212,benign prostatic hyperplasia,benign prostatic hypertrophy,0.847594,0.95362705,0.4234617
9882,86,19419,120-day mortality,direct oral anticoagulants,0.8475846,0.8183246,0.96462446
9883,2139,43896,adjuvant treatment,metastatic lung adenocarcinoma,0.84756327,0.94669795,0.45102438
9884,12588,27602,chronic limb-threatening ischemia,gastrointestinal ulcers,0.84754914,0.83167285,0.9110543
9885,42896,68612,mechanical anastomosis,significant complications,0.84754324,0.92204577,0.549533
9886,35283,59281,intermediate-volume hospitals,preoperative care,0.8475393,0.87903804,0.7215444
9887,38461,45451,large ischemic stroke,monocyte-lymphocyte ratio,0.847523,0.9102269,0.59670717
9888,40580,79483,loss of follow-up,unruptured intracranial aneurysms,0.8475227,0.96752954,0.36749512
9889,21297,65439,ebstein anomaly,right ventricular outflow tract,0.84751934,0.965691,0.37483284
9890,57338,63488,postoperative adjuvant chemotherapy,recurrence group,0.84751153,0.87914866,0.72096276
9891,17112,24059,cumulative incidence,excess body weight,0.8474771,0.83763844,0.88683164
9892,26256,54016,forced expiratory volume,percutaneous needle biopsy,0.8474766,0.91354156,0.58321697
9893,12635,28355,chronic opioid use,glycemic control,0.8474764,0.8201669,0.95671445
9894,29758,75033,hemi-fontan procedure,thoracic surgery,0.847469,0.90292376,0.62564963
9895,62959,77443,rapid recovery protocol,trauma patients,0.8474651,0.8732202,0.7444446
9896,36860,49949,intubation duration,off-pump coronary artery bypass graft surgery,0.84746206,0.9493942,0.43973342
9897,16978,51706,ct scans,paediatric cardiac surgery,0.84745955,0.84889853,0.8417037
9898,26828,45210,fusion surgery,modified charlson comorbidity index,0.84745944,0.89225096,0.66829324
9899,281,52650,30-day complications,pathologic lymph nodes,0.8474521,0.83787596,0.88575655
9900,4952,81520,anus preservation rate,warm ischemia time,0.8474521,0.86429423,0.78008354
9901,52773,58346,pathological response,postoperative side effects,0.8474098,0.90292096,0.6253651
9902,12663,50741,chronic postoperative pain,opioid pain medication,0.8473952,0.93502307,0.49688363
9903,16058,49752,convolutional neural networks,obstructive jaundice,0.8473885,0.92801607,0.5248782
9904,16489,65633,cost-effectiveness analysis,risk factors for dvt,0.8473871,0.8211053,0.9525141
9905,8508,73260,blood sample collection,survival rates,0.84738463,0.8491202,0.8404421
9906,49954,72519,off-pump coronary bypass surgery,surgical intervention,0.847367,0.82166904,0.9501589
9907,598,77522,90-day readmission,treatment choice,0.84735346,0.8735126,0.7427169
9908,52987,57916,patient management,postoperative inflammatory markers,0.84735173,0.81979114,0.9575939
9909,65257,72850,rheumatic heart disease,surgical route,0.84734315,0.8793675,0.7192457
9910,48104,77902,neutrophil-to-lymphocyte ratio,trophic lesions,0.84733844,0.8218337,0.9493573
9911,32824,77654,image guidance,treatment recommendations,0.8472924,0.92007476,0.55616295
9912,8996,32655,bowel complications,ileal conduit,0.8472776,0.90185606,0.62896365
9913,12123,79347,chest tube drainage,univentricular physiology,0.8472744,0.8880139,0.6843165
9914,1353,28351,acute calculous cholecystitis,glycated hemoglobin levels,0.8472737,0.89814514,0.64378804
9915,10925,43043,catheter failure,median age,0.8472378,0.9332993,0.502992
9916,26409,75736,frailty index,timely treatment,0.8472313,0.8987907,0.64099365
9917,50583,65348,operational efficiency,right hemicolectomy,0.8472214,0.84511787,0.8556353
9918,26702,27085,functional limitation,gastric cancer,0.84718746,0.8123968,0.9863499
9919,79616,81201,urban areas,visual analog scale,0.84718025,0.8378565,0.8844755
9920,13322,78336,clinical nomogram,tumor recurrence risk,0.84717304,0.96319747,0.38307527
9921,34343,42107,inflammation level,male sex,0.8471714,0.8516146,0.82939863
9922,46972,65132,narcotic consumption,return to the operating room,0.8471706,0.89268965,0.6650941
9923,4904,30394,antithrombotic drugs,hernia repair,0.84716606,0.82989717,0.91624165
9924,17919,77549,deceased donor liver transplant,treatment disparities,0.8471324,0.87222016,0.74678123
9925,6505,74181,axillary lymph node dissection,tapp repair,0.84711075,0.9421623,0.4669047
9926,67766,67981,serum creatinine level,serum sodium concentration,0.84710586,0.91470176,0.57672226
9927,36139,41994,intrahepatic lithiasis,major morbidity,0.84710556,0.8462636,0.8504734
9928,52277,54845,papillary muscle rupture,periprocedural complications,0.847093,0.86337227,0.7819757
9929,40050,60785,local recurrence-free survival,programmed cell death protein 1 inhibitors,0.84707093,0.8581698,0.80267555
9930,10765,50167,carotid stenosis,one-year survival,0.847057,0.8473414,0.8459193
9931,19721,74229,distal embolism,target vessel failure,0.8470552,0.8972906,0.6461133
9932,2139,65522,adjuvant treatment,ripasa score,0.84705275,0.9158811,0.5717394
9933,47146,79328,national surgical quality improvement project,uniportal video-assisted thoracoscopic surgery,0.8470319,0.8337643,0.9001023
9934,24302,50683,extended pancreatoduodenectomy,operative times,0.8470267,0.84838957,0.8415754
9935,19832,26183,distant metastasis-free survival,follow-up strategy,0.8470265,0.9090341,0.59899616
9936,16198,32799,coronary artery disease,iliofemoral venous obstruction,0.8470183,0.85122615,0.8301869
9937,44653,62025,minimally invasive lung resections,pulmonary morbidity,0.8470139,0.9235412,0.5409046
9938,23796,33035,esophagogastric adenocarcinoma,immune microenvironment,0.84700435,0.9264903,0.5290605
9939,9009,64237,bowel function,renal cancer,0.8469948,0.8357819,0.89184636
9940,35990,81215,intracorporeal ileocolic anastomosis,visual analogue scale,0.84698826,0.82790315,0.9233286
9941,23774,58118,esophageal thermal injury,postoperative outcomes,0.84694135,0.9615507,0.3885041
9942,54401,62960,perioperative analgesia,rapid recovery protocols,0.8469256,0.9087901,0.59946734
9943,79679,82166,urgent carotid endarterectomy,younger age,0.84691495,0.8778184,0.7233012
9944,62897,66188,randomized clinical trial,robotic-assisted cholecystectomy,0.8468905,0.8146696,0.975774
9945,27336,51756,gastric tube placement,pain intensity,0.84688604,0.84947103,0.8365462
9946,15553,56888,congenital heart surgery,post-operative intervention,0.84687877,0.9433405,0.46103188
9947,1843,19082,adenoma detection rate,dica classification,0.8468665,0.91521937,0.57345486
9948,345,49884,30-day postoperative morbidity,odds ratio for complications,0.84686095,0.84516275,0.85365343
9949,46265,49536,multimodality treatment,nutritional screening,0.846853,0.8331599,0.9016253
9950,49268,51412,nsaid administration,overall complications,0.84685177,0.8615699,0.78797925
9951,21766,43109,elective sigmoidectomy,median survival,0.84683865,0.81800735,0.9621637
9952,36245,43073,intraoperative antibiotics,median hospital stay,0.8467984,0.86329406,0.78081566
9953,3579,81646,anastomotic dehiscence,weight loss rates,0.8467637,0.8445145,0.85576034
9954,19492,72503,discharge timing,surgical infection,0.84675705,0.86072826,0.7908724
9955,7505,48024,bile leak,neurovascular bundle preservation,0.84675527,0.8901864,0.67303056
9956,15259,65730,comprehensive geriatric assessment,risk factors for treatment failure,0.84675515,0.938251,0.48077178
9957,60357,73199,primary tumor response,survival advantage,0.8467481,0.8737074,0.73891085
9958,29474,42521,healthcare disparities,massive weight loss,0.8467466,0.8352181,0.89286095
9959,19594,73203,disease severity,survival after recurrence,0.84673214,0.8297026,0.91485035
9960,19890,71928,diverting ostomy,supportive care,0.8467319,0.9085261,0.5995551
9961,18671,58017,deyo-charlson comorbidity index,postoperative management,0.84672284,0.87350535,0.73959243
9962,2752,8473,aggregation index,blood pressure,0.84670424,0.962304,0.38430524
9963,44971,73827,mitral valve endocarditis,systemic inflammatory index,0.84667647,0.87405336,0.7371689
9964,2595,54542,age 65 years or older,perioperative management,0.8466339,0.8444126,0.85551894
9965,19342,48080,dilated cardiomyopathy,neutrophil lymphocyte ratio,0.8466263,0.86200565,0.7851086
9966,50076,72630,oncologic outcomes,surgical outcome risk tool,0.84661514,0.8223732,0.9435827
9967,48793,76260,non-squamous cell carcinoma,total mesorectal excision,0.84660053,0.8153853,0.9714616
9968,1337,30606,acute appendicitis,high vascular ligation,0.8465891,0.8255992,0.9305485
9969,28232,48920,glp-1 receptor agonist,nondiabetic patients,0.8465717,0.9178797,0.5613396
9970,35474,78906,intersegmental plane,u-vats lobectomy,0.8465466,0.95184684,0.4253456
9971,12104,49539,chest imaging,nutritional status,0.84654653,0.84123677,0.86778563
9972,63331,79849,rectal cancer,ursodeoxycholic acid prophylaxis,0.8465327,0.814715,0.9738032
9973,27334,73812,gastric tube necrosis,systemic inflammation,0.84652245,0.83408415,0.8962757
9974,41873,62957,major amputation,rapid recovery,0.8465181,0.8227892,0.94143355
9975,13029,47685,clavien-dindo complication grade,nephron-sparing surgery,0.84650713,0.96453995,0.37437585
9976,34447,69589,inflammatory indices,soft pancreatic texture,0.84648436,0.8436108,0.8579785
9977,43252,79707,medical optimization,urgent surgery,0.8464837,0.83382964,0.8971001
9978,44099,64256,microbial resistance,renal failure,0.8464827,0.84208184,0.86408615
9979,10253,32302,cardiac causes of death,hypothermic circulatory arrest,0.8464761,0.92618537,0.5276388
9980,4881,74795,antireflux fundoplication,therapeutic outcomes,0.8464718,0.9476653,0.44169798
9981,8501,67556,blood products,sequential organ failure assessment score,0.846465,0.8807078,0.7094939
9982,50864,68437,oral and maxillofacial surgery,short-term outcomes,0.8464608,0.8544572,0.8144751
9983,64262,76811,renal function,transcatheter embolisation,0.84644955,0.8876201,0.6817674
9984,49671,61780,objective response rate,pt4 disease,0.8464399,0.87981397,0.7129437
9985,28637,34568,graft patency rate,infrainguinal revascularization,0.8464344,0.92832094,0.51888835
9986,1353,21785,acute calculous cholecystitis,elective surgical treatment,0.8464186,0.8279645,0.9202353
9987,18896,73934,diagnostic laparoscopy,t category,0.84641623,0.84802526,0.8399798
9988,320,80453,30-day mortality rates,vasoactive medications,0.84640706,0.89101976,0.6679562
9989,7516,37984,bile reflux,laparoscopic access,0.8464057,0.90262103,0.6215442
9990,50059,79748,onco-surgical outcomes,urinary diversion,0.84638405,0.88615435,0.68730253
9991,14130,57986,colon cancer,postoperative liver function tests,0.8463836,0.83337265,0.89842707
9992,43677,66767,metabolic status,sarcopenic obesity,0.8463799,0.95187056,0.42441696
9993,26416,71042,frailty risk,steroid use,0.84637105,0.8946007,0.65345263
9994,16187,28944,coronary artery bypass grafting,gut hormone secretion,0.8463666,0.8283519,0.91842526
9995,42823,53555,mean hospital stay,pediatric perforated appendicitis,0.84635484,0.8841854,0.6950326
9996,9581,31674,bypass surgery,hospital teaching status,0.8463453,0.84813815,0.8391739
9997,39430,49882,limb salvage outcomes,odds ratio,0.8463181,0.8932652,0.6585298
9998,2278,49384,advanced colorectal cancer,numeric rating scale,0.84631807,0.8170234,0.9634965
9999,21902,58915,elevated ca 19-9,predictive biomarkers,0.8463163,0.8568026,0.8043709
10000,4682,69960,antibiotic treatment,spinal deformities,0.84631526,0.88055825,0.7093434
